year,artist,track,time,date.entered,week,rating
2000,Lonestar,Amazed,4:25,1999-06-05,wk01,81.0
2000,Lonestar,Amazed,4:25,1999-06-05,wk02,54.0
2000,Lonestar,Amazed,4:25,1999-06-05,wk03,44.0
2000,Lonestar,Amazed,4:25,1999-06-05,wk04,39.0
2000,Lonestar,Amazed,4:25,1999-06-05,wk05,38.0
2000,Lonestar,Amazed,4:25,1999-06-05,wk06,33.0
2000,Lonestar,Amazed,4:25,1999-06-05,wk07,29.0
2000,Lonestar,Amazed,4:25,1999-06-05,wk08,29.0
2000,Lonestar,Amazed,4:25,1999-06-05,wk09,32.0
2000,Lonestar,Amazed,4:25,1999-06-05,wk10,27.0
2000,Lonestar,Amazed,4:25,1999-06-05,wk11,26.0
2000,Lonestar,Amazed,4:25,1999-06-05,wk12,24.0
2000,Lonestar,Amazed,4:25,1999-06-05,wk13,27.0
2000,Lonestar,Amazed,4:25,1999-06-05,wk14,32.0
2000,Lonestar,Amazed,4:25,1999-06-05,wk15,33.0
2000,Lonestar,Amazed,4:25,1999-06-05,wk16,35.0
2000,Lonestar,Amazed,4:25,1999-06-05,wk17,35.0
2000,Lonestar,Amazed,4:25,1999-06-05,wk18,40.0
2000,Lonestar,Amazed,4:25,1999-06-05,wk19,43.0
2000,Lonestar,Amazed,4:25,1999-06-05,wk20,50.0
2000,Lonestar,Amazed,4:25,1999-06-05,wk30,45.0
2000,Lonestar,Amazed,4:25,1999-06-05,wk31,45.0
2000,Lonestar,Amazed,4:25,1999-06-05,wk32,45.0
2000,Lonestar,Amazed,4:25,1999-06-05,wk33,23.0
2000,Lonestar,Amazed,4:25,1999-06-05,wk34,17.0
2000,Lonestar,Amazed,4:25,1999-06-05,wk35,14.0
2000,Lonestar,Amazed,4:25,1999-06-05,wk36,17.0
2000,Lonestar,Amazed,4:25,1999-06-05,wk37,18.0
2000,Lonestar,Amazed,4:25,1999-06-05,wk38,18.0
2000,Lonestar,Amazed,4:25,1999-06-05,wk39,3.0
2000,Lonestar,Amazed,4:25,1999-06-05,wk40,1.0
2000,Lonestar,Amazed,4:25,1999-06-05,wk41,1.0
2000,Lonestar,Amazed,4:25,1999-06-05,wk42,2.0
2000,Lonestar,Amazed,4:25,1999-06-05,wk43,3.0
2000,Lonestar,Amazed,4:25,1999-06-05,wk44,4.0
2000,Lonestar,Amazed,4:25,1999-06-05,wk45,4.0
2000,Lonestar,Amazed,4:25,1999-06-05,wk46,5.0
2000,Lonestar,Amazed,4:25,1999-06-05,wk47,6.0
2000,Lonestar,Amazed,4:25,1999-06-05,wk48,8.0
2000,Lonestar,Amazed,4:25,1999-06-05,wk49,9.0
2000,Lonestar,Amazed,4:25,1999-06-05,wk50,10.0
2000,Lonestar,Amazed,4:25,1999-06-05,wk51,12.0
2000,Lonestar,Amazed,4:25,1999-06-05,wk52,15.0
2000,Lonestar,Amazed,4:25,1999-06-05,wk53,20.0
2000,Lonestar,Amazed,4:25,1999-06-05,wk54,22.0
2000,Lonestar,Amazed,4:25,1999-06-05,wk55,22.0
2000,Lonestar,Amazed,4:25,1999-06-05,wk56,25.0
2000,Lonestar,Amazed,4:25,1999-06-05,wk57,26.0
2000,Lonestar,Amazed,4:25,1999-06-05,wk58,31.0
2000,Lonestar,Amazed,4:25,1999-06-05,wk59,32.0
2000,Lonestar,Amazed,4:25,1999-06-05,wk60,37.0
2000,Lonestar,Amazed,4:25,1999-06-05,wk61,42.0
2000,Lonestar,Amazed,4:25,1999-06-05,wk62,42.0
2000,Lonestar,Amazed,4:25,1999-06-05,wk63,45.0
2000,Lonestar,Amazed,4:25,1999-06-05,wk64,50.0
2000,Amber,Sexual,4:38,1999-07-17,wk01,99.0
2000,Amber,Sexual,4:38,1999-07-17,wk02,99.0
2000,Amber,Sexual,4:38,1999-07-17,wk03,96.0
2000,Amber,Sexual,4:38,1999-07-17,wk04,96.0
2000,Amber,Sexual,4:38,1999-07-17,wk05,100.0
2000,Amber,Sexual,4:38,1999-07-17,wk06,93.0
2000,Amber,Sexual,4:38,1999-07-17,wk07,93.0
2000,Amber,Sexual,4:38,1999-07-17,wk08,96.0
2000,Amber,Sexual,4:38,1999-07-17,wk11,99.0
2000,Amber,Sexual,4:38,1999-07-17,wk13,96.0
2000,Amber,Sexual,4:38,1999-07-17,wk14,96.0
2000,Amber,Sexual,4:38,1999-07-17,wk15,99.0
2000,Amber,Sexual,4:38,1999-07-17,wk16,98.0
2000,Amber,Sexual,4:38,1999-07-17,wk17,98.0
2000,Amber,Sexual,4:38,1999-07-17,wk19,95.0
2000,Amber,Sexual,4:38,1999-07-17,wk20,88.0
2000,Amber,Sexual,4:38,1999-07-17,wk21,88.0
2000,Amber,Sexual,4:38,1999-07-17,wk22,79.0
2000,Amber,Sexual,4:38,1999-07-17,wk23,76.0
2000,Amber,Sexual,4:38,1999-07-17,wk24,69.0
2000,Amber,Sexual,4:38,1999-07-17,wk25,69.0
2000,Amber,Sexual,4:38,1999-07-17,wk26,59.0
2000,Amber,Sexual,4:38,1999-07-17,wk27,58.0
2000,Amber,Sexual,4:38,1999-07-17,wk28,58.0
2000,Amber,Sexual,4:38,1999-07-17,wk29,49.0
2000,Amber,Sexual,4:38,1999-07-17,wk30,44.0
2000,Amber,Sexual,4:38,1999-07-17,wk31,42.0
2000,Amber,Sexual,4:38,1999-07-17,wk32,46.0
2000,Amber,Sexual,4:38,1999-07-17,wk33,50.0
2000,"Houston, Whitney",My Love Is Your Love,4:16,1999-09-04,wk01,81.0
2000,"Houston, Whitney",My Love Is Your Love,4:16,1999-09-04,wk02,68.0
2000,"Houston, Whitney",My Love Is Your Love,4:16,1999-09-04,wk03,44.0
2000,"Houston, Whitney",My Love Is Your Love,4:16,1999-09-04,wk04,16.0
2000,"Houston, Whitney",My Love Is Your Love,4:16,1999-09-04,wk05,11.0
2000,"Houston, Whitney",My Love Is Your Love,4:16,1999-09-04,wk06,9.0
2000,"Houston, Whitney",My Love Is Your Love,4:16,1999-09-04,wk07,8.0
2000,"Houston, Whitney",My Love Is Your Love,4:16,1999-09-04,wk08,7.0
2000,"Houston, Whitney",My Love Is Your Love,4:16,1999-09-04,wk09,8.0
2000,"Houston, Whitney",My Love Is Your Love,4:16,1999-09-04,wk10,7.0
2000,"Houston, Whitney",My Love Is Your Love,4:16,1999-09-04,wk11,8.0
2000,"Houston, Whitney",My Love Is Your Love,4:16,1999-09-04,wk12,8.0
2000,"Houston, Whitney",My Love Is Your Love,4:16,1999-09-04,wk13,6.0
2000,"Houston, Whitney",My Love Is Your Love,4:16,1999-09-04,wk14,6.0
2000,"Houston, Whitney",My Love Is Your Love,4:16,1999-09-04,wk15,5.0
2000,"Houston, Whitney",My Love Is Your Love,4:16,1999-09-04,wk16,5.0
2000,"Houston, Whitney",My Love Is Your Love,4:16,1999-09-04,wk17,5.0
2000,"Houston, Whitney",My Love Is Your Love,4:16,1999-09-04,wk18,5.0
2000,"Houston, Whitney",My Love Is Your Love,4:16,1999-09-04,wk19,4.0
2000,"Houston, Whitney",My Love Is Your Love,4:16,1999-09-04,wk20,6.0
2000,"Houston, Whitney",My Love Is Your Love,4:16,1999-09-04,wk21,10.0
2000,"Houston, Whitney",My Love Is Your Love,4:16,1999-09-04,wk22,10.0
2000,"Houston, Whitney",My Love Is Your Love,4:16,1999-09-04,wk23,11.0
2000,"Houston, Whitney",My Love Is Your Love,4:16,1999-09-04,wk24,20.0
2000,"Houston, Whitney",My Love Is Your Love,4:16,1999-09-04,wk25,22.0
2000,"Houston, Whitney",My Love Is Your Love,4:16,1999-09-04,wk26,27.0
2000,"Houston, Whitney",My Love Is Your Love,4:16,1999-09-04,wk27,34.0
2000,"Houston, Whitney",My Love Is Your Love,4:16,1999-09-04,wk28,49.0
2000,Creed,Higher,5:16,1999-09-11,wk01,81.0
2000,Creed,Higher,5:16,1999-09-11,wk02,77.0
2000,Creed,Higher,5:16,1999-09-11,wk03,73.0
2000,Creed,Higher,5:16,1999-09-11,wk04,63.0
2000,Creed,Higher,5:16,1999-09-11,wk05,61.0
2000,Creed,Higher,5:16,1999-09-11,wk06,58.0
2000,Creed,Higher,5:16,1999-09-11,wk07,56.0
2000,Creed,Higher,5:16,1999-09-11,wk08,52.0
2000,Creed,Higher,5:16,1999-09-11,wk09,56.0
2000,Creed,Higher,5:16,1999-09-11,wk10,57.0
2000,Creed,Higher,5:16,1999-09-11,wk11,57.0
2000,Creed,Higher,5:16,1999-09-11,wk12,57.0
2000,Creed,Higher,5:16,1999-09-11,wk13,57.0
2000,Creed,Higher,5:16,1999-09-11,wk14,57.0
2000,Creed,Higher,5:16,1999-09-11,wk15,60.0
2000,Creed,Higher,5:16,1999-09-11,wk16,61.0
2000,Creed,Higher,5:16,1999-09-11,wk17,61.0
2000,Creed,Higher,5:16,1999-09-11,wk18,57.0
2000,Creed,Higher,5:16,1999-09-11,wk19,60.0
2000,Creed,Higher,5:16,1999-09-11,wk20,61.0
2000,Creed,Higher,5:16,1999-09-11,wk29,43.0
2000,Creed,Higher,5:16,1999-09-11,wk30,41.0
2000,Creed,Higher,5:16,1999-09-11,wk31,34.0
2000,Creed,Higher,5:16,1999-09-11,wk32,28.0
2000,Creed,Higher,5:16,1999-09-11,wk33,25.0
2000,Creed,Higher,5:16,1999-09-11,wk34,23.0
2000,Creed,Higher,5:16,1999-09-11,wk35,22.0
2000,Creed,Higher,5:16,1999-09-11,wk36,16.0
2000,Creed,Higher,5:16,1999-09-11,wk37,16.0
2000,Creed,Higher,5:16,1999-09-11,wk38,18.0
2000,Creed,Higher,5:16,1999-09-11,wk39,14.0
2000,Creed,Higher,5:16,1999-09-11,wk40,13.0
2000,Creed,Higher,5:16,1999-09-11,wk41,13.0
2000,Creed,Higher,5:16,1999-09-11,wk42,11.0
2000,Creed,Higher,5:16,1999-09-11,wk43,11.0
2000,Creed,Higher,5:16,1999-09-11,wk44,9.0
2000,Creed,Higher,5:16,1999-09-11,wk45,9.0
2000,Creed,Higher,5:16,1999-09-11,wk46,7.0
2000,Creed,Higher,5:16,1999-09-11,wk47,7.0
2000,Creed,Higher,5:16,1999-09-11,wk48,9.0
2000,Creed,Higher,5:16,1999-09-11,wk49,9.0
2000,Creed,Higher,5:16,1999-09-11,wk50,12.0
2000,Creed,Higher,5:16,1999-09-11,wk51,14.0
2000,Creed,Higher,5:16,1999-09-11,wk52,16.0
2000,Creed,Higher,5:16,1999-09-11,wk53,17.0
2000,Creed,Higher,5:16,1999-09-11,wk54,17.0
2000,Creed,Higher,5:16,1999-09-11,wk55,21.0
2000,Creed,Higher,5:16,1999-09-11,wk56,26.0
2000,Creed,Higher,5:16,1999-09-11,wk57,29.0
2000,Creed,Higher,5:16,1999-09-11,wk58,32.0
2000,Creed,Higher,5:16,1999-09-11,wk59,39.0
2000,Creed,Higher,5:16,1999-09-11,wk60,39.0
2000,Creed,Higher,5:16,1999-09-11,wk61,43.0
2000,Creed,Higher,5:16,1999-09-11,wk62,47.0
2000,Creed,Higher,5:16,1999-09-11,wk63,50.0
2000,Creed,Higher,5:16,1999-09-11,wk64,50.0
2000,Creed,Higher,5:16,1999-09-11,wk65,49.0
2000,IMx,Stay The Night,3:37,1999-10-09,wk01,84.0
2000,Train,Meet Virginia,3:55,1999-10-09,wk01,76.0
2000,IMx,Stay The Night,3:37,1999-10-09,wk02,61.0
2000,Train,Meet Virginia,3:55,1999-10-09,wk02,67.0
2000,IMx,Stay The Night,3:37,1999-10-09,wk03,45.0
2000,Train,Meet Virginia,3:55,1999-10-09,wk03,59.0
2000,IMx,Stay The Night,3:37,1999-10-09,wk04,43.0
2000,Train,Meet Virginia,3:55,1999-10-09,wk04,54.0
2000,IMx,Stay The Night,3:37,1999-10-09,wk05,40.0
2000,Train,Meet Virginia,3:55,1999-10-09,wk05,48.0
2000,IMx,Stay The Night,3:37,1999-10-09,wk06,38.0
2000,Train,Meet Virginia,3:55,1999-10-09,wk06,45.0
2000,IMx,Stay The Night,3:37,1999-10-09,wk07,36.0
2000,Train,Meet Virginia,3:55,1999-10-09,wk07,40.0
2000,IMx,Stay The Night,3:37,1999-10-09,wk08,31.0
2000,Train,Meet Virginia,3:55,1999-10-09,wk08,32.0
2000,IMx,Stay The Night,3:37,1999-10-09,wk09,34.0
2000,Train,Meet Virginia,3:55,1999-10-09,wk09,26.0
2000,IMx,Stay The Night,3:37,1999-10-09,wk10,34.0
2000,Train,Meet Virginia,3:55,1999-10-09,wk10,24.0
2000,IMx,Stay The Night,3:37,1999-10-09,wk11,40.0
2000,Train,Meet Virginia,3:55,1999-10-09,wk11,22.0
2000,IMx,Stay The Night,3:37,1999-10-09,wk12,36.0
2000,Train,Meet Virginia,3:55,1999-10-09,wk12,21.0
2000,IMx,Stay The Night,3:37,1999-10-09,wk13,36.0
2000,Train,Meet Virginia,3:55,1999-10-09,wk13,21.0
2000,IMx,Stay The Night,3:37,1999-10-09,wk14,23.0
2000,Train,Meet Virginia,3:55,1999-10-09,wk14,24.0
2000,IMx,Stay The Night,3:37,1999-10-09,wk15,41.0
2000,Train,Meet Virginia,3:55,1999-10-09,wk15,21.0
2000,IMx,Stay The Night,3:37,1999-10-09,wk16,62.0
2000,Train,Meet Virginia,3:55,1999-10-09,wk16,20.0
2000,IMx,Stay The Night,3:37,1999-10-09,wk17,70.0
2000,Train,Meet Virginia,3:55,1999-10-09,wk17,21.0
2000,IMx,Stay The Night,3:37,1999-10-09,wk18,71.0
2000,Train,Meet Virginia,3:55,1999-10-09,wk18,24.0
2000,IMx,Stay The Night,3:37,1999-10-09,wk19,79.0
2000,Train,Meet Virginia,3:55,1999-10-09,wk19,28.0
2000,IMx,Stay The Night,3:37,1999-10-09,wk20,78.0
2000,Train,Meet Virginia,3:55,1999-10-09,wk20,30.0
2000,Train,Meet Virginia,3:55,1999-10-09,wk21,32.0
2000,Train,Meet Virginia,3:55,1999-10-09,wk22,37.0
2000,Train,Meet Virginia,3:55,1999-10-09,wk23,37.0
2000,Train,Meet Virginia,3:55,1999-10-09,wk24,42.0
2000,Train,Meet Virginia,3:55,1999-10-09,wk25,46.0
2000,Train,Meet Virginia,3:55,1999-10-09,wk26,50.0
2000,Train,Meet Virginia,3:55,1999-10-09,wk27,50.0
2000,Foo Fighters,Learn To Fly,3:55,1999-10-16,wk01,80.0
2000,"Rimes, LeAnn",Big Deal,3:03,1999-10-16,wk01,71.0
2000,Foo Fighters,Learn To Fly,3:55,1999-10-16,wk02,69.0
2000,"Rimes, LeAnn",Big Deal,3:03,1999-10-16,wk02,52.0
2000,Foo Fighters,Learn To Fly,3:55,1999-10-16,wk03,68.0
2000,"Rimes, LeAnn",Big Deal,3:03,1999-10-16,wk03,51.0
2000,Foo Fighters,Learn To Fly,3:55,1999-10-16,wk04,63.0
2000,"Rimes, LeAnn",Big Deal,3:03,1999-10-16,wk04,51.0
2000,Foo Fighters,Learn To Fly,3:55,1999-10-16,wk05,60.0
2000,"Rimes, LeAnn",Big Deal,3:03,1999-10-16,wk05,51.0
2000,Foo Fighters,Learn To Fly,3:55,1999-10-16,wk06,52.0
2000,"Rimes, LeAnn",Big Deal,3:03,1999-10-16,wk06,48.0
2000,Foo Fighters,Learn To Fly,3:55,1999-10-16,wk07,42.0
2000,"Rimes, LeAnn",Big Deal,3:03,1999-10-16,wk07,41.0
2000,Foo Fighters,Learn To Fly,3:55,1999-10-16,wk08,32.0
2000,"Rimes, LeAnn",Big Deal,3:03,1999-10-16,wk08,37.0
2000,Foo Fighters,Learn To Fly,3:55,1999-10-16,wk09,30.0
2000,"Rimes, LeAnn",Big Deal,3:03,1999-10-16,wk09,29.0
2000,Foo Fighters,Learn To Fly,3:55,1999-10-16,wk10,25.0
2000,"Rimes, LeAnn",Big Deal,3:03,1999-10-16,wk10,26.0
2000,Foo Fighters,Learn To Fly,3:55,1999-10-16,wk11,22.0
2000,"Rimes, LeAnn",Big Deal,3:03,1999-10-16,wk11,26.0
2000,Foo Fighters,Learn To Fly,3:55,1999-10-16,wk12,22.0
2000,"Rimes, LeAnn",Big Deal,3:03,1999-10-16,wk12,23.0
2000,Foo Fighters,Learn To Fly,3:55,1999-10-16,wk13,26.0
2000,"Rimes, LeAnn",Big Deal,3:03,1999-10-16,wk13,30.0
2000,Foo Fighters,Learn To Fly,3:55,1999-10-16,wk14,20.0
2000,"Rimes, LeAnn",Big Deal,3:03,1999-10-16,wk14,28.0
2000,Foo Fighters,Learn To Fly,3:55,1999-10-16,wk15,19.0
2000,"Rimes, LeAnn",Big Deal,3:03,1999-10-16,wk15,27.0
2000,Foo Fighters,Learn To Fly,3:55,1999-10-16,wk16,20.0
2000,"Rimes, LeAnn",Big Deal,3:03,1999-10-16,wk16,25.0
2000,Foo Fighters,Learn To Fly,3:55,1999-10-16,wk17,26.0
2000,"Rimes, LeAnn",Big Deal,3:03,1999-10-16,wk17,31.0
2000,Foo Fighters,Learn To Fly,3:55,1999-10-16,wk18,30.0
2000,"Rimes, LeAnn",Big Deal,3:03,1999-10-16,wk18,43.0
2000,Foo Fighters,Learn To Fly,3:55,1999-10-16,wk19,35.0
2000,"Rimes, LeAnn",Big Deal,3:03,1999-10-16,wk19,56.0
2000,Foo Fighters,Learn To Fly,3:55,1999-10-16,wk20,42.0
2000,"Rimes, LeAnn",Big Deal,3:03,1999-10-16,wk20,70.0
2000,Foo Fighters,Learn To Fly,3:55,1999-10-16,wk21,50.0
2000,Blaque,Bring It All To Me,3:46,1999-10-23,wk01,73.0
2000,"Jordan, Montell",Get It On.. Tonite,4:34,1999-10-23,wk01,92.0
2000,Savage Garden,I Knew I Loved You,4:07,1999-10-23,wk01,71.0
2000,Blaque,Bring It All To Me,3:46,1999-10-23,wk02,63.0
2000,"Jordan, Montell",Get It On.. Tonite,4:34,1999-10-23,wk02,80.0
2000,Savage Garden,I Knew I Loved You,4:07,1999-10-23,wk02,48.0
2000,Blaque,Bring It All To Me,3:46,1999-10-23,wk03,50.0
2000,"Jordan, Montell",Get It On.. Tonite,4:34,1999-10-23,wk03,72.0
2000,Savage Garden,I Knew I Loved You,4:07,1999-10-23,wk03,43.0
2000,Blaque,Bring It All To Me,3:46,1999-10-23,wk04,42.0
2000,"Jordan, Montell",Get It On.. Tonite,4:34,1999-10-23,wk04,69.0
2000,Savage Garden,I Knew I Loved You,4:07,1999-10-23,wk04,31.0
2000,Blaque,Bring It All To Me,3:46,1999-10-23,wk05,24.0
2000,"Jordan, Montell",Get It On.. Tonite,4:34,1999-10-23,wk05,67.0
2000,Savage Garden,I Knew I Loved You,4:07,1999-10-23,wk05,20.0
2000,Blaque,Bring It All To Me,3:46,1999-10-23,wk06,19.0
2000,"Jordan, Montell",Get It On.. Tonite,4:34,1999-10-23,wk06,61.0
2000,Savage Garden,I Knew I Loved You,4:07,1999-10-23,wk06,13.0
2000,Blaque,Bring It All To Me,3:46,1999-10-23,wk07,17.0
2000,"Jordan, Montell",Get It On.. Tonite,4:34,1999-10-23,wk07,54.0
2000,Savage Garden,I Knew I Loved You,4:07,1999-10-23,wk07,7.0
2000,Blaque,Bring It All To Me,3:46,1999-10-23,wk08,14.0
2000,"Jordan, Montell",Get It On.. Tonite,4:34,1999-10-23,wk08,43.0
2000,Savage Garden,I Knew I Loved You,4:07,1999-10-23,wk08,6.0
2000,Blaque,Bring It All To Me,3:46,1999-10-23,wk09,11.0
2000,"Jordan, Montell",Get It On.. Tonite,4:34,1999-10-23,wk09,38.0
2000,Savage Garden,I Knew I Loved You,4:07,1999-10-23,wk09,4.0
2000,Blaque,Bring It All To Me,3:46,1999-10-23,wk10,9.0
2000,"Jordan, Montell",Get It On.. Tonite,4:34,1999-10-23,wk10,24.0
2000,Savage Garden,I Knew I Loved You,4:07,1999-10-23,wk10,4.0
2000,Blaque,Bring It All To Me,3:46,1999-10-23,wk11,9.0
2000,"Jordan, Montell",Get It On.. Tonite,4:34,1999-10-23,wk11,24.0
2000,Savage Garden,I Knew I Loved You,4:07,1999-10-23,wk11,4.0
2000,Blaque,Bring It All To Me,3:46,1999-10-23,wk12,9.0
2000,"Jordan, Montell",Get It On.. Tonite,4:34,1999-10-23,wk12,20.0
2000,Savage Garden,I Knew I Loved You,4:07,1999-10-23,wk12,6.0
2000,Blaque,Bring It All To Me,3:46,1999-10-23,wk13,10.0
2000,"Jordan, Montell",Get It On.. Tonite,4:34,1999-10-23,wk13,19.0
2000,Savage Garden,I Knew I Loved You,4:07,1999-10-23,wk13,4.0
2000,Blaque,Bring It All To Me,3:46,1999-10-23,wk14,5.0
2000,"Jordan, Montell",Get It On.. Tonite,4:34,1999-10-23,wk14,15.0
2000,Savage Garden,I Knew I Loved You,4:07,1999-10-23,wk14,2.0
2000,Blaque,Bring It All To Me,3:46,1999-10-23,wk15,5.0
2000,"Jordan, Montell",Get It On.. Tonite,4:34,1999-10-23,wk15,15.0
2000,Savage Garden,I Knew I Loved You,4:07,1999-10-23,wk15,1.0
2000,Blaque,Bring It All To Me,3:46,1999-10-23,wk16,6.0
2000,"Jordan, Montell",Get It On.. Tonite,4:34,1999-10-23,wk16,5.0
2000,Savage Garden,I Knew I Loved You,4:07,1999-10-23,wk16,1.0
2000,Blaque,Bring It All To Me,3:46,1999-10-23,wk17,8.0
2000,"Jordan, Montell",Get It On.. Tonite,4:34,1999-10-23,wk17,4.0
2000,Savage Garden,I Knew I Loved You,4:07,1999-10-23,wk17,1.0
2000,Blaque,Bring It All To Me,3:46,1999-10-23,wk18,9.0
2000,"Jordan, Montell",Get It On.. Tonite,4:34,1999-10-23,wk18,4.0
2000,Savage Garden,I Knew I Loved You,4:07,1999-10-23,wk18,2.0
2000,Blaque,Bring It All To Me,3:46,1999-10-23,wk19,15.0
2000,"Jordan, Montell",Get It On.. Tonite,4:34,1999-10-23,wk19,7.0
2000,Savage Garden,I Knew I Loved You,4:07,1999-10-23,wk19,1.0
2000,Blaque,Bring It All To Me,3:46,1999-10-23,wk20,15.0
2000,"Jordan, Montell",Get It On.. Tonite,4:34,1999-10-23,wk20,10.0
2000,Savage Garden,I Knew I Loved You,4:07,1999-10-23,wk20,2.0
2000,Blaque,Bring It All To Me,3:46,1999-10-23,wk21,18.0
2000,"Jordan, Montell",Get It On.. Tonite,4:34,1999-10-23,wk21,5.0
2000,Savage Garden,I Knew I Loved You,4:07,1999-10-23,wk21,4.0
2000,Blaque,Bring It All To Me,3:46,1999-10-23,wk22,17.0
2000,"Jordan, Montell",Get It On.. Tonite,4:34,1999-10-23,wk22,9.0
2000,Savage Garden,I Knew I Loved You,4:07,1999-10-23,wk22,8.0
2000,Blaque,Bring It All To Me,3:46,1999-10-23,wk23,18.0
2000,"Jordan, Montell",Get It On.. Tonite,4:34,1999-10-23,wk23,9.0
2000,Savage Garden,I Knew I Loved You,4:07,1999-10-23,wk23,8.0
2000,Blaque,Bring It All To Me,3:46,1999-10-23,wk24,19.0
2000,"Jordan, Montell",Get It On.. Tonite,4:34,1999-10-23,wk24,7.0
2000,Savage Garden,I Knew I Loved You,4:07,1999-10-23,wk24,12.0
2000,Blaque,Bring It All To Me,3:46,1999-10-23,wk25,19.0
2000,"Jordan, Montell",Get It On.. Tonite,4:34,1999-10-23,wk25,9.0
2000,Savage Garden,I Knew I Loved You,4:07,1999-10-23,wk25,14.0
2000,Blaque,Bring It All To Me,3:46,1999-10-23,wk26,22.0
2000,"Jordan, Montell",Get It On.. Tonite,4:34,1999-10-23,wk26,10.0
2000,Savage Garden,I Knew I Loved You,4:07,1999-10-23,wk26,17.0
2000,Blaque,Bring It All To Me,3:46,1999-10-23,wk27,26.0
2000,"Jordan, Montell",Get It On.. Tonite,4:34,1999-10-23,wk27,10.0
2000,Savage Garden,I Knew I Loved You,4:07,1999-10-23,wk27,21.0
2000,Blaque,Bring It All To Me,3:46,1999-10-23,wk28,32.0
2000,"Jordan, Montell",Get It On.. Tonite,4:34,1999-10-23,wk28,15.0
2000,Savage Garden,I Knew I Loved You,4:07,1999-10-23,wk28,24.0
2000,Blaque,Bring It All To Me,3:46,1999-10-23,wk29,42.0
2000,"Jordan, Montell",Get It On.. Tonite,4:34,1999-10-23,wk29,18.0
2000,Savage Garden,I Knew I Loved You,4:07,1999-10-23,wk29,30.0
2000,"Jordan, Montell",Get It On.. Tonite,4:34,1999-10-23,wk30,23.0
2000,Savage Garden,I Knew I Loved You,4:07,1999-10-23,wk30,34.0
2000,"Jordan, Montell",Get It On.. Tonite,4:34,1999-10-23,wk31,30.0
2000,Savage Garden,I Knew I Loved You,4:07,1999-10-23,wk31,37.0
2000,"Jordan, Montell",Get It On.. Tonite,4:34,1999-10-23,wk32,42.0
2000,Savage Garden,I Knew I Loved You,4:07,1999-10-23,wk32,46.0
2000,Savage Garden,I Knew I Loved You,4:07,1999-10-23,wk33,47.0
2000,"McEntire, Reba",What Do You Say,3:26,1999-10-30,wk01,88.0
2000,Smash Mouth,Then The Morning Com...,3:04,1999-10-30,wk01,83.0
2000,"McEntire, Reba",What Do You Say,3:26,1999-10-30,wk02,76.0
2000,Smash Mouth,Then The Morning Com...,3:04,1999-10-30,wk02,59.0
2000,"McEntire, Reba",What Do You Say,3:26,1999-10-30,wk03,71.0
2000,Smash Mouth,Then The Morning Com...,3:04,1999-10-30,wk03,56.0
2000,"McEntire, Reba",What Do You Say,3:26,1999-10-30,wk04,71.0
2000,Smash Mouth,Then The Morning Com...,3:04,1999-10-30,wk04,46.0
2000,"McEntire, Reba",What Do You Say,3:26,1999-10-30,wk05,69.0
2000,Smash Mouth,Then The Morning Com...,3:04,1999-10-30,wk05,27.0
2000,"McEntire, Reba",What Do You Say,3:26,1999-10-30,wk06,63.0
2000,Smash Mouth,Then The Morning Com...,3:04,1999-10-30,wk06,23.0
2000,"McEntire, Reba",What Do You Say,3:26,1999-10-30,wk07,56.0
2000,Smash Mouth,Then The Morning Com...,3:04,1999-10-30,wk07,19.0
2000,"McEntire, Reba",What Do You Say,3:26,1999-10-30,wk08,51.0
2000,Smash Mouth,Then The Morning Com...,3:04,1999-10-30,wk08,16.0
2000,"McEntire, Reba",What Do You Say,3:26,1999-10-30,wk09,46.0
2000,Smash Mouth,Then The Morning Com...,3:04,1999-10-30,wk09,14.0
2000,"McEntire, Reba",What Do You Say,3:26,1999-10-30,wk10,46.0
2000,Smash Mouth,Then The Morning Com...,3:04,1999-10-30,wk10,14.0
2000,"McEntire, Reba",What Do You Say,3:26,1999-10-30,wk11,53.0
2000,Smash Mouth,Then The Morning Com...,3:04,1999-10-30,wk11,16.0
2000,"McEntire, Reba",What Do You Say,3:26,1999-10-30,wk12,43.0
2000,Smash Mouth,Then The Morning Com...,3:04,1999-10-30,wk12,15.0
2000,"McEntire, Reba",What Do You Say,3:26,1999-10-30,wk13,33.0
2000,Smash Mouth,Then The Morning Com...,3:04,1999-10-30,wk13,12.0
2000,"McEntire, Reba",What Do You Say,3:26,1999-10-30,wk14,31.0
2000,Smash Mouth,Then The Morning Com...,3:04,1999-10-30,wk14,11.0
2000,"McEntire, Reba",What Do You Say,3:26,1999-10-30,wk15,34.0
2000,Smash Mouth,Then The Morning Com...,3:04,1999-10-30,wk15,13.0
2000,"McEntire, Reba",What Do You Say,3:26,1999-10-30,wk16,41.0
2000,Smash Mouth,Then The Morning Com...,3:04,1999-10-30,wk16,17.0
2000,"McEntire, Reba",What Do You Say,3:26,1999-10-30,wk17,50.0
2000,Smash Mouth,Then The Morning Com...,3:04,1999-10-30,wk17,20.0
2000,"McEntire, Reba",What Do You Say,3:26,1999-10-30,wk18,60.0
2000,Smash Mouth,Then The Morning Com...,3:04,1999-10-30,wk18,23.0
2000,"McEntire, Reba",What Do You Say,3:26,1999-10-30,wk19,68.0
2000,Smash Mouth,Then The Morning Com...,3:04,1999-10-30,wk19,24.0
2000,"McEntire, Reba",What Do You Say,3:26,1999-10-30,wk20,71.0
2000,Smash Mouth,Then The Morning Com...,3:04,1999-10-30,wk20,25.0
2000,Smash Mouth,Then The Morning Com...,3:04,1999-10-30,wk21,27.0
2000,Smash Mouth,Then The Morning Com...,3:04,1999-10-30,wk22,31.0
2000,Smash Mouth,Then The Morning Com...,3:04,1999-10-30,wk23,33.0
2000,Smash Mouth,Then The Morning Com...,3:04,1999-10-30,wk24,35.0
2000,Smash Mouth,Then The Morning Com...,3:04,1999-10-30,wk25,41.0
2000,Smash Mouth,Then The Morning Com...,3:04,1999-10-30,wk26,48.0
2000,Counting Crows,Hanginaround,4:07,1999-11-06,wk01,84.0
2000,"Hill, Faith",Breathe,4:04,1999-11-06,wk01,81.0
2000,Counting Crows,Hanginaround,4:07,1999-11-06,wk02,70.0
2000,"Hill, Faith",Breathe,4:04,1999-11-06,wk02,68.0
2000,Counting Crows,Hanginaround,4:07,1999-11-06,wk03,66.0
2000,"Hill, Faith",Breathe,4:04,1999-11-06,wk03,62.0
2000,Counting Crows,Hanginaround,4:07,1999-11-06,wk04,60.0
2000,"Hill, Faith",Breathe,4:04,1999-11-06,wk04,51.0
2000,Counting Crows,Hanginaround,4:07,1999-11-06,wk05,46.0
2000,"Hill, Faith",Breathe,4:04,1999-11-06,wk05,42.0
2000,Counting Crows,Hanginaround,4:07,1999-11-06,wk06,37.0
2000,"Hill, Faith",Breathe,4:04,1999-11-06,wk06,35.0
2000,Counting Crows,Hanginaround,4:07,1999-11-06,wk07,35.0
2000,"Hill, Faith",Breathe,4:04,1999-11-06,wk07,28.0
2000,Counting Crows,Hanginaround,4:07,1999-11-06,wk08,35.0
2000,"Hill, Faith",Breathe,4:04,1999-11-06,wk08,28.0
2000,Counting Crows,Hanginaround,4:07,1999-11-06,wk09,35.0
2000,"Hill, Faith",Breathe,4:04,1999-11-06,wk09,28.0
2000,Counting Crows,Hanginaround,4:07,1999-11-06,wk10,32.0
2000,"Hill, Faith",Breathe,4:04,1999-11-06,wk10,43.0
2000,Counting Crows,Hanginaround,4:07,1999-11-06,wk11,29.0
2000,"Hill, Faith",Breathe,4:04,1999-11-06,wk11,30.0
2000,Counting Crows,Hanginaround,4:07,1999-11-06,wk12,29.0
2000,"Hill, Faith",Breathe,4:04,1999-11-06,wk12,23.0
2000,Counting Crows,Hanginaround,4:07,1999-11-06,wk13,28.0
2000,"Hill, Faith",Breathe,4:04,1999-11-06,wk13,23.0
2000,Counting Crows,Hanginaround,4:07,1999-11-06,wk14,32.0
2000,"Hill, Faith",Breathe,4:04,1999-11-06,wk14,21.0
2000,Counting Crows,Hanginaround,4:07,1999-11-06,wk15,38.0
2000,"Hill, Faith",Breathe,4:04,1999-11-06,wk15,21.0
2000,Counting Crows,Hanginaround,4:07,1999-11-06,wk16,48.0
2000,"Hill, Faith",Breathe,4:04,1999-11-06,wk16,21.0
2000,Counting Crows,Hanginaround,4:07,1999-11-06,wk17,56.0
2000,"Hill, Faith",Breathe,4:04,1999-11-06,wk17,5.0
2000,Counting Crows,Hanginaround,4:07,1999-11-06,wk18,59.0
2000,"Hill, Faith",Breathe,4:04,1999-11-06,wk18,3.0
2000,Counting Crows,Hanginaround,4:07,1999-11-06,wk19,61.0
2000,"Hill, Faith",Breathe,4:04,1999-11-06,wk19,3.0
2000,Counting Crows,Hanginaround,4:07,1999-11-06,wk20,66.0
2000,"Hill, Faith",Breathe,4:04,1999-11-06,wk20,4.0
2000,"Hill, Faith",Breathe,4:04,1999-11-06,wk21,4.0
2000,"Hill, Faith",Breathe,4:04,1999-11-06,wk22,3.0
2000,"Hill, Faith",Breathe,4:04,1999-11-06,wk23,3.0
2000,"Hill, Faith",Breathe,4:04,1999-11-06,wk24,3.0
2000,"Hill, Faith",Breathe,4:04,1999-11-06,wk25,2.0
2000,"Hill, Faith",Breathe,4:04,1999-11-06,wk26,2.0
2000,"Hill, Faith",Breathe,4:04,1999-11-06,wk27,3.0
2000,"Hill, Faith",Breathe,4:04,1999-11-06,wk28,3.0
2000,"Hill, Faith",Breathe,4:04,1999-11-06,wk29,2.0
2000,"Hill, Faith",Breathe,4:04,1999-11-06,wk30,2.0
2000,"Hill, Faith",Breathe,4:04,1999-11-06,wk31,3.0
2000,"Hill, Faith",Breathe,4:04,1999-11-06,wk32,4.0
2000,"Hill, Faith",Breathe,4:04,1999-11-06,wk33,2.0
2000,"Hill, Faith",Breathe,4:04,1999-11-06,wk34,5.0
2000,"Hill, Faith",Breathe,4:04,1999-11-06,wk35,8.0
2000,"Hill, Faith",Breathe,4:04,1999-11-06,wk36,11.0
2000,"Hill, Faith",Breathe,4:04,1999-11-06,wk37,13.0
2000,"Hill, Faith",Breathe,4:04,1999-11-06,wk38,14.0
2000,"Hill, Faith",Breathe,4:04,1999-11-06,wk39,18.0
2000,"Hill, Faith",Breathe,4:04,1999-11-06,wk40,22.0
2000,"Hill, Faith",Breathe,4:04,1999-11-06,wk41,23.0
2000,"Hill, Faith",Breathe,4:04,1999-11-06,wk42,22.0
2000,"Hill, Faith",Breathe,4:04,1999-11-06,wk43,24.0
2000,"Hill, Faith",Breathe,4:04,1999-11-06,wk44,30.0
2000,"Hill, Faith",Breathe,4:04,1999-11-06,wk45,31.0
2000,"Hill, Faith",Breathe,4:04,1999-11-06,wk46,31.0
2000,"Hill, Faith",Breathe,4:04,1999-11-06,wk47,38.0
2000,"Hill, Faith",Breathe,4:04,1999-11-06,wk48,39.0
2000,"Hill, Faith",Breathe,4:04,1999-11-06,wk49,42.0
2000,"Hill, Faith",Breathe,4:04,1999-11-06,wk50,49.0
2000,"Hill, Faith",Breathe,4:04,1999-11-06,wk51,49.0
2000,"Hill, Faith",Breathe,4:04,1999-11-06,wk52,48.0
2000,"Hill, Faith",Breathe,4:04,1999-11-06,wk53,47.0
2000,"Blige, Mary J.",Deep Inside,5:26,1999-11-13,wk01,83.0
2000,"Dion, Celine",That's The Way It Is,4:03,1999-11-13,wk01,74.0
2000,Fatboy Slim,The Rockafeller Skan...,4:00,1999-11-13,wk01,94.0
2000,"Jackson, Alan",Pop A Top,3:04,1999-11-13,wk01,79.0
2000,"Blige, Mary J.",Deep Inside,5:26,1999-11-13,wk02,80.0
2000,"Dion, Celine",That's The Way It Is,4:03,1999-11-13,wk02,68.0
2000,Fatboy Slim,The Rockafeller Skan...,4:00,1999-11-13,wk02,94.0
2000,"Jackson, Alan",Pop A Top,3:04,1999-11-13,wk02,73.0
2000,"Blige, Mary J.",Deep Inside,5:26,1999-11-13,wk03,80.0
2000,"Dion, Celine",That's The Way It Is,4:03,1999-11-13,wk03,65.0
2000,Fatboy Slim,The Rockafeller Skan...,4:00,1999-11-13,wk03,94.0
2000,"Jackson, Alan",Pop A Top,3:04,1999-11-13,wk03,70.0
2000,"Blige, Mary J.",Deep Inside,5:26,1999-11-13,wk04,75.0
2000,"Dion, Celine",That's The Way It Is,4:03,1999-11-13,wk04,49.0
2000,Fatboy Slim,The Rockafeller Skan...,4:00,1999-11-13,wk04,87.0
2000,"Jackson, Alan",Pop A Top,3:04,1999-11-13,wk04,64.0
2000,"Blige, Mary J.",Deep Inside,5:26,1999-11-13,wk05,75.0
2000,"Dion, Celine",That's The Way It Is,4:03,1999-11-13,wk05,44.0
2000,Fatboy Slim,The Rockafeller Skan...,4:00,1999-11-13,wk05,77.0
2000,"Jackson, Alan",Pop A Top,3:04,1999-11-13,wk05,63.0
2000,"Blige, Mary J.",Deep Inside,5:26,1999-11-13,wk06,73.0
2000,"Dion, Celine",That's The Way It Is,4:03,1999-11-13,wk06,34.0
2000,Fatboy Slim,The Rockafeller Skan...,4:00,1999-11-13,wk06,77.0
2000,"Jackson, Alan",Pop A Top,3:04,1999-11-13,wk06,57.0
2000,"Blige, Mary J.",Deep Inside,5:26,1999-11-13,wk07,64.0
2000,"Dion, Celine",That's The Way It Is,4:03,1999-11-13,wk07,30.0
2000,Fatboy Slim,The Rockafeller Skan...,4:00,1999-11-13,wk07,83.0
2000,"Jackson, Alan",Pop A Top,3:04,1999-11-13,wk07,55.0
2000,"Blige, Mary J.",Deep Inside,5:26,1999-11-13,wk08,64.0
2000,"Dion, Celine",That's The Way It Is,4:03,1999-11-13,wk08,30.0
2000,Fatboy Slim,The Rockafeller Skan...,4:00,1999-11-13,wk08,82.0
2000,"Jackson, Alan",Pop A Top,3:04,1999-11-13,wk08,55.0
2000,"Blige, Mary J.",Deep Inside,5:26,1999-11-13,wk09,65.0
2000,"Dion, Celine",That's The Way It Is,4:03,1999-11-13,wk09,17.0
2000,Fatboy Slim,The Rockafeller Skan...,4:00,1999-11-13,wk09,82.0
2000,"Jackson, Alan",Pop A Top,3:04,1999-11-13,wk09,63.0
2000,"Blige, Mary J.",Deep Inside,5:26,1999-11-13,wk10,67.0
2000,"Dion, Celine",That's The Way It Is,4:03,1999-11-13,wk10,14.0
2000,Fatboy Slim,The Rockafeller Skan...,4:00,1999-11-13,wk10,92.0
2000,"Jackson, Alan",Pop A Top,3:04,1999-11-13,wk10,52.0
2000,"Blige, Mary J.",Deep Inside,5:26,1999-11-13,wk11,63.0
2000,"Dion, Celine",That's The Way It Is,4:03,1999-11-13,wk11,11.0
2000,Fatboy Slim,The Rockafeller Skan...,4:00,1999-11-13,wk11,76.0
2000,"Jackson, Alan",Pop A Top,3:04,1999-11-13,wk11,43.0
2000,"Blige, Mary J.",Deep Inside,5:26,1999-11-13,wk12,67.0
2000,"Dion, Celine",That's The Way It Is,4:03,1999-11-13,wk12,8.0
2000,Fatboy Slim,The Rockafeller Skan...,4:00,1999-11-13,wk12,95.0
2000,"Jackson, Alan",Pop A Top,3:04,1999-11-13,wk12,47.0
2000,"Blige, Mary J.",Deep Inside,5:26,1999-11-13,wk13,75.0
2000,"Dion, Celine",That's The Way It Is,4:03,1999-11-13,wk13,9.0
2000,"Jackson, Alan",Pop A Top,3:04,1999-11-13,wk13,55.0
2000,"Blige, Mary J.",Deep Inside,5:26,1999-11-13,wk14,85.0
2000,"Dion, Celine",That's The Way It Is,4:03,1999-11-13,wk14,10.0
2000,"Jackson, Alan",Pop A Top,3:04,1999-11-13,wk14,78.0
2000,"Blige, Mary J.",Deep Inside,5:26,1999-11-13,wk15,94.0
2000,"Dion, Celine",That's The Way It Is,4:03,1999-11-13,wk15,11.0
2000,"Jackson, Alan",Pop A Top,3:04,1999-11-13,wk15,95.0
2000,"Dion, Celine",That's The Way It Is,4:03,1999-11-13,wk16,11.0
2000,"Jackson, Alan",Pop A Top,3:04,1999-11-13,wk16,100.0
2000,"Dion, Celine",That's The Way It Is,4:03,1999-11-13,wk17,6.0
2000,"Dion, Celine",That's The Way It Is,4:03,1999-11-13,wk18,8.0
2000,"Jackson, Alan",Pop A Top,3:04,1999-11-13,wk18,100.0
2000,"Dion, Celine",That's The Way It Is,4:03,1999-11-13,wk19,7.0
2000,"Dion, Celine",That's The Way It Is,4:03,1999-11-13,wk20,7.0
2000,"Dion, Celine",That's The Way It Is,4:03,1999-11-13,wk21,9.0
2000,"Dion, Celine",That's The Way It Is,4:03,1999-11-13,wk22,10.0
2000,"Dion, Celine",That's The Way It Is,4:03,1999-11-13,wk23,14.0
2000,"Dion, Celine",That's The Way It Is,4:03,1999-11-13,wk24,16.0
2000,"Dion, Celine",That's The Way It Is,4:03,1999-11-13,wk25,26.0
2000,"Dion, Celine",That's The Way It Is,4:03,1999-11-13,wk26,31.0
2000,"Dion, Celine",That's The Way It Is,4:03,1999-11-13,wk27,35.0
2000,"Dion, Celine",That's The Way It Is,4:03,1999-11-13,wk28,42.0
2000,M2M,Don't Say You Love M...,3:41,1999-11-20,wk01,72.0
2000,"Martin, Ricky",Shake Your Bon-Bon,3:08,1999-11-20,wk01,74.0
2000,Sisqo,Got To Get It,3:52,1999-11-20,wk01,92.0
2000,"Williams, Robbie",Angels,3:56,1999-11-20,wk01,85.0
2000,M2M,Don't Say You Love M...,3:41,1999-11-20,wk02,53.0
2000,"Martin, Ricky",Shake Your Bon-Bon,3:08,1999-11-20,wk02,66.0
2000,Sisqo,Got To Get It,3:52,1999-11-20,wk02,76.0
2000,"Williams, Robbie",Angels,3:56,1999-11-20,wk02,77.0
2000,M2M,Don't Say You Love M...,3:41,1999-11-20,wk03,62.0
2000,"Martin, Ricky",Shake Your Bon-Bon,3:08,1999-11-20,wk03,52.0
2000,Sisqo,Got To Get It,3:52,1999-11-20,wk03,73.0
2000,"Williams, Robbie",Angels,3:56,1999-11-20,wk03,69.0
2000,M2M,Don't Say You Love M...,3:41,1999-11-20,wk04,46.0
2000,"Martin, Ricky",Shake Your Bon-Bon,3:08,1999-11-20,wk04,39.0
2000,Sisqo,Got To Get It,3:52,1999-11-20,wk04,58.0
2000,"Williams, Robbie",Angels,3:56,1999-11-20,wk04,69.0
2000,M2M,Don't Say You Love M...,3:41,1999-11-20,wk05,54.0
2000,"Martin, Ricky",Shake Your Bon-Bon,3:08,1999-11-20,wk05,39.0
2000,Sisqo,Got To Get It,3:52,1999-11-20,wk05,48.0
2000,"Williams, Robbie",Angels,3:56,1999-11-20,wk05,62.0
2000,M2M,Don't Say You Love M...,3:41,1999-11-20,wk06,44.0
2000,"Martin, Ricky",Shake Your Bon-Bon,3:08,1999-11-20,wk06,39.0
2000,Sisqo,Got To Get It,3:52,1999-11-20,wk06,48.0
2000,"Williams, Robbie",Angels,3:56,1999-11-20,wk06,56.0
2000,M2M,Don't Say You Love M...,3:41,1999-11-20,wk07,44.0
2000,"Martin, Ricky",Shake Your Bon-Bon,3:08,1999-11-20,wk07,39.0
2000,Sisqo,Got To Get It,3:52,1999-11-20,wk07,48.0
2000,"Williams, Robbie",Angels,3:56,1999-11-20,wk07,56.0
2000,M2M,Don't Say You Love M...,3:41,1999-11-20,wk08,21.0
2000,"Martin, Ricky",Shake Your Bon-Bon,3:08,1999-11-20,wk08,46.0
2000,Sisqo,Got To Get It,3:52,1999-11-20,wk08,48.0
2000,"Williams, Robbie",Angels,3:56,1999-11-20,wk08,64.0
2000,M2M,Don't Say You Love M...,3:41,1999-11-20,wk09,64.0
2000,"Martin, Ricky",Shake Your Bon-Bon,3:08,1999-11-20,wk09,47.0
2000,Sisqo,Got To Get It,3:52,1999-11-20,wk09,49.0
2000,"Williams, Robbie",Angels,3:56,1999-11-20,wk09,54.0
2000,M2M,Don't Say You Love M...,3:41,1999-11-20,wk10,92.0
2000,"Martin, Ricky",Shake Your Bon-Bon,3:08,1999-11-20,wk10,54.0
2000,Sisqo,Got To Get It,3:52,1999-11-20,wk10,40.0
2000,"Williams, Robbie",Angels,3:56,1999-11-20,wk10,53.0
2000,M2M,Don't Say You Love M...,3:41,1999-11-20,wk11,98.0
2000,"Martin, Ricky",Shake Your Bon-Bon,3:08,1999-11-20,wk11,91.0
2000,Sisqo,Got To Get It,3:52,1999-11-20,wk11,43.0
2000,"Williams, Robbie",Angels,3:56,1999-11-20,wk11,72.0
2000,M2M,Don't Say You Love M...,3:41,1999-11-20,wk12,98.0
2000,"Martin, Ricky",Shake Your Bon-Bon,3:08,1999-11-20,wk12,28.0
2000,Sisqo,Got To Get It,3:52,1999-11-20,wk12,51.0
2000,"Williams, Robbie",Angels,3:56,1999-11-20,wk12,83.0
2000,"Martin, Ricky",Shake Your Bon-Bon,3:08,1999-11-20,wk13,22.0
2000,Sisqo,Got To Get It,3:52,1999-11-20,wk13,50.0
2000,"Williams, Robbie",Angels,3:56,1999-11-20,wk13,81.0
2000,"Martin, Ricky",Shake Your Bon-Bon,3:08,1999-11-20,wk14,33.0
2000,Sisqo,Got To Get It,3:52,1999-11-20,wk14,57.0
2000,"Williams, Robbie",Angels,3:56,1999-11-20,wk14,88.0
2000,"Martin, Ricky",Shake Your Bon-Bon,3:08,1999-11-20,wk15,46.0
2000,Sisqo,Got To Get It,3:52,1999-11-20,wk15,63.0
2000,"Williams, Robbie",Angels,3:56,1999-11-20,wk15,96.0
2000,"Martin, Ricky",Shake Your Bon-Bon,3:08,1999-11-20,wk16,70.0
2000,Sisqo,Got To Get It,3:52,1999-11-20,wk16,64.0
2000,"Williams, Robbie",Angels,3:56,1999-11-20,wk16,93.0
2000,"Martin, Ricky",Shake Your Bon-Bon,3:08,1999-11-20,wk17,87.0
2000,Sisqo,Got To Get It,3:52,1999-11-20,wk17,68.0
2000,"Williams, Robbie",Angels,3:56,1999-11-20,wk17,91.0
2000,"Martin, Ricky",Shake Your Bon-Bon,3:08,1999-11-20,wk18,93.0
2000,Sisqo,Got To Get It,3:52,1999-11-20,wk18,82.0
2000,"Williams, Robbie",Angels,3:56,1999-11-20,wk18,89.0
2000,Sisqo,Got To Get It,3:52,1999-11-20,wk19,88.0
2000,"Williams, Robbie",Angels,3:56,1999-11-20,wk19,95.0
2000,Sisqo,Got To Get It,3:52,1999-11-20,wk20,95.0
2000,"Aguilera, Christina",What A Girl Wants,3:18,1999-11-27,wk01,71.0
2000,"Dixie Chicks, The",Cowboy Take Me Away,4:51,1999-11-27,wk01,79.0
2000,"Elliott, Missy ""Misdemeanor""",Hot Boyz,3:51,1999-11-27,wk01,36.0
2000,Filter,Take A Picture,4:23,1999-11-27,wk01,91.0
2000,"Hart, Beth",L.A. Song,3:47,1999-11-27,wk01,99.0
2000,"McGraw, Tim",My Best Friend,4:33,1999-11-27,wk01,85.0
2000,"Aguilera, Christina",What A Girl Wants,3:18,1999-11-27,wk02,51.0
2000,"Dixie Chicks, The",Cowboy Take Me Away,4:51,1999-11-27,wk02,72.0
2000,"Elliott, Missy ""Misdemeanor""",Hot Boyz,3:51,1999-11-27,wk02,21.0
2000,Filter,Take A Picture,4:23,1999-11-27,wk02,74.0
2000,"Hart, Beth",L.A. Song,3:47,1999-11-27,wk02,100.0
2000,"McGraw, Tim",My Best Friend,4:33,1999-11-27,wk02,76.0
2000,"Aguilera, Christina",What A Girl Wants,3:18,1999-11-27,wk03,28.0
2000,"Dixie Chicks, The",Cowboy Take Me Away,4:51,1999-11-27,wk03,70.0
2000,"Elliott, Missy ""Misdemeanor""",Hot Boyz,3:51,1999-11-27,wk03,13.0
2000,Filter,Take A Picture,4:23,1999-11-27,wk03,64.0
2000,"Hart, Beth",L.A. Song,3:47,1999-11-27,wk03,98.0
2000,"McGraw, Tim",My Best Friend,4:33,1999-11-27,wk03,71.0
2000,"Aguilera, Christina",What A Girl Wants,3:18,1999-11-27,wk04,18.0
2000,"Dixie Chicks, The",Cowboy Take Me Away,4:51,1999-11-27,wk04,61.0
2000,"Elliott, Missy ""Misdemeanor""",Hot Boyz,3:51,1999-11-27,wk04,9.0
2000,Filter,Take A Picture,4:23,1999-11-27,wk04,52.0
2000,"Hart, Beth",L.A. Song,3:47,1999-11-27,wk04,99.0
2000,"McGraw, Tim",My Best Friend,4:33,1999-11-27,wk04,64.0
2000,"Aguilera, Christina",What A Girl Wants,3:18,1999-11-27,wk05,13.0
2000,"Dixie Chicks, The",Cowboy Take Me Away,4:51,1999-11-27,wk05,52.0
2000,"Elliott, Missy ""Misdemeanor""",Hot Boyz,3:51,1999-11-27,wk05,7.0
2000,Filter,Take A Picture,4:23,1999-11-27,wk05,38.0
2000,"Hart, Beth",L.A. Song,3:47,1999-11-27,wk05,99.0
2000,"McGraw, Tim",My Best Friend,4:33,1999-11-27,wk05,54.0
2000,"Aguilera, Christina",What A Girl Wants,3:18,1999-11-27,wk06,13.0
2000,"Dixie Chicks, The",Cowboy Take Me Away,4:51,1999-11-27,wk06,52.0
2000,"Elliott, Missy ""Misdemeanor""",Hot Boyz,3:51,1999-11-27,wk06,7.0
2000,Filter,Take A Picture,4:23,1999-11-27,wk06,38.0
2000,"Hart, Beth",L.A. Song,3:47,1999-11-27,wk06,99.0
2000,"McGraw, Tim",My Best Friend,4:33,1999-11-27,wk06,54.0
2000,"Aguilera, Christina",What A Girl Wants,3:18,1999-11-27,wk07,11.0
2000,"Dixie Chicks, The",Cowboy Take Me Away,4:51,1999-11-27,wk07,52.0
2000,"Elliott, Missy ""Misdemeanor""",Hot Boyz,3:51,1999-11-27,wk07,5.0
2000,Filter,Take A Picture,4:23,1999-11-27,wk07,34.0
2000,"Hart, Beth",L.A. Song,3:47,1999-11-27,wk07,98.0
2000,"McGraw, Tim",My Best Friend,4:33,1999-11-27,wk07,55.0
2000,"Aguilera, Christina",What A Girl Wants,3:18,1999-11-27,wk08,1.0
2000,"Dixie Chicks, The",Cowboy Take Me Away,4:51,1999-11-27,wk08,39.0
2000,"Elliott, Missy ""Misdemeanor""",Hot Boyz,3:51,1999-11-27,wk08,7.0
2000,Filter,Take A Picture,4:23,1999-11-27,wk08,31.0
2000,"Hart, Beth",L.A. Song,3:47,1999-11-27,wk08,90.0
2000,"McGraw, Tim",My Best Friend,4:33,1999-11-27,wk08,46.0
2000,"Aguilera, Christina",What A Girl Wants,3:18,1999-11-27,wk09,1.0
2000,"Dixie Chicks, The",Cowboy Take Me Away,4:51,1999-11-27,wk09,31.0
2000,"Elliott, Missy ""Misdemeanor""",Hot Boyz,3:51,1999-11-27,wk09,7.0
2000,Filter,Take A Picture,4:23,1999-11-27,wk09,21.0
2000,"Hart, Beth",L.A. Song,3:47,1999-11-27,wk09,99.0
2000,"McGraw, Tim",My Best Friend,4:33,1999-11-27,wk09,38.0
2000,"Aguilera, Christina",What A Girl Wants,3:18,1999-11-27,wk10,2.0
2000,"Dixie Chicks, The",Cowboy Take Me Away,4:51,1999-11-27,wk10,27.0
2000,"Elliott, Missy ""Misdemeanor""",Hot Boyz,3:51,1999-11-27,wk10,7.0
2000,Filter,Take A Picture,4:23,1999-11-27,wk10,19.0
2000,"Hart, Beth",L.A. Song,3:47,1999-11-27,wk10,97.0
2000,"McGraw, Tim",My Best Friend,4:33,1999-11-27,wk10,29.0
2000,"Aguilera, Christina",What A Girl Wants,3:18,1999-11-27,wk11,2.0
2000,"Dixie Chicks, The",Cowboy Take Me Away,4:51,1999-11-27,wk11,27.0
2000,"Elliott, Missy ""Misdemeanor""",Hot Boyz,3:51,1999-11-27,wk11,8.0
2000,Filter,Take A Picture,4:23,1999-11-27,wk11,12.0
2000,"Hart, Beth",L.A. Song,3:47,1999-11-27,wk11,91.0
2000,"McGraw, Tim",My Best Friend,4:33,1999-11-27,wk11,29.0
2000,"Aguilera, Christina",What A Girl Wants,3:18,1999-11-27,wk12,3.0
2000,"Dixie Chicks, The",Cowboy Take Me Away,4:51,1999-11-27,wk12,27.0
2000,"Elliott, Missy ""Misdemeanor""",Hot Boyz,3:51,1999-11-27,wk12,11.0
2000,Filter,Take A Picture,4:23,1999-11-27,wk12,13.0
2000,"Hart, Beth",L.A. Song,3:47,1999-11-27,wk12,97.0
2000,"McGraw, Tim",My Best Friend,4:33,1999-11-27,wk12,33.0
2000,"Aguilera, Christina",What A Girl Wants,3:18,1999-11-27,wk13,3.0
2000,"Dixie Chicks, The",Cowboy Take Me Away,4:51,1999-11-27,wk13,31.0
2000,"Elliott, Missy ""Misdemeanor""",Hot Boyz,3:51,1999-11-27,wk13,7.0
2000,Filter,Take A Picture,4:23,1999-11-27,wk13,15.0
2000,"McGraw, Tim",My Best Friend,4:33,1999-11-27,wk13,32.0
2000,"Aguilera, Christina",What A Girl Wants,3:18,1999-11-27,wk14,4.0
2000,"Dixie Chicks, The",Cowboy Take Me Away,4:51,1999-11-27,wk14,37.0
2000,"Elliott, Missy ""Misdemeanor""",Hot Boyz,3:51,1999-11-27,wk14,10.0
2000,Filter,Take A Picture,4:23,1999-11-27,wk14,20.0
2000,"McGraw, Tim",My Best Friend,4:33,1999-11-27,wk14,31.0
2000,"Aguilera, Christina",What A Girl Wants,3:18,1999-11-27,wk15,12.0
2000,"Dixie Chicks, The",Cowboy Take Me Away,4:51,1999-11-27,wk15,40.0
2000,"Elliott, Missy ""Misdemeanor""",Hot Boyz,3:51,1999-11-27,wk15,11.0
2000,Filter,Take A Picture,4:23,1999-11-27,wk15,19.0
2000,"McGraw, Tim",My Best Friend,4:33,1999-11-27,wk15,36.0
2000,"Aguilera, Christina",What A Girl Wants,3:18,1999-11-27,wk16,11.0
2000,"Dixie Chicks, The",Cowboy Take Me Away,4:51,1999-11-27,wk16,47.0
2000,"Elliott, Missy ""Misdemeanor""",Hot Boyz,3:51,1999-11-27,wk16,12.0
2000,Filter,Take A Picture,4:23,1999-11-27,wk16,22.0
2000,"McGraw, Tim",My Best Friend,4:33,1999-11-27,wk16,38.0
2000,"Aguilera, Christina",What A Girl Wants,3:18,1999-11-27,wk17,13.0
2000,"Dixie Chicks, The",Cowboy Take Me Away,4:51,1999-11-27,wk17,51.0
2000,"Elliott, Missy ""Misdemeanor""",Hot Boyz,3:51,1999-11-27,wk17,15.0
2000,Filter,Take A Picture,4:23,1999-11-27,wk17,23.0
2000,"McGraw, Tim",My Best Friend,4:33,1999-11-27,wk17,39.0
2000,"Aguilera, Christina",What A Girl Wants,3:18,1999-11-27,wk18,15.0
2000,"Dixie Chicks, The",Cowboy Take Me Away,4:51,1999-11-27,wk18,56.0
2000,"Elliott, Missy ""Misdemeanor""",Hot Boyz,3:51,1999-11-27,wk18,17.0
2000,Filter,Take A Picture,4:23,1999-11-27,wk18,24.0
2000,"McGraw, Tim",My Best Friend,4:33,1999-11-27,wk18,41.0
2000,"Aguilera, Christina",What A Girl Wants,3:18,1999-11-27,wk19,18.0
2000,"Dixie Chicks, The",Cowboy Take Me Away,4:51,1999-11-27,wk19,59.0
2000,"Elliott, Missy ""Misdemeanor""",Hot Boyz,3:51,1999-11-27,wk19,23.0
2000,Filter,Take A Picture,4:23,1999-11-27,wk19,31.0
2000,"McGraw, Tim",My Best Friend,4:33,1999-11-27,wk19,46.0
2000,"Aguilera, Christina",What A Girl Wants,3:18,1999-11-27,wk20,20.0
2000,"Dixie Chicks, The",Cowboy Take Me Away,4:51,1999-11-27,wk20,59.0
2000,"Elliott, Missy ""Misdemeanor""",Hot Boyz,3:51,1999-11-27,wk20,30.0
2000,Filter,Take A Picture,4:23,1999-11-27,wk20,42.0
2000,"McGraw, Tim",My Best Friend,4:33,1999-11-27,wk20,49.0
2000,"Aguilera, Christina",What A Girl Wants,3:18,1999-11-27,wk21,30.0
2000,"Elliott, Missy ""Misdemeanor""",Hot Boyz,3:51,1999-11-27,wk21,38.0
2000,"McGraw, Tim",My Best Friend,4:33,1999-11-27,wk21,48.0
2000,"Aguilera, Christina",What A Girl Wants,3:18,1999-11-27,wk22,40.0
2000,"Aguilera, Christina",What A Girl Wants,3:18,1999-11-27,wk23,39.0
2000,"Aguilera, Christina",What A Girl Wants,3:18,1999-11-27,wk24,44.0
2000,Blink-182,All The Small Things,2:52,1999-12-04,wk01,89.0
2000,Ice Cube,You Can Do It,4:20,1999-12-04,wk01,86.0
2000,"Iglesias, Enrique",Rhythm Divine,7:35,1999-12-04,wk01,90.0
2000,Kelis,Caught Out There,4:09,1999-12-04,wk01,84.0
2000,Lil Wayne,Tha Block Is Hot,4:13,1999-12-04,wk01,99.0
2000,Limp Bizkit,N 2 Gether Now,3:55,1999-12-04,wk01,94.0
2000,Limp Bizkit,Re-Arranged,4:08,1999-12-04,wk01,91.0
2000,"Walker, Clay","Live, Laugh, Love",4:06,1999-12-04,wk01,95.0
2000,Blink-182,All The Small Things,2:52,1999-12-04,wk02,76.0
2000,Ice Cube,You Can Do It,4:20,1999-12-04,wk02,66.0
2000,"Iglesias, Enrique",Rhythm Divine,7:35,1999-12-04,wk02,84.0
2000,Kelis,Caught Out There,4:09,1999-12-04,wk02,68.0
2000,Lil Wayne,Tha Block Is Hot,4:13,1999-12-04,wk02,89.0
2000,Limp Bizkit,N 2 Gether Now,3:55,1999-12-04,wk02,88.0
2000,Limp Bizkit,Re-Arranged,4:08,1999-12-04,wk02,91.0
2000,"Walker, Clay","Live, Laugh, Love",4:06,1999-12-04,wk02,95.0
2000,Blink-182,All The Small Things,2:52,1999-12-04,wk03,69.0
2000,Ice Cube,You Can Do It,4:20,1999-12-04,wk03,50.0
2000,"Iglesias, Enrique",Rhythm Divine,7:35,1999-12-04,wk03,79.0
2000,Kelis,Caught Out There,4:09,1999-12-04,wk03,67.0
2000,Lil Wayne,Tha Block Is Hot,4:13,1999-12-04,wk03,92.0
2000,Limp Bizkit,N 2 Gether Now,3:55,1999-12-04,wk03,85.0
2000,Limp Bizkit,Re-Arranged,4:08,1999-12-04,wk03,90.0
2000,"Walker, Clay","Live, Laugh, Love",4:06,1999-12-04,wk03,94.0
2000,Blink-182,All The Small Things,2:52,1999-12-04,wk04,59.0
2000,Ice Cube,You Can Do It,4:20,1999-12-04,wk04,42.0
2000,"Iglesias, Enrique",Rhythm Divine,7:35,1999-12-04,wk04,67.0
2000,Kelis,Caught Out There,4:09,1999-12-04,wk04,63.0
2000,Lil Wayne,Tha Block Is Hot,4:13,1999-12-04,wk04,84.0
2000,Limp Bizkit,N 2 Gether Now,3:55,1999-12-04,wk04,78.0
2000,Limp Bizkit,Re-Arranged,4:08,1999-12-04,wk04,95.0
2000,"Walker, Clay","Live, Laugh, Love",4:06,1999-12-04,wk04,94.0
2000,Blink-182,All The Small Things,2:52,1999-12-04,wk05,59.0
2000,Ice Cube,You Can Do It,4:20,1999-12-04,wk05,42.0
2000,"Iglesias, Enrique",Rhythm Divine,7:35,1999-12-04,wk05,67.0
2000,Kelis,Caught Out There,4:09,1999-12-04,wk05,63.0
2000,Lil Wayne,Tha Block Is Hot,4:13,1999-12-04,wk05,84.0
2000,Limp Bizkit,N 2 Gether Now,3:55,1999-12-04,wk05,78.0
2000,Limp Bizkit,Re-Arranged,4:08,1999-12-04,wk05,95.0
2000,"Walker, Clay","Live, Laugh, Love",4:06,1999-12-04,wk05,94.0
2000,Blink-182,All The Small Things,2:52,1999-12-04,wk06,51.0
2000,Ice Cube,You Can Do It,4:20,1999-12-04,wk06,40.0
2000,"Iglesias, Enrique",Rhythm Divine,7:35,1999-12-04,wk06,39.0
2000,Kelis,Caught Out There,4:09,1999-12-04,wk06,54.0
2000,Lil Wayne,Tha Block Is Hot,4:13,1999-12-04,wk06,72.0
2000,Limp Bizkit,N 2 Gether Now,3:55,1999-12-04,wk06,73.0
2000,Limp Bizkit,Re-Arranged,4:08,1999-12-04,wk06,99.0
2000,"Walker, Clay","Live, Laugh, Love",4:06,1999-12-04,wk06,95.0
2000,Blink-182,All The Small Things,2:52,1999-12-04,wk07,50.0
2000,Ice Cube,You Can Do It,4:20,1999-12-04,wk07,35.0
2000,"Iglesias, Enrique",Rhythm Divine,7:35,1999-12-04,wk07,33.0
2000,Kelis,Caught Out There,4:09,1999-12-04,wk07,56.0
2000,Lil Wayne,Tha Block Is Hot,4:13,1999-12-04,wk07,81.0
2000,Limp Bizkit,N 2 Gether Now,3:55,1999-12-04,wk07,84.0
2000,Limp Bizkit,Re-Arranged,4:08,1999-12-04,wk07,96.0
2000,"Walker, Clay","Live, Laugh, Love",4:06,1999-12-04,wk07,82.0
2000,Blink-182,All The Small Things,2:52,1999-12-04,wk08,35.0
2000,Ice Cube,You Can Do It,4:20,1999-12-04,wk08,46.0
2000,"Iglesias, Enrique",Rhythm Divine,7:35,1999-12-04,wk08,32.0
2000,Kelis,Caught Out There,4:09,1999-12-04,wk08,59.0
2000,Lil Wayne,Tha Block Is Hot,4:13,1999-12-04,wk08,81.0
2000,Limp Bizkit,N 2 Gether Now,3:55,1999-12-04,wk08,86.0
2000,Limp Bizkit,Re-Arranged,4:08,1999-12-04,wk08,96.0
2000,"Walker, Clay","Live, Laugh, Love",4:06,1999-12-04,wk08,74.0
2000,Blink-182,All The Small Things,2:52,1999-12-04,wk09,26.0
2000,Ice Cube,You Can Do It,4:20,1999-12-04,wk09,45.0
2000,"Iglesias, Enrique",Rhythm Divine,7:35,1999-12-04,wk09,38.0
2000,Kelis,Caught Out There,4:09,1999-12-04,wk09,68.0
2000,Lil Wayne,Tha Block Is Hot,4:13,1999-12-04,wk09,86.0
2000,Limp Bizkit,N 2 Gether Now,3:55,1999-12-04,wk09,90.0
2000,Limp Bizkit,Re-Arranged,4:08,1999-12-04,wk09,92.0
2000,"Walker, Clay","Live, Laugh, Love",4:06,1999-12-04,wk09,79.0
2000,Blink-182,All The Small Things,2:52,1999-12-04,wk10,15.0
2000,Ice Cube,You Can Do It,4:20,1999-12-04,wk10,54.0
2000,"Iglesias, Enrique",Rhythm Divine,7:35,1999-12-04,wk10,38.0
2000,Kelis,Caught Out There,4:09,1999-12-04,wk10,67.0
2000,Lil Wayne,Tha Block Is Hot,4:13,1999-12-04,wk10,87.0
2000,Limp Bizkit,N 2 Gether Now,3:55,1999-12-04,wk10,97.0
2000,Limp Bizkit,Re-Arranged,4:08,1999-12-04,wk10,88.0
2000,"Walker, Clay","Live, Laugh, Love",4:06,1999-12-04,wk10,92.0
2000,Blink-182,All The Small Things,2:52,1999-12-04,wk11,7.0
2000,Ice Cube,You Can Do It,4:20,1999-12-04,wk11,73.0
2000,"Iglesias, Enrique",Rhythm Divine,7:35,1999-12-04,wk11,49.0
2000,Kelis,Caught Out There,4:09,1999-12-04,wk11,75.0
2000,Lil Wayne,Tha Block Is Hot,4:13,1999-12-04,wk11,95.0
2000,Limp Bizkit,N 2 Gether Now,3:55,1999-12-04,wk11,96.0
2000,Limp Bizkit,Re-Arranged,4:08,1999-12-04,wk11,89.0
2000,"Walker, Clay","Live, Laugh, Love",4:06,1999-12-04,wk11,98.0
2000,Blink-182,All The Small Things,2:52,1999-12-04,wk12,6.0
2000,Ice Cube,You Can Do It,4:20,1999-12-04,wk12,89.0
2000,"Iglesias, Enrique",Rhythm Divine,7:35,1999-12-04,wk12,51.0
2000,Kelis,Caught Out There,4:09,1999-12-04,wk12,90.0
2000,Limp Bizkit,Re-Arranged,4:08,1999-12-04,wk12,93.0
2000,Blink-182,All The Small Things,2:52,1999-12-04,wk13,8.0
2000,"Iglesias, Enrique",Rhythm Divine,7:35,1999-12-04,wk13,61.0
2000,Limp Bizkit,Re-Arranged,4:08,1999-12-04,wk13,91.0
2000,Blink-182,All The Small Things,2:52,1999-12-04,wk14,8.0
2000,"Iglesias, Enrique",Rhythm Divine,7:35,1999-12-04,wk14,61.0
2000,Limp Bizkit,Re-Arranged,4:08,1999-12-04,wk14,91.0
2000,Blink-182,All The Small Things,2:52,1999-12-04,wk15,9.0
2000,"Iglesias, Enrique",Rhythm Divine,7:35,1999-12-04,wk15,66.0
2000,Limp Bizkit,Re-Arranged,4:08,1999-12-04,wk15,89.0
2000,Blink-182,All The Small Things,2:52,1999-12-04,wk16,11.0
2000,"Iglesias, Enrique",Rhythm Divine,7:35,1999-12-04,wk16,88.0
2000,Limp Bizkit,Re-Arranged,4:08,1999-12-04,wk16,90.0
2000,Blink-182,All The Small Things,2:52,1999-12-04,wk17,14.0
2000,"Iglesias, Enrique",Rhythm Divine,7:35,1999-12-04,wk17,96.0
2000,Limp Bizkit,Re-Arranged,4:08,1999-12-04,wk17,93.0
2000,Blink-182,All The Small Things,2:52,1999-12-04,wk18,16.0
2000,Limp Bizkit,Re-Arranged,4:08,1999-12-04,wk18,100.0
2000,Blink-182,All The Small Things,2:52,1999-12-04,wk19,18.0
2000,Blink-182,All The Small Things,2:52,1999-12-04,wk20,23.0
2000,Blink-182,All The Small Things,2:52,1999-12-04,wk21,33.0
2000,Blink-182,All The Small Things,2:52,1999-12-04,wk22,41.0
2000,Blink-182,All The Small Things,2:52,1999-12-04,wk23,43.0
2000,"Carey, Mariah",Thank God I Found Yo...,4:14,1999-12-11,wk01,82.0
2000,D'Angelo,Left & Right,4:35,1999-12-11,wk01,93.0
2000,Eiffel 65,Blue,3:29,1999-12-11,wk01,67.0
2000,Ginuwine,None Of Ur Friends B...,4:12,1999-12-11,wk01,94.0
2000,Jagged Edge,He Can't Love U,3:30,1999-12-11,wk01,54.0
2000,"Carey, Mariah",Thank God I Found Yo...,4:14,1999-12-11,wk02,68.0
2000,D'Angelo,Left & Right,4:35,1999-12-11,wk02,77.0
2000,Eiffel 65,Blue,3:29,1999-12-11,wk02,29.0
2000,Ginuwine,None Of Ur Friends B...,4:12,1999-12-11,wk02,84.0
2000,Jagged Edge,He Can't Love U,3:30,1999-12-11,wk02,32.0
2000,"Carey, Mariah",Thank God I Found Yo...,4:14,1999-12-11,wk03,50.0
2000,D'Angelo,Left & Right,4:35,1999-12-11,wk03,75.0
2000,Eiffel 65,Blue,3:29,1999-12-11,wk03,16.0
2000,Ginuwine,None Of Ur Friends B...,4:12,1999-12-11,wk03,71.0
2000,Jagged Edge,He Can't Love U,3:30,1999-12-11,wk03,17.0
2000,"Carey, Mariah",Thank God I Found Yo...,4:14,1999-12-11,wk04,50.0
2000,D'Angelo,Left & Right,4:35,1999-12-11,wk04,70.0
2000,Eiffel 65,Blue,3:29,1999-12-11,wk04,16.0
2000,Ginuwine,None Of Ur Friends B...,4:12,1999-12-11,wk04,71.0
2000,Jagged Edge,He Can't Love U,3:30,1999-12-11,wk04,17.0
2000,"Carey, Mariah",Thank God I Found Yo...,4:14,1999-12-11,wk05,41.0
2000,D'Angelo,Left & Right,4:35,1999-12-11,wk05,91.0
2000,Eiffel 65,Blue,3:29,1999-12-11,wk05,13.0
2000,Ginuwine,None Of Ur Friends B...,4:12,1999-12-11,wk05,60.0
2000,Jagged Edge,He Can't Love U,3:30,1999-12-11,wk05,15.0
2000,"Carey, Mariah",Thank God I Found Yo...,4:14,1999-12-11,wk06,37.0
2000,Eiffel 65,Blue,3:29,1999-12-11,wk06,11.0
2000,Ginuwine,None Of Ur Friends B...,4:12,1999-12-11,wk06,63.0
2000,Jagged Edge,He Can't Love U,3:30,1999-12-11,wk06,18.0
2000,"Carey, Mariah",Thank God I Found Yo...,4:14,1999-12-11,wk07,26.0
2000,Eiffel 65,Blue,3:29,1999-12-11,wk07,9.0
2000,Ginuwine,None Of Ur Friends B...,4:12,1999-12-11,wk07,48.0
2000,Jagged Edge,He Can't Love U,3:30,1999-12-11,wk07,18.0
2000,"Carey, Mariah",Thank God I Found Yo...,4:14,1999-12-11,wk08,22.0
2000,Eiffel 65,Blue,3:29,1999-12-11,wk08,6.0
2000,Ginuwine,None Of Ur Friends B...,4:12,1999-12-11,wk08,48.0
2000,Jagged Edge,He Can't Love U,3:30,1999-12-11,wk08,18.0
2000,"Carey, Mariah",Thank God I Found Yo...,4:14,1999-12-11,wk09,22.0
2000,Eiffel 65,Blue,3:29,1999-12-11,wk09,7.0
2000,Ginuwine,None Of Ur Friends B...,4:12,1999-12-11,wk09,48.0
2000,Jagged Edge,He Can't Love U,3:30,1999-12-11,wk09,18.0
2000,"Carey, Mariah",Thank God I Found Yo...,4:14,1999-12-11,wk10,2.0
2000,Eiffel 65,Blue,3:29,1999-12-11,wk10,9.0
2000,Ginuwine,None Of Ur Friends B...,4:12,1999-12-11,wk10,55.0
2000,Jagged Edge,He Can't Love U,3:30,1999-12-11,wk10,25.0
2000,"Carey, Mariah",Thank God I Found Yo...,4:14,1999-12-11,wk11,1.0
2000,Eiffel 65,Blue,3:29,1999-12-11,wk11,13.0
2000,Ginuwine,None Of Ur Friends B...,4:12,1999-12-11,wk11,64.0
2000,Jagged Edge,He Can't Love U,3:30,1999-12-11,wk11,24.0
2000,"Carey, Mariah",Thank God I Found Yo...,4:14,1999-12-11,wk12,2.0
2000,Eiffel 65,Blue,3:29,1999-12-11,wk12,19.0
2000,Ginuwine,None Of Ur Friends B...,4:12,1999-12-11,wk12,71.0
2000,Jagged Edge,He Can't Love U,3:30,1999-12-11,wk12,24.0
2000,"Carey, Mariah",Thank God I Found Yo...,4:14,1999-12-11,wk13,4.0
2000,Eiffel 65,Blue,3:29,1999-12-11,wk13,21.0
2000,Ginuwine,None Of Ur Friends B...,4:12,1999-12-11,wk13,85.0
2000,Jagged Edge,He Can't Love U,3:30,1999-12-11,wk13,26.0
2000,"Carey, Mariah",Thank God I Found Yo...,4:14,1999-12-11,wk14,13.0
2000,Eiffel 65,Blue,3:29,1999-12-11,wk14,24.0
2000,Ginuwine,None Of Ur Friends B...,4:12,1999-12-11,wk14,85.0
2000,Jagged Edge,He Can't Love U,3:30,1999-12-11,wk14,33.0
2000,"Carey, Mariah",Thank God I Found Yo...,4:14,1999-12-11,wk15,21.0
2000,Eiffel 65,Blue,3:29,1999-12-11,wk15,32.0
2000,Ginuwine,None Of Ur Friends B...,4:12,1999-12-11,wk15,92.0
2000,Jagged Edge,He Can't Love U,3:30,1999-12-11,wk15,44.0
2000,"Carey, Mariah",Thank God I Found Yo...,4:14,1999-12-11,wk16,28.0
2000,Eiffel 65,Blue,3:29,1999-12-11,wk16,42.0
2000,Jagged Edge,He Can't Love U,3:30,1999-12-11,wk16,51.0
2000,"Carey, Mariah",Thank God I Found Yo...,4:14,1999-12-11,wk17,43.0
2000,Eiffel 65,Blue,3:29,1999-12-11,wk17,56.0
2000,Jagged Edge,He Can't Love U,3:30,1999-12-11,wk17,53.0
2000,"Carey, Mariah",Thank God I Found Yo...,4:14,1999-12-11,wk18,57.0
2000,Eiffel 65,Blue,3:29,1999-12-11,wk18,60.0
2000,Jagged Edge,He Can't Love U,3:30,1999-12-11,wk18,65.0
2000,"Carey, Mariah",Thank God I Found Yo...,4:14,1999-12-11,wk19,82.0
2000,Eiffel 65,Blue,3:29,1999-12-11,wk19,76.0
2000,Jagged Edge,He Can't Love U,3:30,1999-12-11,wk19,69.0
2000,"Carey, Mariah",Thank God I Found Yo...,4:14,1999-12-11,wk20,89.0
2000,Eiffel 65,Blue,3:29,1999-12-11,wk20,88.0
2000,Jagged Edge,He Can't Love U,3:30,1999-12-11,wk20,77.0
2000,Guy,Dancin',4:08,1999-12-18,wk01,46.0
2000,Lonestar,Smile,3:33,1999-12-18,wk01,89.0
2000,Guy,Dancin',4:08,1999-12-18,wk02,29.0
2000,Lonestar,Smile,3:33,1999-12-18,wk02,80.0
2000,Guy,Dancin',4:08,1999-12-18,wk03,19.0
2000,Lonestar,Smile,3:33,1999-12-18,wk03,80.0
2000,Guy,Dancin',4:08,1999-12-18,wk04,22.0
2000,Lonestar,Smile,3:33,1999-12-18,wk04,80.0
2000,Guy,Dancin',4:08,1999-12-18,wk05,36.0
2000,Lonestar,Smile,3:33,1999-12-18,wk05,65.0
2000,Guy,Dancin',4:08,1999-12-18,wk06,44.0
2000,Lonestar,Smile,3:33,1999-12-18,wk06,47.0
2000,Guy,Dancin',4:08,1999-12-18,wk07,58.0
2000,Lonestar,Smile,3:33,1999-12-18,wk07,44.0
2000,Guy,Dancin',4:08,1999-12-18,wk08,58.0
2000,Lonestar,Smile,3:33,1999-12-18,wk08,42.0
2000,Guy,Dancin',4:08,1999-12-18,wk09,68.0
2000,Lonestar,Smile,3:33,1999-12-18,wk09,39.0
2000,Guy,Dancin',4:08,1999-12-18,wk10,75.0
2000,Lonestar,Smile,3:33,1999-12-18,wk10,39.0
2000,Guy,Dancin',4:08,1999-12-18,wk11,94.0
2000,Lonestar,Smile,3:33,1999-12-18,wk11,43.0
2000,Lonestar,Smile,3:33,1999-12-18,wk12,41.0
2000,Lonestar,Smile,3:33,1999-12-18,wk13,43.0
2000,Lonestar,Smile,3:33,1999-12-18,wk14,45.0
2000,Lonestar,Smile,3:33,1999-12-18,wk15,50.0
2000,Lonestar,Smile,3:33,1999-12-18,wk16,58.0
2000,Lonestar,Smile,3:33,1999-12-18,wk17,67.0
2000,Lonestar,Smile,3:33,1999-12-18,wk18,78.0
2000,Lonestar,Smile,3:33,1999-12-18,wk19,85.0
2000,Lonestar,Smile,3:33,1999-12-18,wk20,91.0
2000,Destiny's Child,Say My Name,4:31,1999-12-25,wk01,83.0
2000,J-Shin,One Night Stand,4:34,1999-12-25,wk01,96.0
2000,Kenny G,Auld Lang Syne (The ...,7:50,1999-12-25,wk01,89.0
2000,R.E.M.,The Great Beyond,4:10,1999-12-25,wk01,79.0
2000,SheDaisy,Deck The Halls,3:46,1999-12-25,wk01,97.0
2000,"Stone, Angie",No More Rain (In Thi...,4:42,1999-12-25,wk01,86.0
2000,Destiny's Child,Say My Name,4:31,1999-12-25,wk02,83.0
2000,J-Shin,One Night Stand,4:34,1999-12-25,wk02,96.0
2000,Kenny G,Auld Lang Syne (The ...,7:50,1999-12-25,wk02,89.0
2000,R.E.M.,The Great Beyond,4:10,1999-12-25,wk02,79.0
2000,SheDaisy,Deck The Halls,3:46,1999-12-25,wk02,61.0
2000,"Stone, Angie",No More Rain (In Thi...,4:42,1999-12-25,wk02,86.0
2000,Destiny's Child,Say My Name,4:31,1999-12-25,wk03,44.0
2000,J-Shin,One Night Stand,4:34,1999-12-25,wk03,69.0
2000,Kenny G,Auld Lang Syne (The ...,7:50,1999-12-25,wk03,7.0
2000,R.E.M.,The Great Beyond,4:10,1999-12-25,wk03,70.0
2000,"Stone, Angie",No More Rain (In Thi...,4:42,1999-12-25,wk03,74.0
2000,Destiny's Child,Say My Name,4:31,1999-12-25,wk04,38.0
2000,J-Shin,One Night Stand,4:34,1999-12-25,wk04,74.0
2000,Kenny G,Auld Lang Syne (The ...,7:50,1999-12-25,wk04,8.0
2000,R.E.M.,The Great Beyond,4:10,1999-12-25,wk04,62.0
2000,"Stone, Angie",No More Rain (In Thi...,4:42,1999-12-25,wk04,66.0
2000,Destiny's Child,Say My Name,4:31,1999-12-25,wk05,16.0
2000,J-Shin,One Night Stand,4:34,1999-12-25,wk05,72.0
2000,Kenny G,Auld Lang Syne (The ...,7:50,1999-12-25,wk05,66.0
2000,R.E.M.,The Great Beyond,4:10,1999-12-25,wk05,60.0
2000,"Stone, Angie",No More Rain (In Thi...,4:42,1999-12-25,wk05,56.0
2000,Destiny's Child,Say My Name,4:31,1999-12-25,wk06,13.0
2000,J-Shin,One Night Stand,4:34,1999-12-25,wk06,62.0
2000,R.E.M.,The Great Beyond,4:10,1999-12-25,wk06,57.0
2000,"Stone, Angie",No More Rain (In Thi...,4:42,1999-12-25,wk06,60.0
2000,Destiny's Child,Say My Name,4:31,1999-12-25,wk07,16.0
2000,J-Shin,One Night Stand,4:34,1999-12-25,wk07,49.0
2000,R.E.M.,The Great Beyond,4:10,1999-12-25,wk07,61.0
2000,"Stone, Angie",No More Rain (In Thi...,4:42,1999-12-25,wk07,56.0
2000,Destiny's Child,Say My Name,4:31,1999-12-25,wk08,16.0
2000,J-Shin,One Night Stand,4:34,1999-12-25,wk08,45.0
2000,R.E.M.,The Great Beyond,4:10,1999-12-25,wk08,66.0
2000,"Stone, Angie",No More Rain (In Thi...,4:42,1999-12-25,wk08,60.0
2000,Destiny's Child,Say My Name,4:31,1999-12-25,wk09,16.0
2000,J-Shin,One Night Stand,4:34,1999-12-25,wk09,38.0
2000,R.E.M.,The Great Beyond,4:10,1999-12-25,wk09,60.0
2000,"Stone, Angie",No More Rain (In Thi...,4:42,1999-12-25,wk09,67.0
2000,Destiny's Child,Say My Name,4:31,1999-12-25,wk10,18.0
2000,J-Shin,One Night Stand,4:34,1999-12-25,wk10,34.0
2000,R.E.M.,The Great Beyond,4:10,1999-12-25,wk10,59.0
2000,"Stone, Angie",No More Rain (In Thi...,4:42,1999-12-25,wk10,69.0
2000,Destiny's Child,Say My Name,4:31,1999-12-25,wk11,17.0
2000,J-Shin,One Night Stand,4:34,1999-12-25,wk11,38.0
2000,R.E.M.,The Great Beyond,4:10,1999-12-25,wk11,60.0
2000,"Stone, Angie",No More Rain (In Thi...,4:42,1999-12-25,wk11,63.0
2000,Destiny's Child,Say My Name,4:31,1999-12-25,wk12,14.0
2000,J-Shin,One Night Stand,4:34,1999-12-25,wk12,45.0
2000,R.E.M.,The Great Beyond,4:10,1999-12-25,wk12,63.0
2000,"Stone, Angie",No More Rain (In Thi...,4:42,1999-12-25,wk12,73.0
2000,Destiny's Child,Say My Name,4:31,1999-12-25,wk13,1.0
2000,J-Shin,One Night Stand,4:34,1999-12-25,wk13,47.0
2000,R.E.M.,The Great Beyond,4:10,1999-12-25,wk13,79.0
2000,"Stone, Angie",No More Rain (In Thi...,4:42,1999-12-25,wk13,71.0
2000,Destiny's Child,Say My Name,4:31,1999-12-25,wk14,1.0
2000,J-Shin,One Night Stand,4:34,1999-12-25,wk14,58.0
2000,R.E.M.,The Great Beyond,4:10,1999-12-25,wk14,91.0
2000,"Stone, Angie",No More Rain (In Thi...,4:42,1999-12-25,wk14,81.0
2000,Destiny's Child,Say My Name,4:31,1999-12-25,wk15,1.0
2000,J-Shin,One Night Stand,4:34,1999-12-25,wk15,68.0
2000,"Stone, Angie",No More Rain (In Thi...,4:42,1999-12-25,wk15,89.0
2000,Destiny's Child,Say My Name,4:31,1999-12-25,wk16,2.0
2000,J-Shin,One Night Stand,4:34,1999-12-25,wk16,88.0
2000,"Stone, Angie",No More Rain (In Thi...,4:42,1999-12-25,wk16,98.0
2000,Destiny's Child,Say My Name,4:31,1999-12-25,wk17,2.0
2000,J-Shin,One Night Stand,4:34,1999-12-25,wk17,99.0
2000,"Stone, Angie",No More Rain (In Thi...,4:42,1999-12-25,wk17,100.0
2000,Destiny's Child,Say My Name,4:31,1999-12-25,wk18,3.0
2000,Destiny's Child,Say My Name,4:31,1999-12-25,wk19,5.0
2000,Destiny's Child,Say My Name,4:31,1999-12-25,wk20,5.0
2000,Destiny's Child,Say My Name,4:31,1999-12-25,wk21,5.0
2000,Destiny's Child,Say My Name,4:31,1999-12-25,wk22,7.0
2000,Destiny's Child,Say My Name,4:31,1999-12-25,wk23,10.0
2000,Destiny's Child,Say My Name,4:31,1999-12-25,wk24,13.0
2000,Destiny's Child,Say My Name,4:31,1999-12-25,wk25,14.0
2000,Destiny's Child,Say My Name,4:31,1999-12-25,wk26,18.0
2000,Destiny's Child,Say My Name,4:31,1999-12-25,wk27,23.0
2000,Destiny's Child,Say My Name,4:31,1999-12-25,wk28,23.0
2000,Destiny's Child,Say My Name,4:31,1999-12-25,wk29,34.0
2000,Destiny's Child,Say My Name,4:31,1999-12-25,wk30,37.0
2000,Destiny's Child,Say My Name,4:31,1999-12-25,wk31,43.0
2000,Destiny's Child,Say My Name,4:31,1999-12-25,wk32,47.0
2000,"Backstreet Boys, The",Show Me The Meaning ...,3:54,2000-01-01,wk01,74.0
2000,"Brock, Chad",A Country Boy Can Su...,3:54,2000-01-01,wk01,93.0
2000,"Diffie, Joe",The Quittin' Kind,3:23,2000-01-01,wk01,98.0
2000,Joe,I Wanna Know,4:57,2000-01-01,wk01,94.0
2000,"Backstreet Boys, The",Show Me The Meaning ...,3:54,2000-01-01,wk02,62.0
2000,"Brock, Chad",A Country Boy Can Su...,3:54,2000-01-01,wk02,75.0
2000,"Diffie, Joe",The Quittin' Kind,3:23,2000-01-01,wk02,100.0
2000,Joe,I Wanna Know,4:57,2000-01-01,wk02,86.0
2000,"Backstreet Boys, The",Show Me The Meaning ...,3:54,2000-01-01,wk03,55.0
2000,"Brock, Chad",A Country Boy Can Su...,3:54,2000-01-01,wk03,92.0
2000,"Diffie, Joe",The Quittin' Kind,3:23,2000-01-01,wk03,100.0
2000,Joe,I Wanna Know,4:57,2000-01-01,wk03,69.0
2000,"Backstreet Boys, The",Show Me The Meaning ...,3:54,2000-01-01,wk04,25.0
2000,"Diffie, Joe",The Quittin' Kind,3:23,2000-01-01,wk04,90.0
2000,Joe,I Wanna Know,4:57,2000-01-01,wk04,50.0
2000,"Backstreet Boys, The",Show Me The Meaning ...,3:54,2000-01-01,wk05,16.0
2000,"Diffie, Joe",The Quittin' Kind,3:23,2000-01-01,wk05,93.0
2000,Joe,I Wanna Know,4:57,2000-01-01,wk05,41.0
2000,"Backstreet Boys, The",Show Me The Meaning ...,3:54,2000-01-01,wk06,14.0
2000,"Diffie, Joe",The Quittin' Kind,3:23,2000-01-01,wk06,94.0
2000,Joe,I Wanna Know,4:57,2000-01-01,wk06,33.0
2000,"Backstreet Boys, The",Show Me The Meaning ...,3:54,2000-01-01,wk07,12.0
2000,Joe,I Wanna Know,4:57,2000-01-01,wk07,32.0
2000,"Backstreet Boys, The",Show Me The Meaning ...,3:54,2000-01-01,wk08,10.0
2000,Joe,I Wanna Know,4:57,2000-01-01,wk08,28.0
2000,"Backstreet Boys, The",Show Me The Meaning ...,3:54,2000-01-01,wk09,12.0
2000,Joe,I Wanna Know,4:57,2000-01-01,wk09,28.0
2000,"Backstreet Boys, The",Show Me The Meaning ...,3:54,2000-01-01,wk10,9.0
2000,Joe,I Wanna Know,4:57,2000-01-01,wk10,27.0
2000,"Backstreet Boys, The",Show Me The Meaning ...,3:54,2000-01-01,wk11,7.0
2000,Joe,I Wanna Know,4:57,2000-01-01,wk11,27.0
2000,"Backstreet Boys, The",Show Me The Meaning ...,3:54,2000-01-01,wk12,6.0
2000,Joe,I Wanna Know,4:57,2000-01-01,wk12,25.0
2000,"Backstreet Boys, The",Show Me The Meaning ...,3:54,2000-01-01,wk13,6.0
2000,Joe,I Wanna Know,4:57,2000-01-01,wk13,23.0
2000,"Backstreet Boys, The",Show Me The Meaning ...,3:54,2000-01-01,wk14,6.0
2000,Joe,I Wanna Know,4:57,2000-01-01,wk14,20.0
2000,"Backstreet Boys, The",Show Me The Meaning ...,3:54,2000-01-01,wk15,8.0
2000,Joe,I Wanna Know,4:57,2000-01-01,wk15,17.0
2000,"Backstreet Boys, The",Show Me The Meaning ...,3:54,2000-01-01,wk16,9.0
2000,Joe,I Wanna Know,4:57,2000-01-01,wk16,15.0
2000,"Backstreet Boys, The",Show Me The Meaning ...,3:54,2000-01-01,wk17,13.0
2000,Joe,I Wanna Know,4:57,2000-01-01,wk17,14.0
2000,"Backstreet Boys, The",Show Me The Meaning ...,3:54,2000-01-01,wk18,19.0
2000,Joe,I Wanna Know,4:57,2000-01-01,wk18,11.0
2000,"Backstreet Boys, The",Show Me The Meaning ...,3:54,2000-01-01,wk19,23.0
2000,Joe,I Wanna Know,4:57,2000-01-01,wk19,11.0
2000,"Backstreet Boys, The",Show Me The Meaning ...,3:54,2000-01-01,wk20,26.0
2000,Joe,I Wanna Know,4:57,2000-01-01,wk20,14.0
2000,"Backstreet Boys, The",Show Me The Meaning ...,3:54,2000-01-01,wk21,32.0
2000,Joe,I Wanna Know,4:57,2000-01-01,wk21,11.0
2000,"Backstreet Boys, The",Show Me The Meaning ...,3:54,2000-01-01,wk22,34.0
2000,Joe,I Wanna Know,4:57,2000-01-01,wk22,11.0
2000,"Backstreet Boys, The",Show Me The Meaning ...,3:54,2000-01-01,wk23,45.0
2000,Joe,I Wanna Know,4:57,2000-01-01,wk23,10.0
2000,"Backstreet Boys, The",Show Me The Meaning ...,3:54,2000-01-01,wk24,47.0
2000,Joe,I Wanna Know,4:57,2000-01-01,wk24,12.0
2000,Joe,I Wanna Know,4:57,2000-01-01,wk25,10.0
2000,Joe,I Wanna Know,4:57,2000-01-01,wk26,6.0
2000,Joe,I Wanna Know,4:57,2000-01-01,wk27,4.0
2000,Joe,I Wanna Know,4:57,2000-01-01,wk28,5.0
2000,Joe,I Wanna Know,4:57,2000-01-01,wk29,4.0
2000,Joe,I Wanna Know,4:57,2000-01-01,wk30,5.0
2000,Joe,I Wanna Know,4:57,2000-01-01,wk31,5.0
2000,Joe,I Wanna Know,4:57,2000-01-01,wk32,7.0
2000,Joe,I Wanna Know,4:57,2000-01-01,wk33,6.0
2000,Joe,I Wanna Know,4:57,2000-01-01,wk34,8.0
2000,Joe,I Wanna Know,4:57,2000-01-01,wk35,5.0
2000,Joe,I Wanna Know,4:57,2000-01-01,wk36,6.0
2000,Joe,I Wanna Know,4:57,2000-01-01,wk37,9.0
2000,Joe,I Wanna Know,4:57,2000-01-01,wk38,9.0
2000,Joe,I Wanna Know,4:57,2000-01-01,wk39,8.0
2000,Joe,I Wanna Know,4:57,2000-01-01,wk40,14.0
2000,Joe,I Wanna Know,4:57,2000-01-01,wk41,16.0
2000,Joe,I Wanna Know,4:57,2000-01-01,wk42,20.0
2000,Joe,I Wanna Know,4:57,2000-01-01,wk43,32.0
2000,Joe,I Wanna Know,4:57,2000-01-01,wk44,45.0
2000,"Eastsidaz, The",G'D Up,4:27,2000-01-08,wk01,77.0
2000,Eve,Love Is Blind,3:51,2000-01-08,wk01,94.0
2000,Ginuwine,The Best Man I Can B...,4:06,2000-01-08,wk01,97.0
2000,"Eastsidaz, The",G'D Up,4:27,2000-01-08,wk02,77.0
2000,Eve,Love Is Blind,3:51,2000-01-08,wk02,91.0
2000,Ginuwine,The Best Man I Can B...,4:06,2000-01-08,wk02,97.0
2000,"Eastsidaz, The",G'D Up,4:27,2000-01-08,wk03,89.0
2000,Eve,Love Is Blind,3:51,2000-01-08,wk03,57.0
2000,Ginuwine,The Best Man I Can B...,4:06,2000-01-08,wk03,83.0
2000,"Eastsidaz, The",G'D Up,4:27,2000-01-08,wk04,64.0
2000,Eve,Love Is Blind,3:51,2000-01-08,wk04,46.0
2000,Ginuwine,The Best Man I Can B...,4:06,2000-01-08,wk04,94.0
2000,"Eastsidaz, The",G'D Up,4:27,2000-01-08,wk05,57.0
2000,Eve,Love Is Blind,3:51,2000-01-08,wk05,46.0
2000,Ginuwine,The Best Man I Can B...,4:06,2000-01-08,wk05,84.0
2000,"Eastsidaz, The",G'D Up,4:27,2000-01-08,wk06,47.0
2000,Eve,Love Is Blind,3:51,2000-01-08,wk06,40.0
2000,Ginuwine,The Best Man I Can B...,4:06,2000-01-08,wk06,88.0
2000,"Eastsidaz, The",G'D Up,4:27,2000-01-08,wk07,47.0
2000,Eve,Love Is Blind,3:51,2000-01-08,wk07,34.0
2000,Ginuwine,The Best Man I Can B...,4:06,2000-01-08,wk07,85.0
2000,"Eastsidaz, The",G'D Up,4:27,2000-01-08,wk08,55.0
2000,Eve,Love Is Blind,3:51,2000-01-08,wk08,39.0
2000,Ginuwine,The Best Man I Can B...,4:06,2000-01-08,wk08,82.0
2000,"Eastsidaz, The",G'D Up,4:27,2000-01-08,wk09,65.0
2000,Eve,Love Is Blind,3:51,2000-01-08,wk09,42.0
2000,Ginuwine,The Best Man I Can B...,4:06,2000-01-08,wk09,77.0
2000,"Eastsidaz, The",G'D Up,4:27,2000-01-08,wk10,69.0
2000,Eve,Love Is Blind,3:51,2000-01-08,wk10,46.0
2000,Ginuwine,The Best Man I Can B...,4:06,2000-01-08,wk10,77.0
2000,"Eastsidaz, The",G'D Up,4:27,2000-01-08,wk11,83.0
2000,Eve,Love Is Blind,3:51,2000-01-08,wk11,50.0
2000,Ginuwine,The Best Man I Can B...,4:06,2000-01-08,wk11,85.0
2000,"Eastsidaz, The",G'D Up,4:27,2000-01-08,wk12,82.0
2000,Eve,Love Is Blind,3:51,2000-01-08,wk12,59.0
2000,Ginuwine,The Best Man I Can B...,4:06,2000-01-08,wk12,89.0
2000,"Eastsidaz, The",G'D Up,4:27,2000-01-08,wk13,90.0
2000,Eve,Love Is Blind,3:51,2000-01-08,wk13,66.0
2000,"Eastsidaz, The",G'D Up,4:27,2000-01-08,wk14,94.0
2000,Eve,Love Is Blind,3:51,2000-01-08,wk14,78.0
2000,Eve,Love Is Blind,3:51,2000-01-08,wk15,87.0
2000,Eve,Love Is Blind,3:51,2000-01-08,wk16,99.0
2000,DMX,What's My Name,3:50,2000-01-15,wk01,98.0
2000,Jay-Z,Do It Again (Put Ya ...,3:47,2000-01-15,wk01,95.0
2000,Sugar Ray,Falls Apart,4:15,2000-01-15,wk01,70.0
2000,"Wills, Mark",Back At One,4:00,2000-01-15,wk01,89.0
2000,DMX,What's My Name,3:50,2000-01-15,wk02,76.0
2000,Jay-Z,Do It Again (Put Ya ...,3:47,2000-01-15,wk02,68.0
2000,Sugar Ray,Falls Apart,4:15,2000-01-15,wk02,64.0
2000,"Wills, Mark",Back At One,4:00,2000-01-15,wk02,55.0
2000,DMX,What's My Name,3:50,2000-01-15,wk03,69.0
2000,Jay-Z,Do It Again (Put Ya ...,3:47,2000-01-15,wk03,65.0
2000,Sugar Ray,Falls Apart,4:15,2000-01-15,wk03,54.0
2000,"Wills, Mark",Back At One,4:00,2000-01-15,wk03,51.0
2000,DMX,What's My Name,3:50,2000-01-15,wk04,69.0
2000,Jay-Z,Do It Again (Put Ya ...,3:47,2000-01-15,wk04,65.0
2000,Sugar Ray,Falls Apart,4:15,2000-01-15,wk04,40.0
2000,"Wills, Mark",Back At One,4:00,2000-01-15,wk04,43.0
2000,DMX,What's My Name,3:50,2000-01-15,wk05,67.0
2000,Jay-Z,Do It Again (Put Ya ...,3:47,2000-01-15,wk05,74.0
2000,Sugar Ray,Falls Apart,4:15,2000-01-15,wk05,34.0
2000,"Wills, Mark",Back At One,4:00,2000-01-15,wk05,37.0
2000,DMX,What's My Name,3:50,2000-01-15,wk06,73.0
2000,Jay-Z,Do It Again (Put Ya ...,3:47,2000-01-15,wk06,84.0
2000,Sugar Ray,Falls Apart,4:15,2000-01-15,wk06,29.0
2000,"Wills, Mark",Back At One,4:00,2000-01-15,wk06,37.0
2000,DMX,What's My Name,3:50,2000-01-15,wk07,76.0
2000,Jay-Z,Do It Again (Put Ya ...,3:47,2000-01-15,wk07,92.0
2000,Sugar Ray,Falls Apart,4:15,2000-01-15,wk07,29.0
2000,"Wills, Mark",Back At One,4:00,2000-01-15,wk07,36.0
2000,DMX,What's My Name,3:50,2000-01-15,wk08,90.0
2000,Jay-Z,Do It Again (Put Ya ...,3:47,2000-01-15,wk08,96.0
2000,Sugar Ray,Falls Apart,4:15,2000-01-15,wk08,32.0
2000,"Wills, Mark",Back At One,4:00,2000-01-15,wk08,39.0
2000,DMX,What's My Name,3:50,2000-01-15,wk09,90.0
2000,Jay-Z,Do It Again (Put Ya ...,3:47,2000-01-15,wk09,95.0
2000,Sugar Ray,Falls Apart,4:15,2000-01-15,wk09,32.0
2000,"Wills, Mark",Back At One,4:00,2000-01-15,wk09,42.0
2000,DMX,What's My Name,3:50,2000-01-15,wk10,94.0
2000,Sugar Ray,Falls Apart,4:15,2000-01-15,wk10,37.0
2000,"Wills, Mark",Back At One,4:00,2000-01-15,wk10,46.0
2000,DMX,What's My Name,3:50,2000-01-15,wk11,100.0
2000,Sugar Ray,Falls Apart,4:15,2000-01-15,wk11,47.0
2000,"Wills, Mark",Back At One,4:00,2000-01-15,wk11,45.0
2000,Sugar Ray,Falls Apart,4:15,2000-01-15,wk12,49.0
2000,"Wills, Mark",Back At One,4:00,2000-01-15,wk12,52.0
2000,Sugar Ray,Falls Apart,4:15,2000-01-15,wk13,52.0
2000,"Wills, Mark",Back At One,4:00,2000-01-15,wk13,64.0
2000,Sugar Ray,Falls Apart,4:15,2000-01-15,wk14,60.0
2000,"Wills, Mark",Back At One,4:00,2000-01-15,wk14,74.0
2000,Sugar Ray,Falls Apart,4:15,2000-01-15,wk15,76.0
2000,"Wills, Mark",Back At One,4:00,2000-01-15,wk15,84.0
2000,Sugar Ray,Falls Apart,4:15,2000-01-15,wk16,80.0
2000,"Wills, Mark",Back At One,4:00,2000-01-15,wk16,90.0
2000,Sugar Ray,Falls Apart,4:15,2000-01-15,wk17,89.0
2000,"Wills, Mark",Back At One,4:00,2000-01-15,wk17,94.0
2000,Sugar Ray,Falls Apart,4:15,2000-01-15,wk18,97.0
2000,"Wills, Mark",Back At One,4:00,2000-01-15,wk18,99.0
2000,Sugar Ray,Falls Apart,4:15,2000-01-15,wk19,98.0
2000,Sugar Ray,Falls Apart,4:15,2000-01-15,wk20,100.0
2000,"Allan, Gary",Smoke Rings In The D...,4:18,2000-01-22,wk01,80.0
2000,D'Angelo,Untitled (How Does I...,7:10,2000-01-22,wk01,77.0
2000,Dr. Dre,Forgot About Dre,3:42,2000-01-22,wk01,75.0
2000,Q-Tip,Breathe And Stop,4:06,2000-01-22,wk01,71.0
2000,Sonique,It Feels So Good,3:48,2000-01-22,wk01,67.0
2000,Third Eye Blind,Never Let You Go,3:57,2000-01-22,wk01,65.0
2000,Vertical Horizon,Everything You Want,4:01,2000-01-22,wk01,70.0
2000,"Allan, Gary",Smoke Rings In The D...,4:18,2000-01-22,wk02,78.0
2000,D'Angelo,Untitled (How Does I...,7:10,2000-01-22,wk02,56.0
2000,Dr. Dre,Forgot About Dre,3:42,2000-01-22,wk02,55.0
2000,Q-Tip,Breathe And Stop,4:06,2000-01-22,wk02,71.0
2000,Sonique,It Feels So Good,3:48,2000-01-22,wk02,52.0
2000,Third Eye Blind,Never Let You Go,3:57,2000-01-22,wk02,32.0
2000,Vertical Horizon,Everything You Want,4:01,2000-01-22,wk02,61.0
2000,"Allan, Gary",Smoke Rings In The D...,4:18,2000-01-22,wk03,76.0
2000,D'Angelo,Untitled (How Does I...,7:10,2000-01-22,wk03,35.0
2000,Dr. Dre,Forgot About Dre,3:42,2000-01-22,wk03,47.0
2000,Q-Tip,Breathe And Stop,4:06,2000-01-22,wk03,81.0
2000,Sonique,It Feels So Good,3:48,2000-01-22,wk03,30.0
2000,Third Eye Blind,Never Let You Go,3:57,2000-01-22,wk03,25.0
2000,Vertical Horizon,Everything You Want,4:01,2000-01-22,wk03,53.0
2000,"Allan, Gary",Smoke Rings In The D...,4:18,2000-01-22,wk04,77.0
2000,D'Angelo,Untitled (How Does I...,7:10,2000-01-22,wk04,26.0
2000,Dr. Dre,Forgot About Dre,3:42,2000-01-22,wk04,36.0
2000,Q-Tip,Breathe And Stop,4:06,2000-01-22,wk04,82.0
2000,Sonique,It Feels So Good,3:48,2000-01-22,wk04,23.0
2000,Third Eye Blind,Never Let You Go,3:57,2000-01-22,wk04,24.0
2000,Vertical Horizon,Everything You Want,4:01,2000-01-22,wk04,46.0
2000,"Allan, Gary",Smoke Rings In The D...,4:18,2000-01-22,wk05,92.0
2000,D'Angelo,Untitled (How Does I...,7:10,2000-01-22,wk05,25.0
2000,Dr. Dre,Forgot About Dre,3:42,2000-01-22,wk05,36.0
2000,Q-Tip,Breathe And Stop,4:06,2000-01-22,wk05,96.0
2000,Sonique,It Feels So Good,3:48,2000-01-22,wk05,19.0
2000,Third Eye Blind,Never Let You Go,3:57,2000-01-22,wk05,23.0
2000,Vertical Horizon,Everything You Want,4:01,2000-01-22,wk05,40.0
2000,D'Angelo,Untitled (How Does I...,7:10,2000-01-22,wk06,25.0
2000,Dr. Dre,Forgot About Dre,3:42,2000-01-22,wk06,30.0
2000,Sonique,It Feels So Good,3:48,2000-01-22,wk06,17.0
2000,Third Eye Blind,Never Let You Go,3:57,2000-01-22,wk06,22.0
2000,Vertical Horizon,Everything You Want,4:01,2000-01-22,wk06,33.0
2000,D'Angelo,Untitled (How Does I...,7:10,2000-01-22,wk07,28.0
2000,Dr. Dre,Forgot About Dre,3:42,2000-01-22,wk07,30.0
2000,Sonique,It Feels So Good,3:48,2000-01-22,wk07,16.0
2000,Third Eye Blind,Never Let You Go,3:57,2000-01-22,wk07,22.0
2000,Vertical Horizon,Everything You Want,4:01,2000-01-22,wk07,31.0
2000,D'Angelo,Untitled (How Does I...,7:10,2000-01-22,wk08,28.0
2000,Dr. Dre,Forgot About Dre,3:42,2000-01-22,wk08,31.0
2000,Sonique,It Feels So Good,3:48,2000-01-22,wk08,16.0
2000,Third Eye Blind,Never Let You Go,3:57,2000-01-22,wk08,21.0
2000,Vertical Horizon,Everything You Want,4:01,2000-01-22,wk08,26.0
2000,D'Angelo,Untitled (How Does I...,7:10,2000-01-22,wk09,31.0
2000,Dr. Dre,Forgot About Dre,3:42,2000-01-22,wk09,26.0
2000,Sonique,It Feels So Good,3:48,2000-01-22,wk09,14.0
2000,Third Eye Blind,Never Let You Go,3:57,2000-01-22,wk09,19.0
2000,Vertical Horizon,Everything You Want,4:01,2000-01-22,wk09,22.0
2000,D'Angelo,Untitled (How Does I...,7:10,2000-01-22,wk10,35.0
2000,Dr. Dre,Forgot About Dre,3:42,2000-01-22,wk10,25.0
2000,Sonique,It Feels So Good,3:48,2000-01-22,wk10,12.0
2000,Third Eye Blind,Never Let You Go,3:57,2000-01-22,wk10,16.0
2000,Vertical Horizon,Everything You Want,4:01,2000-01-22,wk10,19.0
2000,D'Angelo,Untitled (How Does I...,7:10,2000-01-22,wk11,39.0
2000,Dr. Dre,Forgot About Dre,3:42,2000-01-22,wk11,25.0
2000,Sonique,It Feels So Good,3:48,2000-01-22,wk11,13.0
2000,Third Eye Blind,Never Let You Go,3:57,2000-01-22,wk11,14.0
2000,Vertical Horizon,Everything You Want,4:01,2000-01-22,wk11,17.0
2000,D'Angelo,Untitled (How Does I...,7:10,2000-01-22,wk12,44.0
2000,Dr. Dre,Forgot About Dre,3:42,2000-01-22,wk12,26.0
2000,Sonique,It Feels So Good,3:48,2000-01-22,wk12,13.0
2000,Third Eye Blind,Never Let You Go,3:57,2000-01-22,wk12,16.0
2000,Vertical Horizon,Everything You Want,4:01,2000-01-22,wk12,15.0
2000,D'Angelo,Untitled (How Does I...,7:10,2000-01-22,wk13,51.0
2000,Dr. Dre,Forgot About Dre,3:42,2000-01-22,wk13,26.0
2000,Sonique,It Feels So Good,3:48,2000-01-22,wk13,11.0
2000,Third Eye Blind,Never Let You Go,3:57,2000-01-22,wk13,16.0
2000,Vertical Horizon,Everything You Want,4:01,2000-01-22,wk13,13.0
2000,D'Angelo,Untitled (How Does I...,7:10,2000-01-22,wk14,60.0
2000,Dr. Dre,Forgot About Dre,3:42,2000-01-22,wk14,28.0
2000,Sonique,It Feels So Good,3:48,2000-01-22,wk14,8.0
2000,Third Eye Blind,Never Let You Go,3:57,2000-01-22,wk14,17.0
2000,Vertical Horizon,Everything You Want,4:01,2000-01-22,wk14,9.0
2000,D'Angelo,Untitled (How Does I...,7:10,2000-01-22,wk15,73.0
2000,Dr. Dre,Forgot About Dre,3:42,2000-01-22,wk15,34.0
2000,Sonique,It Feels So Good,3:48,2000-01-22,wk15,10.0
2000,Third Eye Blind,Never Let You Go,3:57,2000-01-22,wk15,18.0
2000,Vertical Horizon,Everything You Want,4:01,2000-01-22,wk15,9.0
2000,D'Angelo,Untitled (How Does I...,7:10,2000-01-22,wk16,79.0
2000,Dr. Dre,Forgot About Dre,3:42,2000-01-22,wk16,47.0
2000,Sonique,It Feels So Good,3:48,2000-01-22,wk16,10.0
2000,Third Eye Blind,Never Let You Go,3:57,2000-01-22,wk16,21.0
2000,Vertical Horizon,Everything You Want,4:01,2000-01-22,wk16,8.0
2000,D'Angelo,Untitled (How Does I...,7:10,2000-01-22,wk17,94.0
2000,Dr. Dre,Forgot About Dre,3:42,2000-01-22,wk17,58.0
2000,Sonique,It Feels So Good,3:48,2000-01-22,wk17,11.0
2000,Third Eye Blind,Never Let You Go,3:57,2000-01-22,wk17,22.0
2000,Vertical Horizon,Everything You Want,4:01,2000-01-22,wk17,8.0
2000,Dr. Dre,Forgot About Dre,3:42,2000-01-22,wk18,68.0
2000,Sonique,It Feels So Good,3:48,2000-01-22,wk18,14.0
2000,Third Eye Blind,Never Let You Go,3:57,2000-01-22,wk18,25.0
2000,Vertical Horizon,Everything You Want,4:01,2000-01-22,wk18,6.0
2000,Dr. Dre,Forgot About Dre,3:42,2000-01-22,wk19,80.0
2000,Sonique,It Feels So Good,3:48,2000-01-22,wk19,17.0
2000,Third Eye Blind,Never Let You Go,3:57,2000-01-22,wk19,27.0
2000,Vertical Horizon,Everything You Want,4:01,2000-01-22,wk19,7.0
2000,Dr. Dre,Forgot About Dre,3:42,2000-01-22,wk20,82.0
2000,Sonique,It Feels So Good,3:48,2000-01-22,wk20,19.0
2000,Third Eye Blind,Never Let You Go,3:57,2000-01-22,wk20,33.0
2000,Vertical Horizon,Everything You Want,4:01,2000-01-22,wk20,7.0
2000,Sonique,It Feels So Good,3:48,2000-01-22,wk21,21.0
2000,Third Eye Blind,Never Let You Go,3:57,2000-01-22,wk21,45.0
2000,Vertical Horizon,Everything You Want,4:01,2000-01-22,wk21,8.0
2000,Sonique,It Feels So Good,3:48,2000-01-22,wk22,31.0
2000,Third Eye Blind,Never Let You Go,3:57,2000-01-22,wk22,46.0
2000,Vertical Horizon,Everything You Want,4:01,2000-01-22,wk22,3.0
2000,Sonique,It Feels So Good,3:48,2000-01-22,wk23,38.0
2000,Vertical Horizon,Everything You Want,4:01,2000-01-22,wk23,3.0
2000,Sonique,It Feels So Good,3:48,2000-01-22,wk24,49.0
2000,Vertical Horizon,Everything You Want,4:01,2000-01-22,wk24,6.0
2000,Vertical Horizon,Everything You Want,4:01,2000-01-22,wk25,6.0
2000,Vertical Horizon,Everything You Want,4:01,2000-01-22,wk26,1.0
2000,Vertical Horizon,Everything You Want,4:01,2000-01-22,wk27,2.0
2000,Vertical Horizon,Everything You Want,4:01,2000-01-22,wk28,3.0
2000,Vertical Horizon,Everything You Want,4:01,2000-01-22,wk29,4.0
2000,Vertical Horizon,Everything You Want,4:01,2000-01-22,wk30,7.0
2000,Vertical Horizon,Everything You Want,4:01,2000-01-22,wk31,9.0
2000,Vertical Horizon,Everything You Want,4:01,2000-01-22,wk32,10.0
2000,Vertical Horizon,Everything You Want,4:01,2000-01-22,wk33,18.0
2000,Vertical Horizon,Everything You Want,4:01,2000-01-22,wk34,20.0
2000,Vertical Horizon,Everything You Want,4:01,2000-01-22,wk35,27.0
2000,Vertical Horizon,Everything You Want,4:01,2000-01-22,wk36,29.0
2000,Vertical Horizon,Everything You Want,4:01,2000-01-22,wk37,36.0
2000,Vertical Horizon,Everything You Want,4:01,2000-01-22,wk38,40.0
2000,Vertical Horizon,Everything You Want,4:01,2000-01-22,wk39,50.0
2000,Vertical Horizon,Everything You Want,4:01,2000-01-22,wk40,47.0
2000,Vertical Horizon,Everything You Want,4:01,2000-01-22,wk41,50.0
2000,Aaliyah,I Don't Wanna,4:15,2000-01-29,wk01,84.0
2000,"Bega, Lou",Tricky Tricky ,3:23,2000-01-29,wk01,75.0
2000,"Byrd, Tracy",Put Your Hand In Min...,4:30,2000-01-29,wk01,81.0
2000,"Keith, Toby",How Do You Like Me N...,3:29,2000-01-29,wk01,77.0
2000,"Lawrence, Tracy",Lessons Learned,2:55,2000-01-29,wk01,80.0
2000,"Messina, Jo Dee",Because You Love Me,3:50,2000-01-29,wk01,83.0
2000,N'Sync,Bye Bye Bye,3:15,2000-01-29,wk01,42.0
2000,Sammie,I Like It,4:09,2000-01-29,wk01,85.0
2000,Sisqo,Thong Song,4:05,2000-01-29,wk01,74.0
2000,"Spears, Britney",From The Bottom Of M...,4:30,2000-01-29,wk01,76.0
2000,"Strait, George",The Best Day,3:24,2000-01-29,wk01,73.0
2000,Aaliyah,I Don't Wanna,4:15,2000-01-29,wk02,62.0
2000,"Bega, Lou",Tricky Tricky ,3:23,2000-01-29,wk02,74.0
2000,"Byrd, Tracy",Put Your Hand In Min...,4:30,2000-01-29,wk02,77.0
2000,"Keith, Toby",How Do You Like Me N...,3:29,2000-01-29,wk02,72.0
2000,"Lawrence, Tracy",Lessons Learned,2:55,2000-01-29,wk02,73.0
2000,"Messina, Jo Dee",Because You Love Me,3:50,2000-01-29,wk02,78.0
2000,N'Sync,Bye Bye Bye,3:15,2000-01-29,wk02,20.0
2000,Sammie,I Like It,4:09,2000-01-29,wk02,68.0
2000,Sisqo,Thong Song,4:05,2000-01-29,wk02,63.0
2000,"Spears, Britney",From The Bottom Of M...,4:30,2000-01-29,wk02,59.0
2000,"Strait, George",The Best Day,3:24,2000-01-29,wk02,64.0
2000,Aaliyah,I Don't Wanna,4:15,2000-01-29,wk03,51.0
2000,"Bega, Lou",Tricky Tricky ,3:23,2000-01-29,wk03,87.0
2000,"Byrd, Tracy",Put Your Hand In Min...,4:30,2000-01-29,wk03,76.0
2000,"Keith, Toby",How Do You Like Me N...,3:29,2000-01-29,wk03,59.0
2000,"Lawrence, Tracy",Lessons Learned,2:55,2000-01-29,wk03,61.0
2000,"Messina, Jo Dee",Because You Love Me,3:50,2000-01-29,wk03,71.0
2000,N'Sync,Bye Bye Bye,3:15,2000-01-29,wk03,19.0
2000,Sammie,I Like It,4:09,2000-01-29,wk03,58.0
2000,Sisqo,Thong Song,4:05,2000-01-29,wk03,35.0
2000,"Spears, Britney",From The Bottom Of M...,4:30,2000-01-29,wk03,52.0
2000,"Strait, George",The Best Day,3:24,2000-01-29,wk03,54.0
2000,Aaliyah,I Don't Wanna,4:15,2000-01-29,wk04,41.0
2000,"Byrd, Tracy",Put Your Hand In Min...,4:30,2000-01-29,wk04,76.0
2000,"Keith, Toby",How Do You Like Me N...,3:29,2000-01-29,wk04,53.0
2000,"Lawrence, Tracy",Lessons Learned,2:55,2000-01-29,wk04,61.0
2000,"Messina, Jo Dee",Because You Love Me,3:50,2000-01-29,wk04,71.0
2000,N'Sync,Bye Bye Bye,3:15,2000-01-29,wk04,14.0
2000,Sammie,I Like It,4:09,2000-01-29,wk04,44.0
2000,Sisqo,Thong Song,4:05,2000-01-29,wk04,26.0
2000,"Spears, Britney",From The Bottom Of M...,4:30,2000-01-29,wk04,52.0
2000,"Strait, George",The Best Day,3:24,2000-01-29,wk04,45.0
2000,Aaliyah,I Don't Wanna,4:15,2000-01-29,wk05,38.0
2000,"Byrd, Tracy",Put Your Hand In Min...,4:30,2000-01-29,wk05,86.0
2000,"Keith, Toby",How Do You Like Me N...,3:29,2000-01-29,wk05,45.0
2000,"Lawrence, Tracy",Lessons Learned,2:55,2000-01-29,wk05,48.0
2000,"Messina, Jo Dee",Because You Love Me,3:50,2000-01-29,wk05,66.0
2000,N'Sync,Bye Bye Bye,3:15,2000-01-29,wk05,13.0
2000,Sammie,I Like It,4:09,2000-01-29,wk05,40.0
2000,Sisqo,Thong Song,4:05,2000-01-29,wk05,26.0
2000,"Spears, Britney",From The Bottom Of M...,4:30,2000-01-29,wk05,14.0
2000,"Strait, George",The Best Day,3:24,2000-01-29,wk05,44.0
2000,Aaliyah,I Don't Wanna,4:15,2000-01-29,wk06,35.0
2000,"Byrd, Tracy",Put Your Hand In Min...,4:30,2000-01-29,wk06,88.0
2000,"Keith, Toby",How Do You Like Me N...,3:29,2000-01-29,wk06,43.0
2000,"Lawrence, Tracy",Lessons Learned,2:55,2000-01-29,wk06,48.0
2000,"Messina, Jo Dee",Because You Love Me,3:50,2000-01-29,wk06,55.0
2000,N'Sync,Bye Bye Bye,3:15,2000-01-29,wk06,7.0
2000,Sammie,I Like It,4:09,2000-01-29,wk06,33.0
2000,Sisqo,Thong Song,4:05,2000-01-29,wk06,23.0
2000,"Spears, Britney",From The Bottom Of M...,4:30,2000-01-29,wk06,14.0
2000,"Strait, George",The Best Day,3:24,2000-01-29,wk06,44.0
2000,Aaliyah,I Don't Wanna,4:15,2000-01-29,wk07,35.0
2000,"Byrd, Tracy",Put Your Hand In Min...,4:30,2000-01-29,wk07,92.0
2000,"Keith, Toby",How Do You Like Me N...,3:29,2000-01-29,wk07,41.0
2000,"Lawrence, Tracy",Lessons Learned,2:55,2000-01-29,wk07,48.0
2000,"Messina, Jo Dee",Because You Love Me,3:50,2000-01-29,wk07,53.0
2000,N'Sync,Bye Bye Bye,3:15,2000-01-29,wk07,6.0
2000,Sammie,I Like It,4:09,2000-01-29,wk07,30.0
2000,Sisqo,Thong Song,4:05,2000-01-29,wk07,20.0
2000,"Spears, Britney",From The Bottom Of M...,4:30,2000-01-29,wk07,17.0
2000,"Strait, George",The Best Day,3:24,2000-01-29,wk07,44.0
2000,Aaliyah,I Don't Wanna,4:15,2000-01-29,wk08,38.0
2000,"Byrd, Tracy",Put Your Hand In Min...,4:30,2000-01-29,wk08,99.0
2000,"Keith, Toby",How Do You Like Me N...,3:29,2000-01-29,wk08,36.0
2000,"Lawrence, Tracy",Lessons Learned,2:55,2000-01-29,wk08,48.0
2000,"Messina, Jo Dee",Because You Love Me,3:50,2000-01-29,wk08,57.0
2000,N'Sync,Bye Bye Bye,3:15,2000-01-29,wk08,5.0
2000,Sammie,I Like It,4:09,2000-01-29,wk08,29.0
2000,Sisqo,Thong Song,4:05,2000-01-29,wk08,16.0
2000,"Spears, Britney",From The Bottom Of M...,4:30,2000-01-29,wk08,24.0
2000,"Strait, George",The Best Day,3:24,2000-01-29,wk08,41.0
2000,Aaliyah,I Don't Wanna,4:15,2000-01-29,wk09,38.0
2000,"Keith, Toby",How Do You Like Me N...,3:29,2000-01-29,wk09,36.0
2000,"Lawrence, Tracy",Lessons Learned,2:55,2000-01-29,wk09,44.0
2000,"Messina, Jo Dee",Because You Love Me,3:50,2000-01-29,wk09,61.0
2000,N'Sync,Bye Bye Bye,3:15,2000-01-29,wk09,5.0
2000,Sammie,I Like It,4:09,2000-01-29,wk09,37.0
2000,Sisqo,Thong Song,4:05,2000-01-29,wk09,13.0
2000,"Spears, Britney",From The Bottom Of M...,4:30,2000-01-29,wk09,33.0
2000,"Strait, George",The Best Day,3:24,2000-01-29,wk09,39.0
2000,Aaliyah,I Don't Wanna,4:15,2000-01-29,wk10,36.0
2000,"Keith, Toby",How Do You Like Me N...,3:29,2000-01-29,wk10,32.0
2000,"Lawrence, Tracy",Lessons Learned,2:55,2000-01-29,wk10,42.0
2000,"Messina, Jo Dee",Because You Love Me,3:50,2000-01-29,wk10,61.0
2000,N'Sync,Bye Bye Bye,3:15,2000-01-29,wk10,5.0
2000,Sammie,I Like It,4:09,2000-01-29,wk10,29.0
2000,Sisqo,Thong Song,4:05,2000-01-29,wk10,10.0
2000,"Spears, Britney",From The Bottom Of M...,4:30,2000-01-29,wk10,35.0
2000,"Strait, George",The Best Day,3:24,2000-01-29,wk10,34.0
2000,Aaliyah,I Don't Wanna,4:15,2000-01-29,wk11,37.0
2000,"Keith, Toby",How Do You Like Me N...,3:29,2000-01-29,wk11,31.0
2000,"Lawrence, Tracy",Lessons Learned,2:55,2000-01-29,wk11,40.0
2000,"Messina, Jo Dee",Because You Love Me,3:50,2000-01-29,wk11,61.0
2000,N'Sync,Bye Bye Bye,3:15,2000-01-29,wk11,5.0
2000,Sammie,I Like It,4:09,2000-01-29,wk11,29.0
2000,Sisqo,Thong Song,4:05,2000-01-29,wk11,6.0
2000,"Spears, Britney",From The Bottom Of M...,4:30,2000-01-29,wk11,41.0
2000,"Strait, George",The Best Day,3:24,2000-01-29,wk11,33.0
2000,Aaliyah,I Don't Wanna,4:15,2000-01-29,wk12,37.0
2000,"Keith, Toby",How Do You Like Me N...,3:29,2000-01-29,wk12,31.0
2000,"Lawrence, Tracy",Lessons Learned,2:55,2000-01-29,wk12,40.0
2000,"Messina, Jo Dee",Because You Love Me,3:50,2000-01-29,wk12,72.0
2000,N'Sync,Bye Bye Bye,3:15,2000-01-29,wk12,4.0
2000,Sammie,I Like It,4:09,2000-01-29,wk12,24.0
2000,Sisqo,Thong Song,4:05,2000-01-29,wk12,6.0
2000,"Spears, Britney",From The Bottom Of M...,4:30,2000-01-29,wk12,45.0
2000,"Strait, George",The Best Day,3:24,2000-01-29,wk12,33.0
2000,Aaliyah,I Don't Wanna,4:15,2000-01-29,wk13,38.0
2000,"Keith, Toby",How Do You Like Me N...,3:29,2000-01-29,wk13,35.0
2000,"Lawrence, Tracy",Lessons Learned,2:55,2000-01-29,wk13,50.0
2000,"Messina, Jo Dee",Because You Love Me,3:50,2000-01-29,wk13,93.0
2000,N'Sync,Bye Bye Bye,3:15,2000-01-29,wk13,4.0
2000,Sammie,I Like It,4:09,2000-01-29,wk13,36.0
2000,Sisqo,Thong Song,4:05,2000-01-29,wk13,5.0
2000,"Spears, Britney",From The Bottom Of M...,4:30,2000-01-29,wk13,54.0
2000,"Strait, George",The Best Day,3:24,2000-01-29,wk13,31.0
2000,Aaliyah,I Don't Wanna,4:15,2000-01-29,wk14,49.0
2000,"Keith, Toby",How Do You Like Me N...,3:29,2000-01-29,wk14,35.0
2000,"Lawrence, Tracy",Lessons Learned,2:55,2000-01-29,wk14,66.0
2000,N'Sync,Bye Bye Bye,3:15,2000-01-29,wk14,6.0
2000,Sammie,I Like It,4:09,2000-01-29,wk14,46.0
2000,Sisqo,Thong Song,4:05,2000-01-29,wk14,4.0
2000,"Spears, Britney",From The Bottom Of M...,4:30,2000-01-29,wk14,64.0
2000,"Strait, George",The Best Day,3:24,2000-01-29,wk14,33.0
2000,Aaliyah,I Don't Wanna,4:15,2000-01-29,wk15,61.0
2000,"Keith, Toby",How Do You Like Me N...,3:29,2000-01-29,wk15,38.0
2000,"Lawrence, Tracy",Lessons Learned,2:55,2000-01-29,wk15,81.0
2000,N'Sync,Bye Bye Bye,3:15,2000-01-29,wk15,6.0
2000,Sammie,I Like It,4:09,2000-01-29,wk15,52.0
2000,Sisqo,Thong Song,4:05,2000-01-29,wk15,4.0
2000,"Spears, Britney",From The Bottom Of M...,4:30,2000-01-29,wk15,64.0
2000,"Strait, George",The Best Day,3:24,2000-01-29,wk15,36.0
2000,Aaliyah,I Don't Wanna,4:15,2000-01-29,wk16,63.0
2000,"Keith, Toby",How Do You Like Me N...,3:29,2000-01-29,wk16,43.0
2000,"Lawrence, Tracy",Lessons Learned,2:55,2000-01-29,wk16,93.0
2000,N'Sync,Bye Bye Bye,3:15,2000-01-29,wk16,7.0
2000,Sammie,I Like It,4:09,2000-01-29,wk16,61.0
2000,Sisqo,Thong Song,4:05,2000-01-29,wk16,4.0
2000,"Spears, Britney",From The Bottom Of M...,4:30,2000-01-29,wk16,81.0
2000,"Strait, George",The Best Day,3:24,2000-01-29,wk16,39.0
2000,Aaliyah,I Don't Wanna,4:15,2000-01-29,wk17,62.0
2000,"Keith, Toby",How Do You Like Me N...,3:29,2000-01-29,wk17,45.0
2000,"Lawrence, Tracy",Lessons Learned,2:55,2000-01-29,wk17,94.0
2000,N'Sync,Bye Bye Bye,3:15,2000-01-29,wk17,9.0
2000,Sammie,I Like It,4:09,2000-01-29,wk17,83.0
2000,Sisqo,Thong Song,4:05,2000-01-29,wk17,3.0
2000,"Spears, Britney",From The Bottom Of M...,4:30,2000-01-29,wk17,97.0
2000,"Strait, George",The Best Day,3:24,2000-01-29,wk17,43.0
2000,Aaliyah,I Don't Wanna,4:15,2000-01-29,wk18,67.0
2000,"Keith, Toby",How Do You Like Me N...,3:29,2000-01-29,wk18,51.0
2000,"Lawrence, Tracy",Lessons Learned,2:55,2000-01-29,wk18,99.0
2000,N'Sync,Bye Bye Bye,3:15,2000-01-29,wk18,12.0
2000,Sammie,I Like It,4:09,2000-01-29,wk18,93.0
2000,Sisqo,Thong Song,4:05,2000-01-29,wk18,3.0
2000,"Spears, Britney",From The Bottom Of M...,4:30,2000-01-29,wk18,92.0
2000,"Strait, George",The Best Day,3:24,2000-01-29,wk18,49.0
2000,Aaliyah,I Don't Wanna,4:15,2000-01-29,wk19,83.0
2000,"Keith, Toby",How Do You Like Me N...,3:29,2000-01-29,wk19,52.0
2000,"Lawrence, Tracy",Lessons Learned,2:55,2000-01-29,wk19,99.0
2000,N'Sync,Bye Bye Bye,3:15,2000-01-29,wk19,18.0
2000,Sammie,I Like It,4:09,2000-01-29,wk19,91.0
2000,Sisqo,Thong Song,4:05,2000-01-29,wk19,4.0
2000,"Spears, Britney",From The Bottom Of M...,4:30,2000-01-29,wk19,86.0
2000,"Strait, George",The Best Day,3:24,2000-01-29,wk19,53.0
2000,Aaliyah,I Don't Wanna,4:15,2000-01-29,wk20,86.0
2000,"Keith, Toby",How Do You Like Me N...,3:29,2000-01-29,wk20,54.0
2000,"Lawrence, Tracy",Lessons Learned,2:55,2000-01-29,wk20,100.0
2000,N'Sync,Bye Bye Bye,3:15,2000-01-29,wk20,20.0
2000,Sammie,I Like It,4:09,2000-01-29,wk20,89.0
2000,Sisqo,Thong Song,4:05,2000-01-29,wk20,3.0
2000,"Spears, Britney",From The Bottom Of M...,4:30,2000-01-29,wk20,90.0
2000,"Strait, George",The Best Day,3:24,2000-01-29,wk20,62.0
2000,N'Sync,Bye Bye Bye,3:15,2000-01-29,wk21,27.0
2000,Sisqo,Thong Song,4:05,2000-01-29,wk21,7.0
2000,N'Sync,Bye Bye Bye,3:15,2000-01-29,wk22,34.0
2000,Sisqo,Thong Song,4:05,2000-01-29,wk22,8.0
2000,N'Sync,Bye Bye Bye,3:15,2000-01-29,wk23,40.0
2000,Sisqo,Thong Song,4:05,2000-01-29,wk23,13.0
2000,Sisqo,Thong Song,4:05,2000-01-29,wk24,17.0
2000,Sisqo,Thong Song,4:05,2000-01-29,wk25,24.0
2000,Sisqo,Thong Song,4:05,2000-01-29,wk26,31.0
2000,Sisqo,Thong Song,4:05,2000-01-29,wk27,43.0
2000,Sisqo,Thong Song,4:05,2000-01-29,wk28,46.0
2000,Juvenile,U Understand,3:51,2000-02-05,wk01,85.0
2000,"McBride, Martina",Love's The Only Hous...,5:13,2000-02-05,wk01,79.0
2000,SheDaisy,This Woman Needs,3:20,2000-02-05,wk01,82.0
2000,Juvenile,U Understand,3:51,2000-02-05,wk02,83.0
2000,"McBride, Martina",Love's The Only Hous...,5:13,2000-02-05,wk02,69.0
2000,SheDaisy,This Woman Needs,3:20,2000-02-05,wk02,70.0
2000,Juvenile,U Understand,3:51,2000-02-05,wk03,100.0
2000,"McBride, Martina",Love's The Only Hous...,5:13,2000-02-05,wk03,65.0
2000,SheDaisy,This Woman Needs,3:20,2000-02-05,wk03,70.0
2000,Juvenile,U Understand,3:51,2000-02-05,wk04,98.0
2000,"McBride, Martina",Love's The Only Hous...,5:13,2000-02-05,wk04,58.0
2000,SheDaisy,This Woman Needs,3:20,2000-02-05,wk04,67.0
2000,Juvenile,U Understand,3:51,2000-02-05,wk05,97.0
2000,"McBride, Martina",Love's The Only Hous...,5:13,2000-02-05,wk05,53.0
2000,SheDaisy,This Woman Needs,3:20,2000-02-05,wk05,57.0
2000,Juvenile,U Understand,3:51,2000-02-05,wk06,96.0
2000,"McBride, Martina",Love's The Only Hous...,5:13,2000-02-05,wk06,52.0
2000,SheDaisy,This Woman Needs,3:20,2000-02-05,wk06,57.0
2000,"McBride, Martina",Love's The Only Hous...,5:13,2000-02-05,wk07,52.0
2000,SheDaisy,This Woman Needs,3:20,2000-02-05,wk07,61.0
2000,"McBride, Martina",Love's The Only Hous...,5:13,2000-02-05,wk08,48.0
2000,SheDaisy,This Woman Needs,3:20,2000-02-05,wk08,68.0
2000,"McBride, Martina",Love's The Only Hous...,5:13,2000-02-05,wk09,45.0
2000,SheDaisy,This Woman Needs,3:20,2000-02-05,wk09,82.0
2000,"McBride, Martina",Love's The Only Hous...,5:13,2000-02-05,wk10,43.0
2000,"McBride, Martina",Love's The Only Hous...,5:13,2000-02-05,wk11,42.0
2000,"McBride, Martina",Love's The Only Hous...,5:13,2000-02-05,wk12,42.0
2000,"McBride, Martina",Love's The Only Hous...,5:13,2000-02-05,wk13,50.0
2000,"McBride, Martina",Love's The Only Hous...,5:13,2000-02-05,wk14,60.0
2000,"McBride, Martina",Love's The Only Hous...,5:13,2000-02-05,wk15,64.0
2000,"McBride, Martina",Love's The Only Hous...,5:13,2000-02-05,wk16,75.0
2000,"McBride, Martina",Love's The Only Hous...,5:13,2000-02-05,wk17,91.0
2000,"McBride, Martina",Love's The Only Hous...,5:13,2000-02-05,wk18,93.0
2000,"McBride, Martina",Love's The Only Hous...,5:13,2000-02-05,wk19,92.0
2000,"McBride, Martina",Love's The Only Hous...,5:13,2000-02-05,wk20,90.0
2000,Drama,"Left, Right, Left",3:37,2000-02-12,wk01,100.0
2000,Metallica,No Leaf Clover (Live...,5:43,2000-02-12,wk01,86.0
2000,Puff Daddy,Best Friend,5:33,2000-02-12,wk01,65.0
2000,Red Hot Chili Peppers,Otherside,4:13,2000-02-12,wk01,80.0
2000,Santana,"Maria, Maria",4:18,2000-02-12,wk01,15.0
2000,"Smith, Will",Freakin' It,3:58,2000-02-12,wk01,99.0
2000,TLC,Dear Lie,4:36,2000-02-12,wk01,63.0
2000,Drama,"Left, Right, Left",3:37,2000-02-12,wk02,98.0
2000,Metallica,No Leaf Clover (Live...,5:43,2000-02-12,wk02,81.0
2000,Puff Daddy,Best Friend,5:33,2000-02-12,wk02,59.0
2000,Red Hot Chili Peppers,Otherside,4:13,2000-02-12,wk02,72.0
2000,Santana,"Maria, Maria",4:18,2000-02-12,wk02,8.0
2000,"Smith, Will",Freakin' It,3:58,2000-02-12,wk02,99.0
2000,TLC,Dear Lie,4:36,2000-02-12,wk02,55.0
2000,Drama,"Left, Right, Left",3:37,2000-02-12,wk03,89.0
2000,Metallica,No Leaf Clover (Live...,5:43,2000-02-12,wk03,78.0
2000,Puff Daddy,Best Friend,5:33,2000-02-12,wk03,62.0
2000,Red Hot Chili Peppers,Otherside,4:13,2000-02-12,wk03,65.0
2000,Santana,"Maria, Maria",4:18,2000-02-12,wk03,6.0
2000,"Smith, Will",Freakin' It,3:58,2000-02-12,wk03,99.0
2000,TLC,Dear Lie,4:36,2000-02-12,wk03,52.0
2000,Drama,"Left, Right, Left",3:37,2000-02-12,wk04,80.0
2000,Metallica,No Leaf Clover (Live...,5:43,2000-02-12,wk04,76.0
2000,Puff Daddy,Best Friend,5:33,2000-02-12,wk04,79.0
2000,Red Hot Chili Peppers,Otherside,4:13,2000-02-12,wk04,52.0
2000,Santana,"Maria, Maria",4:18,2000-02-12,wk04,5.0
2000,"Smith, Will",Freakin' It,3:58,2000-02-12,wk04,99.0
2000,TLC,Dear Lie,4:36,2000-02-12,wk04,51.0
2000,Drama,"Left, Right, Left",3:37,2000-02-12,wk05,75.0
2000,Metallica,No Leaf Clover (Live...,5:43,2000-02-12,wk05,74.0
2000,Puff Daddy,Best Friend,5:33,2000-02-12,wk05,99.0
2000,Red Hot Chili Peppers,Otherside,4:13,2000-02-12,wk05,51.0
2000,Santana,"Maria, Maria",4:18,2000-02-12,wk05,2.0
2000,TLC,Dear Lie,4:36,2000-02-12,wk05,56.0
2000,Drama,"Left, Right, Left",3:37,2000-02-12,wk06,73.0
2000,Metallica,No Leaf Clover (Live...,5:43,2000-02-12,wk06,80.0
2000,Red Hot Chili Peppers,Otherside,4:13,2000-02-12,wk06,49.0
2000,Santana,"Maria, Maria",4:18,2000-02-12,wk06,3.0
2000,TLC,Dear Lie,4:36,2000-02-12,wk06,74.0
2000,Drama,"Left, Right, Left",3:37,2000-02-12,wk07,80.0
2000,Metallica,No Leaf Clover (Live...,5:43,2000-02-12,wk07,86.0
2000,Red Hot Chili Peppers,Otherside,4:13,2000-02-12,wk07,40.0
2000,Santana,"Maria, Maria",4:18,2000-02-12,wk07,2.0
2000,TLC,Dear Lie,4:36,2000-02-12,wk07,92.0
2000,Drama,"Left, Right, Left",3:37,2000-02-12,wk08,86.0
2000,Metallica,No Leaf Clover (Live...,5:43,2000-02-12,wk08,93.0
2000,Red Hot Chili Peppers,Otherside,4:13,2000-02-12,wk08,37.0
2000,Santana,"Maria, Maria",4:18,2000-02-12,wk08,2.0
2000,Drama,"Left, Right, Left",3:37,2000-02-12,wk09,91.0
2000,Metallica,No Leaf Clover (Live...,5:43,2000-02-12,wk09,95.0
2000,Red Hot Chili Peppers,Otherside,4:13,2000-02-12,wk09,32.0
2000,Santana,"Maria, Maria",4:18,2000-02-12,wk09,1.0
2000,Drama,"Left, Right, Left",3:37,2000-02-12,wk10,96.0
2000,Metallica,No Leaf Clover (Live...,5:43,2000-02-12,wk10,95.0
2000,Red Hot Chili Peppers,Otherside,4:13,2000-02-12,wk10,29.0
2000,Santana,"Maria, Maria",4:18,2000-02-12,wk10,1.0
2000,Drama,"Left, Right, Left",3:37,2000-02-12,wk11,100.0
2000,Red Hot Chili Peppers,Otherside,4:13,2000-02-12,wk11,29.0
2000,Santana,"Maria, Maria",4:18,2000-02-12,wk11,1.0
2000,Drama,"Left, Right, Left",3:37,2000-02-12,wk12,98.0
2000,Red Hot Chili Peppers,Otherside,4:13,2000-02-12,wk12,29.0
2000,Santana,"Maria, Maria",4:18,2000-02-12,wk12,1.0
2000,Drama,"Left, Right, Left",3:37,2000-02-12,wk13,96.0
2000,Red Hot Chili Peppers,Otherside,4:13,2000-02-12,wk13,29.0
2000,Santana,"Maria, Maria",4:18,2000-02-12,wk13,1.0
2000,Red Hot Chili Peppers,Otherside,4:13,2000-02-12,wk14,24.0
2000,Santana,"Maria, Maria",4:18,2000-02-12,wk14,1.0
2000,Red Hot Chili Peppers,Otherside,4:13,2000-02-12,wk15,18.0
2000,Santana,"Maria, Maria",4:18,2000-02-12,wk15,1.0
2000,Red Hot Chili Peppers,Otherside,4:13,2000-02-12,wk16,14.0
2000,Santana,"Maria, Maria",4:18,2000-02-12,wk16,1.0
2000,Red Hot Chili Peppers,Otherside,4:13,2000-02-12,wk17,15.0
2000,Santana,"Maria, Maria",4:18,2000-02-12,wk17,1.0
2000,Red Hot Chili Peppers,Otherside,4:13,2000-02-12,wk18,16.0
2000,Santana,"Maria, Maria",4:18,2000-02-12,wk18,1.0
2000,Red Hot Chili Peppers,Otherside,4:13,2000-02-12,wk19,19.0
2000,Santana,"Maria, Maria",4:18,2000-02-12,wk19,8.0
2000,Red Hot Chili Peppers,Otherside,4:13,2000-02-12,wk20,22.0
2000,Santana,"Maria, Maria",4:18,2000-02-12,wk20,15.0
2000,Red Hot Chili Peppers,Otherside,4:13,2000-02-12,wk21,29.0
2000,Santana,"Maria, Maria",4:18,2000-02-12,wk21,19.0
2000,Red Hot Chili Peppers,Otherside,4:13,2000-02-12,wk22,45.0
2000,Santana,"Maria, Maria",4:18,2000-02-12,wk22,21.0
2000,Santana,"Maria, Maria",4:18,2000-02-12,wk23,26.0
2000,Santana,"Maria, Maria",4:18,2000-02-12,wk24,36.0
2000,Santana,"Maria, Maria",4:18,2000-02-12,wk25,48.0
2000,Santana,"Maria, Maria",4:18,2000-02-12,wk26,47.0
2000,"Black, Clint",Been There,5:28,2000-02-19,wk01,87.0
2000,"Brooks, Garth",Do What You Gotta Do,2:56,2000-02-19,wk01,86.0
2000,"Gray, Macy",I Try,3:52,2000-02-19,wk01,68.0
2000,Hoku,Another Dumb Blonde,3:47,2000-02-19,wk01,69.0
2000,Hot Boys,I Need A Hot Girl,4:16,2000-02-19,wk01,77.0
2000,"Houston, Whitney",I Learned From The B...,4:18,2000-02-19,wk01,83.0
2000,Kid Rock,Only God Knows Why,5:27,2000-02-19,wk01,63.0
2000,"Lopez, Jennifer",Feelin' Good,4:28,2000-02-19,wk01,79.0
2000,Madonna,American Pie,4:30,2000-02-19,wk01,43.0
2000,"Black, Clint",Been There,5:28,2000-02-19,wk02,73.0
2000,"Brooks, Garth",Do What You Gotta Do,2:56,2000-02-19,wk02,81.0
2000,"Gray, Macy",I Try,3:52,2000-02-19,wk02,51.0
2000,Hoku,Another Dumb Blonde,3:47,2000-02-19,wk02,49.0
2000,Hot Boys,I Need A Hot Girl,4:16,2000-02-19,wk02,75.0
2000,"Houston, Whitney",I Learned From The B...,4:18,2000-02-19,wk02,83.0
2000,Kid Rock,Only God Knows Why,5:27,2000-02-19,wk02,47.0
2000,"Lopez, Jennifer",Feelin' Good,4:28,2000-02-19,wk02,79.0
2000,Madonna,American Pie,4:30,2000-02-19,wk02,35.0
2000,"Black, Clint",Been There,5:28,2000-02-19,wk03,62.0
2000,"Brooks, Garth",Do What You Gotta Do,2:56,2000-02-19,wk03,72.0
2000,"Gray, Macy",I Try,3:52,2000-02-19,wk03,47.0
2000,Hoku,Another Dumb Blonde,3:47,2000-02-19,wk03,49.0
2000,Hot Boys,I Need A Hot Girl,4:16,2000-02-19,wk03,71.0
2000,"Houston, Whitney",I Learned From The B...,4:18,2000-02-19,wk03,83.0
2000,Kid Rock,Only God Knows Why,5:27,2000-02-19,wk03,46.0
2000,"Lopez, Jennifer",Feelin' Good,4:28,2000-02-19,wk03,66.0
2000,Madonna,American Pie,4:30,2000-02-19,wk03,29.0
2000,"Black, Clint",Been There,5:28,2000-02-19,wk04,58.0
2000,"Brooks, Garth",Do What You Gotta Do,2:56,2000-02-19,wk04,70.0
2000,"Gray, Macy",I Try,3:52,2000-02-19,wk04,36.0
2000,Hoku,Another Dumb Blonde,3:47,2000-02-19,wk04,34.0
2000,Hot Boys,I Need A Hot Girl,4:16,2000-02-19,wk04,65.0
2000,"Houston, Whitney",I Learned From The B...,4:18,2000-02-19,wk04,40.0
2000,Kid Rock,Only God Knows Why,5:27,2000-02-19,wk04,39.0
2000,"Lopez, Jennifer",Feelin' Good,4:28,2000-02-19,wk04,54.0
2000,Madonna,American Pie,4:30,2000-02-19,wk04,29.0
2000,"Black, Clint",Been There,5:28,2000-02-19,wk05,58.0
2000,"Brooks, Garth",Do What You Gotta Do,2:56,2000-02-19,wk05,69.0
2000,"Gray, Macy",I Try,3:52,2000-02-19,wk05,30.0
2000,Hoku,Another Dumb Blonde,3:47,2000-02-19,wk05,34.0
2000,Hot Boys,I Need A Hot Girl,4:16,2000-02-19,wk05,65.0
2000,"Houston, Whitney",I Learned From The B...,4:18,2000-02-19,wk05,28.0
2000,Kid Rock,Only God Knows Why,5:27,2000-02-19,wk05,35.0
2000,"Lopez, Jennifer",Feelin' Good,4:28,2000-02-19,wk05,54.0
2000,Madonna,American Pie,4:30,2000-02-19,wk05,33.0
2000,"Black, Clint",Been There,5:28,2000-02-19,wk06,57.0
2000,"Brooks, Garth",Do What You Gotta Do,2:56,2000-02-19,wk06,77.0
2000,"Gray, Macy",I Try,3:52,2000-02-19,wk06,20.0
2000,Hoku,Another Dumb Blonde,3:47,2000-02-19,wk06,34.0
2000,Hot Boys,I Need A Hot Girl,4:16,2000-02-19,wk06,70.0
2000,"Houston, Whitney",I Learned From The B...,4:18,2000-02-19,wk06,27.0
2000,Kid Rock,Only God Knows Why,5:27,2000-02-19,wk06,26.0
2000,"Lopez, Jennifer",Feelin' Good,4:28,2000-02-19,wk06,54.0
2000,Madonna,American Pie,4:30,2000-02-19,wk06,32.0
2000,"Black, Clint",Been There,5:28,2000-02-19,wk07,51.0
2000,"Gray, Macy",I Try,3:52,2000-02-19,wk07,15.0
2000,Hoku,Another Dumb Blonde,3:47,2000-02-19,wk07,30.0
2000,Hot Boys,I Need A Hot Girl,4:16,2000-02-19,wk07,69.0
2000,"Houston, Whitney",I Learned From The B...,4:18,2000-02-19,wk07,28.0
2000,Kid Rock,Only God Knows Why,5:27,2000-02-19,wk07,26.0
2000,"Lopez, Jennifer",Feelin' Good,4:28,2000-02-19,wk07,54.0
2000,Madonna,American Pie,4:30,2000-02-19,wk07,40.0
2000,"Black, Clint",Been There,5:28,2000-02-19,wk08,47.0
2000,"Gray, Macy",I Try,3:52,2000-02-19,wk08,12.0
2000,Hoku,Another Dumb Blonde,3:47,2000-02-19,wk08,27.0
2000,Hot Boys,I Need A Hot Girl,4:16,2000-02-19,wk08,77.0
2000,"Houston, Whitney",I Learned From The B...,4:18,2000-02-19,wk08,36.0
2000,Kid Rock,Only God Knows Why,5:27,2000-02-19,wk08,23.0
2000,"Lopez, Jennifer",Feelin' Good,4:28,2000-02-19,wk08,51.0
2000,Madonna,American Pie,4:30,2000-02-19,wk08,58.0
2000,"Black, Clint",Been There,5:28,2000-02-19,wk09,44.0
2000,"Gray, Macy",I Try,3:52,2000-02-19,wk09,8.0
2000,Hoku,Another Dumb Blonde,3:47,2000-02-19,wk09,36.0
2000,Hot Boys,I Need A Hot Girl,4:16,2000-02-19,wk09,79.0
2000,"Houston, Whitney",I Learned From The B...,4:18,2000-02-19,wk09,53.0
2000,Kid Rock,Only God Knows Why,5:27,2000-02-19,wk09,19.0
2000,"Lopez, Jennifer",Feelin' Good,4:28,2000-02-19,wk09,61.0
2000,Madonna,American Pie,4:30,2000-02-19,wk09,88.0
2000,"Black, Clint",Been There,5:28,2000-02-19,wk10,44.0
2000,"Gray, Macy",I Try,3:52,2000-02-19,wk10,7.0
2000,Hoku,Another Dumb Blonde,3:47,2000-02-19,wk10,41.0
2000,Hot Boys,I Need A Hot Girl,4:16,2000-02-19,wk10,90.0
2000,"Houston, Whitney",I Learned From The B...,4:18,2000-02-19,wk10,73.0
2000,Kid Rock,Only God Knows Why,5:27,2000-02-19,wk10,19.0
2000,"Lopez, Jennifer",Feelin' Good,4:28,2000-02-19,wk10,79.0
2000,"Black, Clint",Been There,5:28,2000-02-19,wk11,44.0
2000,"Gray, Macy",I Try,3:52,2000-02-19,wk11,7.0
2000,Hoku,Another Dumb Blonde,3:47,2000-02-19,wk11,53.0
2000,Hot Boys,I Need A Hot Girl,4:16,2000-02-19,wk11,92.0
2000,"Houston, Whitney",I Learned From The B...,4:18,2000-02-19,wk11,82.0
2000,Kid Rock,Only God Knows Why,5:27,2000-02-19,wk11,21.0
2000,"Lopez, Jennifer",Feelin' Good,4:28,2000-02-19,wk11,96.0
2000,"Black, Clint",Been There,5:28,2000-02-19,wk12,55.0
2000,"Gray, Macy",I Try,3:52,2000-02-19,wk12,7.0
2000,Hoku,Another Dumb Blonde,3:47,2000-02-19,wk12,56.0
2000,Hot Boys,I Need A Hot Girl,4:16,2000-02-19,wk12,95.0
2000,Kid Rock,Only God Knows Why,5:27,2000-02-19,wk12,25.0
2000,"Black, Clint",Been There,5:28,2000-02-19,wk13,53.0
2000,"Gray, Macy",I Try,3:52,2000-02-19,wk13,6.0
2000,Hoku,Another Dumb Blonde,3:47,2000-02-19,wk13,80.0
2000,Hot Boys,I Need A Hot Girl,4:16,2000-02-19,wk13,100.0
2000,Kid Rock,Only God Knows Why,5:27,2000-02-19,wk13,25.0
2000,"Black, Clint",Been There,5:28,2000-02-19,wk14,53.0
2000,"Gray, Macy",I Try,3:52,2000-02-19,wk14,5.0
2000,Hoku,Another Dumb Blonde,3:47,2000-02-19,wk14,100.0
2000,Kid Rock,Only God Knows Why,5:27,2000-02-19,wk14,29.0
2000,"Lopez, Jennifer",Feelin' Good,4:28,2000-02-19,wk14,64.0
2000,"Black, Clint",Been There,5:28,2000-02-19,wk15,63.0
2000,"Gray, Macy",I Try,3:52,2000-02-19,wk15,6.0
2000,Kid Rock,Only God Knows Why,5:27,2000-02-19,wk15,32.0
2000,"Lopez, Jennifer",Feelin' Good,4:28,2000-02-19,wk15,74.0
2000,"Black, Clint",Been There,5:28,2000-02-19,wk16,84.0
2000,"Gray, Macy",I Try,3:52,2000-02-19,wk16,9.0
2000,Kid Rock,Only God Knows Why,5:27,2000-02-19,wk16,44.0
2000,"Lopez, Jennifer",Feelin' Good,4:28,2000-02-19,wk16,73.0
2000,"Black, Clint",Been There,5:28,2000-02-19,wk17,85.0
2000,"Gray, Macy",I Try,3:52,2000-02-19,wk17,10.0
2000,Kid Rock,Only God Knows Why,5:27,2000-02-19,wk17,52.0
2000,"Lopez, Jennifer",Feelin' Good,4:28,2000-02-19,wk17,79.0
2000,"Black, Clint",Been There,5:28,2000-02-19,wk18,87.0
2000,"Gray, Macy",I Try,3:52,2000-02-19,wk18,11.0
2000,Kid Rock,Only God Knows Why,5:27,2000-02-19,wk18,62.0
2000,"Lopez, Jennifer",Feelin' Good,4:28,2000-02-19,wk18,82.0
2000,"Black, Clint",Been There,5:28,2000-02-19,wk19,95.0
2000,"Gray, Macy",I Try,3:52,2000-02-19,wk19,14.0
2000,Kid Rock,Only God Knows Why,5:27,2000-02-19,wk19,69.0
2000,"Lopez, Jennifer",Feelin' Good,4:28,2000-02-19,wk19,96.0
2000,"Black, Clint",Been There,5:28,2000-02-19,wk20,100.0
2000,"Gray, Macy",I Try,3:52,2000-02-19,wk20,16.0
2000,Kid Rock,Only God Knows Why,5:27,2000-02-19,wk20,78.0
2000,"Gray, Macy",I Try,3:52,2000-02-19,wk21,16.0
2000,"Gray, Macy",I Try,3:52,2000-02-19,wk22,16.0
2000,"Gray, Macy",I Try,3:52,2000-02-19,wk23,21.0
2000,"Gray, Macy",I Try,3:52,2000-02-19,wk24,27.0
2000,"Gray, Macy",I Try,3:52,2000-02-19,wk25,34.0
2000,"Gray, Macy",I Try,3:52,2000-02-19,wk26,40.0
2000,"Gray, Macy",I Try,3:52,2000-02-19,wk27,46.0
2000,2 Pac,Baby Don't Cry (Keep...,4:22,2000-02-26,wk01,87.0
2000,"Anthony, Marc",You Sang To Me,3:50,2000-02-26,wk01,77.0
2000,DMX,Party Up (Up In Here...,3:45,2000-02-26,wk01,88.0
2000,Da Brat,That's What I'm Look...,3:44,2000-02-26,wk01,93.0
2000,Jay-Z,Anything,3:41,2000-02-26,wk01,72.0
2000,"McKnight, Brian",Stay Or Let It Go,4:32,2000-02-26,wk01,95.0
2000,2 Pac,Baby Don't Cry (Keep...,4:22,2000-02-26,wk02,82.0
2000,"Anthony, Marc",You Sang To Me,3:50,2000-02-26,wk02,54.0
2000,DMX,Party Up (Up In Here...,3:45,2000-02-26,wk02,74.0
2000,Da Brat,That's What I'm Look...,3:44,2000-02-26,wk02,73.0
2000,Jay-Z,Anything,3:41,2000-02-26,wk02,58.0
2000,"McKnight, Brian",Stay Or Let It Go,4:32,2000-02-26,wk02,92.0
2000,2 Pac,Baby Don't Cry (Keep...,4:22,2000-02-26,wk03,72.0
2000,"Anthony, Marc",You Sang To Me,3:50,2000-02-26,wk03,50.0
2000,DMX,Party Up (Up In Here...,3:45,2000-02-26,wk03,62.0
2000,Da Brat,That's What I'm Look...,3:44,2000-02-26,wk03,60.0
2000,Jay-Z,Anything,3:41,2000-02-26,wk03,55.0
2000,"McKnight, Brian",Stay Or Let It Go,4:32,2000-02-26,wk03,82.0
2000,2 Pac,Baby Don't Cry (Keep...,4:22,2000-02-26,wk04,77.0
2000,"Anthony, Marc",You Sang To Me,3:50,2000-02-26,wk04,43.0
2000,DMX,Party Up (Up In Here...,3:45,2000-02-26,wk04,56.0
2000,Da Brat,That's What I'm Look...,3:44,2000-02-26,wk04,60.0
2000,Jay-Z,Anything,3:41,2000-02-26,wk04,55.0
2000,"McKnight, Brian",Stay Or Let It Go,4:32,2000-02-26,wk04,78.0
2000,2 Pac,Baby Don't Cry (Keep...,4:22,2000-02-26,wk05,87.0
2000,"Anthony, Marc",You Sang To Me,3:50,2000-02-26,wk05,30.0
2000,DMX,Party Up (Up In Here...,3:45,2000-02-26,wk05,49.0
2000,Da Brat,That's What I'm Look...,3:44,2000-02-26,wk05,60.0
2000,Jay-Z,Anything,3:41,2000-02-26,wk05,63.0
2000,"McKnight, Brian",Stay Or Let It Go,4:32,2000-02-26,wk05,76.0
2000,2 Pac,Baby Don't Cry (Keep...,4:22,2000-02-26,wk06,94.0
2000,"Anthony, Marc",You Sang To Me,3:50,2000-02-26,wk06,27.0
2000,DMX,Party Up (Up In Here...,3:45,2000-02-26,wk06,44.0
2000,Da Brat,That's What I'm Look...,3:44,2000-02-26,wk06,60.0
2000,Jay-Z,Anything,3:41,2000-02-26,wk06,74.0
2000,"McKnight, Brian",Stay Or Let It Go,4:32,2000-02-26,wk06,88.0
2000,2 Pac,Baby Don't Cry (Keep...,4:22,2000-02-26,wk07,99.0
2000,"Anthony, Marc",You Sang To Me,3:50,2000-02-26,wk07,21.0
2000,DMX,Party Up (Up In Here...,3:45,2000-02-26,wk07,38.0
2000,Da Brat,That's What I'm Look...,3:44,2000-02-26,wk07,63.0
2000,Jay-Z,Anything,3:41,2000-02-26,wk07,86.0
2000,"McKnight, Brian",Stay Or Let It Go,4:32,2000-02-26,wk07,100.0
2000,"Anthony, Marc",You Sang To Me,3:50,2000-02-26,wk08,18.0
2000,DMX,Party Up (Up In Here...,3:45,2000-02-26,wk08,32.0
2000,Da Brat,That's What I'm Look...,3:44,2000-02-26,wk08,56.0
2000,Jay-Z,Anything,3:41,2000-02-26,wk08,92.0
2000,"McKnight, Brian",Stay Or Let It Go,4:32,2000-02-26,wk08,93.0
2000,"Anthony, Marc",You Sang To Me,3:50,2000-02-26,wk09,15.0
2000,DMX,Party Up (Up In Here...,3:45,2000-02-26,wk09,27.0
2000,Da Brat,That's What I'm Look...,3:44,2000-02-26,wk09,58.0
2000,"Anthony, Marc",You Sang To Me,3:50,2000-02-26,wk10,13.0
2000,DMX,Party Up (Up In Here...,3:45,2000-02-26,wk10,27.0
2000,Da Brat,That's What I'm Look...,3:44,2000-02-26,wk10,70.0
2000,"Anthony, Marc",You Sang To Me,3:50,2000-02-26,wk11,13.0
2000,DMX,Party Up (Up In Here...,3:45,2000-02-26,wk11,27.0
2000,Da Brat,That's What I'm Look...,3:44,2000-02-26,wk11,71.0
2000,"Anthony, Marc",You Sang To Me,3:50,2000-02-26,wk12,13.0
2000,DMX,Party Up (Up In Here...,3:45,2000-02-26,wk12,27.0
2000,Da Brat,That's What I'm Look...,3:44,2000-02-26,wk12,72.0
2000,"Anthony, Marc",You Sang To Me,3:50,2000-02-26,wk13,13.0
2000,DMX,Party Up (Up In Here...,3:45,2000-02-26,wk13,27.0
2000,Da Brat,That's What I'm Look...,3:44,2000-02-26,wk13,90.0
2000,"Anthony, Marc",You Sang To Me,3:50,2000-02-26,wk14,5.0
2000,DMX,Party Up (Up In Here...,3:45,2000-02-26,wk14,28.0
2000,Da Brat,That's What I'm Look...,3:44,2000-02-26,wk14,94.0
2000,"Anthony, Marc",You Sang To Me,3:50,2000-02-26,wk15,2.0
2000,DMX,Party Up (Up In Here...,3:45,2000-02-26,wk15,28.0
2000,Da Brat,That's What I'm Look...,3:44,2000-02-26,wk15,94.0
2000,"Anthony, Marc",You Sang To Me,3:50,2000-02-26,wk16,2.0
2000,DMX,Party Up (Up In Here...,3:45,2000-02-26,wk16,33.0
2000,Da Brat,That's What I'm Look...,3:44,2000-02-26,wk16,94.0
2000,"Anthony, Marc",You Sang To Me,3:50,2000-02-26,wk17,5.0
2000,DMX,Party Up (Up In Here...,3:45,2000-02-26,wk17,35.0
2000,Da Brat,That's What I'm Look...,3:44,2000-02-26,wk17,94.0
2000,"Anthony, Marc",You Sang To Me,3:50,2000-02-26,wk18,7.0
2000,DMX,Party Up (Up In Here...,3:45,2000-02-26,wk18,42.0
2000,Da Brat,That's What I'm Look...,3:44,2000-02-26,wk18,100.0
2000,"Anthony, Marc",You Sang To Me,3:50,2000-02-26,wk19,9.0
2000,DMX,Party Up (Up In Here...,3:45,2000-02-26,wk19,44.0
2000,"Anthony, Marc",You Sang To Me,3:50,2000-02-26,wk20,12.0
2000,DMX,Party Up (Up In Here...,3:45,2000-02-26,wk20,46.0
2000,"Anthony, Marc",You Sang To Me,3:50,2000-02-26,wk21,12.0
2000,DMX,Party Up (Up In Here...,3:45,2000-02-26,wk21,43.0
2000,"Anthony, Marc",You Sang To Me,3:50,2000-02-26,wk22,16.0
2000,"Anthony, Marc",You Sang To Me,3:50,2000-02-26,wk23,20.0
2000,"Anthony, Marc",You Sang To Me,3:50,2000-02-26,wk24,20.0
2000,"Anthony, Marc",You Sang To Me,3:50,2000-02-26,wk25,22.0
2000,"Anthony, Marc",You Sang To Me,3:50,2000-02-26,wk26,25.0
2000,"Anthony, Marc",You Sang To Me,3:50,2000-02-26,wk27,26.0
2000,"Anthony, Marc",You Sang To Me,3:50,2000-02-26,wk28,29.0
2000,"Anthony, Marc",You Sang To Me,3:50,2000-02-26,wk29,35.0
2000,"Anthony, Marc",You Sang To Me,3:50,2000-02-26,wk30,33.0
2000,"Anthony, Marc",You Sang To Me,3:50,2000-02-26,wk31,40.0
2000,"Anthony, Marc",You Sang To Me,3:50,2000-02-26,wk32,44.0
2000,Black Rob,Whoa!,4:04,2000-03-04,wk01,78.0
2000,Kumbia Kings,U Don't Love Me,3:50,2000-03-04,wk01,81.0
2000,"Larrieux, Amel",Get Up,4:02,2000-03-04,wk01,100.0
2000,Montgomery Gentry,Daddy Won't Sell The...,4:18,2000-03-04,wk01,87.0
2000,Pink,There U Go,3:23,2000-03-04,wk01,25.0
2000,"Spencer, Tracie",Still In My Heart,4:11,2000-03-04,wk01,95.0
2000,"Vassar, Phil",Carlene,4:07,2000-03-04,wk01,75.0
2000,"Wright, Chely",It Was,3:51,2000-03-04,wk01,86.0
2000,Black Rob,Whoa!,4:04,2000-03-04,wk02,59.0
2000,Kumbia Kings,U Don't Love Me,3:50,2000-03-04,wk02,64.0
2000,"Larrieux, Amel",Get Up,4:02,2000-03-04,wk02,97.0
2000,Montgomery Gentry,Daddy Won't Sell The...,4:18,2000-03-04,wk02,83.0
2000,Pink,There U Go,3:23,2000-03-04,wk02,15.0
2000,"Spencer, Tracie",Still In My Heart,4:11,2000-03-04,wk02,88.0
2000,"Vassar, Phil",Carlene,4:07,2000-03-04,wk02,67.0
2000,"Wright, Chely",It Was,3:51,2000-03-04,wk02,78.0
2000,Black Rob,Whoa!,4:04,2000-03-04,wk03,53.0
2000,Kumbia Kings,U Don't Love Me,3:50,2000-03-04,wk03,62.0
2000,"Larrieux, Amel",Get Up,4:02,2000-03-04,wk03,97.0
2000,Montgomery Gentry,Daddy Won't Sell The...,4:18,2000-03-04,wk03,81.0
2000,Pink,There U Go,3:23,2000-03-04,wk03,12.0
2000,"Spencer, Tracie",Still In My Heart,4:11,2000-03-04,wk03,98.0
2000,"Vassar, Phil",Carlene,4:07,2000-03-04,wk03,64.0
2000,"Wright, Chely",It Was,3:51,2000-03-04,wk03,75.0
2000,Black Rob,Whoa!,4:04,2000-03-04,wk04,52.0
2000,Kumbia Kings,U Don't Love Me,3:50,2000-03-04,wk04,67.0
2000,Montgomery Gentry,Daddy Won't Sell The...,4:18,2000-03-04,wk04,79.0
2000,Pink,There U Go,3:23,2000-03-04,wk04,11.0
2000,"Vassar, Phil",Carlene,4:07,2000-03-04,wk04,64.0
2000,"Wright, Chely",It Was,3:51,2000-03-04,wk04,72.0
2000,Black Rob,Whoa!,4:04,2000-03-04,wk05,47.0
2000,Kumbia Kings,U Don't Love Me,3:50,2000-03-04,wk05,70.0
2000,Montgomery Gentry,Daddy Won't Sell The...,4:18,2000-03-04,wk05,81.0
2000,Pink,There U Go,3:23,2000-03-04,wk05,11.0
2000,"Vassar, Phil",Carlene,4:07,2000-03-04,wk05,57.0
2000,"Wright, Chely",It Was,3:51,2000-03-04,wk05,71.0
2000,Black Rob,Whoa!,4:04,2000-03-04,wk06,46.0
2000,Kumbia Kings,U Don't Love Me,3:50,2000-03-04,wk06,70.0
2000,Montgomery Gentry,Daddy Won't Sell The...,4:18,2000-03-04,wk06,96.0
2000,Pink,There U Go,3:23,2000-03-04,wk06,7.0
2000,"Vassar, Phil",Carlene,4:07,2000-03-04,wk06,53.0
2000,"Wright, Chely",It Was,3:51,2000-03-04,wk06,69.0
2000,Black Rob,Whoa!,4:04,2000-03-04,wk07,43.0
2000,Kumbia Kings,U Don't Love Me,3:50,2000-03-04,wk07,75.0
2000,Pink,There U Go,3:23,2000-03-04,wk07,7.0
2000,"Vassar, Phil",Carlene,4:07,2000-03-04,wk07,47.0
2000,"Wright, Chely",It Was,3:51,2000-03-04,wk07,64.0
2000,Black Rob,Whoa!,4:04,2000-03-04,wk08,47.0
2000,Kumbia Kings,U Don't Love Me,3:50,2000-03-04,wk08,87.0
2000,Pink,There U Go,3:23,2000-03-04,wk08,12.0
2000,"Vassar, Phil",Carlene,4:07,2000-03-04,wk08,45.0
2000,"Wright, Chely",It Was,3:51,2000-03-04,wk08,75.0
2000,Black Rob,Whoa!,4:04,2000-03-04,wk09,47.0
2000,Kumbia Kings,U Don't Love Me,3:50,2000-03-04,wk09,89.0
2000,Pink,There U Go,3:23,2000-03-04,wk09,14.0
2000,"Vassar, Phil",Carlene,4:07,2000-03-04,wk09,45.0
2000,"Wright, Chely",It Was,3:51,2000-03-04,wk09,85.0
2000,Black Rob,Whoa!,4:04,2000-03-04,wk10,58.0
2000,Kumbia Kings,U Don't Love Me,3:50,2000-03-04,wk10,100.0
2000,Pink,There U Go,3:23,2000-03-04,wk10,15.0
2000,"Vassar, Phil",Carlene,4:07,2000-03-04,wk10,50.0
2000,"Wright, Chely",It Was,3:51,2000-03-04,wk10,98.0
2000,Black Rob,Whoa!,4:04,2000-03-04,wk11,54.0
2000,Pink,There U Go,3:23,2000-03-04,wk11,15.0
2000,"Vassar, Phil",Carlene,4:07,2000-03-04,wk11,52.0
2000,Black Rob,Whoa!,4:04,2000-03-04,wk12,57.0
2000,Pink,There U Go,3:23,2000-03-04,wk12,17.0
2000,"Vassar, Phil",Carlene,4:07,2000-03-04,wk12,56.0
2000,Black Rob,Whoa!,4:04,2000-03-04,wk13,70.0
2000,Pink,There U Go,3:23,2000-03-04,wk13,19.0
2000,"Vassar, Phil",Carlene,4:07,2000-03-04,wk13,59.0
2000,Black Rob,Whoa!,4:04,2000-03-04,wk14,85.0
2000,Pink,There U Go,3:23,2000-03-04,wk14,16.0
2000,"Vassar, Phil",Carlene,4:07,2000-03-04,wk14,78.0
2000,Black Rob,Whoa!,4:04,2000-03-04,wk15,84.0
2000,Pink,There U Go,3:23,2000-03-04,wk15,15.0
2000,"Vassar, Phil",Carlene,4:07,2000-03-04,wk15,83.0
2000,Black Rob,Whoa!,4:04,2000-03-04,wk16,93.0
2000,Pink,There U Go,3:23,2000-03-04,wk16,14.0
2000,"Vassar, Phil",Carlene,4:07,2000-03-04,wk16,84.0
2000,Black Rob,Whoa!,4:04,2000-03-04,wk17,97.0
2000,Pink,There U Go,3:23,2000-03-04,wk17,12.0
2000,"Vassar, Phil",Carlene,4:07,2000-03-04,wk17,91.0
2000,Pink,There U Go,3:23,2000-03-04,wk18,10.0
2000,"Vassar, Phil",Carlene,4:07,2000-03-04,wk18,96.0
2000,Pink,There U Go,3:23,2000-03-04,wk19,10.0
2000,"Vassar, Phil",Carlene,4:07,2000-03-04,wk19,93.0
2000,Pink,There U Go,3:23,2000-03-04,wk20,10.0
2000,Pink,There U Go,3:23,2000-03-04,wk21,8.0
2000,Pink,There U Go,3:23,2000-03-04,wk22,9.0
2000,Pink,There U Go,3:23,2000-03-04,wk23,12.0
2000,Pink,There U Go,3:23,2000-03-04,wk24,16.0
2000,Pink,There U Go,3:23,2000-03-04,wk25,20.0
2000,Pink,There U Go,3:23,2000-03-04,wk26,22.0
2000,Pink,There U Go,3:23,2000-03-04,wk27,33.0
2000,Pink,There U Go,3:23,2000-03-04,wk28,39.0
2000,Pink,There U Go,3:23,2000-03-04,wk29,39.0
2000,Pink,There U Go,3:23,2000-03-04,wk30,41.0
2000,Pink,There U Go,3:23,2000-03-04,wk31,46.0
2000,Pink,There U Go,3:23,2000-03-04,wk32,44.0
2000,"Griggs, Andy",She's More,3:19,2000-03-11,wk01,81.0
2000,"Martin, Ricky",Private Emotion,4:02,2000-03-11,wk01,76.0
2000,"Rogers, Kenny",Buy Me A Rose,3:46,2000-03-11,wk01,79.0
2000,"Griggs, Andy",She's More,3:19,2000-03-11,wk02,76.0
2000,"Martin, Ricky",Private Emotion,4:02,2000-03-11,wk02,67.0
2000,"Rogers, Kenny",Buy Me A Rose,3:46,2000-03-11,wk02,72.0
2000,"Griggs, Andy",She's More,3:19,2000-03-11,wk03,69.0
2000,"Martin, Ricky",Private Emotion,4:02,2000-03-11,wk03,71.0
2000,"Rogers, Kenny",Buy Me A Rose,3:46,2000-03-11,wk03,65.0
2000,"Griggs, Andy",She's More,3:19,2000-03-11,wk04,67.0
2000,"Martin, Ricky",Private Emotion,4:02,2000-03-11,wk04,78.0
2000,"Rogers, Kenny",Buy Me A Rose,3:46,2000-03-11,wk04,65.0
2000,"Griggs, Andy",She's More,3:19,2000-03-11,wk05,62.0
2000,"Martin, Ricky",Private Emotion,4:02,2000-03-11,wk05,89.0
2000,"Rogers, Kenny",Buy Me A Rose,3:46,2000-03-11,wk05,54.0
2000,"Griggs, Andy",She's More,3:19,2000-03-11,wk06,55.0
2000,"Rogers, Kenny",Buy Me A Rose,3:46,2000-03-11,wk06,46.0
2000,"Griggs, Andy",She's More,3:19,2000-03-11,wk07,52.0
2000,"Rogers, Kenny",Buy Me A Rose,3:46,2000-03-11,wk07,46.0
2000,"Griggs, Andy",She's More,3:19,2000-03-11,wk08,51.0
2000,"Rogers, Kenny",Buy Me A Rose,3:46,2000-03-11,wk08,43.0
2000,"Griggs, Andy",She's More,3:19,2000-03-11,wk09,51.0
2000,"Rogers, Kenny",Buy Me A Rose,3:46,2000-03-11,wk09,40.0
2000,"Griggs, Andy",She's More,3:19,2000-03-11,wk10,48.0
2000,"Rogers, Kenny",Buy Me A Rose,3:46,2000-03-11,wk10,40.0
2000,"Griggs, Andy",She's More,3:19,2000-03-11,wk11,47.0
2000,"Rogers, Kenny",Buy Me A Rose,3:46,2000-03-11,wk11,46.0
2000,"Griggs, Andy",She's More,3:19,2000-03-11,wk12,43.0
2000,"Rogers, Kenny",Buy Me A Rose,3:46,2000-03-11,wk12,54.0
2000,"Griggs, Andy",She's More,3:19,2000-03-11,wk13,42.0
2000,"Rogers, Kenny",Buy Me A Rose,3:46,2000-03-11,wk13,58.0
2000,"Griggs, Andy",She's More,3:19,2000-03-11,wk14,37.0
2000,"Rogers, Kenny",Buy Me A Rose,3:46,2000-03-11,wk14,66.0
2000,"Griggs, Andy",She's More,3:19,2000-03-11,wk15,41.0
2000,"Rogers, Kenny",Buy Me A Rose,3:46,2000-03-11,wk15,73.0
2000,"Griggs, Andy",She's More,3:19,2000-03-11,wk16,50.0
2000,"Rogers, Kenny",Buy Me A Rose,3:46,2000-03-11,wk16,82.0
2000,"Griggs, Andy",She's More,3:19,2000-03-11,wk17,69.0
2000,"Rogers, Kenny",Buy Me A Rose,3:46,2000-03-11,wk17,86.0
2000,"Griggs, Andy",She's More,3:19,2000-03-11,wk18,73.0
2000,"Rogers, Kenny",Buy Me A Rose,3:46,2000-03-11,wk18,84.0
2000,"Griggs, Andy",She's More,3:19,2000-03-11,wk19,77.0
2000,"Rogers, Kenny",Buy Me A Rose,3:46,2000-03-11,wk19,88.0
2000,"Griggs, Andy",She's More,3:19,2000-03-11,wk20,85.0
2000,"Rogers, Kenny",Buy Me A Rose,3:46,2000-03-11,wk20,91.0
2000,Aaliyah,Try Again,4:03,2000-03-18,wk01,59.0
2000,Bloodhound Gang,The Bad Touch,4:20,2000-03-18,wk01,70.0
2000,"Braxton, Toni",He Wasn't Man Enough,4:21,2000-03-18,wk01,63.0
2000,"Dixie Chicks, The",Goodbye Earl,4:19,2000-03-18,wk01,40.0
2000,"Herndon, Ty",No Mercy,4:43,2000-03-18,wk01,100.0
2000,"Levert, Gerald",Mr. Too Damn Good,4:06,2000-03-18,wk01,84.0
2000,Lox,"Ryde or Die, Chick",3:56,2000-03-18,wk01,86.0
2000,"Raye, Collin",Couldn't Last A Mome...,3:40,2000-03-18,wk01,91.0
2000,Ying Yang Twins,Whistle While You Tw...,4:19,2000-03-18,wk01,95.0
2000,Aaliyah,Try Again,4:03,2000-03-18,wk02,53.0
2000,Bloodhound Gang,The Bad Touch,4:20,2000-03-18,wk02,62.0
2000,"Braxton, Toni",He Wasn't Man Enough,4:21,2000-03-18,wk02,55.0
2000,"Dixie Chicks, The",Goodbye Earl,4:19,2000-03-18,wk02,29.0
2000,"Herndon, Ty",No Mercy,4:43,2000-03-18,wk02,99.0
2000,"Levert, Gerald",Mr. Too Damn Good,4:06,2000-03-18,wk02,83.0
2000,Lox,"Ryde or Die, Chick",3:56,2000-03-18,wk02,73.0
2000,"Raye, Collin",Couldn't Last A Mome...,3:40,2000-03-18,wk02,85.0
2000,Ying Yang Twins,Whistle While You Tw...,4:19,2000-03-18,wk02,94.0
2000,Aaliyah,Try Again,4:03,2000-03-18,wk03,38.0
2000,Bloodhound Gang,The Bad Touch,4:20,2000-03-18,wk03,55.0
2000,"Braxton, Toni",He Wasn't Man Enough,4:21,2000-03-18,wk03,48.0
2000,"Dixie Chicks, The",Goodbye Earl,4:19,2000-03-18,wk03,24.0
2000,"Herndon, Ty",No Mercy,4:43,2000-03-18,wk03,99.0
2000,"Levert, Gerald",Mr. Too Damn Good,4:06,2000-03-18,wk03,83.0
2000,Lox,"Ryde or Die, Chick",3:56,2000-03-18,wk03,80.0
2000,"Raye, Collin",Couldn't Last A Mome...,3:40,2000-03-18,wk03,75.0
2000,Ying Yang Twins,Whistle While You Tw...,4:19,2000-03-18,wk03,91.0
2000,Aaliyah,Try Again,4:03,2000-03-18,wk04,28.0
2000,Bloodhound Gang,The Bad Touch,4:20,2000-03-18,wk04,55.0
2000,"Braxton, Toni",He Wasn't Man Enough,4:21,2000-03-18,wk04,39.0
2000,"Dixie Chicks, The",Goodbye Earl,4:19,2000-03-18,wk04,24.0
2000,"Levert, Gerald",Mr. Too Damn Good,4:06,2000-03-18,wk04,76.0
2000,Lox,"Ryde or Die, Chick",3:56,2000-03-18,wk04,84.0
2000,"Raye, Collin",Couldn't Last A Mome...,3:40,2000-03-18,wk04,73.0
2000,Ying Yang Twins,Whistle While You Tw...,4:19,2000-03-18,wk04,85.0
2000,Aaliyah,Try Again,4:03,2000-03-18,wk05,21.0
2000,Bloodhound Gang,The Bad Touch,4:20,2000-03-18,wk05,52.0
2000,"Braxton, Toni",He Wasn't Man Enough,4:21,2000-03-18,wk05,35.0
2000,"Dixie Chicks, The",Goodbye Earl,4:19,2000-03-18,wk05,20.0
2000,"Levert, Gerald",Mr. Too Damn Good,4:06,2000-03-18,wk05,86.0
2000,Lox,"Ryde or Die, Chick",3:56,2000-03-18,wk05,91.0
2000,"Raye, Collin",Couldn't Last A Mome...,3:40,2000-03-18,wk05,67.0
2000,Ying Yang Twins,Whistle While You Tw...,4:19,2000-03-18,wk05,84.0
2000,Aaliyah,Try Again,4:03,2000-03-18,wk06,18.0
2000,Bloodhound Gang,The Bad Touch,4:20,2000-03-18,wk06,57.0
2000,"Braxton, Toni",He Wasn't Man Enough,4:21,2000-03-18,wk06,24.0
2000,"Dixie Chicks, The",Goodbye Earl,4:19,2000-03-18,wk06,20.0
2000,"Herndon, Ty",No Mercy,4:43,2000-03-18,wk06,98.0
2000,"Levert, Gerald",Mr. Too Damn Good,4:06,2000-03-18,wk06,86.0
2000,Lox,"Ryde or Die, Chick",3:56,2000-03-18,wk06,97.0
2000,"Raye, Collin",Couldn't Last A Mome...,3:40,2000-03-18,wk06,63.0
2000,Ying Yang Twins,Whistle While You Tw...,4:19,2000-03-18,wk06,78.0
2000,Aaliyah,Try Again,4:03,2000-03-18,wk07,16.0
2000,Bloodhound Gang,The Bad Touch,4:20,2000-03-18,wk07,72.0
2000,"Braxton, Toni",He Wasn't Man Enough,4:21,2000-03-18,wk07,3.0
2000,"Dixie Chicks, The",Goodbye Earl,4:19,2000-03-18,wk07,20.0
2000,"Herndon, Ty",No Mercy,4:43,2000-03-18,wk07,94.0
2000,"Levert, Gerald",Mr. Too Damn Good,4:06,2000-03-18,wk07,88.0
2000,Lox,"Ryde or Die, Chick",3:56,2000-03-18,wk07,97.0
2000,"Raye, Collin",Couldn't Last A Mome...,3:40,2000-03-18,wk07,63.0
2000,Ying Yang Twins,Whistle While You Tw...,4:19,2000-03-18,wk07,74.0
2000,Aaliyah,Try Again,4:03,2000-03-18,wk08,14.0
2000,Bloodhound Gang,The Bad Touch,4:20,2000-03-18,wk08,80.0
2000,"Braxton, Toni",He Wasn't Man Enough,4:21,2000-03-18,wk08,2.0
2000,"Dixie Chicks, The",Goodbye Earl,4:19,2000-03-18,wk08,19.0
2000,"Herndon, Ty",No Mercy,4:43,2000-03-18,wk08,92.0
2000,"Levert, Gerald",Mr. Too Damn Good,4:06,2000-03-18,wk08,97.0
2000,"Raye, Collin",Couldn't Last A Mome...,3:40,2000-03-18,wk08,63.0
2000,Ying Yang Twins,Whistle While You Tw...,4:19,2000-03-18,wk08,78.0
2000,Aaliyah,Try Again,4:03,2000-03-18,wk09,12.0
2000,Bloodhound Gang,The Bad Touch,4:20,2000-03-18,wk09,82.0
2000,"Braxton, Toni",He Wasn't Man Enough,4:21,2000-03-18,wk09,2.0
2000,"Dixie Chicks, The",Goodbye Earl,4:19,2000-03-18,wk09,38.0
2000,"Herndon, Ty",No Mercy,4:43,2000-03-18,wk09,95.0
2000,"Raye, Collin",Couldn't Last A Mome...,3:40,2000-03-18,wk09,56.0
2000,Ying Yang Twins,Whistle While You Tw...,4:19,2000-03-18,wk09,85.0
2000,Aaliyah,Try Again,4:03,2000-03-18,wk10,10.0
2000,Bloodhound Gang,The Bad Touch,4:20,2000-03-18,wk10,92.0
2000,"Braxton, Toni",He Wasn't Man Enough,4:21,2000-03-18,wk10,4.0
2000,"Dixie Chicks, The",Goodbye Earl,4:19,2000-03-18,wk10,61.0
2000,"Herndon, Ty",No Mercy,4:43,2000-03-18,wk10,96.0
2000,"Raye, Collin",Couldn't Last A Mome...,3:40,2000-03-18,wk10,49.0
2000,Ying Yang Twins,Whistle While You Tw...,4:19,2000-03-18,wk10,89.0
2000,Aaliyah,Try Again,4:03,2000-03-18,wk11,9.0
2000,Bloodhound Gang,The Bad Touch,4:20,2000-03-18,wk11,96.0
2000,"Braxton, Toni",He Wasn't Man Enough,4:21,2000-03-18,wk11,4.0
2000,"Dixie Chicks, The",Goodbye Earl,4:19,2000-03-18,wk11,86.0
2000,"Raye, Collin",Couldn't Last A Mome...,3:40,2000-03-18,wk11,48.0
2000,Ying Yang Twins,Whistle While You Tw...,4:19,2000-03-18,wk11,97.0
2000,Aaliyah,Try Again,4:03,2000-03-18,wk12,8.0
2000,Bloodhound Gang,The Bad Touch,4:20,2000-03-18,wk12,98.0
2000,"Braxton, Toni",He Wasn't Man Enough,4:21,2000-03-18,wk12,5.0
2000,"Dixie Chicks, The",Goodbye Earl,4:19,2000-03-18,wk12,88.0
2000,"Raye, Collin",Couldn't Last A Mome...,3:40,2000-03-18,wk12,46.0
2000,Ying Yang Twins,Whistle While You Tw...,4:19,2000-03-18,wk12,96.0
2000,Aaliyah,Try Again,4:03,2000-03-18,wk13,6.0
2000,"Braxton, Toni",He Wasn't Man Enough,4:21,2000-03-18,wk13,11.0
2000,"Dixie Chicks, The",Goodbye Earl,4:19,2000-03-18,wk13,96.0
2000,"Raye, Collin",Couldn't Last A Mome...,3:40,2000-03-18,wk13,44.0
2000,Ying Yang Twins,Whistle While You Tw...,4:19,2000-03-18,wk13,99.0
2000,Aaliyah,Try Again,4:03,2000-03-18,wk14,1.0
2000,"Braxton, Toni",He Wasn't Man Enough,4:21,2000-03-18,wk14,12.0
2000,"Dixie Chicks, The",Goodbye Earl,4:19,2000-03-18,wk14,96.0
2000,"Raye, Collin",Couldn't Last A Mome...,3:40,2000-03-18,wk14,44.0
2000,Ying Yang Twins,Whistle While You Tw...,4:19,2000-03-18,wk14,99.0
2000,Aaliyah,Try Again,4:03,2000-03-18,wk15,2.0
2000,"Braxton, Toni",He Wasn't Man Enough,4:21,2000-03-18,wk15,16.0
2000,"Dixie Chicks, The",Goodbye Earl,4:19,2000-03-18,wk15,98.0
2000,"Raye, Collin",Couldn't Last A Mome...,3:40,2000-03-18,wk15,43.0
2000,Aaliyah,Try Again,4:03,2000-03-18,wk16,2.0
2000,"Braxton, Toni",He Wasn't Man Enough,4:21,2000-03-18,wk16,15.0
2000,"Raye, Collin",Couldn't Last A Mome...,3:40,2000-03-18,wk16,45.0
2000,Aaliyah,Try Again,4:03,2000-03-18,wk17,2.0
2000,"Braxton, Toni",He Wasn't Man Enough,4:21,2000-03-18,wk17,14.0
2000,"Raye, Collin",Couldn't Last A Mome...,3:40,2000-03-18,wk17,53.0
2000,Aaliyah,Try Again,4:03,2000-03-18,wk18,2.0
2000,"Braxton, Toni",He Wasn't Man Enough,4:21,2000-03-18,wk18,14.0
2000,"Raye, Collin",Couldn't Last A Mome...,3:40,2000-03-18,wk18,66.0
2000,Aaliyah,Try Again,4:03,2000-03-18,wk19,3.0
2000,"Braxton, Toni",He Wasn't Man Enough,4:21,2000-03-18,wk19,12.0
2000,"Raye, Collin",Couldn't Last A Mome...,3:40,2000-03-18,wk19,73.0
2000,Aaliyah,Try Again,4:03,2000-03-18,wk20,4.0
2000,"Braxton, Toni",He Wasn't Man Enough,4:21,2000-03-18,wk20,10.0
2000,"Raye, Collin",Couldn't Last A Mome...,3:40,2000-03-18,wk20,89.0
2000,Aaliyah,Try Again,4:03,2000-03-18,wk21,5.0
2000,"Braxton, Toni",He Wasn't Man Enough,4:21,2000-03-18,wk21,11.0
2000,Aaliyah,Try Again,4:03,2000-03-18,wk22,5.0
2000,"Braxton, Toni",He Wasn't Man Enough,4:21,2000-03-18,wk22,13.0
2000,Aaliyah,Try Again,4:03,2000-03-18,wk23,6.0
2000,"Braxton, Toni",He Wasn't Man Enough,4:21,2000-03-18,wk23,13.0
2000,Aaliyah,Try Again,4:03,2000-03-18,wk24,9.0
2000,"Braxton, Toni",He Wasn't Man Enough,4:21,2000-03-18,wk24,13.0
2000,Aaliyah,Try Again,4:03,2000-03-18,wk25,13.0
2000,"Braxton, Toni",He Wasn't Man Enough,4:21,2000-03-18,wk25,15.0
2000,Aaliyah,Try Again,4:03,2000-03-18,wk26,14.0
2000,"Braxton, Toni",He Wasn't Man Enough,4:21,2000-03-18,wk26,16.0
2000,Aaliyah,Try Again,4:03,2000-03-18,wk27,16.0
2000,"Braxton, Toni",He Wasn't Man Enough,4:21,2000-03-18,wk27,14.0
2000,Aaliyah,Try Again,4:03,2000-03-18,wk28,23.0
2000,"Braxton, Toni",He Wasn't Man Enough,4:21,2000-03-18,wk28,13.0
2000,Aaliyah,Try Again,4:03,2000-03-18,wk29,22.0
2000,"Braxton, Toni",He Wasn't Man Enough,4:21,2000-03-18,wk29,17.0
2000,Aaliyah,Try Again,4:03,2000-03-18,wk30,33.0
2000,"Braxton, Toni",He Wasn't Man Enough,4:21,2000-03-18,wk30,19.0
2000,Aaliyah,Try Again,4:03,2000-03-18,wk31,36.0
2000,"Braxton, Toni",He Wasn't Man Enough,4:21,2000-03-18,wk31,23.0
2000,Aaliyah,Try Again,4:03,2000-03-18,wk32,43.0
2000,"Braxton, Toni",He Wasn't Man Enough,4:21,2000-03-18,wk32,29.0
2000,"Braxton, Toni",He Wasn't Man Enough,4:21,2000-03-18,wk33,37.0
2000,"Braxton, Toni",He Wasn't Man Enough,4:21,2000-03-18,wk34,33.0
2000,"Braxton, Toni",He Wasn't Man Enough,4:21,2000-03-18,wk35,34.0
2000,"Braxton, Toni",He Wasn't Man Enough,4:21,2000-03-18,wk36,41.0
2000,"Braxton, Toni",He Wasn't Man Enough,4:21,2000-03-18,wk37,48.0
2000,"Davidson, Clay",Unconditional,3:56,2000-03-25,wk01,97.0
2000,"Hollister, Dave",Can't Stay,6:17,2000-03-25,wk01,84.0
2000,"Kravitz, Lenny",I Belong To You,4:17,2000-03-25,wk01,78.0
2000,Mary Mary,Shackles (Praise You...,3:12,2000-03-25,wk01,90.0
2000,Nas,You Owe Me,3:51,2000-03-25,wk01,74.0
2000,Tamar,If You Don't Wanna L...,4:02,2000-03-25,wk01,98.0
2000,"Thomas, Carl",I Wish,3:50,2000-03-25,wk01,75.0
2000,"Davidson, Clay",Unconditional,3:56,2000-03-25,wk02,97.0
2000,"Hollister, Dave",Can't Stay,6:17,2000-03-25,wk02,84.0
2000,"Kravitz, Lenny",I Belong To You,4:17,2000-03-25,wk02,77.0
2000,Mary Mary,Shackles (Praise You...,3:12,2000-03-25,wk02,76.0
2000,Nas,You Owe Me,3:51,2000-03-25,wk02,72.0
2000,Tamar,If You Don't Wanna L...,4:02,2000-03-25,wk02,98.0
2000,"Thomas, Carl",I Wish,3:50,2000-03-25,wk02,64.0
2000,"Davidson, Clay",Unconditional,3:56,2000-03-25,wk03,97.0
2000,"Hollister, Dave",Can't Stay,6:17,2000-03-25,wk03,93.0
2000,"Kravitz, Lenny",I Belong To You,4:17,2000-03-25,wk03,71.0
2000,Mary Mary,Shackles (Praise You...,3:12,2000-03-25,wk03,72.0
2000,Nas,You Owe Me,3:51,2000-03-25,wk03,68.0
2000,Tamar,If You Don't Wanna L...,4:02,2000-03-25,wk03,92.0
2000,"Thomas, Carl",I Wish,3:50,2000-03-25,wk03,48.0
2000,"Davidson, Clay",Unconditional,3:56,2000-03-25,wk04,90.0
2000,"Hollister, Dave",Can't Stay,6:17,2000-03-25,wk04,98.0
2000,"Kravitz, Lenny",I Belong To You,4:17,2000-03-25,wk04,71.0
2000,Mary Mary,Shackles (Praise You...,3:12,2000-03-25,wk04,54.0
2000,Nas,You Owe Me,3:51,2000-03-25,wk04,59.0
2000,Tamar,If You Don't Wanna L...,4:02,2000-03-25,wk04,89.0
2000,"Thomas, Carl",I Wish,3:50,2000-03-25,wk04,39.0
2000,"Davidson, Clay",Unconditional,3:56,2000-03-25,wk05,83.0
2000,"Kravitz, Lenny",I Belong To You,4:17,2000-03-25,wk05,71.0
2000,Mary Mary,Shackles (Praise You...,3:12,2000-03-25,wk05,43.0
2000,Nas,You Owe Me,3:51,2000-03-25,wk05,59.0
2000,Tamar,If You Don't Wanna L...,4:02,2000-03-25,wk05,92.0
2000,"Thomas, Carl",I Wish,3:50,2000-03-25,wk05,32.0
2000,"Davidson, Clay",Unconditional,3:56,2000-03-25,wk06,78.0
2000,"Kravitz, Lenny",I Belong To You,4:17,2000-03-25,wk06,83.0
2000,Mary Mary,Shackles (Praise You...,3:12,2000-03-25,wk06,37.0
2000,Nas,You Owe Me,3:51,2000-03-25,wk06,59.0
2000,Tamar,If You Don't Wanna L...,4:02,2000-03-25,wk06,93.0
2000,"Thomas, Carl",I Wish,3:50,2000-03-25,wk06,28.0
2000,"Davidson, Clay",Unconditional,3:56,2000-03-25,wk07,74.0
2000,"Kravitz, Lenny",I Belong To You,4:17,2000-03-25,wk07,90.0
2000,Mary Mary,Shackles (Praise You...,3:12,2000-03-25,wk07,34.0
2000,Nas,You Owe Me,3:51,2000-03-25,wk07,67.0
2000,"Thomas, Carl",I Wish,3:50,2000-03-25,wk07,24.0
2000,"Davidson, Clay",Unconditional,3:56,2000-03-25,wk08,69.0
2000,"Kravitz, Lenny",I Belong To You,4:17,2000-03-25,wk08,90.0
2000,Mary Mary,Shackles (Praise You...,3:12,2000-03-25,wk08,28.0
2000,Nas,You Owe Me,3:51,2000-03-25,wk08,67.0
2000,"Thomas, Carl",I Wish,3:50,2000-03-25,wk08,20.0
2000,"Davidson, Clay",Unconditional,3:56,2000-03-25,wk09,60.0
2000,"Kravitz, Lenny",I Belong To You,4:17,2000-03-25,wk09,93.0
2000,Mary Mary,Shackles (Praise You...,3:12,2000-03-25,wk09,33.0
2000,Nas,You Owe Me,3:51,2000-03-25,wk09,63.0
2000,"Thomas, Carl",I Wish,3:50,2000-03-25,wk09,22.0
2000,"Davidson, Clay",Unconditional,3:56,2000-03-25,wk10,56.0
2000,Mary Mary,Shackles (Praise You...,3:12,2000-03-25,wk10,30.0
2000,Nas,You Owe Me,3:51,2000-03-25,wk10,69.0
2000,"Thomas, Carl",I Wish,3:50,2000-03-25,wk10,21.0
2000,"Davidson, Clay",Unconditional,3:56,2000-03-25,wk11,54.0
2000,Mary Mary,Shackles (Praise You...,3:12,2000-03-25,wk11,31.0
2000,Nas,You Owe Me,3:51,2000-03-25,wk11,75.0
2000,"Thomas, Carl",I Wish,3:50,2000-03-25,wk11,22.0
2000,"Davidson, Clay",Unconditional,3:56,2000-03-25,wk12,50.0
2000,Mary Mary,Shackles (Praise You...,3:12,2000-03-25,wk12,39.0
2000,Nas,You Owe Me,3:51,2000-03-25,wk12,82.0
2000,"Thomas, Carl",I Wish,3:50,2000-03-25,wk12,26.0
2000,"Davidson, Clay",Unconditional,3:56,2000-03-25,wk13,49.0
2000,Mary Mary,Shackles (Praise You...,3:12,2000-03-25,wk13,43.0
2000,Nas,You Owe Me,3:51,2000-03-25,wk13,79.0
2000,"Thomas, Carl",I Wish,3:50,2000-03-25,wk13,23.0
2000,"Davidson, Clay",Unconditional,3:56,2000-03-25,wk14,55.0
2000,Mary Mary,Shackles (Praise You...,3:12,2000-03-25,wk14,53.0
2000,Nas,You Owe Me,3:51,2000-03-25,wk14,88.0
2000,"Thomas, Carl",I Wish,3:50,2000-03-25,wk14,24.0
2000,"Davidson, Clay",Unconditional,3:56,2000-03-25,wk15,52.0
2000,Mary Mary,Shackles (Praise You...,3:12,2000-03-25,wk15,60.0
2000,Nas,You Owe Me,3:51,2000-03-25,wk15,95.0
2000,"Thomas, Carl",I Wish,3:50,2000-03-25,wk15,27.0
2000,"Davidson, Clay",Unconditional,3:56,2000-03-25,wk16,51.0
2000,Mary Mary,Shackles (Praise You...,3:12,2000-03-25,wk16,70.0
2000,Nas,You Owe Me,3:51,2000-03-25,wk16,96.0
2000,"Thomas, Carl",I Wish,3:50,2000-03-25,wk16,28.0
2000,"Davidson, Clay",Unconditional,3:56,2000-03-25,wk17,51.0
2000,Mary Mary,Shackles (Praise You...,3:12,2000-03-25,wk17,71.0
2000,"Thomas, Carl",I Wish,3:50,2000-03-25,wk17,42.0
2000,"Davidson, Clay",Unconditional,3:56,2000-03-25,wk18,62.0
2000,Mary Mary,Shackles (Praise You...,3:12,2000-03-25,wk18,76.0
2000,"Thomas, Carl",I Wish,3:50,2000-03-25,wk18,44.0
2000,"Davidson, Clay",Unconditional,3:56,2000-03-25,wk19,63.0
2000,Mary Mary,Shackles (Praise You...,3:12,2000-03-25,wk19,84.0
2000,"Thomas, Carl",I Wish,3:50,2000-03-25,wk19,52.0
2000,"Davidson, Clay",Unconditional,3:56,2000-03-25,wk20,83.0
2000,Mary Mary,Shackles (Praise You...,3:12,2000-03-25,wk20,94.0
2000,"Thomas, Carl",I Wish,3:50,2000-03-25,wk20,67.0
2000,Anastacia,I'm Outta Love,4:01,2000-04-01,wk01,92.0
2000,"Chesney, Kenny",What I Need To Do,4:05,2000-04-01,wk01,79.0
2000,"Iglesias, Enrique",Be With You,3:36,2000-04-01,wk01,63.0
2000,M2M,Mirror Mirror,3:19,2000-04-01,wk01,87.0
2000,"Simpson, Jessica",Where You Are,3:51,2000-04-01,wk01,73.0
2000,Westlife,Swear It Again,4:07,2000-04-01,wk01,96.0
2000,"Yearwood, Trisha",Real Live Woman,3:55,2000-04-01,wk01,85.0
2000,"Chesney, Kenny",What I Need To Do,4:05,2000-04-01,wk02,74.0
2000,"Iglesias, Enrique",Be With You,3:36,2000-04-01,wk02,45.0
2000,M2M,Mirror Mirror,3:19,2000-04-01,wk02,87.0
2000,"Simpson, Jessica",Where You Are,3:51,2000-04-01,wk02,66.0
2000,Westlife,Swear It Again,4:07,2000-04-01,wk02,82.0
2000,"Yearwood, Trisha",Real Live Woman,3:55,2000-04-01,wk02,83.0
2000,"Chesney, Kenny",What I Need To Do,4:05,2000-04-01,wk03,68.0
2000,"Iglesias, Enrique",Be With You,3:36,2000-04-01,wk03,34.0
2000,M2M,Mirror Mirror,3:19,2000-04-01,wk03,94.0
2000,"Simpson, Jessica",Where You Are,3:51,2000-04-01,wk03,62.0
2000,Westlife,Swear It Again,4:07,2000-04-01,wk03,66.0
2000,"Yearwood, Trisha",Real Live Woman,3:55,2000-04-01,wk03,83.0
2000,Anastacia,I'm Outta Love,4:01,2000-04-01,wk04,95.0
2000,"Chesney, Kenny",What I Need To Do,4:05,2000-04-01,wk04,72.0
2000,"Iglesias, Enrique",Be With You,3:36,2000-04-01,wk04,23.0
2000,M2M,Mirror Mirror,3:19,2000-04-01,wk04,91.0
2000,"Simpson, Jessica",Where You Are,3:51,2000-04-01,wk04,62.0
2000,Westlife,Swear It Again,4:07,2000-04-01,wk04,55.0
2000,"Yearwood, Trisha",Real Live Woman,3:55,2000-04-01,wk04,82.0
2000,"Chesney, Kenny",What I Need To Do,4:05,2000-04-01,wk05,69.0
2000,"Iglesias, Enrique",Be With You,3:36,2000-04-01,wk05,17.0
2000,M2M,Mirror Mirror,3:19,2000-04-01,wk05,75.0
2000,"Simpson, Jessica",Where You Are,3:51,2000-04-01,wk05,76.0
2000,Westlife,Swear It Again,4:07,2000-04-01,wk05,55.0
2000,"Yearwood, Trisha",Real Live Woman,3:55,2000-04-01,wk05,81.0
2000,"Chesney, Kenny",What I Need To Do,4:05,2000-04-01,wk06,69.0
2000,"Iglesias, Enrique",Be With You,3:36,2000-04-01,wk06,12.0
2000,M2M,Mirror Mirror,3:19,2000-04-01,wk06,68.0
2000,"Simpson, Jessica",Where You Are,3:51,2000-04-01,wk06,93.0
2000,Westlife,Swear It Again,4:07,2000-04-01,wk06,46.0
2000,"Yearwood, Trisha",Real Live Woman,3:55,2000-04-01,wk06,91.0
2000,"Chesney, Kenny",What I Need To Do,4:05,2000-04-01,wk07,62.0
2000,"Iglesias, Enrique",Be With You,3:36,2000-04-01,wk07,9.0
2000,M2M,Mirror Mirror,3:19,2000-04-01,wk07,65.0
2000,Westlife,Swear It Again,4:07,2000-04-01,wk07,44.0
2000,"Chesney, Kenny",What I Need To Do,4:05,2000-04-01,wk08,58.0
2000,"Iglesias, Enrique",Be With You,3:36,2000-04-01,wk08,8.0
2000,M2M,Mirror Mirror,3:19,2000-04-01,wk08,86.0
2000,Westlife,Swear It Again,4:07,2000-04-01,wk08,44.0
2000,"Chesney, Kenny",What I Need To Do,4:05,2000-04-01,wk09,57.0
2000,"Iglesias, Enrique",Be With You,3:36,2000-04-01,wk09,8.0
2000,M2M,Mirror Mirror,3:19,2000-04-01,wk09,62.0
2000,Westlife,Swear It Again,4:07,2000-04-01,wk09,37.0
2000,"Chesney, Kenny",What I Need To Do,4:05,2000-04-01,wk10,57.0
2000,"Iglesias, Enrique",Be With You,3:36,2000-04-01,wk10,6.0
2000,M2M,Mirror Mirror,3:19,2000-04-01,wk10,70.0
2000,Westlife,Swear It Again,4:07,2000-04-01,wk10,35.0
2000,"Chesney, Kenny",What I Need To Do,4:05,2000-04-01,wk11,56.0
2000,"Iglesias, Enrique",Be With You,3:36,2000-04-01,wk11,5.0
2000,M2M,Mirror Mirror,3:19,2000-04-01,wk11,74.0
2000,Westlife,Swear It Again,4:07,2000-04-01,wk11,32.0
2000,Anastacia,I'm Outta Love,4:01,2000-04-01,wk12,97.0
2000,"Chesney, Kenny",What I Need To Do,4:05,2000-04-01,wk12,56.0
2000,"Iglesias, Enrique",Be With You,3:36,2000-04-01,wk12,4.0
2000,M2M,Mirror Mirror,3:19,2000-04-01,wk12,70.0
2000,Westlife,Swear It Again,4:07,2000-04-01,wk12,25.0
2000,"Chesney, Kenny",What I Need To Do,4:05,2000-04-01,wk13,56.0
2000,"Iglesias, Enrique",Be With You,3:36,2000-04-01,wk13,1.0
2000,M2M,Mirror Mirror,3:19,2000-04-01,wk13,70.0
2000,Westlife,Swear It Again,4:07,2000-04-01,wk13,21.0
2000,"Chesney, Kenny",What I Need To Do,4:05,2000-04-01,wk14,72.0
2000,"Iglesias, Enrique",Be With You,3:36,2000-04-01,wk14,1.0
2000,M2M,Mirror Mirror,3:19,2000-04-01,wk14,80.0
2000,Westlife,Swear It Again,4:07,2000-04-01,wk14,20.0
2000,"Chesney, Kenny",What I Need To Do,4:05,2000-04-01,wk15,80.0
2000,"Iglesias, Enrique",Be With You,3:36,2000-04-01,wk15,1.0
2000,M2M,Mirror Mirror,3:19,2000-04-01,wk15,82.0
2000,Westlife,Swear It Again,4:07,2000-04-01,wk15,20.0
2000,"Chesney, Kenny",What I Need To Do,4:05,2000-04-01,wk16,93.0
2000,"Iglesias, Enrique",Be With You,3:36,2000-04-01,wk16,3.0
2000,M2M,Mirror Mirror,3:19,2000-04-01,wk16,87.0
2000,Westlife,Swear It Again,4:07,2000-04-01,wk16,25.0
2000,"Chesney, Kenny",What I Need To Do,4:05,2000-04-01,wk17,95.0
2000,"Iglesias, Enrique",Be With You,3:36,2000-04-01,wk17,11.0
2000,M2M,Mirror Mirror,3:19,2000-04-01,wk17,90.0
2000,Westlife,Swear It Again,4:07,2000-04-01,wk17,30.0
2000,"Iglesias, Enrique",Be With You,3:36,2000-04-01,wk18,14.0
2000,M2M,Mirror Mirror,3:19,2000-04-01,wk18,96.0
2000,Westlife,Swear It Again,4:07,2000-04-01,wk18,33.0
2000,"Iglesias, Enrique",Be With You,3:36,2000-04-01,wk19,24.0
2000,Westlife,Swear It Again,4:07,2000-04-01,wk19,45.0
2000,"Iglesias, Enrique",Be With You,3:36,2000-04-01,wk20,28.0
2000,Westlife,Swear It Again,4:07,2000-04-01,wk20,56.0
2000,3 Doors Down,Kryptonite,3:53,2000-04-08,wk01,81.0
2000,Alice Deejay,Better Off Alone,6:50,2000-04-08,wk01,79.0
2000,"Brock, Chad",Yes!,3:22,2000-04-08,wk01,90.0
2000,Savage Garden,Crash And Burn,4:41,2000-04-08,wk01,75.0
2000,Son By Four,A Puro Dolor (Purest...,3:30,2000-04-08,wk01,80.0
2000,3 Doors Down,Kryptonite,3:53,2000-04-08,wk02,70.0
2000,Alice Deejay,Better Off Alone,6:50,2000-04-08,wk02,65.0
2000,"Brock, Chad",Yes!,3:22,2000-04-08,wk02,77.0
2000,Savage Garden,Crash And Burn,4:41,2000-04-08,wk02,58.0
2000,Son By Four,A Puro Dolor (Purest...,3:30,2000-04-08,wk02,80.0
2000,3 Doors Down,Kryptonite,3:53,2000-04-08,wk03,68.0
2000,Alice Deejay,Better Off Alone,6:50,2000-04-08,wk03,53.0
2000,"Brock, Chad",Yes!,3:22,2000-04-08,wk03,66.0
2000,Savage Garden,Crash And Burn,4:41,2000-04-08,wk03,51.0
2000,Son By Four,A Puro Dolor (Purest...,3:30,2000-04-08,wk03,80.0
2000,3 Doors Down,Kryptonite,3:53,2000-04-08,wk04,67.0
2000,Alice Deejay,Better Off Alone,6:50,2000-04-08,wk04,48.0
2000,"Brock, Chad",Yes!,3:22,2000-04-08,wk04,61.0
2000,Savage Garden,Crash And Burn,4:41,2000-04-08,wk04,36.0
2000,Son By Four,A Puro Dolor (Purest...,3:30,2000-04-08,wk04,79.0
2000,3 Doors Down,Kryptonite,3:53,2000-04-08,wk05,66.0
2000,Alice Deejay,Better Off Alone,6:50,2000-04-08,wk05,45.0
2000,"Brock, Chad",Yes!,3:22,2000-04-08,wk05,59.0
2000,Savage Garden,Crash And Burn,4:41,2000-04-08,wk05,33.0
2000,Son By Four,A Puro Dolor (Purest...,3:30,2000-04-08,wk05,72.0
2000,3 Doors Down,Kryptonite,3:53,2000-04-08,wk06,57.0
2000,Alice Deejay,Better Off Alone,6:50,2000-04-08,wk06,36.0
2000,"Brock, Chad",Yes!,3:22,2000-04-08,wk06,47.0
2000,Savage Garden,Crash And Burn,4:41,2000-04-08,wk06,31.0
2000,Son By Four,A Puro Dolor (Purest...,3:30,2000-04-08,wk06,73.0
2000,3 Doors Down,Kryptonite,3:53,2000-04-08,wk07,54.0
2000,Alice Deejay,Better Off Alone,6:50,2000-04-08,wk07,34.0
2000,"Brock, Chad",Yes!,3:22,2000-04-08,wk07,39.0
2000,Savage Garden,Crash And Burn,4:41,2000-04-08,wk07,26.0
2000,Son By Four,A Puro Dolor (Purest...,3:30,2000-04-08,wk07,65.0
2000,3 Doors Down,Kryptonite,3:53,2000-04-08,wk08,53.0
2000,Alice Deejay,Better Off Alone,6:50,2000-04-08,wk08,29.0
2000,"Brock, Chad",Yes!,3:22,2000-04-08,wk08,33.0
2000,Savage Garden,Crash And Burn,4:41,2000-04-08,wk08,24.0
2000,Son By Four,A Puro Dolor (Purest...,3:30,2000-04-08,wk08,64.0
2000,3 Doors Down,Kryptonite,3:53,2000-04-08,wk09,51.0
2000,Alice Deejay,Better Off Alone,6:50,2000-04-08,wk09,27.0
2000,"Brock, Chad",Yes!,3:22,2000-04-08,wk09,32.0
2000,Savage Garden,Crash And Burn,4:41,2000-04-08,wk09,24.0
2000,Son By Four,A Puro Dolor (Purest...,3:30,2000-04-08,wk09,60.0
2000,3 Doors Down,Kryptonite,3:53,2000-04-08,wk10,51.0
2000,Alice Deejay,Better Off Alone,6:50,2000-04-08,wk10,30.0
2000,"Brock, Chad",Yes!,3:22,2000-04-08,wk10,31.0
2000,Savage Garden,Crash And Burn,4:41,2000-04-08,wk10,29.0
2000,Son By Four,A Puro Dolor (Purest...,3:30,2000-04-08,wk10,60.0
2000,3 Doors Down,Kryptonite,3:53,2000-04-08,wk11,51.0
2000,Alice Deejay,Better Off Alone,6:50,2000-04-08,wk11,36.0
2000,"Brock, Chad",Yes!,3:22,2000-04-08,wk11,28.0
2000,Savage Garden,Crash And Burn,4:41,2000-04-08,wk11,34.0
2000,Son By Four,A Puro Dolor (Purest...,3:30,2000-04-08,wk11,48.0
2000,3 Doors Down,Kryptonite,3:53,2000-04-08,wk12,51.0
2000,Alice Deejay,Better Off Alone,6:50,2000-04-08,wk12,37.0
2000,"Brock, Chad",Yes!,3:22,2000-04-08,wk12,27.0
2000,Savage Garden,Crash And Burn,4:41,2000-04-08,wk12,39.0
2000,Son By Four,A Puro Dolor (Purest...,3:30,2000-04-08,wk12,48.0
2000,3 Doors Down,Kryptonite,3:53,2000-04-08,wk13,47.0
2000,Alice Deejay,Better Off Alone,6:50,2000-04-08,wk13,39.0
2000,"Brock, Chad",Yes!,3:22,2000-04-08,wk13,22.0
2000,Savage Garden,Crash And Burn,4:41,2000-04-08,wk13,46.0
2000,Son By Four,A Puro Dolor (Purest...,3:30,2000-04-08,wk13,48.0
2000,3 Doors Down,Kryptonite,3:53,2000-04-08,wk14,44.0
2000,Alice Deejay,Better Off Alone,6:50,2000-04-08,wk14,49.0
2000,"Brock, Chad",Yes!,3:22,2000-04-08,wk14,27.0
2000,Savage Garden,Crash And Burn,4:41,2000-04-08,wk14,47.0
2000,Son By Four,A Puro Dolor (Purest...,3:30,2000-04-08,wk14,43.0
2000,3 Doors Down,Kryptonite,3:53,2000-04-08,wk15,38.0
2000,Alice Deejay,Better Off Alone,6:50,2000-04-08,wk15,57.0
2000,"Brock, Chad",Yes!,3:22,2000-04-08,wk15,31.0
2000,Savage Garden,Crash And Burn,4:41,2000-04-08,wk15,48.0
2000,Son By Four,A Puro Dolor (Purest...,3:30,2000-04-08,wk15,35.0
2000,3 Doors Down,Kryptonite,3:53,2000-04-08,wk16,28.0
2000,Alice Deejay,Better Off Alone,6:50,2000-04-08,wk16,63.0
2000,"Brock, Chad",Yes!,3:22,2000-04-08,wk16,39.0
2000,Savage Garden,Crash And Burn,4:41,2000-04-08,wk16,49.0
2000,Son By Four,A Puro Dolor (Purest...,3:30,2000-04-08,wk16,32.0
2000,3 Doors Down,Kryptonite,3:53,2000-04-08,wk17,22.0
2000,Alice Deejay,Better Off Alone,6:50,2000-04-08,wk17,65.0
2000,"Brock, Chad",Yes!,3:22,2000-04-08,wk17,45.0
2000,Savage Garden,Crash And Burn,4:41,2000-04-08,wk17,58.0
2000,Son By Four,A Puro Dolor (Purest...,3:30,2000-04-08,wk17,30.0
2000,3 Doors Down,Kryptonite,3:53,2000-04-08,wk18,18.0
2000,Alice Deejay,Better Off Alone,6:50,2000-04-08,wk18,68.0
2000,"Brock, Chad",Yes!,3:22,2000-04-08,wk18,50.0
2000,Savage Garden,Crash And Burn,4:41,2000-04-08,wk18,63.0
2000,Son By Four,A Puro Dolor (Purest...,3:30,2000-04-08,wk18,32.0
2000,3 Doors Down,Kryptonite,3:53,2000-04-08,wk19,18.0
2000,Alice Deejay,Better Off Alone,6:50,2000-04-08,wk19,79.0
2000,"Brock, Chad",Yes!,3:22,2000-04-08,wk19,53.0
2000,Savage Garden,Crash And Burn,4:41,2000-04-08,wk19,73.0
2000,Son By Four,A Puro Dolor (Purest...,3:30,2000-04-08,wk19,37.0
2000,3 Doors Down,Kryptonite,3:53,2000-04-08,wk20,14.0
2000,Alice Deejay,Better Off Alone,6:50,2000-04-08,wk20,86.0
2000,"Brock, Chad",Yes!,3:22,2000-04-08,wk20,59.0
2000,Savage Garden,Crash And Burn,4:41,2000-04-08,wk20,87.0
2000,Son By Four,A Puro Dolor (Purest...,3:30,2000-04-08,wk20,26.0
2000,3 Doors Down,Kryptonite,3:53,2000-04-08,wk21,12.0
2000,Son By Four,A Puro Dolor (Purest...,3:30,2000-04-08,wk21,31.0
2000,3 Doors Down,Kryptonite,3:53,2000-04-08,wk22,7.0
2000,Son By Four,A Puro Dolor (Purest...,3:30,2000-04-08,wk22,28.0
2000,3 Doors Down,Kryptonite,3:53,2000-04-08,wk23,6.0
2000,Son By Four,A Puro Dolor (Purest...,3:30,2000-04-08,wk23,30.0
2000,3 Doors Down,Kryptonite,3:53,2000-04-08,wk24,6.0
2000,Son By Four,A Puro Dolor (Purest...,3:30,2000-04-08,wk24,32.0
2000,3 Doors Down,Kryptonite,3:53,2000-04-08,wk25,6.0
2000,Son By Four,A Puro Dolor (Purest...,3:30,2000-04-08,wk25,39.0
2000,3 Doors Down,Kryptonite,3:53,2000-04-08,wk26,5.0
2000,Son By Four,A Puro Dolor (Purest...,3:30,2000-04-08,wk26,35.0
2000,3 Doors Down,Kryptonite,3:53,2000-04-08,wk27,5.0
2000,3 Doors Down,Kryptonite,3:53,2000-04-08,wk28,4.0
2000,3 Doors Down,Kryptonite,3:53,2000-04-08,wk29,4.0
2000,3 Doors Down,Kryptonite,3:53,2000-04-08,wk30,4.0
2000,3 Doors Down,Kryptonite,3:53,2000-04-08,wk31,4.0
2000,3 Doors Down,Kryptonite,3:53,2000-04-08,wk32,3.0
2000,3 Doors Down,Kryptonite,3:53,2000-04-08,wk33,3.0
2000,3 Doors Down,Kryptonite,3:53,2000-04-08,wk34,3.0
2000,3 Doors Down,Kryptonite,3:53,2000-04-08,wk35,4.0
2000,3 Doors Down,Kryptonite,3:53,2000-04-08,wk36,5.0
2000,3 Doors Down,Kryptonite,3:53,2000-04-08,wk37,5.0
2000,3 Doors Down,Kryptonite,3:53,2000-04-08,wk38,9.0
2000,3 Doors Down,Kryptonite,3:53,2000-04-08,wk39,9.0
2000,3 Doors Down,Kryptonite,3:53,2000-04-08,wk40,15.0
2000,3 Doors Down,Kryptonite,3:53,2000-04-08,wk41,14.0
2000,3 Doors Down,Kryptonite,3:53,2000-04-08,wk42,13.0
2000,3 Doors Down,Kryptonite,3:53,2000-04-08,wk43,14.0
2000,3 Doors Down,Kryptonite,3:53,2000-04-08,wk44,16.0
2000,3 Doors Down,Kryptonite,3:53,2000-04-08,wk45,17.0
2000,3 Doors Down,Kryptonite,3:53,2000-04-08,wk46,21.0
2000,3 Doors Down,Kryptonite,3:53,2000-04-08,wk47,22.0
2000,3 Doors Down,Kryptonite,3:53,2000-04-08,wk48,24.0
2000,3 Doors Down,Kryptonite,3:53,2000-04-08,wk49,28.0
2000,3 Doors Down,Kryptonite,3:53,2000-04-08,wk50,33.0
2000,3 Doors Down,Kryptonite,3:53,2000-04-08,wk51,42.0
2000,3 Doors Down,Kryptonite,3:53,2000-04-08,wk52,42.0
2000,3 Doors Down,Kryptonite,3:53,2000-04-08,wk53,49.0
2000,504 Boyz,Wobble Wobble,3:35,2000-04-15,wk01,57.0
2000,"Aguilera, Christina",I Turn To You,4:00,2000-04-15,wk01,50.0
2000,"Blige, Mary J.",Give Me You,5:00,2000-04-15,wk01,97.0
2000,LFO,I Don't Wanna Kiss Y...,5:00,2000-04-15,wk01,63.0
2000,Mya,The Best Of Me,4:12,2000-04-15,wk01,85.0
2000,Vitamin C,Graduation (Friends ...,4:23,2000-04-15,wk01,81.0
2000,"Walker, Clay",The Chain Of Love,5:03,2000-04-15,wk01,73.0
2000,504 Boyz,Wobble Wobble,3:35,2000-04-15,wk02,34.0
2000,"Aguilera, Christina",I Turn To You,4:00,2000-04-15,wk02,39.0
2000,"Blige, Mary J.",Give Me You,5:00,2000-04-15,wk02,94.0
2000,LFO,I Don't Wanna Kiss Y...,5:00,2000-04-15,wk02,61.0
2000,Mya,The Best Of Me,4:12,2000-04-15,wk02,70.0
2000,Vitamin C,Graduation (Friends ...,4:23,2000-04-15,wk02,64.0
2000,"Walker, Clay",The Chain Of Love,5:03,2000-04-15,wk02,65.0
2000,504 Boyz,Wobble Wobble,3:35,2000-04-15,wk03,25.0
2000,"Aguilera, Christina",I Turn To You,4:00,2000-04-15,wk03,30.0
2000,"Blige, Mary J.",Give Me You,5:00,2000-04-15,wk03,77.0
2000,LFO,I Don't Wanna Kiss Y...,5:00,2000-04-15,wk03,68.0
2000,Mya,The Best Of Me,4:12,2000-04-15,wk03,65.0
2000,Vitamin C,Graduation (Friends ...,4:23,2000-04-15,wk03,54.0
2000,"Walker, Clay",The Chain Of Love,5:03,2000-04-15,wk03,57.0
2000,504 Boyz,Wobble Wobble,3:35,2000-04-15,wk04,17.0
2000,"Aguilera, Christina",I Turn To You,4:00,2000-04-15,wk04,28.0
2000,"Blige, Mary J.",Give Me You,5:00,2000-04-15,wk04,76.0
2000,LFO,I Don't Wanna Kiss Y...,5:00,2000-04-15,wk04,73.0
2000,Mya,The Best Of Me,4:12,2000-04-15,wk04,62.0
2000,Vitamin C,Graduation (Friends ...,4:23,2000-04-15,wk04,54.0
2000,"Walker, Clay",The Chain Of Love,5:03,2000-04-15,wk04,57.0
2000,504 Boyz,Wobble Wobble,3:35,2000-04-15,wk05,17.0
2000,"Aguilera, Christina",I Turn To You,4:00,2000-04-15,wk05,21.0
2000,"Blige, Mary J.",Give Me You,5:00,2000-04-15,wk05,68.0
2000,LFO,I Don't Wanna Kiss Y...,5:00,2000-04-15,wk05,91.0
2000,Mya,The Best Of Me,4:12,2000-04-15,wk05,55.0
2000,Vitamin C,Graduation (Friends ...,4:23,2000-04-15,wk05,46.0
2000,"Walker, Clay",The Chain Of Love,5:03,2000-04-15,wk05,51.0
2000,504 Boyz,Wobble Wobble,3:35,2000-04-15,wk06,31.0
2000,"Aguilera, Christina",I Turn To You,4:00,2000-04-15,wk06,19.0
2000,"Blige, Mary J.",Give Me You,5:00,2000-04-15,wk06,77.0
2000,Mya,The Best Of Me,4:12,2000-04-15,wk06,50.0
2000,Vitamin C,Graduation (Friends ...,4:23,2000-04-15,wk06,40.0
2000,"Walker, Clay",The Chain Of Love,5:03,2000-04-15,wk06,48.0
2000,504 Boyz,Wobble Wobble,3:35,2000-04-15,wk07,36.0
2000,"Aguilera, Christina",I Turn To You,4:00,2000-04-15,wk07,20.0
2000,"Blige, Mary J.",Give Me You,5:00,2000-04-15,wk07,89.0
2000,Mya,The Best Of Me,4:12,2000-04-15,wk07,50.0
2000,Vitamin C,Graduation (Friends ...,4:23,2000-04-15,wk07,40.0
2000,"Walker, Clay",The Chain Of Love,5:03,2000-04-15,wk07,44.0
2000,504 Boyz,Wobble Wobble,3:35,2000-04-15,wk08,49.0
2000,"Aguilera, Christina",I Turn To You,4:00,2000-04-15,wk08,17.0
2000,"Blige, Mary J.",Give Me You,5:00,2000-04-15,wk08,90.0
2000,Mya,The Best Of Me,4:12,2000-04-15,wk08,56.0
2000,Vitamin C,Graduation (Friends ...,4:23,2000-04-15,wk08,40.0
2000,"Walker, Clay",The Chain Of Love,5:03,2000-04-15,wk08,43.0
2000,504 Boyz,Wobble Wobble,3:35,2000-04-15,wk09,53.0
2000,"Aguilera, Christina",I Turn To You,4:00,2000-04-15,wk09,17.0
2000,Mya,The Best Of Me,4:12,2000-04-15,wk09,61.0
2000,Vitamin C,Graduation (Friends ...,4:23,2000-04-15,wk09,38.0
2000,"Walker, Clay",The Chain Of Love,5:03,2000-04-15,wk09,40.0
2000,504 Boyz,Wobble Wobble,3:35,2000-04-15,wk10,57.0
2000,"Aguilera, Christina",I Turn To You,4:00,2000-04-15,wk10,17.0
2000,"Blige, Mary J.",Give Me You,5:00,2000-04-15,wk10,100.0
2000,Mya,The Best Of Me,4:12,2000-04-15,wk10,61.0
2000,Vitamin C,Graduation (Friends ...,4:23,2000-04-15,wk10,42.0
2000,"Walker, Clay",The Chain Of Love,5:03,2000-04-15,wk10,45.0
2000,504 Boyz,Wobble Wobble,3:35,2000-04-15,wk11,64.0
2000,"Aguilera, Christina",I Turn To You,4:00,2000-04-15,wk11,17.0
2000,Mya,The Best Of Me,4:12,2000-04-15,wk11,72.0
2000,Vitamin C,Graduation (Friends ...,4:23,2000-04-15,wk11,57.0
2000,"Walker, Clay",The Chain Of Love,5:03,2000-04-15,wk11,44.0
2000,504 Boyz,Wobble Wobble,3:35,2000-04-15,wk12,70.0
2000,"Aguilera, Christina",I Turn To You,4:00,2000-04-15,wk12,3.0
2000,Mya,The Best Of Me,4:12,2000-04-15,wk12,84.0
2000,Vitamin C,Graduation (Friends ...,4:23,2000-04-15,wk12,87.0
2000,"Walker, Clay",The Chain Of Love,5:03,2000-04-15,wk12,53.0
2000,504 Boyz,Wobble Wobble,3:35,2000-04-15,wk13,75.0
2000,"Aguilera, Christina",I Turn To You,4:00,2000-04-15,wk13,3.0
2000,Mya,The Best Of Me,4:12,2000-04-15,wk13,81.0
2000,"Walker, Clay",The Chain Of Love,5:03,2000-04-15,wk13,57.0
2000,504 Boyz,Wobble Wobble,3:35,2000-04-15,wk14,76.0
2000,"Aguilera, Christina",I Turn To You,4:00,2000-04-15,wk14,7.0
2000,Mya,The Best Of Me,4:12,2000-04-15,wk14,86.0
2000,"Walker, Clay",The Chain Of Love,5:03,2000-04-15,wk14,68.0
2000,504 Boyz,Wobble Wobble,3:35,2000-04-15,wk15,78.0
2000,"Aguilera, Christina",I Turn To You,4:00,2000-04-15,wk15,10.0
2000,Mya,The Best Of Me,4:12,2000-04-15,wk15,86.0
2000,"Walker, Clay",The Chain Of Love,5:03,2000-04-15,wk15,71.0
2000,504 Boyz,Wobble Wobble,3:35,2000-04-15,wk16,85.0
2000,"Aguilera, Christina",I Turn To You,4:00,2000-04-15,wk16,17.0
2000,Mya,The Best Of Me,4:12,2000-04-15,wk16,94.0
2000,"Walker, Clay",The Chain Of Love,5:03,2000-04-15,wk16,81.0
2000,504 Boyz,Wobble Wobble,3:35,2000-04-15,wk17,92.0
2000,"Aguilera, Christina",I Turn To You,4:00,2000-04-15,wk17,25.0
2000,Mya,The Best Of Me,4:12,2000-04-15,wk17,97.0
2000,"Walker, Clay",The Chain Of Love,5:03,2000-04-15,wk17,90.0
2000,504 Boyz,Wobble Wobble,3:35,2000-04-15,wk18,96.0
2000,"Aguilera, Christina",I Turn To You,4:00,2000-04-15,wk18,29.0
2000,"Walker, Clay",The Chain Of Love,5:03,2000-04-15,wk18,94.0
2000,"Aguilera, Christina",I Turn To You,4:00,2000-04-15,wk19,29.0
2000,"Walker, Clay",The Chain Of Love,5:03,2000-04-15,wk19,94.0
2000,"Aguilera, Christina",I Turn To You,4:00,2000-04-15,wk20,40.0
2000,"Walker, Clay",The Chain Of Love,5:03,2000-04-15,wk20,95.0
2000,"Aguilera, Christina",I Turn To You,4:00,2000-04-15,wk21,43.0
2000,"Aguilera, Christina",I Turn To You,4:00,2000-04-15,wk22,50.0
2000,Big Punisher,It's So Hard,3:25,2000-04-22,wk01,96.0
2000,Goo Goo Dolls,Broadway,3:54,2000-04-22,wk01,74.0
2000,Hanson,This Time Around,4:14,2000-04-22,wk01,22.0
2000,Jay-Z,Big Pimpin',3:55,2000-04-22,wk01,69.0
2000,"John, Elton",Someday Out Of The B...,4:41,2000-04-22,wk01,56.0
2000,"Jones, Donell",Where I Wanna Be,6:22,2000-04-22,wk01,81.0
2000,"Spears, Britney",Oops!.. I Did It Aga...,3:30,2000-04-22,wk01,67.0
2000,Big Punisher,It's So Hard,3:25,2000-04-22,wk02,87.0
2000,Goo Goo Dolls,Broadway,3:54,2000-04-22,wk02,58.0
2000,Hanson,This Time Around,4:14,2000-04-22,wk02,22.0
2000,Jay-Z,Big Pimpin',3:55,2000-04-22,wk02,52.0
2000,"John, Elton",Someday Out Of The B...,4:41,2000-04-22,wk02,56.0
2000,"Jones, Donell",Where I Wanna Be,6:22,2000-04-22,wk02,71.0
2000,"Spears, Britney",Oops!.. I Did It Aga...,3:30,2000-04-22,wk02,38.0
2000,Big Punisher,It's So Hard,3:25,2000-04-22,wk03,75.0
2000,Goo Goo Dolls,Broadway,3:54,2000-04-22,wk03,53.0
2000,Hanson,This Time Around,4:14,2000-04-22,wk03,20.0
2000,Jay-Z,Big Pimpin',3:55,2000-04-22,wk03,39.0
2000,"John, Elton",Someday Out Of The B...,4:41,2000-04-22,wk03,49.0
2000,"Jones, Donell",Where I Wanna Be,6:22,2000-04-22,wk03,65.0
2000,"Spears, Britney",Oops!.. I Did It Aga...,3:30,2000-04-22,wk03,26.0
2000,Big Punisher,It's So Hard,3:25,2000-04-22,wk04,79.0
2000,Goo Goo Dolls,Broadway,3:54,2000-04-22,wk04,42.0
2000,Hanson,This Time Around,4:14,2000-04-22,wk04,45.0
2000,Jay-Z,Big Pimpin',3:55,2000-04-22,wk04,33.0
2000,"John, Elton",Someday Out Of The B...,4:41,2000-04-22,wk04,59.0
2000,"Jones, Donell",Where I Wanna Be,6:22,2000-04-22,wk04,50.0
2000,"Spears, Britney",Oops!.. I Did It Aga...,3:30,2000-04-22,wk04,19.0
2000,Big Punisher,It's So Hard,3:25,2000-04-22,wk05,81.0
2000,Goo Goo Dolls,Broadway,3:54,2000-04-22,wk05,35.0
2000,Hanson,This Time Around,4:14,2000-04-22,wk05,87.0
2000,Jay-Z,Big Pimpin',3:55,2000-04-22,wk05,28.0
2000,"John, Elton",Someday Out Of The B...,4:41,2000-04-22,wk05,67.0
2000,"Jones, Donell",Where I Wanna Be,6:22,2000-04-22,wk05,41.0
2000,"Spears, Britney",Oops!.. I Did It Aga...,3:30,2000-04-22,wk05,15.0
2000,Big Punisher,It's So Hard,3:25,2000-04-22,wk06,81.0
2000,Goo Goo Dolls,Broadway,3:54,2000-04-22,wk06,31.0
2000,Hanson,This Time Around,4:14,2000-04-22,wk06,71.0
2000,Jay-Z,Big Pimpin',3:55,2000-04-22,wk06,25.0
2000,"John, Elton",Someday Out Of The B...,4:41,2000-04-22,wk06,60.0
2000,"Jones, Donell",Where I Wanna Be,6:22,2000-04-22,wk06,41.0
2000,"Spears, Britney",Oops!.. I Did It Aga...,3:30,2000-04-22,wk06,13.0
2000,Big Punisher,It's So Hard,3:25,2000-04-22,wk07,76.0
2000,Goo Goo Dolls,Broadway,3:54,2000-04-22,wk07,29.0
2000,Hanson,This Time Around,4:14,2000-04-22,wk07,95.0
2000,Jay-Z,Big Pimpin',3:55,2000-04-22,wk07,25.0
2000,"John, Elton",Someday Out Of The B...,4:41,2000-04-22,wk07,64.0
2000,"Jones, Donell",Where I Wanna Be,6:22,2000-04-22,wk07,36.0
2000,"Spears, Britney",Oops!.. I Did It Aga...,3:30,2000-04-22,wk07,12.0
2000,Big Punisher,It's So Hard,3:25,2000-04-22,wk08,76.0
2000,Goo Goo Dolls,Broadway,3:54,2000-04-22,wk08,25.0
2000,Jay-Z,Big Pimpin',3:55,2000-04-22,wk08,23.0
2000,"John, Elton",Someday Out Of The B...,4:41,2000-04-22,wk08,73.0
2000,"Jones, Donell",Where I Wanna Be,6:22,2000-04-22,wk08,41.0
2000,"Spears, Britney",Oops!.. I Did It Aga...,3:30,2000-04-22,wk08,9.0
2000,Big Punisher,It's So Hard,3:25,2000-04-22,wk09,78.0
2000,Goo Goo Dolls,Broadway,3:54,2000-04-22,wk09,29.0
2000,Jay-Z,Big Pimpin',3:55,2000-04-22,wk09,20.0
2000,"John, Elton",Someday Out Of The B...,4:41,2000-04-22,wk09,81.0
2000,"Jones, Donell",Where I Wanna Be,6:22,2000-04-22,wk09,38.0
2000,"Spears, Britney",Oops!.. I Did It Aga...,3:30,2000-04-22,wk09,9.0
2000,Big Punisher,It's So Hard,3:25,2000-04-22,wk10,84.0
2000,Goo Goo Dolls,Broadway,3:54,2000-04-22,wk10,26.0
2000,Jay-Z,Big Pimpin',3:55,2000-04-22,wk10,19.0
2000,"John, Elton",Someday Out Of The B...,4:41,2000-04-22,wk10,90.0
2000,"Jones, Donell",Where I Wanna Be,6:22,2000-04-22,wk10,35.0
2000,"Spears, Britney",Oops!.. I Did It Aga...,3:30,2000-04-22,wk10,10.0
2000,Big Punisher,It's So Hard,3:25,2000-04-22,wk11,90.0
2000,Goo Goo Dolls,Broadway,3:54,2000-04-22,wk11,24.0
2000,Jay-Z,Big Pimpin',3:55,2000-04-22,wk11,21.0
2000,"John, Elton",Someday Out Of The B...,4:41,2000-04-22,wk11,93.0
2000,"Jones, Donell",Where I Wanna Be,6:22,2000-04-22,wk11,33.0
2000,"Spears, Britney",Oops!.. I Did It Aga...,3:30,2000-04-22,wk11,14.0
2000,Big Punisher,It's So Hard,3:25,2000-04-22,wk12,88.0
2000,Goo Goo Dolls,Broadway,3:54,2000-04-22,wk12,33.0
2000,Jay-Z,Big Pimpin',3:55,2000-04-22,wk12,18.0
2000,"John, Elton",Someday Out Of The B...,4:41,2000-04-22,wk12,89.0
2000,"Jones, Donell",Where I Wanna Be,6:22,2000-04-22,wk12,29.0
2000,"Spears, Britney",Oops!.. I Did It Aga...,3:30,2000-04-22,wk12,15.0
2000,Big Punisher,It's So Hard,3:25,2000-04-22,wk13,94.0
2000,Goo Goo Dolls,Broadway,3:54,2000-04-22,wk13,46.0
2000,Jay-Z,Big Pimpin',3:55,2000-04-22,wk13,20.0
2000,"John, Elton",Someday Out Of The B...,4:41,2000-04-22,wk13,98.0
2000,"Jones, Donell",Where I Wanna Be,6:22,2000-04-22,wk13,36.0
2000,"Spears, Britney",Oops!.. I Did It Aga...,3:30,2000-04-22,wk13,17.0
2000,Big Punisher,It's So Hard,3:25,2000-04-22,wk14,98.0
2000,Goo Goo Dolls,Broadway,3:54,2000-04-22,wk14,48.0
2000,Jay-Z,Big Pimpin',3:55,2000-04-22,wk14,20.0
2000,"John, Elton",Someday Out Of The B...,4:41,2000-04-22,wk14,94.0
2000,"Jones, Donell",Where I Wanna Be,6:22,2000-04-22,wk14,34.0
2000,"Spears, Britney",Oops!.. I Did It Aga...,3:30,2000-04-22,wk14,24.0
2000,Big Punisher,It's So Hard,3:25,2000-04-22,wk15,100.0
2000,Goo Goo Dolls,Broadway,3:54,2000-04-22,wk15,57.0
2000,Jay-Z,Big Pimpin',3:55,2000-04-22,wk15,26.0
2000,"John, Elton",Someday Out Of The B...,4:41,2000-04-22,wk15,99.0
2000,"Jones, Donell",Where I Wanna Be,6:22,2000-04-22,wk15,34.0
2000,"Spears, Britney",Oops!.. I Did It Aga...,3:30,2000-04-22,wk15,35.0
2000,Goo Goo Dolls,Broadway,3:54,2000-04-22,wk16,62.0
2000,Jay-Z,Big Pimpin',3:55,2000-04-22,wk16,29.0
2000,"Jones, Donell",Where I Wanna Be,6:22,2000-04-22,wk16,40.0
2000,"Spears, Britney",Oops!.. I Did It Aga...,3:30,2000-04-22,wk16,49.0
2000,Goo Goo Dolls,Broadway,3:54,2000-04-22,wk17,74.0
2000,Jay-Z,Big Pimpin',3:55,2000-04-22,wk17,35.0
2000,"Jones, Donell",Where I Wanna Be,6:22,2000-04-22,wk17,42.0
2000,"Spears, Britney",Oops!.. I Did It Aga...,3:30,2000-04-22,wk17,77.0
2000,Goo Goo Dolls,Broadway,3:54,2000-04-22,wk18,82.0
2000,Jay-Z,Big Pimpin',3:55,2000-04-22,wk18,33.0
2000,"Jones, Donell",Where I Wanna Be,6:22,2000-04-22,wk18,49.0
2000,"Spears, Britney",Oops!.. I Did It Aga...,3:30,2000-04-22,wk18,85.0
2000,Goo Goo Dolls,Broadway,3:54,2000-04-22,wk19,85.0
2000,Jay-Z,Big Pimpin',3:55,2000-04-22,wk19,41.0
2000,"Jones, Donell",Where I Wanna Be,6:22,2000-04-22,wk19,55.0
2000,"Spears, Britney",Oops!.. I Did It Aga...,3:30,2000-04-22,wk19,90.0
2000,Goo Goo Dolls,Broadway,3:54,2000-04-22,wk20,87.0
2000,Jay-Z,Big Pimpin',3:55,2000-04-22,wk20,50.0
2000,"Jones, Donell",Where I Wanna Be,6:22,2000-04-22,wk20,62.0
2000,"Spears, Britney",Oops!.. I Did It Aga...,3:30,2000-04-22,wk20,96.0
2000,"Adkins, Trace",More,3:05,2000-04-29,wk01,84.0
2000,Avant,Separated,4:13,2000-04-29,wk01,62.0
2000,BBMak,Back Here,3:35,2000-04-29,wk01,99.0
2000,"Heatherly, Eric",Flowers On The Wall,3:16,2000-04-29,wk01,95.0
2000,Nelly,(Hot S**t) Country G...,4:17,2000-04-29,wk01,100.0
2000,Yankee Grey,Another Nine Minutes,3:10,2000-04-29,wk01,86.0
2000,matchbox twenty,Bent,4:12,2000-04-29,wk01,60.0
2000,"Adkins, Trace",More,3:05,2000-04-29,wk02,84.0
2000,Avant,Separated,4:13,2000-04-29,wk02,32.0
2000,BBMak,Back Here,3:35,2000-04-29,wk02,86.0
2000,"Heatherly, Eric",Flowers On The Wall,3:16,2000-04-29,wk02,88.0
2000,Nelly,(Hot S**t) Country G...,4:17,2000-04-29,wk02,99.0
2000,Yankee Grey,Another Nine Minutes,3:10,2000-04-29,wk02,83.0
2000,matchbox twenty,Bent,4:12,2000-04-29,wk02,37.0
2000,"Adkins, Trace",More,3:05,2000-04-29,wk03,75.0
2000,Avant,Separated,4:13,2000-04-29,wk03,30.0
2000,BBMak,Back Here,3:35,2000-04-29,wk03,60.0
2000,"Heatherly, Eric",Flowers On The Wall,3:16,2000-04-29,wk03,88.0
2000,Nelly,(Hot S**t) Country G...,4:17,2000-04-29,wk03,96.0
2000,Yankee Grey,Another Nine Minutes,3:10,2000-04-29,wk03,77.0
2000,matchbox twenty,Bent,4:12,2000-04-29,wk03,29.0
2000,"Adkins, Trace",More,3:05,2000-04-29,wk04,73.0
2000,Avant,Separated,4:13,2000-04-29,wk04,23.0
2000,BBMak,Back Here,3:35,2000-04-29,wk04,52.0
2000,"Heatherly, Eric",Flowers On The Wall,3:16,2000-04-29,wk04,82.0
2000,Nelly,(Hot S**t) Country G...,4:17,2000-04-29,wk04,76.0
2000,Yankee Grey,Another Nine Minutes,3:10,2000-04-29,wk04,74.0
2000,matchbox twenty,Bent,4:12,2000-04-29,wk04,24.0
2000,"Adkins, Trace",More,3:05,2000-04-29,wk05,73.0
2000,Avant,Separated,4:13,2000-04-29,wk05,26.0
2000,BBMak,Back Here,3:35,2000-04-29,wk05,38.0
2000,"Heatherly, Eric",Flowers On The Wall,3:16,2000-04-29,wk05,82.0
2000,Nelly,(Hot S**t) Country G...,4:17,2000-04-29,wk05,55.0
2000,Yankee Grey,Another Nine Minutes,3:10,2000-04-29,wk05,83.0
2000,matchbox twenty,Bent,4:12,2000-04-29,wk05,22.0
2000,"Adkins, Trace",More,3:05,2000-04-29,wk06,69.0
2000,Avant,Separated,4:13,2000-04-29,wk06,30.0
2000,BBMak,Back Here,3:35,2000-04-29,wk06,34.0
2000,"Heatherly, Eric",Flowers On The Wall,3:16,2000-04-29,wk06,77.0
2000,Nelly,(Hot S**t) Country G...,4:17,2000-04-29,wk06,37.0
2000,Yankee Grey,Another Nine Minutes,3:10,2000-04-29,wk06,79.0
2000,matchbox twenty,Bent,4:12,2000-04-29,wk06,21.0
2000,"Adkins, Trace",More,3:05,2000-04-29,wk07,68.0
2000,Avant,Separated,4:13,2000-04-29,wk07,35.0
2000,BBMak,Back Here,3:35,2000-04-29,wk07,28.0
2000,"Heatherly, Eric",Flowers On The Wall,3:16,2000-04-29,wk07,72.0
2000,Nelly,(Hot S**t) Country G...,4:17,2000-04-29,wk07,24.0
2000,Yankee Grey,Another Nine Minutes,3:10,2000-04-29,wk07,88.0
2000,matchbox twenty,Bent,4:12,2000-04-29,wk07,18.0
2000,"Adkins, Trace",More,3:05,2000-04-29,wk08,65.0
2000,Avant,Separated,4:13,2000-04-29,wk08,32.0
2000,BBMak,Back Here,3:35,2000-04-29,wk08,21.0
2000,"Heatherly, Eric",Flowers On The Wall,3:16,2000-04-29,wk08,67.0
2000,Nelly,(Hot S**t) Country G...,4:17,2000-04-29,wk08,24.0
2000,Yankee Grey,Another Nine Minutes,3:10,2000-04-29,wk08,95.0
2000,matchbox twenty,Bent,4:12,2000-04-29,wk08,16.0
2000,"Adkins, Trace",More,3:05,2000-04-29,wk09,73.0
2000,Avant,Separated,4:13,2000-04-29,wk09,32.0
2000,BBMak,Back Here,3:35,2000-04-29,wk09,18.0
2000,"Heatherly, Eric",Flowers On The Wall,3:16,2000-04-29,wk09,65.0
2000,Nelly,(Hot S**t) Country G...,4:17,2000-04-29,wk09,30.0
2000,matchbox twenty,Bent,4:12,2000-04-29,wk09,13.0
2000,"Adkins, Trace",More,3:05,2000-04-29,wk10,83.0
2000,Avant,Separated,4:13,2000-04-29,wk10,25.0
2000,BBMak,Back Here,3:35,2000-04-29,wk10,18.0
2000,"Heatherly, Eric",Flowers On The Wall,3:16,2000-04-29,wk10,65.0
2000,Nelly,(Hot S**t) Country G...,4:17,2000-04-29,wk10,36.0
2000,matchbox twenty,Bent,4:12,2000-04-29,wk10,12.0
2000,"Adkins, Trace",More,3:05,2000-04-29,wk11,92.0
2000,Avant,Separated,4:13,2000-04-29,wk11,23.0
2000,BBMak,Back Here,3:35,2000-04-29,wk11,19.0
2000,"Heatherly, Eric",Flowers On The Wall,3:16,2000-04-29,wk11,65.0
2000,Nelly,(Hot S**t) Country G...,4:17,2000-04-29,wk11,37.0
2000,matchbox twenty,Bent,4:12,2000-04-29,wk11,8.0
2000,Avant,Separated,4:13,2000-04-29,wk12,28.0
2000,BBMak,Back Here,3:35,2000-04-29,wk12,15.0
2000,"Heatherly, Eric",Flowers On The Wall,3:16,2000-04-29,wk12,60.0
2000,Nelly,(Hot S**t) Country G...,4:17,2000-04-29,wk12,30.0
2000,matchbox twenty,Bent,4:12,2000-04-29,wk12,6.0
2000,Avant,Separated,4:13,2000-04-29,wk13,27.0
2000,BBMak,Back Here,3:35,2000-04-29,wk13,18.0
2000,"Heatherly, Eric",Flowers On The Wall,3:16,2000-04-29,wk13,60.0
2000,Nelly,(Hot S**t) Country G...,4:17,2000-04-29,wk13,23.0
2000,matchbox twenty,Bent,4:12,2000-04-29,wk13,1.0
2000,Avant,Separated,4:13,2000-04-29,wk14,29.0
2000,BBMak,Back Here,3:35,2000-04-29,wk14,13.0
2000,"Heatherly, Eric",Flowers On The Wall,3:16,2000-04-29,wk14,53.0
2000,Nelly,(Hot S**t) Country G...,4:17,2000-04-29,wk14,21.0
2000,matchbox twenty,Bent,4:12,2000-04-29,wk14,2.0
2000,Avant,Separated,4:13,2000-04-29,wk15,27.0
2000,BBMak,Back Here,3:35,2000-04-29,wk15,16.0
2000,"Heatherly, Eric",Flowers On The Wall,3:16,2000-04-29,wk15,51.0
2000,Nelly,(Hot S**t) Country G...,4:17,2000-04-29,wk15,17.0
2000,matchbox twenty,Bent,4:12,2000-04-29,wk15,3.0
2000,Avant,Separated,4:13,2000-04-29,wk16,31.0
2000,BBMak,Back Here,3:35,2000-04-29,wk16,15.0
2000,"Heatherly, Eric",Flowers On The Wall,3:16,2000-04-29,wk16,50.0
2000,Nelly,(Hot S**t) Country G...,4:17,2000-04-29,wk16,17.0
2000,matchbox twenty,Bent,4:12,2000-04-29,wk16,2.0
2000,Avant,Separated,4:13,2000-04-29,wk17,31.0
2000,BBMak,Back Here,3:35,2000-04-29,wk17,16.0
2000,"Heatherly, Eric",Flowers On The Wall,3:16,2000-04-29,wk17,57.0
2000,Nelly,(Hot S**t) Country G...,4:17,2000-04-29,wk17,15.0
2000,matchbox twenty,Bent,4:12,2000-04-29,wk17,2.0
2000,Avant,Separated,4:13,2000-04-29,wk18,33.0
2000,BBMak,Back Here,3:35,2000-04-29,wk18,16.0
2000,"Heatherly, Eric",Flowers On The Wall,3:16,2000-04-29,wk18,77.0
2000,Nelly,(Hot S**t) Country G...,4:17,2000-04-29,wk18,11.0
2000,matchbox twenty,Bent,4:12,2000-04-29,wk18,3.0
2000,Avant,Separated,4:13,2000-04-29,wk19,40.0
2000,BBMak,Back Here,3:35,2000-04-29,wk19,17.0
2000,"Heatherly, Eric",Flowers On The Wall,3:16,2000-04-29,wk19,83.0
2000,Nelly,(Hot S**t) Country G...,4:17,2000-04-29,wk19,11.0
2000,matchbox twenty,Bent,4:12,2000-04-29,wk19,4.0
2000,Avant,Separated,4:13,2000-04-29,wk20,51.0
2000,BBMak,Back Here,3:35,2000-04-29,wk20,15.0
2000,"Heatherly, Eric",Flowers On The Wall,3:16,2000-04-29,wk20,89.0
2000,Nelly,(Hot S**t) Country G...,4:17,2000-04-29,wk20,10.0
2000,matchbox twenty,Bent,4:12,2000-04-29,wk20,5.0
2000,BBMak,Back Here,3:35,2000-04-29,wk21,18.0
2000,Nelly,(Hot S**t) Country G...,4:17,2000-04-29,wk21,7.0
2000,matchbox twenty,Bent,4:12,2000-04-29,wk21,4.0
2000,BBMak,Back Here,3:35,2000-04-29,wk22,17.0
2000,Nelly,(Hot S**t) Country G...,4:17,2000-04-29,wk22,7.0
2000,matchbox twenty,Bent,4:12,2000-04-29,wk22,4.0
2000,BBMak,Back Here,3:35,2000-04-29,wk23,16.0
2000,Nelly,(Hot S**t) Country G...,4:17,2000-04-29,wk23,8.0
2000,matchbox twenty,Bent,4:12,2000-04-29,wk23,6.0
2000,BBMak,Back Here,3:35,2000-04-29,wk24,22.0
2000,Nelly,(Hot S**t) Country G...,4:17,2000-04-29,wk24,10.0
2000,matchbox twenty,Bent,4:12,2000-04-29,wk24,9.0
2000,BBMak,Back Here,3:35,2000-04-29,wk25,24.0
2000,Nelly,(Hot S**t) Country G...,4:17,2000-04-29,wk25,11.0
2000,matchbox twenty,Bent,4:12,2000-04-29,wk25,12.0
2000,BBMak,Back Here,3:35,2000-04-29,wk26,30.0
2000,Nelly,(Hot S**t) Country G...,4:17,2000-04-29,wk26,12.0
2000,matchbox twenty,Bent,4:12,2000-04-29,wk26,13.0
2000,BBMak,Back Here,3:35,2000-04-29,wk27,36.0
2000,Nelly,(Hot S**t) Country G...,4:17,2000-04-29,wk27,12.0
2000,matchbox twenty,Bent,4:12,2000-04-29,wk27,19.0
2000,BBMak,Back Here,3:35,2000-04-29,wk28,37.0
2000,Nelly,(Hot S**t) Country G...,4:17,2000-04-29,wk28,17.0
2000,matchbox twenty,Bent,4:12,2000-04-29,wk28,20.0
2000,BBMak,Back Here,3:35,2000-04-29,wk29,42.0
2000,Nelly,(Hot S**t) Country G...,4:17,2000-04-29,wk29,19.0
2000,matchbox twenty,Bent,4:12,2000-04-29,wk29,20.0
2000,BBMak,Back Here,3:35,2000-04-29,wk30,45.0
2000,Nelly,(Hot S**t) Country G...,4:17,2000-04-29,wk30,23.0
2000,matchbox twenty,Bent,4:12,2000-04-29,wk30,24.0
2000,BBMak,Back Here,3:35,2000-04-29,wk31,49.0
2000,Nelly,(Hot S**t) Country G...,4:17,2000-04-29,wk31,33.0
2000,matchbox twenty,Bent,4:12,2000-04-29,wk31,29.0
2000,Nelly,(Hot S**t) Country G...,4:17,2000-04-29,wk32,37.0
2000,matchbox twenty,Bent,4:12,2000-04-29,wk32,28.0
2000,Nelly,(Hot S**t) Country G...,4:17,2000-04-29,wk33,36.0
2000,matchbox twenty,Bent,4:12,2000-04-29,wk33,27.0
2000,Nelly,(Hot S**t) Country G...,4:17,2000-04-29,wk34,49.0
2000,matchbox twenty,Bent,4:12,2000-04-29,wk34,30.0
2000,matchbox twenty,Bent,4:12,2000-04-29,wk35,33.0
2000,matchbox twenty,Bent,4:12,2000-04-29,wk36,37.0
2000,matchbox twenty,Bent,4:12,2000-04-29,wk37,38.0
2000,matchbox twenty,Bent,4:12,2000-04-29,wk38,38.0
2000,matchbox twenty,Bent,4:12,2000-04-29,wk39,48.0
2000,Eminem,The Real Slim Shady,4:42,2000-05-06,wk01,70.0
2000,Jagged Edge,Let's Get Married,4:23,2000-05-06,wk01,77.0
2000,N'Sync,It's Gonna Be Me,3:10,2000-05-06,wk01,82.0
2000,Nine Days,Absolutely (Story Of...,3:09,2000-05-06,wk01,85.0
2000,Rascal Flatts,Prayin' For Daylight,3:36,2000-05-06,wk01,87.0
2000,Eminem,The Real Slim Shady,4:42,2000-05-06,wk02,32.0
2000,Jagged Edge,Let's Get Married,4:23,2000-05-06,wk02,66.0
2000,N'Sync,It's Gonna Be Me,3:10,2000-05-06,wk02,70.0
2000,Nine Days,Absolutely (Story Of...,3:09,2000-05-06,wk02,71.0
2000,Rascal Flatts,Prayin' For Daylight,3:36,2000-05-06,wk02,78.0
2000,Eminem,The Real Slim Shady,4:42,2000-05-06,wk03,20.0
2000,Jagged Edge,Let's Get Married,4:23,2000-05-06,wk03,55.0
2000,N'Sync,It's Gonna Be Me,3:10,2000-05-06,wk03,51.0
2000,Nine Days,Absolutely (Story Of...,3:09,2000-05-06,wk03,59.0
2000,Rascal Flatts,Prayin' For Daylight,3:36,2000-05-06,wk03,72.0
2000,Eminem,The Real Slim Shady,4:42,2000-05-06,wk04,16.0
2000,Jagged Edge,Let's Get Married,4:23,2000-05-06,wk04,45.0
2000,N'Sync,It's Gonna Be Me,3:10,2000-05-06,wk04,39.0
2000,Nine Days,Absolutely (Story Of...,3:09,2000-05-06,wk04,52.0
2000,Rascal Flatts,Prayin' For Daylight,3:36,2000-05-06,wk04,68.0
2000,Eminem,The Real Slim Shady,4:42,2000-05-06,wk05,11.0
2000,Jagged Edge,Let's Get Married,4:23,2000-05-06,wk05,38.0
2000,N'Sync,It's Gonna Be Me,3:10,2000-05-06,wk05,26.0
2000,Nine Days,Absolutely (Story Of...,3:09,2000-05-06,wk05,39.0
2000,Rascal Flatts,Prayin' For Daylight,3:36,2000-05-06,wk05,66.0
2000,Eminem,The Real Slim Shady,4:42,2000-05-06,wk06,7.0
2000,Jagged Edge,Let's Get Married,4:23,2000-05-06,wk06,42.0
2000,N'Sync,It's Gonna Be Me,3:10,2000-05-06,wk06,19.0
2000,Nine Days,Absolutely (Story Of...,3:09,2000-05-06,wk06,34.0
2000,Rascal Flatts,Prayin' For Daylight,3:36,2000-05-06,wk06,64.0
2000,Eminem,The Real Slim Shady,4:42,2000-05-06,wk07,6.0
2000,Jagged Edge,Let's Get Married,4:23,2000-05-06,wk07,33.0
2000,N'Sync,It's Gonna Be Me,3:10,2000-05-06,wk07,15.0
2000,Nine Days,Absolutely (Story Of...,3:09,2000-05-06,wk07,26.0
2000,Rascal Flatts,Prayin' For Daylight,3:36,2000-05-06,wk07,58.0
2000,Eminem,The Real Slim Shady,4:42,2000-05-06,wk08,4.0
2000,Jagged Edge,Let's Get Married,4:23,2000-05-06,wk08,29.0
2000,N'Sync,It's Gonna Be Me,3:10,2000-05-06,wk08,9.0
2000,Nine Days,Absolutely (Story Of...,3:09,2000-05-06,wk08,20.0
2000,Rascal Flatts,Prayin' For Daylight,3:36,2000-05-06,wk08,58.0
2000,Eminem,The Real Slim Shady,4:42,2000-05-06,wk09,5.0
2000,Jagged Edge,Let's Get Married,4:23,2000-05-06,wk09,28.0
2000,N'Sync,It's Gonna Be Me,3:10,2000-05-06,wk09,7.0
2000,Nine Days,Absolutely (Story Of...,3:09,2000-05-06,wk09,17.0
2000,Rascal Flatts,Prayin' For Daylight,3:36,2000-05-06,wk09,56.0
2000,Eminem,The Real Slim Shady,4:42,2000-05-06,wk10,4.0
2000,Jagged Edge,Let's Get Married,4:23,2000-05-06,wk10,26.0
2000,N'Sync,It's Gonna Be Me,3:10,2000-05-06,wk10,7.0
2000,Nine Days,Absolutely (Story Of...,3:09,2000-05-06,wk10,13.0
2000,Rascal Flatts,Prayin' For Daylight,3:36,2000-05-06,wk10,54.0
2000,Eminem,The Real Slim Shady,4:42,2000-05-06,wk11,8.0
2000,Jagged Edge,Let's Get Married,4:23,2000-05-06,wk11,23.0
2000,N'Sync,It's Gonna Be Me,3:10,2000-05-06,wk11,5.0
2000,Nine Days,Absolutely (Story Of...,3:09,2000-05-06,wk11,11.0
2000,Rascal Flatts,Prayin' For Daylight,3:36,2000-05-06,wk11,49.0
2000,Eminem,The Real Slim Shady,4:42,2000-05-06,wk12,9.0
2000,Jagged Edge,Let's Get Married,4:23,2000-05-06,wk12,15.0
2000,N'Sync,It's Gonna Be Me,3:10,2000-05-06,wk12,4.0
2000,Nine Days,Absolutely (Story Of...,3:09,2000-05-06,wk12,6.0
2000,Rascal Flatts,Prayin' For Daylight,3:36,2000-05-06,wk12,46.0
2000,Eminem,The Real Slim Shady,4:42,2000-05-06,wk13,16.0
2000,Jagged Edge,Let's Get Married,4:23,2000-05-06,wk13,11.0
2000,N'Sync,It's Gonna Be Me,3:10,2000-05-06,wk13,1.0
2000,Nine Days,Absolutely (Story Of...,3:09,2000-05-06,wk13,6.0
2000,Rascal Flatts,Prayin' For Daylight,3:36,2000-05-06,wk13,46.0
2000,Eminem,The Real Slim Shady,4:42,2000-05-06,wk14,30.0
2000,Jagged Edge,Let's Get Married,4:23,2000-05-06,wk14,14.0
2000,N'Sync,It's Gonna Be Me,3:10,2000-05-06,wk14,1.0
2000,Nine Days,Absolutely (Story Of...,3:09,2000-05-06,wk14,8.0
2000,Rascal Flatts,Prayin' For Daylight,3:36,2000-05-06,wk14,41.0
2000,Eminem,The Real Slim Shady,4:42,2000-05-06,wk15,49.0
2000,Jagged Edge,Let's Get Married,4:23,2000-05-06,wk15,14.0
2000,N'Sync,It's Gonna Be Me,3:10,2000-05-06,wk15,3.0
2000,Nine Days,Absolutely (Story Of...,3:09,2000-05-06,wk15,8.0
2000,Rascal Flatts,Prayin' For Daylight,3:36,2000-05-06,wk15,38.0
2000,Eminem,The Real Slim Shady,4:42,2000-05-06,wk16,68.0
2000,Jagged Edge,Let's Get Married,4:23,2000-05-06,wk16,17.0
2000,N'Sync,It's Gonna Be Me,3:10,2000-05-06,wk16,4.0
2000,Nine Days,Absolutely (Story Of...,3:09,2000-05-06,wk16,7.0
2000,Rascal Flatts,Prayin' For Daylight,3:36,2000-05-06,wk16,38.0
2000,Eminem,The Real Slim Shady,4:42,2000-05-06,wk17,83.0
2000,Jagged Edge,Let's Get Married,4:23,2000-05-06,wk17,20.0
2000,N'Sync,It's Gonna Be Me,3:10,2000-05-06,wk17,6.0
2000,Nine Days,Absolutely (Story Of...,3:09,2000-05-06,wk17,8.0
2000,Rascal Flatts,Prayin' For Daylight,3:36,2000-05-06,wk17,47.0
2000,Eminem,The Real Slim Shady,4:42,2000-05-06,wk18,88.0
2000,Jagged Edge,Let's Get Married,4:23,2000-05-06,wk18,20.0
2000,N'Sync,It's Gonna Be Me,3:10,2000-05-06,wk18,10.0
2000,Nine Days,Absolutely (Story Of...,3:09,2000-05-06,wk18,9.0
2000,Rascal Flatts,Prayin' For Daylight,3:36,2000-05-06,wk18,65.0
2000,Eminem,The Real Slim Shady,4:42,2000-05-06,wk19,98.0
2000,Jagged Edge,Let's Get Married,4:23,2000-05-06,wk19,21.0
2000,N'Sync,It's Gonna Be Me,3:10,2000-05-06,wk19,13.0
2000,Nine Days,Absolutely (Story Of...,3:09,2000-05-06,wk19,11.0
2000,Rascal Flatts,Prayin' For Daylight,3:36,2000-05-06,wk19,72.0
2000,Jagged Edge,Let's Get Married,4:23,2000-05-06,wk20,23.0
2000,N'Sync,It's Gonna Be Me,3:10,2000-05-06,wk20,15.0
2000,Nine Days,Absolutely (Story Of...,3:09,2000-05-06,wk20,12.0
2000,Rascal Flatts,Prayin' For Daylight,3:36,2000-05-06,wk20,77.0
2000,Jagged Edge,Let's Get Married,4:23,2000-05-06,wk21,24.0
2000,N'Sync,It's Gonna Be Me,3:10,2000-05-06,wk21,18.0
2000,Nine Days,Absolutely (Story Of...,3:09,2000-05-06,wk21,14.0
2000,Jagged Edge,Let's Get Married,4:23,2000-05-06,wk22,29.0
2000,N'Sync,It's Gonna Be Me,3:10,2000-05-06,wk22,23.0
2000,Nine Days,Absolutely (Story Of...,3:09,2000-05-06,wk22,18.0
2000,Jagged Edge,Let's Get Married,4:23,2000-05-06,wk23,36.0
2000,N'Sync,It's Gonna Be Me,3:10,2000-05-06,wk23,28.0
2000,Nine Days,Absolutely (Story Of...,3:09,2000-05-06,wk23,26.0
2000,Jagged Edge,Let's Get Married,4:23,2000-05-06,wk24,47.0
2000,N'Sync,It's Gonna Be Me,3:10,2000-05-06,wk24,38.0
2000,Nine Days,Absolutely (Story Of...,3:09,2000-05-06,wk24,30.0
2000,N'Sync,It's Gonna Be Me,3:10,2000-05-06,wk25,48.0
2000,Nine Days,Absolutely (Story Of...,3:09,2000-05-06,wk25,36.0
2000,Nine Days,Absolutely (Story Of...,3:09,2000-05-06,wk26,41.0
2000,Nine Days,Absolutely (Story Of...,3:09,2000-05-06,wk27,48.0
2000,Creed,With Arms Wide Open,3:52,2000-05-13,wk01,84.0
2000,Destiny's Child,Jumpin' Jumpin',3:48,2000-05-13,wk01,74.0
2000,"McEntire, Reba",I'll Be,4:23,2000-05-13,wk01,89.0
2000,"McGraw, Tim",Some Things Never Ch...,3:56,2000-05-13,wk01,76.0
2000,Metallica,I Disappear,4:26,2000-05-13,wk01,86.0
2000,"Paisley, Brad",Me Neither,3:19,2000-05-13,wk01,87.0
2000,Pearl Jam,Nothing As It Seems,5:20,2000-05-13,wk01,49.0
2000,"Price, Kelly",Love Sets You Free,3:46,2000-05-13,wk01,92.0
2000,Sting,Desert Rose,3:52,2000-05-13,wk01,98.0
2000,Creed,With Arms Wide Open,3:52,2000-05-13,wk02,78.0
2000,Destiny's Child,Jumpin' Jumpin',3:48,2000-05-13,wk02,71.0
2000,"McEntire, Reba",I'll Be,4:23,2000-05-13,wk02,79.0
2000,"McGraw, Tim",Some Things Never Ch...,3:56,2000-05-13,wk02,66.0
2000,Metallica,I Disappear,4:26,2000-05-13,wk02,84.0
2000,"Paisley, Brad",Me Neither,3:19,2000-05-13,wk02,85.0
2000,Pearl Jam,Nothing As It Seems,5:20,2000-05-13,wk02,70.0
2000,"Price, Kelly",Love Sets You Free,3:46,2000-05-13,wk02,91.0
2000,Sting,Desert Rose,3:52,2000-05-13,wk02,88.0
2000,Creed,With Arms Wide Open,3:52,2000-05-13,wk03,76.0
2000,Destiny's Child,Jumpin' Jumpin',3:48,2000-05-13,wk03,65.0
2000,"McEntire, Reba",I'll Be,4:23,2000-05-13,wk03,79.0
2000,"McGraw, Tim",Some Things Never Ch...,3:56,2000-05-13,wk03,66.0
2000,Metallica,I Disappear,4:26,2000-05-13,wk03,88.0
2000,"Paisley, Brad",Me Neither,3:19,2000-05-13,wk03,90.0
2000,Pearl Jam,Nothing As It Seems,5:20,2000-05-13,wk03,84.0
2000,"Price, Kelly",Love Sets You Free,3:46,2000-05-13,wk03,98.0
2000,Sting,Desert Rose,3:52,2000-05-13,wk03,72.0
2000,Creed,With Arms Wide Open,3:52,2000-05-13,wk04,74.0
2000,Destiny's Child,Jumpin' Jumpin',3:48,2000-05-13,wk04,62.0
2000,"McEntire, Reba",I'll Be,4:23,2000-05-13,wk04,72.0
2000,"McGraw, Tim",Some Things Never Ch...,3:56,2000-05-13,wk04,65.0
2000,Metallica,I Disappear,4:26,2000-05-13,wk04,81.0
2000,"Paisley, Brad",Me Neither,3:19,2000-05-13,wk04,92.0
2000,Pearl Jam,Nothing As It Seems,5:20,2000-05-13,wk04,89.0
2000,"Price, Kelly",Love Sets You Free,3:46,2000-05-13,wk04,100.0
2000,Sting,Desert Rose,3:52,2000-05-13,wk04,59.0
2000,Creed,With Arms Wide Open,3:52,2000-05-13,wk05,70.0
2000,Destiny's Child,Jumpin' Jumpin',3:48,2000-05-13,wk05,57.0
2000,"McEntire, Reba",I'll Be,4:23,2000-05-13,wk05,69.0
2000,"McGraw, Tim",Some Things Never Ch...,3:56,2000-05-13,wk05,63.0
2000,Metallica,I Disappear,4:26,2000-05-13,wk05,81.0
2000,Pearl Jam,Nothing As It Seems,5:20,2000-05-13,wk05,93.0
2000,Sting,Desert Rose,3:52,2000-05-13,wk05,55.0
2000,Creed,With Arms Wide Open,3:52,2000-05-13,wk06,68.0
2000,Destiny's Child,Jumpin' Jumpin',3:48,2000-05-13,wk06,50.0
2000,"McEntire, Reba",I'll Be,4:23,2000-05-13,wk06,64.0
2000,"McGraw, Tim",Some Things Never Ch...,3:56,2000-05-13,wk06,60.0
2000,Metallica,I Disappear,4:26,2000-05-13,wk06,76.0
2000,Pearl Jam,Nothing As It Seems,5:20,2000-05-13,wk06,91.0
2000,Sting,Desert Rose,3:52,2000-05-13,wk06,52.0
2000,Creed,With Arms Wide Open,3:52,2000-05-13,wk07,74.0
2000,Destiny's Child,Jumpin' Jumpin',3:48,2000-05-13,wk07,40.0
2000,"McEntire, Reba",I'll Be,4:23,2000-05-13,wk07,61.0
2000,"McGraw, Tim",Some Things Never Ch...,3:56,2000-05-13,wk07,60.0
2000,Metallica,I Disappear,4:26,2000-05-13,wk07,81.0
2000,Sting,Desert Rose,3:52,2000-05-13,wk07,45.0
2000,Creed,With Arms Wide Open,3:52,2000-05-13,wk08,75.0
2000,Destiny's Child,Jumpin' Jumpin',3:48,2000-05-13,wk08,37.0
2000,"McEntire, Reba",I'll Be,4:23,2000-05-13,wk08,57.0
2000,"McGraw, Tim",Some Things Never Ch...,3:56,2000-05-13,wk08,58.0
2000,Metallica,I Disappear,4:26,2000-05-13,wk08,81.0
2000,Sting,Desert Rose,3:52,2000-05-13,wk08,35.0
2000,Creed,With Arms Wide Open,3:52,2000-05-13,wk09,69.0
2000,Destiny's Child,Jumpin' Jumpin',3:48,2000-05-13,wk09,22.0
2000,"McEntire, Reba",I'll Be,4:23,2000-05-13,wk09,55.0
2000,"McGraw, Tim",Some Things Never Ch...,3:56,2000-05-13,wk09,58.0
2000,Metallica,I Disappear,4:26,2000-05-13,wk09,78.0
2000,Sting,Desert Rose,3:52,2000-05-13,wk09,24.0
2000,Creed,With Arms Wide Open,3:52,2000-05-13,wk10,74.0
2000,Destiny's Child,Jumpin' Jumpin',3:48,2000-05-13,wk10,18.0
2000,"McEntire, Reba",I'll Be,4:23,2000-05-13,wk10,55.0
2000,"McGraw, Tim",Some Things Never Ch...,3:56,2000-05-13,wk10,58.0
2000,Metallica,I Disappear,4:26,2000-05-13,wk10,84.0
2000,Sting,Desert Rose,3:52,2000-05-13,wk10,21.0
2000,Creed,With Arms Wide Open,3:52,2000-05-13,wk11,70.0
2000,Destiny's Child,Jumpin' Jumpin',3:48,2000-05-13,wk11,13.0
2000,"McEntire, Reba",I'll Be,4:23,2000-05-13,wk11,52.0
2000,"McGraw, Tim",Some Things Never Ch...,3:56,2000-05-13,wk11,58.0
2000,Metallica,I Disappear,4:26,2000-05-13,wk11,83.0
2000,Sting,Desert Rose,3:52,2000-05-13,wk11,19.0
2000,Creed,With Arms Wide Open,3:52,2000-05-13,wk12,79.0
2000,Destiny's Child,Jumpin' Jumpin',3:48,2000-05-13,wk12,8.0
2000,"McEntire, Reba",I'll Be,4:23,2000-05-13,wk12,51.0
2000,"McGraw, Tim",Some Things Never Ch...,3:56,2000-05-13,wk12,59.0
2000,Metallica,I Disappear,4:26,2000-05-13,wk12,82.0
2000,Sting,Desert Rose,3:52,2000-05-13,wk12,19.0
2000,Creed,With Arms Wide Open,3:52,2000-05-13,wk13,84.0
2000,Destiny's Child,Jumpin' Jumpin',3:48,2000-05-13,wk13,6.0
2000,"McEntire, Reba",I'll Be,4:23,2000-05-13,wk13,53.0
2000,"McGraw, Tim",Some Things Never Ch...,3:56,2000-05-13,wk13,70.0
2000,Metallica,I Disappear,4:26,2000-05-13,wk13,87.0
2000,Sting,Desert Rose,3:52,2000-05-13,wk13,19.0
2000,Creed,With Arms Wide Open,3:52,2000-05-13,wk14,86.0
2000,Destiny's Child,Jumpin' Jumpin',3:48,2000-05-13,wk14,4.0
2000,"McEntire, Reba",I'll Be,4:23,2000-05-13,wk14,60.0
2000,"McGraw, Tim",Some Things Never Ch...,3:56,2000-05-13,wk14,93.0
2000,Metallica,I Disappear,4:26,2000-05-13,wk14,88.0
2000,Sting,Desert Rose,3:52,2000-05-13,wk14,19.0
2000,Creed,With Arms Wide Open,3:52,2000-05-13,wk15,76.0
2000,Destiny's Child,Jumpin' Jumpin',3:48,2000-05-13,wk15,3.0
2000,"McEntire, Reba",I'll Be,4:23,2000-05-13,wk15,81.0
2000,Metallica,I Disappear,4:26,2000-05-13,wk15,91.0
2000,Sting,Desert Rose,3:52,2000-05-13,wk15,18.0
2000,Creed,With Arms Wide Open,3:52,2000-05-13,wk16,62.0
2000,Destiny's Child,Jumpin' Jumpin',3:48,2000-05-13,wk16,4.0
2000,"McEntire, Reba",I'll Be,4:23,2000-05-13,wk16,84.0
2000,Metallica,I Disappear,4:26,2000-05-13,wk16,94.0
2000,Sting,Desert Rose,3:52,2000-05-13,wk16,17.0
2000,Creed,With Arms Wide Open,3:52,2000-05-13,wk17,45.0
2000,Destiny's Child,Jumpin' Jumpin',3:48,2000-05-13,wk17,3.0
2000,"McEntire, Reba",I'll Be,4:23,2000-05-13,wk17,93.0
2000,Metallica,I Disappear,4:26,2000-05-13,wk17,98.0
2000,Sting,Desert Rose,3:52,2000-05-13,wk17,19.0
2000,Creed,With Arms Wide Open,3:52,2000-05-13,wk18,29.0
2000,Destiny's Child,Jumpin' Jumpin',3:48,2000-05-13,wk18,3.0
2000,"McEntire, Reba",I'll Be,4:23,2000-05-13,wk18,91.0
2000,Metallica,I Disappear,4:26,2000-05-13,wk18,95.0
2000,Sting,Desert Rose,3:52,2000-05-13,wk18,19.0
2000,Creed,With Arms Wide Open,3:52,2000-05-13,wk19,19.0
2000,Destiny's Child,Jumpin' Jumpin',3:48,2000-05-13,wk19,3.0
2000,"McEntire, Reba",I'll Be,4:23,2000-05-13,wk19,94.0
2000,Metallica,I Disappear,4:26,2000-05-13,wk19,89.0
2000,Sting,Desert Rose,3:52,2000-05-13,wk19,24.0
2000,Creed,With Arms Wide Open,3:52,2000-05-13,wk20,11.0
2000,Destiny's Child,Jumpin' Jumpin',3:48,2000-05-13,wk20,3.0
2000,"McEntire, Reba",I'll Be,4:23,2000-05-13,wk20,100.0
2000,Metallica,I Disappear,4:26,2000-05-13,wk20,95.0
2000,Sting,Desert Rose,3:52,2000-05-13,wk20,26.0
2000,Creed,With Arms Wide Open,3:52,2000-05-13,wk21,10.0
2000,Destiny's Child,Jumpin' Jumpin',3:48,2000-05-13,wk21,4.0
2000,Sting,Desert Rose,3:52,2000-05-13,wk21,30.0
2000,Creed,With Arms Wide Open,3:52,2000-05-13,wk22,7.0
2000,Destiny's Child,Jumpin' Jumpin',3:48,2000-05-13,wk22,4.0
2000,Sting,Desert Rose,3:52,2000-05-13,wk22,32.0
2000,Creed,With Arms Wide Open,3:52,2000-05-13,wk23,5.0
2000,Destiny's Child,Jumpin' Jumpin',3:48,2000-05-13,wk23,6.0
2000,Sting,Desert Rose,3:52,2000-05-13,wk23,42.0
2000,Creed,With Arms Wide Open,3:52,2000-05-13,wk24,3.0
2000,Destiny's Child,Jumpin' Jumpin',3:48,2000-05-13,wk24,7.0
2000,Sting,Desert Rose,3:52,2000-05-13,wk24,45.0
2000,Creed,With Arms Wide Open,3:52,2000-05-13,wk25,3.0
2000,Destiny's Child,Jumpin' Jumpin',3:48,2000-05-13,wk25,6.0
2000,Sting,Desert Rose,3:52,2000-05-13,wk25,42.0
2000,Creed,With Arms Wide Open,3:52,2000-05-13,wk26,3.0
2000,Destiny's Child,Jumpin' Jumpin',3:48,2000-05-13,wk26,8.0
2000,Sting,Desert Rose,3:52,2000-05-13,wk26,49.0
2000,Creed,With Arms Wide Open,3:52,2000-05-13,wk27,1.0
2000,Destiny's Child,Jumpin' Jumpin',3:48,2000-05-13,wk27,10.0
2000,Creed,With Arms Wide Open,3:52,2000-05-13,wk28,2.0
2000,Destiny's Child,Jumpin' Jumpin',3:48,2000-05-13,wk28,15.0
2000,Creed,With Arms Wide Open,3:52,2000-05-13,wk29,2.0
2000,Destiny's Child,Jumpin' Jumpin',3:48,2000-05-13,wk29,24.0
2000,Creed,With Arms Wide Open,3:52,2000-05-13,wk30,3.0
2000,Destiny's Child,Jumpin' Jumpin',3:48,2000-05-13,wk30,30.0
2000,Creed,With Arms Wide Open,3:52,2000-05-13,wk31,3.0
2000,Destiny's Child,Jumpin' Jumpin',3:48,2000-05-13,wk31,35.0
2000,Creed,With Arms Wide Open,3:52,2000-05-13,wk32,3.0
2000,Destiny's Child,Jumpin' Jumpin',3:48,2000-05-13,wk32,39.0
2000,Creed,With Arms Wide Open,3:52,2000-05-13,wk33,4.0
2000,Creed,With Arms Wide Open,3:52,2000-05-13,wk34,5.0
2000,Creed,With Arms Wide Open,3:52,2000-05-13,wk35,5.0
2000,Creed,With Arms Wide Open,3:52,2000-05-13,wk36,5.0
2000,Creed,With Arms Wide Open,3:52,2000-05-13,wk37,5.0
2000,Creed,With Arms Wide Open,3:52,2000-05-13,wk38,9.0
2000,Creed,With Arms Wide Open,3:52,2000-05-13,wk39,12.0
2000,Creed,With Arms Wide Open,3:52,2000-05-13,wk40,13.0
2000,Creed,With Arms Wide Open,3:52,2000-05-13,wk41,13.0
2000,Creed,With Arms Wide Open,3:52,2000-05-13,wk42,17.0
2000,Creed,With Arms Wide Open,3:52,2000-05-13,wk43,22.0
2000,Creed,With Arms Wide Open,3:52,2000-05-13,wk44,26.0
2000,Creed,With Arms Wide Open,3:52,2000-05-13,wk45,28.0
2000,Creed,With Arms Wide Open,3:52,2000-05-13,wk46,37.0
2000,Creed,With Arms Wide Open,3:52,2000-05-13,wk47,41.0
2000,Before Dark,Monica,4:04,2000-05-20,wk01,95.0
2000,Lucy Pearl,Dance Tonight,3:45,2000-05-20,wk01,80.0
2000,Trick Daddy,Shut Up,4:17,2000-05-20,wk01,99.0
2000,Before Dark,Monica,4:04,2000-05-20,wk02,87.0
2000,Lucy Pearl,Dance Tonight,3:45,2000-05-20,wk02,75.0
2000,Trick Daddy,Shut Up,4:17,2000-05-20,wk02,95.0
2000,Before Dark,Monica,4:04,2000-05-20,wk03,80.0
2000,Lucy Pearl,Dance Tonight,3:45,2000-05-20,wk03,63.0
2000,Trick Daddy,Shut Up,4:17,2000-05-20,wk03,87.0
2000,Before Dark,Monica,4:04,2000-05-20,wk04,80.0
2000,Lucy Pearl,Dance Tonight,3:45,2000-05-20,wk04,59.0
2000,Trick Daddy,Shut Up,4:17,2000-05-20,wk04,87.0
2000,Before Dark,Monica,4:04,2000-05-20,wk05,77.0
2000,Lucy Pearl,Dance Tonight,3:45,2000-05-20,wk05,55.0
2000,Trick Daddy,Shut Up,4:17,2000-05-20,wk05,83.0
2000,Before Dark,Monica,4:04,2000-05-20,wk06,87.0
2000,Lucy Pearl,Dance Tonight,3:45,2000-05-20,wk06,49.0
2000,Trick Daddy,Shut Up,4:17,2000-05-20,wk06,83.0
2000,Before Dark,Monica,4:04,2000-05-20,wk07,91.0
2000,Lucy Pearl,Dance Tonight,3:45,2000-05-20,wk07,42.0
2000,Trick Daddy,Shut Up,4:17,2000-05-20,wk07,89.0
2000,Before Dark,Monica,4:04,2000-05-20,wk08,91.0
2000,Lucy Pearl,Dance Tonight,3:45,2000-05-20,wk08,42.0
2000,Trick Daddy,Shut Up,4:17,2000-05-20,wk08,87.0
2000,Before Dark,Monica,4:04,2000-05-20,wk09,100.0
2000,Lucy Pearl,Dance Tonight,3:45,2000-05-20,wk09,40.0
2000,Trick Daddy,Shut Up,4:17,2000-05-20,wk09,92.0
2000,Lucy Pearl,Dance Tonight,3:45,2000-05-20,wk10,40.0
2000,Trick Daddy,Shut Up,4:17,2000-05-20,wk10,92.0
2000,Lucy Pearl,Dance Tonight,3:45,2000-05-20,wk11,36.0
2000,Trick Daddy,Shut Up,4:17,2000-05-20,wk11,97.0
2000,Lucy Pearl,Dance Tonight,3:45,2000-05-20,wk12,43.0
2000,Lucy Pearl,Dance Tonight,3:45,2000-05-20,wk13,46.0
2000,Lucy Pearl,Dance Tonight,3:45,2000-05-20,wk14,54.0
2000,Lucy Pearl,Dance Tonight,3:45,2000-05-20,wk15,72.0
2000,Lucy Pearl,Dance Tonight,3:45,2000-05-20,wk16,84.0
2000,Lucy Pearl,Dance Tonight,3:45,2000-05-20,wk17,84.0
2000,Lucy Pearl,Dance Tonight,3:45,2000-05-20,wk18,86.0
2000,Lucy Pearl,Dance Tonight,3:45,2000-05-20,wk19,92.0
2000,"Backstreet Boys, The",The One,3:46,2000-05-27,wk01,58.0
2000,Dr. Dre,The Next Episode,2:38,2000-05-27,wk01,78.0
2000,Next,Wifey,4:03,2000-05-27,wk01,85.0
2000,"Rimes, LeAnn",I Need You,3:42,2000-05-27,wk01,77.0
2000,"Backstreet Boys, The",The One,3:46,2000-05-27,wk02,50.0
2000,Dr. Dre,The Next Episode,2:38,2000-05-27,wk02,67.0
2000,Next,Wifey,4:03,2000-05-27,wk02,61.0
2000,"Rimes, LeAnn",I Need You,3:42,2000-05-27,wk02,68.0
2000,"Backstreet Boys, The",The One,3:46,2000-05-27,wk03,43.0
2000,Dr. Dre,The Next Episode,2:38,2000-05-27,wk03,58.0
2000,Next,Wifey,4:03,2000-05-27,wk03,46.0
2000,"Rimes, LeAnn",I Need You,3:42,2000-05-27,wk03,67.0
2000,"Backstreet Boys, The",The One,3:46,2000-05-27,wk04,37.0
2000,Dr. Dre,The Next Episode,2:38,2000-05-27,wk04,53.0
2000,Next,Wifey,4:03,2000-05-27,wk04,40.0
2000,"Rimes, LeAnn",I Need You,3:42,2000-05-27,wk04,63.0
2000,"Backstreet Boys, The",The One,3:46,2000-05-27,wk05,31.0
2000,Dr. Dre,The Next Episode,2:38,2000-05-27,wk05,46.0
2000,Next,Wifey,4:03,2000-05-27,wk05,36.0
2000,"Rimes, LeAnn",I Need You,3:42,2000-05-27,wk05,59.0
2000,"Backstreet Boys, The",The One,3:46,2000-05-27,wk06,30.0
2000,Dr. Dre,The Next Episode,2:38,2000-05-27,wk06,41.0
2000,Next,Wifey,4:03,2000-05-27,wk06,31.0
2000,"Rimes, LeAnn",I Need You,3:42,2000-05-27,wk06,59.0
2000,"Backstreet Boys, The",The One,3:46,2000-05-27,wk07,39.0
2000,Dr. Dre,The Next Episode,2:38,2000-05-27,wk07,32.0
2000,Next,Wifey,4:03,2000-05-27,wk07,25.0
2000,"Rimes, LeAnn",I Need You,3:42,2000-05-27,wk07,59.0
2000,"Backstreet Boys, The",The One,3:46,2000-05-27,wk08,47.0
2000,Dr. Dre,The Next Episode,2:38,2000-05-27,wk08,27.0
2000,Next,Wifey,4:03,2000-05-27,wk08,22.0
2000,"Rimes, LeAnn",I Need You,3:42,2000-05-27,wk08,53.0
2000,"Backstreet Boys, The",The One,3:46,2000-05-27,wk09,55.0
2000,Dr. Dre,The Next Episode,2:38,2000-05-27,wk09,26.0
2000,Next,Wifey,4:03,2000-05-27,wk09,25.0
2000,"Rimes, LeAnn",I Need You,3:42,2000-05-27,wk09,51.0
2000,"Backstreet Boys, The",The One,3:46,2000-05-27,wk10,61.0
2000,Dr. Dre,The Next Episode,2:38,2000-05-27,wk10,23.0
2000,Next,Wifey,4:03,2000-05-27,wk10,24.0
2000,"Rimes, LeAnn",I Need You,3:42,2000-05-27,wk10,50.0
2000,"Backstreet Boys, The",The One,3:46,2000-05-27,wk11,76.0
2000,Dr. Dre,The Next Episode,2:38,2000-05-27,wk11,26.0
2000,Next,Wifey,4:03,2000-05-27,wk11,21.0
2000,"Rimes, LeAnn",I Need You,3:42,2000-05-27,wk11,13.0
2000,"Backstreet Boys, The",The One,3:46,2000-05-27,wk12,90.0
2000,Dr. Dre,The Next Episode,2:38,2000-05-27,wk12,27.0
2000,Next,Wifey,4:03,2000-05-27,wk12,20.0
2000,"Rimes, LeAnn",I Need You,3:42,2000-05-27,wk12,11.0
2000,"Backstreet Boys, The",The One,3:46,2000-05-27,wk13,93.0
2000,Dr. Dre,The Next Episode,2:38,2000-05-27,wk13,32.0
2000,Next,Wifey,4:03,2000-05-27,wk13,19.0
2000,"Rimes, LeAnn",I Need You,3:42,2000-05-27,wk13,11.0
2000,"Backstreet Boys, The",The One,3:46,2000-05-27,wk14,93.0
2000,Dr. Dre,The Next Episode,2:38,2000-05-27,wk14,32.0
2000,Next,Wifey,4:03,2000-05-27,wk14,19.0
2000,"Rimes, LeAnn",I Need You,3:42,2000-05-27,wk14,15.0
2000,"Backstreet Boys, The",The One,3:46,2000-05-27,wk15,100.0
2000,Dr. Dre,The Next Episode,2:38,2000-05-27,wk15,44.0
2000,Next,Wifey,4:03,2000-05-27,wk15,8.0
2000,"Rimes, LeAnn",I Need You,3:42,2000-05-27,wk15,12.0
2000,Dr. Dre,The Next Episode,2:38,2000-05-27,wk16,46.0
2000,Next,Wifey,4:03,2000-05-27,wk16,7.0
2000,"Rimes, LeAnn",I Need You,3:42,2000-05-27,wk16,12.0
2000,Dr. Dre,The Next Episode,2:38,2000-05-27,wk17,47.0
2000,Next,Wifey,4:03,2000-05-27,wk17,10.0
2000,"Rimes, LeAnn",I Need You,3:42,2000-05-27,wk17,13.0
2000,Dr. Dre,The Next Episode,2:38,2000-05-27,wk18,50.0
2000,Next,Wifey,4:03,2000-05-27,wk18,12.0
2000,"Rimes, LeAnn",I Need You,3:42,2000-05-27,wk18,16.0
2000,Dr. Dre,The Next Episode,2:38,2000-05-27,wk19,52.0
2000,Next,Wifey,4:03,2000-05-27,wk19,21.0
2000,"Rimes, LeAnn",I Need You,3:42,2000-05-27,wk19,19.0
2000,Dr. Dre,The Next Episode,2:38,2000-05-27,wk20,58.0
2000,Next,Wifey,4:03,2000-05-27,wk20,25.0
2000,"Rimes, LeAnn",I Need You,3:42,2000-05-27,wk20,21.0
2000,Next,Wifey,4:03,2000-05-27,wk21,35.0
2000,"Rimes, LeAnn",I Need You,3:42,2000-05-27,wk21,21.0
2000,"Rimes, LeAnn",I Need You,3:42,2000-05-27,wk22,24.0
2000,"Rimes, LeAnn",I Need You,3:42,2000-05-27,wk23,25.0
2000,"Rimes, LeAnn",I Need You,3:42,2000-05-27,wk24,30.0
2000,"Rimes, LeAnn",I Need You,3:42,2000-05-27,wk25,41.0
2000,Da Brat,What'Chu Like,3:57,2000-06-03,wk01,71.0
2000,Nu Flavor,3 Little Words,3:54,2000-06-03,wk01,97.0
2000,Da Brat,What'Chu Like,3:57,2000-06-03,wk02,65.0
2000,Nu Flavor,3 Little Words,3:54,2000-06-03,wk02,97.0
2000,Da Brat,What'Chu Like,3:57,2000-06-03,wk03,54.0
2000,Nu Flavor,3 Little Words,3:54,2000-06-03,wk03,89.0
2000,Da Brat,What'Chu Like,3:57,2000-06-03,wk04,54.0
2000,Nu Flavor,3 Little Words,3:54,2000-06-03,wk04,89.0
2000,Da Brat,What'Chu Like,3:57,2000-06-03,wk05,51.0
2000,Nu Flavor,3 Little Words,3:54,2000-06-03,wk05,94.0
2000,Da Brat,What'Chu Like,3:57,2000-06-03,wk06,41.0
2000,Nu Flavor,3 Little Words,3:54,2000-06-03,wk06,90.0
2000,Da Brat,What'Chu Like,3:57,2000-06-03,wk07,41.0
2000,Nu Flavor,3 Little Words,3:54,2000-06-03,wk07,99.0
2000,Da Brat,What'Chu Like,3:57,2000-06-03,wk08,33.0
2000,Nu Flavor,3 Little Words,3:54,2000-06-03,wk08,97.0
2000,Da Brat,What'Chu Like,3:57,2000-06-03,wk09,28.0
2000,Nu Flavor,3 Little Words,3:54,2000-06-03,wk09,98.0
2000,Da Brat,What'Chu Like,3:57,2000-06-03,wk10,31.0
2000,Da Brat,What'Chu Like,3:57,2000-06-03,wk11,26.0
2000,Da Brat,What'Chu Like,3:57,2000-06-03,wk12,28.0
2000,Da Brat,What'Chu Like,3:57,2000-06-03,wk13,36.0
2000,Da Brat,What'Chu Like,3:57,2000-06-03,wk14,39.0
2000,Da Brat,What'Chu Like,3:57,2000-06-03,wk15,49.0
2000,Da Brat,What'Chu Like,3:57,2000-06-03,wk16,58.0
2000,Da Brat,What'Chu Like,3:57,2000-06-03,wk17,62.0
2000,Da Brat,What'Chu Like,3:57,2000-06-03,wk18,65.0
2000,Da Brat,What'Chu Like,3:57,2000-06-03,wk19,68.0
2000,Da Brat,What'Chu Like,3:57,2000-06-03,wk20,68.0
2000,Brooks & Dunn,You'll Always Be Lov...,2:58,2000-06-10,wk01,95.0
2000,"Estefan, Gloria",No Me Dejes De Quere...,3:25,2000-06-10,wk01,77.0
2000,"Fabian, Lara",I Will Love Again,3:43,2000-06-10,wk01,91.0
2000,Ideal,Whatever,3:48,2000-06-10,wk01,75.0
2000,Lonestar,What About Now,3:30,2000-06-10,wk01,78.0
2000,Splender,I Think God Can Expl...,3:55,2000-06-10,wk01,71.0
2000,Brooks & Dunn,You'll Always Be Lov...,2:58,2000-06-10,wk02,85.0
2000,"Fabian, Lara",I Will Love Again,3:43,2000-06-10,wk02,80.0
2000,Ideal,Whatever,3:48,2000-06-10,wk02,75.0
2000,Lonestar,What About Now,3:30,2000-06-10,wk02,72.0
2000,Splender,I Think God Can Expl...,3:55,2000-06-10,wk02,66.0
2000,Brooks & Dunn,You'll Always Be Lov...,2:58,2000-06-10,wk03,85.0
2000,"Fabian, Lara",I Will Love Again,3:43,2000-06-10,wk03,75.0
2000,Ideal,Whatever,3:48,2000-06-10,wk03,67.0
2000,Lonestar,What About Now,3:30,2000-06-10,wk03,66.0
2000,Splender,I Think God Can Expl...,3:55,2000-06-10,wk03,62.0
2000,Brooks & Dunn,You'll Always Be Lov...,2:58,2000-06-10,wk04,85.0
2000,"Fabian, Lara",I Will Love Again,3:43,2000-06-10,wk04,61.0
2000,Ideal,Whatever,3:48,2000-06-10,wk04,73.0
2000,Lonestar,What About Now,3:30,2000-06-10,wk04,64.0
2000,Splender,I Think God Can Expl...,3:55,2000-06-10,wk04,62.0
2000,Brooks & Dunn,You'll Always Be Lov...,2:58,2000-06-10,wk05,83.0
2000,"Fabian, Lara",I Will Love Again,3:43,2000-06-10,wk05,60.0
2000,Ideal,Whatever,3:48,2000-06-10,wk05,64.0
2000,Lonestar,What About Now,3:30,2000-06-10,wk05,56.0
2000,Splender,I Think God Can Expl...,3:55,2000-06-10,wk05,62.0
2000,Brooks & Dunn,You'll Always Be Lov...,2:58,2000-06-10,wk06,83.0
2000,"Fabian, Lara",I Will Love Again,3:43,2000-06-10,wk06,52.0
2000,Ideal,Whatever,3:48,2000-06-10,wk06,56.0
2000,Lonestar,What About Now,3:30,2000-06-10,wk06,50.0
2000,Splender,I Think God Can Expl...,3:55,2000-06-10,wk06,64.0
2000,Brooks & Dunn,You'll Always Be Lov...,2:58,2000-06-10,wk07,82.0
2000,"Fabian, Lara",I Will Love Again,3:43,2000-06-10,wk07,45.0
2000,Ideal,Whatever,3:48,2000-06-10,wk07,54.0
2000,Lonestar,What About Now,3:30,2000-06-10,wk07,47.0
2000,Splender,I Think God Can Expl...,3:55,2000-06-10,wk07,65.0
2000,Brooks & Dunn,You'll Always Be Lov...,2:58,2000-06-10,wk08,74.0
2000,"Fabian, Lara",I Will Love Again,3:43,2000-06-10,wk08,40.0
2000,Ideal,Whatever,3:48,2000-06-10,wk08,54.0
2000,Lonestar,What About Now,3:30,2000-06-10,wk08,39.0
2000,Splender,I Think God Can Expl...,3:55,2000-06-10,wk08,71.0
2000,Brooks & Dunn,You'll Always Be Lov...,2:58,2000-06-10,wk09,74.0
2000,"Fabian, Lara",I Will Love Again,3:43,2000-06-10,wk09,36.0
2000,Ideal,Whatever,3:48,2000-06-10,wk09,54.0
2000,Lonestar,What About Now,3:30,2000-06-10,wk09,37.0
2000,Splender,I Think God Can Expl...,3:55,2000-06-10,wk09,81.0
2000,Brooks & Dunn,You'll Always Be Lov...,2:58,2000-06-10,wk10,68.0
2000,"Fabian, Lara",I Will Love Again,3:43,2000-06-10,wk10,32.0
2000,Ideal,Whatever,3:48,2000-06-10,wk10,48.0
2000,Lonestar,What About Now,3:30,2000-06-10,wk10,34.0
2000,Splender,I Think God Can Expl...,3:55,2000-06-10,wk10,89.0
2000,Brooks & Dunn,You'll Always Be Lov...,2:58,2000-06-10,wk11,62.0
2000,"Fabian, Lara",I Will Love Again,3:43,2000-06-10,wk11,37.0
2000,Ideal,Whatever,3:48,2000-06-10,wk11,47.0
2000,Lonestar,What About Now,3:30,2000-06-10,wk11,30.0
2000,Splender,I Think God Can Expl...,3:55,2000-06-10,wk11,95.0
2000,Brooks & Dunn,You'll Always Be Lov...,2:58,2000-06-10,wk12,56.0
2000,"Fabian, Lara",I Will Love Again,3:43,2000-06-10,wk12,45.0
2000,Ideal,Whatever,3:48,2000-06-10,wk12,50.0
2000,Lonestar,What About Now,3:30,2000-06-10,wk12,30.0
2000,Splender,I Think God Can Expl...,3:55,2000-06-10,wk12,100.0
2000,Brooks & Dunn,You'll Always Be Lov...,2:58,2000-06-10,wk13,56.0
2000,"Fabian, Lara",I Will Love Again,3:43,2000-06-10,wk13,68.0
2000,Ideal,Whatever,3:48,2000-06-10,wk13,60.0
2000,Lonestar,What About Now,3:30,2000-06-10,wk13,35.0
2000,Brooks & Dunn,You'll Always Be Lov...,2:58,2000-06-10,wk14,55.0
2000,"Fabian, Lara",I Will Love Again,3:43,2000-06-10,wk14,80.0
2000,Ideal,Whatever,3:48,2000-06-10,wk14,68.0
2000,Lonestar,What About Now,3:30,2000-06-10,wk14,36.0
2000,Brooks & Dunn,You'll Always Be Lov...,2:58,2000-06-10,wk15,62.0
2000,"Fabian, Lara",I Will Love Again,3:43,2000-06-10,wk15,80.0
2000,Ideal,Whatever,3:48,2000-06-10,wk15,73.0
2000,Lonestar,What About Now,3:30,2000-06-10,wk15,37.0
2000,Brooks & Dunn,You'll Always Be Lov...,2:58,2000-06-10,wk16,71.0
2000,"Fabian, Lara",I Will Love Again,3:43,2000-06-10,wk16,89.0
2000,Ideal,Whatever,3:48,2000-06-10,wk16,81.0
2000,Lonestar,What About Now,3:30,2000-06-10,wk16,43.0
2000,Brooks & Dunn,You'll Always Be Lov...,2:58,2000-06-10,wk17,86.0
2000,"Fabian, Lara",I Will Love Again,3:43,2000-06-10,wk17,96.0
2000,Ideal,Whatever,3:48,2000-06-10,wk17,92.0
2000,Lonestar,What About Now,3:30,2000-06-10,wk17,54.0
2000,Brooks & Dunn,You'll Always Be Lov...,2:58,2000-06-10,wk18,100.0
2000,Ideal,Whatever,3:48,2000-06-10,wk18,90.0
2000,Lonestar,What About Now,3:30,2000-06-10,wk18,60.0
2000,Brooks & Dunn,You'll Always Be Lov...,2:58,2000-06-10,wk19,98.0
2000,Lonestar,What About Now,3:30,2000-06-10,wk19,61.0
2000,Lonestar,What About Now,3:30,2000-06-10,wk20,69.0
2000,En Vogue,Riddle,5:10,2000-06-17,wk01,92.0
2000,"Gilman, Billy",One Voice,4:07,2000-06-17,wk01,86.0
2000,"Houston, Whitney",Could I Have This Ki...,3:54,2000-06-17,wk01,74.0
2000,"Houston, Whitney","Same Script, Differe...",4:45,2000-06-17,wk01,71.0
2000,Janet,Doesn't Really Matte...,4:17,2000-06-17,wk01,59.0
2000,"Moore, Mandy",I Wanna Be With You,4:12,2000-06-17,wk01,69.0
2000,"Worley, Darryl",When You Need My Lov...,3:35,2000-06-17,wk01,98.0
2000,En Vogue,Riddle,5:10,2000-06-17,wk02,92.0
2000,"Gilman, Billy",One Voice,4:07,2000-06-17,wk02,86.0
2000,"Houston, Whitney",Could I Have This Ki...,3:54,2000-06-17,wk02,68.0
2000,"Houston, Whitney","Same Script, Differe...",4:45,2000-06-17,wk02,71.0
2000,Janet,Doesn't Really Matte...,4:17,2000-06-17,wk02,52.0
2000,"Moore, Mandy",I Wanna Be With You,4:12,2000-06-17,wk02,63.0
2000,"Worley, Darryl",When You Need My Lov...,3:35,2000-06-17,wk02,88.0
2000,En Vogue,Riddle,5:10,2000-06-17,wk03,97.0
2000,"Gilman, Billy",One Voice,4:07,2000-06-17,wk03,82.0
2000,"Houston, Whitney",Could I Have This Ki...,3:54,2000-06-17,wk03,68.0
2000,"Houston, Whitney","Same Script, Differe...",4:45,2000-06-17,wk03,71.0
2000,Janet,Doesn't Really Matte...,4:17,2000-06-17,wk03,43.0
2000,"Moore, Mandy",I Wanna Be With You,4:12,2000-06-17,wk03,54.0
2000,"Worley, Darryl",When You Need My Lov...,3:35,2000-06-17,wk03,93.0
2000,En Vogue,Riddle,5:10,2000-06-17,wk04,100.0
2000,"Gilman, Billy",One Voice,4:07,2000-06-17,wk04,72.0
2000,"Houston, Whitney",Could I Have This Ki...,3:54,2000-06-17,wk04,67.0
2000,"Houston, Whitney","Same Script, Differe...",4:45,2000-06-17,wk04,71.0
2000,Janet,Doesn't Really Matte...,4:17,2000-06-17,wk04,30.0
2000,"Moore, Mandy",I Wanna Be With You,4:12,2000-06-17,wk04,50.0
2000,"Worley, Darryl",When You Need My Lov...,3:35,2000-06-17,wk04,92.0
2000,"Gilman, Billy",One Voice,4:07,2000-06-17,wk05,65.0
2000,"Houston, Whitney",Could I Have This Ki...,3:54,2000-06-17,wk05,59.0
2000,"Houston, Whitney","Same Script, Differe...",4:45,2000-06-17,wk05,70.0
2000,Janet,Doesn't Really Matte...,4:17,2000-06-17,wk05,29.0
2000,"Moore, Mandy",I Wanna Be With You,4:12,2000-06-17,wk05,45.0
2000,"Worley, Darryl",When You Need My Lov...,3:35,2000-06-17,wk05,85.0
2000,"Gilman, Billy",One Voice,4:07,2000-06-17,wk06,56.0
2000,"Houston, Whitney",Could I Have This Ki...,3:54,2000-06-17,wk06,59.0
2000,"Houston, Whitney","Same Script, Differe...",4:45,2000-06-17,wk06,75.0
2000,Janet,Doesn't Really Matte...,4:17,2000-06-17,wk06,22.0
2000,"Moore, Mandy",I Wanna Be With You,4:12,2000-06-17,wk06,42.0
2000,"Worley, Darryl",When You Need My Lov...,3:35,2000-06-17,wk06,85.0
2000,"Gilman, Billy",One Voice,4:07,2000-06-17,wk07,56.0
2000,"Houston, Whitney",Could I Have This Ki...,3:54,2000-06-17,wk07,60.0
2000,"Houston, Whitney","Same Script, Differe...",4:45,2000-06-17,wk07,77.0
2000,Janet,Doesn't Really Matte...,4:17,2000-06-17,wk07,15.0
2000,"Moore, Mandy",I Wanna Be With You,4:12,2000-06-17,wk07,31.0
2000,"Worley, Darryl",When You Need My Lov...,3:35,2000-06-17,wk07,84.0
2000,"Gilman, Billy",One Voice,4:07,2000-06-17,wk08,55.0
2000,"Houston, Whitney",Could I Have This Ki...,3:54,2000-06-17,wk08,52.0
2000,"Houston, Whitney","Same Script, Differe...",4:45,2000-06-17,wk08,88.0
2000,Janet,Doesn't Really Matte...,4:17,2000-06-17,wk08,10.0
2000,"Moore, Mandy",I Wanna Be With You,4:12,2000-06-17,wk08,28.0
2000,"Worley, Darryl",When You Need My Lov...,3:35,2000-06-17,wk08,80.0
2000,"Gilman, Billy",One Voice,4:07,2000-06-17,wk09,44.0
2000,"Houston, Whitney",Could I Have This Ki...,3:54,2000-06-17,wk09,54.0
2000,"Houston, Whitney","Same Script, Differe...",4:45,2000-06-17,wk09,91.0
2000,Janet,Doesn't Really Matte...,4:17,2000-06-17,wk09,10.0
2000,"Moore, Mandy",I Wanna Be With You,4:12,2000-06-17,wk09,24.0
2000,"Worley, Darryl",When You Need My Lov...,3:35,2000-06-17,wk09,80.0
2000,"Gilman, Billy",One Voice,4:07,2000-06-17,wk10,44.0
2000,"Houston, Whitney",Could I Have This Ki...,3:54,2000-06-17,wk10,56.0
2000,Janet,Doesn't Really Matte...,4:17,2000-06-17,wk10,5.0
2000,"Moore, Mandy",I Wanna Be With You,4:12,2000-06-17,wk10,34.0
2000,"Worley, Darryl",When You Need My Lov...,3:35,2000-06-17,wk10,80.0
2000,"Gilman, Billy",One Voice,4:07,2000-06-17,wk11,43.0
2000,"Houston, Whitney",Could I Have This Ki...,3:54,2000-06-17,wk11,59.0
2000,Janet,Doesn't Really Matte...,4:17,2000-06-17,wk11,1.0
2000,"Moore, Mandy",I Wanna Be With You,4:12,2000-06-17,wk11,42.0
2000,"Worley, Darryl",When You Need My Lov...,3:35,2000-06-17,wk11,80.0
2000,"Gilman, Billy",One Voice,4:07,2000-06-17,wk12,38.0
2000,"Houston, Whitney",Could I Have This Ki...,3:54,2000-06-17,wk12,70.0
2000,Janet,Doesn't Really Matte...,4:17,2000-06-17,wk12,1.0
2000,"Moore, Mandy",I Wanna Be With You,4:12,2000-06-17,wk12,53.0
2000,"Worley, Darryl",When You Need My Lov...,3:35,2000-06-17,wk12,75.0
2000,"Gilman, Billy",One Voice,4:07,2000-06-17,wk13,40.0
2000,"Houston, Whitney",Could I Have This Ki...,3:54,2000-06-17,wk13,69.0
2000,Janet,Doesn't Really Matte...,4:17,2000-06-17,wk13,1.0
2000,"Moore, Mandy",I Wanna Be With You,4:12,2000-06-17,wk13,65.0
2000,"Worley, Darryl",When You Need My Lov...,3:35,2000-06-17,wk13,78.0
2000,"Gilman, Billy",One Voice,4:07,2000-06-17,wk14,44.0
2000,"Houston, Whitney",Could I Have This Ki...,3:54,2000-06-17,wk14,81.0
2000,Janet,Doesn't Really Matte...,4:17,2000-06-17,wk14,2.0
2000,"Moore, Mandy",I Wanna Be With You,4:12,2000-06-17,wk14,66.0
2000,"Worley, Darryl",When You Need My Lov...,3:35,2000-06-17,wk14,86.0
2000,"Gilman, Billy",One Voice,4:07,2000-06-17,wk15,61.0
2000,"Houston, Whitney",Could I Have This Ki...,3:54,2000-06-17,wk15,87.0
2000,Janet,Doesn't Really Matte...,4:17,2000-06-17,wk15,2.0
2000,"Moore, Mandy",I Wanna Be With You,4:12,2000-06-17,wk15,77.0
2000,"Worley, Darryl",When You Need My Lov...,3:35,2000-06-17,wk15,99.0
2000,"Gilman, Billy",One Voice,4:07,2000-06-17,wk16,77.0
2000,"Houston, Whitney",Could I Have This Ki...,3:54,2000-06-17,wk16,95.0
2000,Janet,Doesn't Really Matte...,4:17,2000-06-17,wk16,3.0
2000,"Moore, Mandy",I Wanna Be With You,4:12,2000-06-17,wk16,94.0
2000,"Gilman, Billy",One Voice,4:07,2000-06-17,wk17,85.0
2000,"Houston, Whitney",Could I Have This Ki...,3:54,2000-06-17,wk17,98.0
2000,Janet,Doesn't Really Matte...,4:17,2000-06-17,wk17,3.0
2000,"Moore, Mandy",I Wanna Be With You,4:12,2000-06-17,wk17,99.0
2000,"Gilman, Billy",One Voice,4:07,2000-06-17,wk18,95.0
2000,"Houston, Whitney",Could I Have This Ki...,3:54,2000-06-17,wk18,100.0
2000,Janet,Doesn't Really Matte...,4:17,2000-06-17,wk18,7.0
2000,"Gilman, Billy",One Voice,4:07,2000-06-17,wk19,97.0
2000,Janet,Doesn't Really Matte...,4:17,2000-06-17,wk19,8.0
2000,"Houston, Whitney",Could I Have This Ki...,3:54,2000-06-17,wk20,97.0
2000,Janet,Doesn't Really Matte...,4:17,2000-06-17,wk20,20.0
2000,Janet,Doesn't Really Matte...,4:17,2000-06-17,wk21,25.0
2000,Janet,Doesn't Really Matte...,4:17,2000-06-17,wk22,37.0
2000,"Moore, Mandy",I Wanna Be With You,4:12,2000-06-17,wk22,93.0
2000,Janet,Doesn't Really Matte...,4:17,2000-06-17,wk23,40.0
2000,"Moore, Mandy",I Wanna Be With You,4:12,2000-06-17,wk23,91.0
2000,Janet,Doesn't Really Matte...,4:17,2000-06-17,wk24,41.0
2000,"Moore, Mandy",I Wanna Be With You,4:12,2000-06-17,wk24,91.0
2000,"Moore, Mandy",I Wanna Be With You,4:12,2000-06-17,wk25,90.0
2000,"Moore, Mandy",I Wanna Be With You,4:12,2000-06-17,wk26,89.0
2000,"Moore, Mandy",I Wanna Be With You,4:12,2000-06-17,wk27,86.0
2000,"Carey, Mariah",Crybaby,5:19,2000-06-24,wk01,28.0
2000,"Carter, Torrey",Take That,3:43,2000-06-24,wk01,94.0
2000,"Dixie Chicks, The",Cold Day In July,5:12,2000-06-24,wk01,80.0
2000,"Henley, Don",Taking You Home,4:08,2000-06-24,wk01,79.0
2000,"Jackson, Alan",It Must Be Love,2:53,2000-06-24,wk01,76.0
2000,"Messina, Jo Dee",That's The Way,3:17,2000-06-24,wk01,78.0
2000,Sisqo,Incomplete,3:52,2000-06-24,wk01,77.0
2000,"Carey, Mariah",Crybaby,5:19,2000-06-24,wk02,34.0
2000,"Carter, Torrey",Take That,3:43,2000-06-24,wk02,88.0
2000,"Dixie Chicks, The",Cold Day In July,5:12,2000-06-24,wk02,79.0
2000,"Henley, Don",Taking You Home,4:08,2000-06-24,wk02,77.0
2000,"Jackson, Alan",It Must Be Love,2:53,2000-06-24,wk02,74.0
2000,"Messina, Jo Dee",That's The Way,3:17,2000-06-24,wk02,67.0
2000,Sisqo,Incomplete,3:52,2000-06-24,wk02,66.0
2000,"Carey, Mariah",Crybaby,5:19,2000-06-24,wk03,48.0
2000,"Carter, Torrey",Take That,3:43,2000-06-24,wk03,86.0
2000,"Dixie Chicks, The",Cold Day In July,5:12,2000-06-24,wk03,76.0
2000,"Henley, Don",Taking You Home,4:08,2000-06-24,wk03,74.0
2000,"Jackson, Alan",It Must Be Love,2:53,2000-06-24,wk03,68.0
2000,"Messina, Jo Dee",That's The Way,3:17,2000-06-24,wk03,63.0
2000,Sisqo,Incomplete,3:52,2000-06-24,wk03,61.0
2000,"Carey, Mariah",Crybaby,5:19,2000-06-24,wk04,62.0
2000,"Carter, Torrey",Take That,3:43,2000-06-24,wk04,91.0
2000,"Dixie Chicks, The",Cold Day In July,5:12,2000-06-24,wk04,72.0
2000,"Henley, Don",Taking You Home,4:08,2000-06-24,wk04,73.0
2000,"Jackson, Alan",It Must Be Love,2:53,2000-06-24,wk04,63.0
2000,"Messina, Jo Dee",That's The Way,3:17,2000-06-24,wk04,54.0
2000,Sisqo,Incomplete,3:52,2000-06-24,wk04,61.0
2000,"Carey, Mariah",Crybaby,5:19,2000-06-24,wk05,77.0
2000,"Carter, Torrey",Take That,3:43,2000-06-24,wk05,89.0
2000,"Dixie Chicks, The",Cold Day In July,5:12,2000-06-24,wk05,68.0
2000,"Henley, Don",Taking You Home,4:08,2000-06-24,wk05,66.0
2000,"Jackson, Alan",It Must Be Love,2:53,2000-06-24,wk05,57.0
2000,"Messina, Jo Dee",That's The Way,3:17,2000-06-24,wk05,50.0
2000,Sisqo,Incomplete,3:52,2000-06-24,wk05,61.0
2000,"Carey, Mariah",Crybaby,5:19,2000-06-24,wk06,90.0
2000,"Carter, Torrey",Take That,3:43,2000-06-24,wk06,87.0
2000,"Dixie Chicks, The",Cold Day In July,5:12,2000-06-24,wk06,68.0
2000,"Henley, Don",Taking You Home,4:08,2000-06-24,wk06,62.0
2000,"Jackson, Alan",It Must Be Love,2:53,2000-06-24,wk06,49.0
2000,"Messina, Jo Dee",That's The Way,3:17,2000-06-24,wk06,44.0
2000,Sisqo,Incomplete,3:52,2000-06-24,wk06,55.0
2000,"Carey, Mariah",Crybaby,5:19,2000-06-24,wk07,95.0
2000,"Carter, Torrey",Take That,3:43,2000-06-24,wk07,99.0
2000,"Dixie Chicks, The",Cold Day In July,5:12,2000-06-24,wk07,65.0
2000,"Henley, Don",Taking You Home,4:08,2000-06-24,wk07,58.0
2000,"Jackson, Alan",It Must Be Love,2:53,2000-06-24,wk07,44.0
2000,"Messina, Jo Dee",That's The Way,3:17,2000-06-24,wk07,38.0
2000,Sisqo,Incomplete,3:52,2000-06-24,wk07,2.0
2000,"Dixie Chicks, The",Cold Day In July,5:12,2000-06-24,wk08,70.0
2000,"Henley, Don",Taking You Home,4:08,2000-06-24,wk08,58.0
2000,"Jackson, Alan",It Must Be Love,2:53,2000-06-24,wk08,39.0
2000,"Messina, Jo Dee",That's The Way,3:17,2000-06-24,wk08,30.0
2000,Sisqo,Incomplete,3:52,2000-06-24,wk08,1.0
2000,"Dixie Chicks, The",Cold Day In July,5:12,2000-06-24,wk09,84.0
2000,"Henley, Don",Taking You Home,4:08,2000-06-24,wk09,61.0
2000,"Jackson, Alan",It Must Be Love,2:53,2000-06-24,wk09,39.0
2000,"Messina, Jo Dee",That's The Way,3:17,2000-06-24,wk09,27.0
2000,Sisqo,Incomplete,3:52,2000-06-24,wk09,1.0
2000,"Dixie Chicks, The",Cold Day In July,5:12,2000-06-24,wk10,91.0
2000,"Henley, Don",Taking You Home,4:08,2000-06-24,wk10,68.0
2000,"Jackson, Alan",It Must Be Love,2:53,2000-06-24,wk10,38.0
2000,"Messina, Jo Dee",That's The Way,3:17,2000-06-24,wk10,25.0
2000,Sisqo,Incomplete,3:52,2000-06-24,wk10,2.0
2000,"Henley, Don",Taking You Home,4:08,2000-06-24,wk11,71.0
2000,"Jackson, Alan",It Must Be Love,2:53,2000-06-24,wk11,37.0
2000,"Messina, Jo Dee",That's The Way,3:17,2000-06-24,wk11,31.0
2000,Sisqo,Incomplete,3:52,2000-06-24,wk11,2.0
2000,"Henley, Don",Taking You Home,4:08,2000-06-24,wk12,71.0
2000,"Jackson, Alan",It Must Be Love,2:53,2000-06-24,wk12,37.0
2000,"Messina, Jo Dee",That's The Way,3:17,2000-06-24,wk12,28.0
2000,Sisqo,Incomplete,3:52,2000-06-24,wk12,4.0
2000,"Henley, Don",Taking You Home,4:08,2000-06-24,wk13,79.0
2000,"Jackson, Alan",It Must Be Love,2:53,2000-06-24,wk13,40.0
2000,"Messina, Jo Dee",That's The Way,3:17,2000-06-24,wk13,30.0
2000,Sisqo,Incomplete,3:52,2000-06-24,wk13,5.0
2000,"Henley, Don",Taking You Home,4:08,2000-06-24,wk14,83.0
2000,"Jackson, Alan",It Must Be Love,2:53,2000-06-24,wk14,47.0
2000,"Messina, Jo Dee",That's The Way,3:17,2000-06-24,wk14,28.0
2000,Sisqo,Incomplete,3:52,2000-06-24,wk14,5.0
2000,"Henley, Don",Taking You Home,4:08,2000-06-24,wk15,85.0
2000,"Jackson, Alan",It Must Be Love,2:53,2000-06-24,wk15,62.0
2000,"Messina, Jo Dee",That's The Way,3:17,2000-06-24,wk15,32.0
2000,Sisqo,Incomplete,3:52,2000-06-24,wk15,7.0
2000,"Henley, Don",Taking You Home,4:08,2000-06-24,wk16,87.0
2000,"Jackson, Alan",It Must Be Love,2:53,2000-06-24,wk16,64.0
2000,"Messina, Jo Dee",That's The Way,3:17,2000-06-24,wk16,35.0
2000,Sisqo,Incomplete,3:52,2000-06-24,wk16,8.0
2000,"Henley, Don",Taking You Home,4:08,2000-06-24,wk17,83.0
2000,"Jackson, Alan",It Must Be Love,2:53,2000-06-24,wk17,75.0
2000,"Messina, Jo Dee",That's The Way,3:17,2000-06-24,wk17,48.0
2000,Sisqo,Incomplete,3:52,2000-06-24,wk17,10.0
2000,"Henley, Don",Taking You Home,4:08,2000-06-24,wk18,90.0
2000,"Jackson, Alan",It Must Be Love,2:53,2000-06-24,wk18,80.0
2000,"Messina, Jo Dee",That's The Way,3:17,2000-06-24,wk18,46.0
2000,Sisqo,Incomplete,3:52,2000-06-24,wk18,10.0
2000,"Henley, Don",Taking You Home,4:08,2000-06-24,wk19,87.0
2000,"Jackson, Alan",It Must Be Love,2:53,2000-06-24,wk19,84.0
2000,"Messina, Jo Dee",That's The Way,3:17,2000-06-24,wk19,51.0
2000,Sisqo,Incomplete,3:52,2000-06-24,wk19,9.0
2000,"Henley, Don",Taking You Home,4:08,2000-06-24,wk20,87.0
2000,"Jackson, Alan",It Must Be Love,2:53,2000-06-24,wk20,89.0
2000,"Messina, Jo Dee",That's The Way,3:17,2000-06-24,wk20,59.0
2000,Sisqo,Incomplete,3:52,2000-06-24,wk20,14.0
2000,Sisqo,Incomplete,3:52,2000-06-24,wk21,17.0
2000,Sisqo,Incomplete,3:52,2000-06-24,wk22,20.0
2000,Sisqo,Incomplete,3:52,2000-06-24,wk23,25.0
2000,Sisqo,Incomplete,3:52,2000-06-24,wk24,31.0
2000,Sisqo,Incomplete,3:52,2000-06-24,wk25,32.0
2000,Sisqo,Incomplete,3:52,2000-06-24,wk26,46.0
2000,DMX,What You Want,4:05,2000-07-01,wk01,98.0
2000,"Eastsidaz, The",Got Beef,3:58,2000-07-01,wk01,99.0
2000,No Doubt,Simple Kind Of Life,4:11,2000-07-01,wk01,50.0
2000,Ruff Endz,No More,3:56,2000-07-01,wk01,76.0
2000,"Simpson, Jessica",I Think I'm In Love ...,3:32,2000-07-01,wk01,63.0
2000,DMX,What You Want,4:05,2000-07-01,wk02,95.0
2000,"Eastsidaz, The",Got Beef,3:58,2000-07-01,wk02,99.0
2000,No Doubt,Simple Kind Of Life,4:11,2000-07-01,wk02,40.0
2000,Ruff Endz,No More,3:56,2000-07-01,wk02,38.0
2000,"Simpson, Jessica",I Think I'm In Love ...,3:32,2000-07-01,wk02,52.0
2000,DMX,What You Want,4:05,2000-07-01,wk03,95.0
2000,No Doubt,Simple Kind Of Life,4:11,2000-07-01,wk03,39.0
2000,Ruff Endz,No More,3:56,2000-07-01,wk03,19.0
2000,"Simpson, Jessica",I Think I'm In Love ...,3:32,2000-07-01,wk03,44.0
2000,DMX,What You Want,4:05,2000-07-01,wk04,87.0
2000,No Doubt,Simple Kind Of Life,4:11,2000-07-01,wk04,38.0
2000,Ruff Endz,No More,3:56,2000-07-01,wk04,17.0
2000,"Simpson, Jessica",I Think I'm In Love ...,3:32,2000-07-01,wk04,29.0
2000,DMX,What You Want,4:05,2000-07-01,wk05,86.0
2000,No Doubt,Simple Kind Of Life,4:11,2000-07-01,wk05,38.0
2000,Ruff Endz,No More,3:56,2000-07-01,wk05,12.0
2000,"Simpson, Jessica",I Think I'm In Love ...,3:32,2000-07-01,wk05,25.0
2000,DMX,What You Want,4:05,2000-07-01,wk06,79.0
2000,No Doubt,Simple Kind Of Life,4:11,2000-07-01,wk06,48.0
2000,Ruff Endz,No More,3:56,2000-07-01,wk06,15.0
2000,"Simpson, Jessica",I Think I'm In Love ...,3:32,2000-07-01,wk06,23.0
2000,DMX,What You Want,4:05,2000-07-01,wk07,62.0
2000,No Doubt,Simple Kind Of Life,4:11,2000-07-01,wk07,52.0
2000,Ruff Endz,No More,3:56,2000-07-01,wk07,12.0
2000,"Simpson, Jessica",I Think I'm In Love ...,3:32,2000-07-01,wk07,21.0
2000,DMX,What You Want,4:05,2000-07-01,wk08,60.0
2000,No Doubt,Simple Kind Of Life,4:11,2000-07-01,wk08,55.0
2000,Ruff Endz,No More,3:56,2000-07-01,wk08,10.0
2000,"Simpson, Jessica",I Think I'm In Love ...,3:32,2000-07-01,wk08,21.0
2000,DMX,What You Want,4:05,2000-07-01,wk09,58.0
2000,No Doubt,Simple Kind Of Life,4:11,2000-07-01,wk09,80.0
2000,Ruff Endz,No More,3:56,2000-07-01,wk09,7.0
2000,"Simpson, Jessica",I Think I'm In Love ...,3:32,2000-07-01,wk09,21.0
2000,DMX,What You Want,4:05,2000-07-01,wk10,57.0
2000,No Doubt,Simple Kind Of Life,4:11,2000-07-01,wk10,85.0
2000,Ruff Endz,No More,3:56,2000-07-01,wk10,5.0
2000,"Simpson, Jessica",I Think I'm In Love ...,3:32,2000-07-01,wk10,27.0
2000,DMX,What You Want,4:05,2000-07-01,wk11,52.0
2000,No Doubt,Simple Kind Of Life,4:11,2000-07-01,wk11,88.0
2000,Ruff Endz,No More,3:56,2000-07-01,wk11,8.0
2000,"Simpson, Jessica",I Think I'm In Love ...,3:32,2000-07-01,wk11,38.0
2000,DMX,What You Want,4:05,2000-07-01,wk12,55.0
2000,No Doubt,Simple Kind Of Life,4:11,2000-07-01,wk12,100.0
2000,Ruff Endz,No More,3:56,2000-07-01,wk12,8.0
2000,"Simpson, Jessica",I Think I'm In Love ...,3:32,2000-07-01,wk12,38.0
2000,DMX,What You Want,4:05,2000-07-01,wk13,49.0
2000,No Doubt,Simple Kind Of Life,4:11,2000-07-01,wk13,98.0
2000,Ruff Endz,No More,3:56,2000-07-01,wk13,10.0
2000,"Simpson, Jessica",I Think I'm In Love ...,3:32,2000-07-01,wk13,57.0
2000,DMX,What You Want,4:05,2000-07-01,wk14,57.0
2000,Ruff Endz,No More,3:56,2000-07-01,wk14,12.0
2000,"Simpson, Jessica",I Think I'm In Love ...,3:32,2000-07-01,wk14,74.0
2000,DMX,What You Want,4:05,2000-07-01,wk15,62.0
2000,Ruff Endz,No More,3:56,2000-07-01,wk15,14.0
2000,"Simpson, Jessica",I Think I'm In Love ...,3:32,2000-07-01,wk15,89.0
2000,DMX,What You Want,4:05,2000-07-01,wk16,65.0
2000,Ruff Endz,No More,3:56,2000-07-01,wk16,15.0
2000,"Simpson, Jessica",I Think I'm In Love ...,3:32,2000-07-01,wk16,96.0
2000,DMX,What You Want,4:05,2000-07-01,wk17,87.0
2000,Ruff Endz,No More,3:56,2000-07-01,wk17,19.0
2000,DMX,What You Want,4:05,2000-07-01,wk18,89.0
2000,Ruff Endz,No More,3:56,2000-07-01,wk18,23.0
2000,DMX,What You Want,4:05,2000-07-01,wk19,99.0
2000,Ruff Endz,No More,3:56,2000-07-01,wk19,21.0
2000,DMX,What You Want,4:05,2000-07-01,wk20,100.0
2000,Ruff Endz,No More,3:56,2000-07-01,wk20,18.0
2000,Ruff Endz,No More,3:56,2000-07-01,wk21,19.0
2000,Ruff Endz,No More,3:56,2000-07-01,wk22,22.0
2000,Ruff Endz,No More,3:56,2000-07-01,wk23,23.0
2000,Ruff Endz,No More,3:56,2000-07-01,wk24,24.0
2000,Ruff Endz,No More,3:56,2000-07-01,wk25,33.0
2000,Ruff Endz,No More,3:56,2000-07-01,wk26,38.0
2000,A*Teens,Dancing Queen,3:44,2000-07-08,wk01,97.0
2000,Everclear,Wonderful,4:30,2000-07-08,wk01,77.0
2000,Madison Avenue,Don't Call Me Baby,3:44,2000-07-08,wk01,98.0
2000,SoulDecision,Faded,3:25,2000-07-08,wk01,94.0
2000,Stone Temple Pilots,Sour Girl,4:16,2000-07-08,wk01,79.0
2000,A*Teens,Dancing Queen,3:44,2000-07-08,wk02,97.0
2000,Everclear,Wonderful,4:30,2000-07-08,wk02,69.0
2000,Madison Avenue,Don't Call Me Baby,3:44,2000-07-08,wk02,96.0
2000,SoulDecision,Faded,3:25,2000-07-08,wk02,90.0
2000,Stone Temple Pilots,Sour Girl,4:16,2000-07-08,wk02,79.0
2000,A*Teens,Dancing Queen,3:44,2000-07-08,wk03,96.0
2000,Everclear,Wonderful,4:30,2000-07-08,wk03,53.0
2000,Madison Avenue,Don't Call Me Baby,3:44,2000-07-08,wk03,93.0
2000,SoulDecision,Faded,3:25,2000-07-08,wk03,81.0
2000,Stone Temple Pilots,Sour Girl,4:16,2000-07-08,wk03,79.0
2000,A*Teens,Dancing Queen,3:44,2000-07-08,wk04,95.0
2000,Everclear,Wonderful,4:30,2000-07-08,wk04,37.0
2000,Madison Avenue,Don't Call Me Baby,3:44,2000-07-08,wk04,93.0
2000,SoulDecision,Faded,3:25,2000-07-08,wk04,64.0
2000,Stone Temple Pilots,Sour Girl,4:16,2000-07-08,wk04,78.0
2000,A*Teens,Dancing Queen,3:44,2000-07-08,wk05,100.0
2000,Everclear,Wonderful,4:30,2000-07-08,wk05,33.0
2000,Madison Avenue,Don't Call Me Baby,3:44,2000-07-08,wk05,93.0
2000,SoulDecision,Faded,3:25,2000-07-08,wk05,56.0
2000,Stone Temple Pilots,Sour Girl,4:16,2000-07-08,wk05,78.0
2000,Everclear,Wonderful,4:30,2000-07-08,wk06,25.0
2000,Madison Avenue,Don't Call Me Baby,3:44,2000-07-08,wk06,92.0
2000,SoulDecision,Faded,3:25,2000-07-08,wk06,43.0
2000,Stone Temple Pilots,Sour Girl,4:16,2000-07-08,wk06,87.0
2000,Everclear,Wonderful,4:30,2000-07-08,wk07,24.0
2000,Madison Avenue,Don't Call Me Baby,3:44,2000-07-08,wk07,92.0
2000,SoulDecision,Faded,3:25,2000-07-08,wk07,35.0
2000,Stone Temple Pilots,Sour Girl,4:16,2000-07-08,wk07,89.0
2000,Everclear,Wonderful,4:30,2000-07-08,wk08,23.0
2000,Madison Avenue,Don't Call Me Baby,3:44,2000-07-08,wk08,92.0
2000,SoulDecision,Faded,3:25,2000-07-08,wk08,27.0
2000,Stone Temple Pilots,Sour Girl,4:16,2000-07-08,wk08,88.0
2000,Everclear,Wonderful,4:30,2000-07-08,wk09,22.0
2000,Madison Avenue,Don't Call Me Baby,3:44,2000-07-08,wk09,90.0
2000,SoulDecision,Faded,3:25,2000-07-08,wk09,25.0
2000,Stone Temple Pilots,Sour Girl,4:16,2000-07-08,wk09,95.0
2000,Everclear,Wonderful,4:30,2000-07-08,wk10,25.0
2000,Madison Avenue,Don't Call Me Baby,3:44,2000-07-08,wk10,92.0
2000,SoulDecision,Faded,3:25,2000-07-08,wk10,22.0
2000,Stone Temple Pilots,Sour Girl,4:16,2000-07-08,wk10,93.0
2000,Everclear,Wonderful,4:30,2000-07-08,wk11,28.0
2000,Madison Avenue,Don't Call Me Baby,3:44,2000-07-08,wk11,88.0
2000,SoulDecision,Faded,3:25,2000-07-08,wk11,22.0
2000,Stone Temple Pilots,Sour Girl,4:16,2000-07-08,wk11,91.0
2000,Everclear,Wonderful,4:30,2000-07-08,wk12,25.0
2000,Madison Avenue,Don't Call Me Baby,3:44,2000-07-08,wk12,88.0
2000,SoulDecision,Faded,3:25,2000-07-08,wk12,27.0
2000,Stone Temple Pilots,Sour Girl,4:16,2000-07-08,wk12,94.0
2000,Everclear,Wonderful,4:30,2000-07-08,wk13,11.0
2000,Madison Avenue,Don't Call Me Baby,3:44,2000-07-08,wk13,88.0
2000,SoulDecision,Faded,3:25,2000-07-08,wk13,27.0
2000,Stone Temple Pilots,Sour Girl,4:16,2000-07-08,wk13,98.0
2000,Everclear,Wonderful,4:30,2000-07-08,wk14,13.0
2000,Madison Avenue,Don't Call Me Baby,3:44,2000-07-08,wk14,95.0
2000,SoulDecision,Faded,3:25,2000-07-08,wk14,27.0
2000,Everclear,Wonderful,4:30,2000-07-08,wk15,13.0
2000,Madison Avenue,Don't Call Me Baby,3:44,2000-07-08,wk15,93.0
2000,SoulDecision,Faded,3:25,2000-07-08,wk15,31.0
2000,Everclear,Wonderful,4:30,2000-07-08,wk16,11.0
2000,Madison Avenue,Don't Call Me Baby,3:44,2000-07-08,wk16,98.0
2000,SoulDecision,Faded,3:25,2000-07-08,wk16,31.0
2000,Everclear,Wonderful,4:30,2000-07-08,wk17,18.0
2000,Madison Avenue,Don't Call Me Baby,3:44,2000-07-08,wk17,93.0
2000,SoulDecision,Faded,3:25,2000-07-08,wk17,30.0
2000,Everclear,Wonderful,4:30,2000-07-08,wk18,28.0
2000,Madison Avenue,Don't Call Me Baby,3:44,2000-07-08,wk18,92.0
2000,SoulDecision,Faded,3:25,2000-07-08,wk18,34.0
2000,Everclear,Wonderful,4:30,2000-07-08,wk19,36.0
2000,Madison Avenue,Don't Call Me Baby,3:44,2000-07-08,wk19,90.0
2000,SoulDecision,Faded,3:25,2000-07-08,wk19,31.0
2000,Everclear,Wonderful,4:30,2000-07-08,wk20,39.0
2000,Madison Avenue,Don't Call Me Baby,3:44,2000-07-08,wk20,97.0
2000,SoulDecision,Faded,3:25,2000-07-08,wk20,34.0
2000,Everclear,Wonderful,4:30,2000-07-08,wk21,45.0
2000,SoulDecision,Faded,3:25,2000-07-08,wk21,34.0
2000,SoulDecision,Faded,3:25,2000-07-08,wk22,38.0
2000,SoulDecision,Faded,3:25,2000-07-08,wk23,45.0
2000,SoulDecision,Faded,3:25,2000-07-08,wk24,50.0
2000,Eve,Got It All,3:48,2000-07-15,wk01,89.0
2000,Lil' Kim,No Matter What They ...,4:12,2000-07-15,wk01,80.0
2000,"Price, Kelly",As We Lay,6:20,2000-07-15,wk01,82.0
2000,SheDaisy,I Will.. But,3:40,2000-07-15,wk01,78.0
2000,Sister Hazel,Change Your Mind,4:02,2000-07-15,wk01,75.0
2000,"Urban, Keith",Your Everything,4:10,2000-07-15,wk01,81.0
2000,Eve,Got It All,3:48,2000-07-15,wk02,88.0
2000,Lil' Kim,No Matter What They ...,4:12,2000-07-15,wk02,72.0
2000,"Price, Kelly",As We Lay,6:20,2000-07-15,wk02,69.0
2000,SheDaisy,I Will.. But,3:40,2000-07-15,wk02,74.0
2000,Sister Hazel,Change Your Mind,4:02,2000-07-15,wk02,67.0
2000,"Urban, Keith",Your Everything,4:10,2000-07-15,wk02,80.0
2000,Eve,Got It All,3:48,2000-07-15,wk03,88.0
2000,Lil' Kim,No Matter What They ...,4:12,2000-07-15,wk03,67.0
2000,"Price, Kelly",As We Lay,6:20,2000-07-15,wk03,69.0
2000,SheDaisy,I Will.. But,3:40,2000-07-15,wk03,70.0
2000,Sister Hazel,Change Your Mind,4:02,2000-07-15,wk03,66.0
2000,"Urban, Keith",Your Everything,4:10,2000-07-15,wk03,73.0
2000,Eve,Got It All,3:48,2000-07-15,wk04,91.0
2000,Lil' Kim,No Matter What They ...,4:12,2000-07-15,wk04,60.0
2000,"Price, Kelly",As We Lay,6:20,2000-07-15,wk04,64.0
2000,SheDaisy,I Will.. But,3:40,2000-07-15,wk04,61.0
2000,Sister Hazel,Change Your Mind,4:02,2000-07-15,wk04,59.0
2000,"Urban, Keith",Your Everything,4:10,2000-07-15,wk04,73.0
2000,Eve,Got It All,3:48,2000-07-15,wk05,95.0
2000,Lil' Kim,No Matter What They ...,4:12,2000-07-15,wk05,65.0
2000,"Price, Kelly",As We Lay,6:20,2000-07-15,wk05,71.0
2000,SheDaisy,I Will.. But,3:40,2000-07-15,wk05,59.0
2000,Sister Hazel,Change Your Mind,4:02,2000-07-15,wk05,63.0
2000,"Urban, Keith",Your Everything,4:10,2000-07-15,wk05,67.0
2000,Lil' Kim,No Matter What They ...,4:12,2000-07-15,wk06,73.0
2000,"Price, Kelly",As We Lay,6:20,2000-07-15,wk06,79.0
2000,SheDaisy,I Will.. But,3:40,2000-07-15,wk06,52.0
2000,Sister Hazel,Change Your Mind,4:02,2000-07-15,wk06,71.0
2000,"Urban, Keith",Your Everything,4:10,2000-07-15,wk06,64.0
2000,Lil' Kim,No Matter What They ...,4:12,2000-07-15,wk07,81.0
2000,"Price, Kelly",As We Lay,6:20,2000-07-15,wk07,82.0
2000,SheDaisy,I Will.. But,3:40,2000-07-15,wk07,48.0
2000,Sister Hazel,Change Your Mind,4:02,2000-07-15,wk07,78.0
2000,"Urban, Keith",Your Everything,4:10,2000-07-15,wk07,60.0
2000,Lil' Kim,No Matter What They ...,4:12,2000-07-15,wk08,86.0
2000,"Price, Kelly",As We Lay,6:20,2000-07-15,wk08,89.0
2000,SheDaisy,I Will.. But,3:40,2000-07-15,wk08,47.0
2000,Sister Hazel,Change Your Mind,4:02,2000-07-15,wk08,81.0
2000,"Urban, Keith",Your Everything,4:10,2000-07-15,wk08,59.0
2000,Lil' Kim,No Matter What They ...,4:12,2000-07-15,wk09,90.0
2000,SheDaisy,I Will.. But,3:40,2000-07-15,wk09,45.0
2000,Sister Hazel,Change Your Mind,4:02,2000-07-15,wk09,78.0
2000,"Urban, Keith",Your Everything,4:10,2000-07-15,wk09,53.0
2000,Lil' Kim,No Matter What They ...,4:12,2000-07-15,wk10,97.0
2000,SheDaisy,I Will.. But,3:40,2000-07-15,wk10,43.0
2000,Sister Hazel,Change Your Mind,4:02,2000-07-15,wk10,78.0
2000,"Urban, Keith",Your Everything,4:10,2000-07-15,wk10,51.0
2000,SheDaisy,I Will.. But,3:40,2000-07-15,wk11,44.0
2000,Sister Hazel,Change Your Mind,4:02,2000-07-15,wk11,84.0
2000,"Urban, Keith",Your Everything,4:10,2000-07-15,wk11,55.0
2000,SheDaisy,I Will.. But,3:40,2000-07-15,wk12,43.0
2000,Sister Hazel,Change Your Mind,4:02,2000-07-15,wk12,87.0
2000,"Urban, Keith",Your Everything,4:10,2000-07-15,wk12,66.0
2000,SheDaisy,I Will.. But,3:40,2000-07-15,wk13,52.0
2000,Sister Hazel,Change Your Mind,4:02,2000-07-15,wk13,94.0
2000,"Urban, Keith",Your Everything,4:10,2000-07-15,wk13,84.0
2000,SheDaisy,I Will.. But,3:40,2000-07-15,wk14,56.0
2000,Sister Hazel,Change Your Mind,4:02,2000-07-15,wk14,91.0
2000,"Urban, Keith",Your Everything,4:10,2000-07-15,wk14,90.0
2000,SheDaisy,I Will.. But,3:40,2000-07-15,wk15,70.0
2000,Sister Hazel,Change Your Mind,4:02,2000-07-15,wk15,93.0
2000,"Urban, Keith",Your Everything,4:10,2000-07-15,wk15,96.0
2000,SheDaisy,I Will.. But,3:40,2000-07-15,wk16,80.0
2000,Sister Hazel,Change Your Mind,4:02,2000-07-15,wk16,95.0
2000,"Urban, Keith",Your Everything,4:10,2000-07-15,wk16,100.0
2000,SheDaisy,I Will.. But,3:40,2000-07-15,wk17,86.0
2000,Sister Hazel,Change Your Mind,4:02,2000-07-15,wk17,100.0
2000,SheDaisy,I Will.. But,3:40,2000-07-15,wk18,81.0
2000,Sister Hazel,Change Your Mind,4:02,2000-07-15,wk18,98.0
2000,SheDaisy,I Will.. But,3:40,2000-07-15,wk19,85.0
2000,Sister Hazel,Change Your Mind,4:02,2000-07-15,wk19,96.0
2000,SheDaisy,I Will.. But,3:40,2000-07-15,wk20,87.0
2000,Sister Hazel,Change Your Mind,4:02,2000-07-15,wk20,98.0
2000,Baha Men,Who Let The Dogs Out,3:17,2000-07-22,wk01,99.0
2000,Baha Men,Who Let The Dogs Out,3:17,2000-07-22,wk02,92.0
2000,Baha Men,Who Let The Dogs Out,3:17,2000-07-22,wk03,85.0
2000,Baha Men,Who Let The Dogs Out,3:17,2000-07-22,wk04,76.0
2000,Baha Men,Who Let The Dogs Out,3:17,2000-07-22,wk05,65.0
2000,Baha Men,Who Let The Dogs Out,3:17,2000-07-22,wk06,54.0
2000,Baha Men,Who Let The Dogs Out,3:17,2000-07-22,wk07,61.0
2000,Baha Men,Who Let The Dogs Out,3:17,2000-07-22,wk08,58.0
2000,Baha Men,Who Let The Dogs Out,3:17,2000-07-22,wk09,54.0
2000,Baha Men,Who Let The Dogs Out,3:17,2000-07-22,wk10,54.0
2000,Baha Men,Who Let The Dogs Out,3:17,2000-07-22,wk11,53.0
2000,Baha Men,Who Let The Dogs Out,3:17,2000-07-22,wk12,53.0
2000,Baha Men,Who Let The Dogs Out,3:17,2000-07-22,wk13,43.0
2000,Baha Men,Who Let The Dogs Out,3:17,2000-07-22,wk14,40.0
2000,Baha Men,Who Let The Dogs Out,3:17,2000-07-22,wk15,44.0
2000,Baha Men,Who Let The Dogs Out,3:17,2000-07-22,wk16,41.0
2000,Baha Men,Who Let The Dogs Out,3:17,2000-07-22,wk17,51.0
2000,Baha Men,Who Let The Dogs Out,3:17,2000-07-22,wk18,65.0
2000,Baha Men,Who Let The Dogs Out,3:17,2000-07-22,wk19,78.0
2000,Baha Men,Who Let The Dogs Out,3:17,2000-07-22,wk20,84.0
2000,"Braxton, Toni",Just Be A Man About ...,4:10,2000-07-29,wk01,76.0
2000,Lil' Zane,Callin' Me,3:43,2000-07-29,wk01,83.0
2000,Papa Roach,Last Resort,3:19,2000-07-29,wk01,75.0
2000,Red Hot Chili Peppers,Californication,5:21,2000-07-29,wk01,72.0
2000,"Braxton, Toni",Just Be A Man About ...,4:10,2000-07-29,wk02,69.0
2000,Lil' Zane,Callin' Me,3:43,2000-07-29,wk02,89.0
2000,Papa Roach,Last Resort,3:19,2000-07-29,wk02,71.0
2000,Red Hot Chili Peppers,Californication,5:21,2000-07-29,wk02,72.0
2000,"Braxton, Toni",Just Be A Man About ...,4:10,2000-07-29,wk03,51.0
2000,Lil' Zane,Callin' Me,3:43,2000-07-29,wk03,57.0
2000,Papa Roach,Last Resort,3:19,2000-07-29,wk03,69.0
2000,Red Hot Chili Peppers,Californication,5:21,2000-07-29,wk03,72.0
2000,"Braxton, Toni",Just Be A Man About ...,4:10,2000-07-29,wk04,42.0
2000,Lil' Zane,Callin' Me,3:43,2000-07-29,wk04,40.0
2000,Papa Roach,Last Resort,3:19,2000-07-29,wk04,69.0
2000,Red Hot Chili Peppers,Californication,5:21,2000-07-29,wk04,77.0
2000,"Braxton, Toni",Just Be A Man About ...,4:10,2000-07-29,wk05,37.0
2000,Lil' Zane,Callin' Me,3:43,2000-07-29,wk05,34.0
2000,Papa Roach,Last Resort,3:19,2000-07-29,wk05,66.0
2000,Red Hot Chili Peppers,Californication,5:21,2000-07-29,wk05,79.0
2000,"Braxton, Toni",Just Be A Man About ...,4:10,2000-07-29,wk06,32.0
2000,Lil' Zane,Callin' Me,3:43,2000-07-29,wk06,21.0
2000,Papa Roach,Last Resort,3:19,2000-07-29,wk06,64.0
2000,Red Hot Chili Peppers,Californication,5:21,2000-07-29,wk06,77.0
2000,"Braxton, Toni",Just Be A Man About ...,4:10,2000-07-29,wk07,32.0
2000,Lil' Zane,Callin' Me,3:43,2000-07-29,wk07,33.0
2000,Papa Roach,Last Resort,3:19,2000-07-29,wk07,61.0
2000,Red Hot Chili Peppers,Californication,5:21,2000-07-29,wk07,75.0
2000,"Braxton, Toni",Just Be A Man About ...,4:10,2000-07-29,wk08,34.0
2000,Lil' Zane,Callin' Me,3:43,2000-07-29,wk08,46.0
2000,Papa Roach,Last Resort,3:19,2000-07-29,wk08,61.0
2000,Red Hot Chili Peppers,Californication,5:21,2000-07-29,wk08,84.0
2000,"Braxton, Toni",Just Be A Man About ...,4:10,2000-07-29,wk09,34.0
2000,Lil' Zane,Callin' Me,3:43,2000-07-29,wk09,45.0
2000,Papa Roach,Last Resort,3:19,2000-07-29,wk09,66.0
2000,Red Hot Chili Peppers,Californication,5:21,2000-07-29,wk09,85.0
2000,"Braxton, Toni",Just Be A Man About ...,4:10,2000-07-29,wk10,38.0
2000,Lil' Zane,Callin' Me,3:43,2000-07-29,wk10,59.0
2000,Papa Roach,Last Resort,3:19,2000-07-29,wk10,64.0
2000,Red Hot Chili Peppers,Californication,5:21,2000-07-29,wk10,79.0
2000,"Braxton, Toni",Just Be A Man About ...,4:10,2000-07-29,wk11,50.0
2000,Lil' Zane,Callin' Me,3:43,2000-07-29,wk11,67.0
2000,Papa Roach,Last Resort,3:19,2000-07-29,wk11,63.0
2000,Red Hot Chili Peppers,Californication,5:21,2000-07-29,wk11,74.0
2000,"Braxton, Toni",Just Be A Man About ...,4:10,2000-07-29,wk12,53.0
2000,Lil' Zane,Callin' Me,3:43,2000-07-29,wk12,84.0
2000,Papa Roach,Last Resort,3:19,2000-07-29,wk12,60.0
2000,Red Hot Chili Peppers,Californication,5:21,2000-07-29,wk12,69.0
2000,"Braxton, Toni",Just Be A Man About ...,4:10,2000-07-29,wk13,53.0
2000,Lil' Zane,Callin' Me,3:43,2000-07-29,wk13,95.0
2000,Papa Roach,Last Resort,3:19,2000-07-29,wk13,65.0
2000,Red Hot Chili Peppers,Californication,5:21,2000-07-29,wk13,74.0
2000,"Braxton, Toni",Just Be A Man About ...,4:10,2000-07-29,wk14,63.0
2000,Papa Roach,Last Resort,3:19,2000-07-29,wk14,66.0
2000,Red Hot Chili Peppers,Californication,5:21,2000-07-29,wk14,75.0
2000,"Braxton, Toni",Just Be A Man About ...,4:10,2000-07-29,wk15,65.0
2000,Papa Roach,Last Resort,3:19,2000-07-29,wk15,62.0
2000,Red Hot Chili Peppers,Californication,5:21,2000-07-29,wk15,77.0
2000,"Braxton, Toni",Just Be A Man About ...,4:10,2000-07-29,wk16,72.0
2000,Papa Roach,Last Resort,3:19,2000-07-29,wk16,66.0
2000,Red Hot Chili Peppers,Californication,5:21,2000-07-29,wk16,71.0
2000,"Braxton, Toni",Just Be A Man About ...,4:10,2000-07-29,wk17,79.0
2000,Papa Roach,Last Resort,3:19,2000-07-29,wk17,64.0
2000,Red Hot Chili Peppers,Californication,5:21,2000-07-29,wk17,78.0
2000,"Braxton, Toni",Just Be A Man About ...,4:10,2000-07-29,wk18,84.0
2000,Papa Roach,Last Resort,3:19,2000-07-29,wk18,64.0
2000,Red Hot Chili Peppers,Californication,5:21,2000-07-29,wk18,89.0
2000,"Braxton, Toni",Just Be A Man About ...,4:10,2000-07-29,wk19,89.0
2000,Papa Roach,Last Resort,3:19,2000-07-29,wk19,57.0
2000,Red Hot Chili Peppers,Californication,5:21,2000-07-29,wk19,97.0
2000,"Braxton, Toni",Just Be A Man About ...,4:10,2000-07-29,wk20,90.0
2000,Papa Roach,Last Resort,3:19,2000-07-29,wk20,72.0
2000,"Aguilera, Christina",Come On Over Baby (A...,3:38,2000-08-05,wk01,57.0
2000,Common,The Light,3:55,2000-08-05,wk01,75.0
2000,Ghostface Killah,Cherchez LaGhost,3:04,2000-08-05,wk01,98.0
2000,Joe,Treat Her Like A Lad...,4:12,2000-08-05,wk01,77.0
2000,Kandi,Don't Think I'm Not,3:50,2000-08-05,wk01,66.0
2000,"Keith, Toby",Country Comes To Tow...,3:39,2000-08-05,wk01,82.0
2000,LFO,West Side Story,3:27,2000-08-05,wk01,96.0
2000,"Aguilera, Christina",Come On Over Baby (A...,3:38,2000-08-05,wk02,47.0
2000,Common,The Light,3:55,2000-08-05,wk02,55.0
2000,Joe,Treat Her Like A Lad...,4:12,2000-08-05,wk02,75.0
2000,Kandi,Don't Think I'm Not,3:50,2000-08-05,wk02,66.0
2000,"Keith, Toby",Country Comes To Tow...,3:39,2000-08-05,wk02,78.0
2000,LFO,West Side Story,3:27,2000-08-05,wk02,84.0
2000,"Aguilera, Christina",Come On Over Baby (A...,3:38,2000-08-05,wk03,45.0
2000,Common,The Light,3:55,2000-08-05,wk03,53.0
2000,Joe,Treat Her Like A Lad...,4:12,2000-08-05,wk03,63.0
2000,Kandi,Don't Think I'm Not,3:50,2000-08-05,wk03,66.0
2000,"Keith, Toby",Country Comes To Tow...,3:39,2000-08-05,wk03,75.0
2000,LFO,West Side Story,3:27,2000-08-05,wk03,88.0
2000,"Aguilera, Christina",Come On Over Baby (A...,3:38,2000-08-05,wk04,29.0
2000,Common,The Light,3:55,2000-08-05,wk04,49.0
2000,Joe,Treat Her Like A Lad...,4:12,2000-08-05,wk04,63.0
2000,Kandi,Don't Think I'm Not,3:50,2000-08-05,wk04,61.0
2000,"Keith, Toby",Country Comes To Tow...,3:39,2000-08-05,wk04,69.0
2000,LFO,West Side Story,3:27,2000-08-05,wk04,96.0
2000,"Aguilera, Christina",Come On Over Baby (A...,3:38,2000-08-05,wk05,23.0
2000,Common,The Light,3:55,2000-08-05,wk05,46.0
2000,Joe,Treat Her Like A Lad...,4:12,2000-08-05,wk05,69.0
2000,Kandi,Don't Think I'm Not,3:50,2000-08-05,wk05,49.0
2000,"Keith, Toby",Country Comes To Tow...,3:39,2000-08-05,wk05,66.0
2000,"Aguilera, Christina",Come On Over Baby (A...,3:38,2000-08-05,wk06,18.0
2000,Common,The Light,3:55,2000-08-05,wk06,44.0
2000,Joe,Treat Her Like A Lad...,4:12,2000-08-05,wk06,64.0
2000,Kandi,Don't Think I'm Not,3:50,2000-08-05,wk06,42.0
2000,"Keith, Toby",Country Comes To Tow...,3:39,2000-08-05,wk06,62.0
2000,"Aguilera, Christina",Come On Over Baby (A...,3:38,2000-08-05,wk07,11.0
2000,Common,The Light,3:55,2000-08-05,wk07,49.0
2000,Joe,Treat Her Like A Lad...,4:12,2000-08-05,wk07,68.0
2000,Kandi,Don't Think I'm Not,3:50,2000-08-05,wk07,36.0
2000,"Keith, Toby",Country Comes To Tow...,3:39,2000-08-05,wk07,59.0
2000,"Aguilera, Christina",Come On Over Baby (A...,3:38,2000-08-05,wk08,9.0
2000,Common,The Light,3:55,2000-08-05,wk08,51.0
2000,Joe,Treat Her Like A Lad...,4:12,2000-08-05,wk08,67.0
2000,Kandi,Don't Think I'm Not,3:50,2000-08-05,wk08,33.0
2000,"Keith, Toby",Country Comes To Tow...,3:39,2000-08-05,wk08,58.0
2000,"Aguilera, Christina",Come On Over Baby (A...,3:38,2000-08-05,wk09,9.0
2000,Common,The Light,3:55,2000-08-05,wk09,51.0
2000,Joe,Treat Her Like A Lad...,4:12,2000-08-05,wk09,72.0
2000,Kandi,Don't Think I'm Not,3:50,2000-08-05,wk09,28.0
2000,"Keith, Toby",Country Comes To Tow...,3:39,2000-08-05,wk09,55.0
2000,"Aguilera, Christina",Come On Over Baby (A...,3:38,2000-08-05,wk10,11.0
2000,Common,The Light,3:55,2000-08-05,wk10,56.0
2000,Joe,Treat Her Like A Lad...,4:12,2000-08-05,wk10,79.0
2000,Kandi,Don't Think I'm Not,3:50,2000-08-05,wk10,24.0
2000,"Keith, Toby",Country Comes To Tow...,3:39,2000-08-05,wk10,55.0
2000,"Aguilera, Christina",Come On Over Baby (A...,3:38,2000-08-05,wk11,1.0
2000,Common,The Light,3:55,2000-08-05,wk11,52.0
2000,Joe,Treat Her Like A Lad...,4:12,2000-08-05,wk11,78.0
2000,Kandi,Don't Think I'm Not,3:50,2000-08-05,wk11,26.0
2000,"Keith, Toby",Country Comes To Tow...,3:39,2000-08-05,wk11,54.0
2000,"Aguilera, Christina",Come On Over Baby (A...,3:38,2000-08-05,wk12,1.0
2000,Common,The Light,3:55,2000-08-05,wk12,56.0
2000,Joe,Treat Her Like A Lad...,4:12,2000-08-05,wk12,84.0
2000,Kandi,Don't Think I'm Not,3:50,2000-08-05,wk12,26.0
2000,"Keith, Toby",Country Comes To Tow...,3:39,2000-08-05,wk12,62.0
2000,"Aguilera, Christina",Come On Over Baby (A...,3:38,2000-08-05,wk13,1.0
2000,Common,The Light,3:55,2000-08-05,wk13,70.0
2000,Joe,Treat Her Like A Lad...,4:12,2000-08-05,wk13,85.0
2000,Kandi,Don't Think I'm Not,3:50,2000-08-05,wk13,28.0
2000,"Keith, Toby",Country Comes To Tow...,3:39,2000-08-05,wk13,81.0
2000,"Aguilera, Christina",Come On Over Baby (A...,3:38,2000-08-05,wk14,1.0
2000,Common,The Light,3:55,2000-08-05,wk14,82.0
2000,Joe,Treat Her Like A Lad...,4:12,2000-08-05,wk14,90.0
2000,Kandi,Don't Think I'm Not,3:50,2000-08-05,wk14,29.0
2000,"Keith, Toby",Country Comes To Tow...,3:39,2000-08-05,wk14,95.0
2000,"Aguilera, Christina",Come On Over Baby (A...,3:38,2000-08-05,wk15,4.0
2000,Common,The Light,3:55,2000-08-05,wk15,86.0
2000,Joe,Treat Her Like A Lad...,4:12,2000-08-05,wk15,89.0
2000,Kandi,Don't Think I'm Not,3:50,2000-08-05,wk15,27.0
2000,"Keith, Toby",Country Comes To Tow...,3:39,2000-08-05,wk15,93.0
2000,"Aguilera, Christina",Come On Over Baby (A...,3:38,2000-08-05,wk16,8.0
2000,Common,The Light,3:55,2000-08-05,wk16,89.0
2000,Joe,Treat Her Like A Lad...,4:12,2000-08-05,wk16,99.0
2000,Kandi,Don't Think I'm Not,3:50,2000-08-05,wk16,31.0
2000,"Aguilera, Christina",Come On Over Baby (A...,3:38,2000-08-05,wk17,12.0
2000,Common,The Light,3:55,2000-08-05,wk17,93.0
2000,Joe,Treat Her Like A Lad...,4:12,2000-08-05,wk17,100.0
2000,Kandi,Don't Think I'm Not,3:50,2000-08-05,wk17,31.0
2000,"Aguilera, Christina",Come On Over Baby (A...,3:38,2000-08-05,wk18,22.0
2000,Common,The Light,3:55,2000-08-05,wk18,93.0
2000,Kandi,Don't Think I'm Not,3:50,2000-08-05,wk18,26.0
2000,"Aguilera, Christina",Come On Over Baby (A...,3:38,2000-08-05,wk19,23.0
2000,Common,The Light,3:55,2000-08-05,wk19,99.0
2000,Kandi,Don't Think I'm Not,3:50,2000-08-05,wk19,25.0
2000,"Aguilera, Christina",Come On Over Baby (A...,3:38,2000-08-05,wk20,43.0
2000,Kandi,Don't Think I'm Not,3:50,2000-08-05,wk20,25.0
2000,"Aguilera, Christina",Come On Over Baby (A...,3:38,2000-08-05,wk21,44.0
2000,Kandi,Don't Think I'm Not,3:50,2000-08-05,wk21,30.0
2000,Kandi,Don't Think I'm Not,3:50,2000-08-05,wk22,40.0
2000,Kandi,Don't Think I'm Not,3:50,2000-08-05,wk23,36.0
2000,Kandi,Don't Think I'm Not,3:50,2000-08-05,wk24,41.0
2000,Bon Jovi,It's My Life,3:44,2000-08-12,wk01,64.0
2000,"Diffie, Joe",It's Always Somethin...,2:55,2000-08-12,wk01,81.0
2000,"Hill, Faith",Let's Make Love,4:11,2000-08-12,wk01,83.0
2000,Jay-Z,Hey Papi,3:40,2000-08-12,wk01,98.0
2000,LL Cool J,Imagine That,4:00,2000-08-12,wk01,99.0
2000,Lil' Mo,Ta Da,4:17,2000-08-12,wk01,100.0
2000,Madonna,Music,3:45,2000-08-12,wk01,41.0
2000,Mystikal,Shake Ya Ass,4:46,2000-08-12,wk01,97.0
2000,Pink,Most Girls,4:06,2000-08-12,wk01,85.0
2000,"Spears, Britney",Lucky,3:23,2000-08-12,wk01,61.0
2000,Bon Jovi,It's My Life,3:44,2000-08-12,wk02,58.0
2000,"Diffie, Joe",It's Always Somethin...,2:55,2000-08-12,wk02,78.0
2000,"Hill, Faith",Let's Make Love,4:11,2000-08-12,wk02,83.0
2000,Jay-Z,Hey Papi,3:40,2000-08-12,wk02,100.0
2000,LL Cool J,Imagine That,4:00,2000-08-12,wk02,98.0
2000,Lil' Mo,Ta Da,4:17,2000-08-12,wk02,99.0
2000,Madonna,Music,3:45,2000-08-12,wk02,23.0
2000,Mystikal,Shake Ya Ass,4:46,2000-08-12,wk02,90.0
2000,Pink,Most Girls,4:06,2000-08-12,wk02,70.0
2000,"Spears, Britney",Lucky,3:23,2000-08-12,wk02,41.0
2000,Bon Jovi,It's My Life,3:44,2000-08-12,wk03,51.0
2000,"Diffie, Joe",It's Always Somethin...,2:55,2000-08-12,wk03,67.0
2000,"Hill, Faith",Let's Make Love,4:11,2000-08-12,wk03,73.0
2000,Jay-Z,Hey Papi,3:40,2000-08-12,wk03,98.0
2000,Lil' Mo,Ta Da,4:17,2000-08-12,wk03,97.0
2000,Madonna,Music,3:45,2000-08-12,wk03,18.0
2000,Mystikal,Shake Ya Ass,4:46,2000-08-12,wk03,65.0
2000,Pink,Most Girls,4:06,2000-08-12,wk03,52.0
2000,"Spears, Britney",Lucky,3:23,2000-08-12,wk03,28.0
2000,Bon Jovi,It's My Life,3:44,2000-08-12,wk04,51.0
2000,"Diffie, Joe",It's Always Somethin...,2:55,2000-08-12,wk04,63.0
2000,"Hill, Faith",Let's Make Love,4:11,2000-08-12,wk04,73.0
2000,Jay-Z,Hey Papi,3:40,2000-08-12,wk04,94.0
2000,Lil' Mo,Ta Da,4:17,2000-08-12,wk04,97.0
2000,Madonna,Music,3:45,2000-08-12,wk04,14.0
2000,Mystikal,Shake Ya Ass,4:46,2000-08-12,wk04,41.0
2000,Pink,Most Girls,4:06,2000-08-12,wk04,36.0
2000,"Spears, Britney",Lucky,3:23,2000-08-12,wk04,26.0
2000,Bon Jovi,It's My Life,3:44,2000-08-12,wk05,48.0
2000,"Diffie, Joe",It's Always Somethin...,2:55,2000-08-12,wk05,60.0
2000,"Hill, Faith",Let's Make Love,4:11,2000-08-12,wk05,67.0
2000,Jay-Z,Hey Papi,3:40,2000-08-12,wk05,83.0
2000,Lil' Mo,Ta Da,4:17,2000-08-12,wk05,100.0
2000,Madonna,Music,3:45,2000-08-12,wk05,2.0
2000,Mystikal,Shake Ya Ass,4:46,2000-08-12,wk05,34.0
2000,Pink,Most Girls,4:06,2000-08-12,wk05,27.0
2000,"Spears, Britney",Lucky,3:23,2000-08-12,wk05,23.0
2000,Bon Jovi,It's My Life,3:44,2000-08-12,wk06,45.0
2000,"Diffie, Joe",It's Always Somethin...,2:55,2000-08-12,wk06,57.0
2000,"Hill, Faith",Let's Make Love,4:11,2000-08-12,wk06,60.0
2000,Jay-Z,Hey Papi,3:40,2000-08-12,wk06,83.0
2000,Lil' Mo,Ta Da,4:17,2000-08-12,wk06,95.0
2000,Madonna,Music,3:45,2000-08-12,wk06,1.0
2000,Mystikal,Shake Ya Ass,4:46,2000-08-12,wk06,25.0
2000,Pink,Most Girls,4:06,2000-08-12,wk06,21.0
2000,"Spears, Britney",Lucky,3:23,2000-08-12,wk06,29.0
2000,Bon Jovi,It's My Life,3:44,2000-08-12,wk07,36.0
2000,"Diffie, Joe",It's Always Somethin...,2:55,2000-08-12,wk07,63.0
2000,"Hill, Faith",Let's Make Love,4:11,2000-08-12,wk07,60.0
2000,Jay-Z,Hey Papi,3:40,2000-08-12,wk07,80.0
2000,Lil' Mo,Ta Da,4:17,2000-08-12,wk07,99.0
2000,Madonna,Music,3:45,2000-08-12,wk07,1.0
2000,Mystikal,Shake Ya Ass,4:46,2000-08-12,wk07,22.0
2000,Pink,Most Girls,4:06,2000-08-12,wk07,15.0
2000,"Spears, Britney",Lucky,3:23,2000-08-12,wk07,30.0
2000,Bon Jovi,It's My Life,3:44,2000-08-12,wk08,33.0
2000,"Diffie, Joe",It's Always Somethin...,2:55,2000-08-12,wk08,69.0
2000,"Hill, Faith",Let's Make Love,4:11,2000-08-12,wk08,60.0
2000,Jay-Z,Hey Papi,3:40,2000-08-12,wk08,78.0
2000,Madonna,Music,3:45,2000-08-12,wk08,1.0
2000,Mystikal,Shake Ya Ass,4:46,2000-08-12,wk08,15.0
2000,Pink,Most Girls,4:06,2000-08-12,wk08,13.0
2000,"Spears, Britney",Lucky,3:23,2000-08-12,wk08,40.0
2000,Bon Jovi,It's My Life,3:44,2000-08-12,wk09,34.0
2000,"Diffie, Joe",It's Always Somethin...,2:55,2000-08-12,wk09,78.0
2000,"Hill, Faith",Let's Make Love,4:11,2000-08-12,wk09,57.0
2000,Jay-Z,Hey Papi,3:40,2000-08-12,wk09,76.0
2000,Madonna,Music,3:45,2000-08-12,wk09,1.0
2000,Mystikal,Shake Ya Ass,4:46,2000-08-12,wk09,15.0
2000,Pink,Most Girls,4:06,2000-08-12,wk09,12.0
2000,"Spears, Britney",Lucky,3:23,2000-08-12,wk09,66.0
2000,Bon Jovi,It's My Life,3:44,2000-08-12,wk10,34.0
2000,"Diffie, Joe",It's Always Somethin...,2:55,2000-08-12,wk10,85.0
2000,"Hill, Faith",Let's Make Love,4:11,2000-08-12,wk10,55.0
2000,Jay-Z,Hey Papi,3:40,2000-08-12,wk10,77.0
2000,Madonna,Music,3:45,2000-08-12,wk10,2.0
2000,Mystikal,Shake Ya Ass,4:46,2000-08-12,wk10,14.0
2000,Pink,Most Girls,4:06,2000-08-12,wk10,8.0
2000,"Spears, Britney",Lucky,3:23,2000-08-12,wk10,86.0
2000,Bon Jovi,It's My Life,3:44,2000-08-12,wk11,35.0
2000,"Diffie, Joe",It's Always Somethin...,2:55,2000-08-12,wk11,92.0
2000,"Hill, Faith",Let's Make Love,4:11,2000-08-12,wk11,54.0
2000,Jay-Z,Hey Papi,3:40,2000-08-12,wk11,85.0
2000,Madonna,Music,3:45,2000-08-12,wk11,2.0
2000,Mystikal,Shake Ya Ass,4:46,2000-08-12,wk11,14.0
2000,Pink,Most Girls,4:06,2000-08-12,wk11,5.0
2000,"Spears, Britney",Lucky,3:23,2000-08-12,wk11,100.0
2000,Bon Jovi,It's My Life,3:44,2000-08-12,wk12,34.0
2000,"Diffie, Joe",It's Always Somethin...,2:55,2000-08-12,wk12,92.0
2000,"Hill, Faith",Let's Make Love,4:11,2000-08-12,wk12,69.0
2000,Jay-Z,Hey Papi,3:40,2000-08-12,wk12,91.0
2000,Madonna,Music,3:45,2000-08-12,wk12,2.0
2000,Mystikal,Shake Ya Ass,4:46,2000-08-12,wk12,13.0
2000,Pink,Most Girls,4:06,2000-08-12,wk12,5.0
2000,Bon Jovi,It's My Life,3:44,2000-08-12,wk13,39.0
2000,"Hill, Faith",Let's Make Love,4:11,2000-08-12,wk13,88.0
2000,Jay-Z,Hey Papi,3:40,2000-08-12,wk13,93.0
2000,Madonna,Music,3:45,2000-08-12,wk13,2.0
2000,Mystikal,Shake Ya Ass,4:46,2000-08-12,wk13,13.0
2000,Pink,Most Girls,4:06,2000-08-12,wk13,5.0
2000,Bon Jovi,It's My Life,3:44,2000-08-12,wk14,44.0
2000,"Diffie, Joe",It's Always Somethin...,2:55,2000-08-12,wk14,99.0
2000,"Hill, Faith",Let's Make Love,4:11,2000-08-12,wk14,91.0
2000,Jay-Z,Hey Papi,3:40,2000-08-12,wk14,88.0
2000,Madonna,Music,3:45,2000-08-12,wk14,2.0
2000,Mystikal,Shake Ya Ass,4:46,2000-08-12,wk14,13.0
2000,Pink,Most Girls,4:06,2000-08-12,wk14,6.0
2000,Bon Jovi,It's My Life,3:44,2000-08-12,wk15,51.0
2000,"Diffie, Joe",It's Always Somethin...,2:55,2000-08-12,wk15,100.0
2000,Jay-Z,Hey Papi,3:40,2000-08-12,wk15,94.0
2000,Madonna,Music,3:45,2000-08-12,wk15,4.0
2000,Mystikal,Shake Ya Ass,4:46,2000-08-12,wk15,17.0
2000,Pink,Most Girls,4:06,2000-08-12,wk15,5.0
2000,Bon Jovi,It's My Life,3:44,2000-08-12,wk16,58.0
2000,Madonna,Music,3:45,2000-08-12,wk16,8.0
2000,Mystikal,Shake Ya Ass,4:46,2000-08-12,wk16,19.0
2000,Pink,Most Girls,4:06,2000-08-12,wk16,4.0
2000,Bon Jovi,It's My Life,3:44,2000-08-12,wk17,61.0
2000,Madonna,Music,3:45,2000-08-12,wk17,11.0
2000,Mystikal,Shake Ya Ass,4:46,2000-08-12,wk17,24.0
2000,Pink,Most Girls,4:06,2000-08-12,wk17,6.0
2000,Bon Jovi,It's My Life,3:44,2000-08-12,wk18,84.0
2000,Madonna,Music,3:45,2000-08-12,wk18,16.0
2000,Mystikal,Shake Ya Ass,4:46,2000-08-12,wk18,30.0
2000,Pink,Most Girls,4:06,2000-08-12,wk18,8.0
2000,Bon Jovi,It's My Life,3:44,2000-08-12,wk19,85.0
2000,Madonna,Music,3:45,2000-08-12,wk19,20.0
2000,Mystikal,Shake Ya Ass,4:46,2000-08-12,wk19,42.0
2000,Pink,Most Girls,4:06,2000-08-12,wk19,11.0
2000,Bon Jovi,It's My Life,3:44,2000-08-12,wk20,87.0
2000,Madonna,Music,3:45,2000-08-12,wk20,25.0
2000,Mystikal,Shake Ya Ass,4:46,2000-08-12,wk20,58.0
2000,Pink,Most Girls,4:06,2000-08-12,wk20,14.0
2000,Madonna,Music,3:45,2000-08-12,wk21,27.0
2000,Pink,Most Girls,4:06,2000-08-12,wk21,14.0
2000,Madonna,Music,3:45,2000-08-12,wk22,27.0
2000,Pink,Most Girls,4:06,2000-08-12,wk22,16.0
2000,Madonna,Music,3:45,2000-08-12,wk23,29.0
2000,Pink,Most Girls,4:06,2000-08-12,wk23,18.0
2000,Madonna,Music,3:45,2000-08-12,wk24,44.0
2000,Pink,Most Girls,4:06,2000-08-12,wk24,21.0
2000,Pink,Most Girls,4:06,2000-08-12,wk25,26.0
2000,Pink,Most Girls,4:06,2000-08-12,wk26,39.0
2000,Pink,Most Girls,4:06,2000-08-12,wk27,46.0
2000,98^0,Give Me Just One Nig...,3:24,2000-08-19,wk01,51.0
2000,"Badu, Erkyah",Bag Lady,5:03,2000-08-19,wk01,67.0
2000,"Levert, Gerald",Baby U Are,4:10,2000-08-19,wk01,96.0
2000,Lil Bow Wow,Bounce With Me,3:22,2000-08-19,wk01,48.0
2000,Mya,Case Of The Ex (What...,3:50,2000-08-19,wk01,72.0
2000,"Tritt, Travis",Best Of Intentions,4:15,2000-08-19,wk01,97.0
2000,98^0,Give Me Just One Nig...,3:24,2000-08-19,wk02,39.0
2000,"Badu, Erkyah",Bag Lady,5:03,2000-08-19,wk02,53.0
2000,"Levert, Gerald",Baby U Are,4:10,2000-08-19,wk02,89.0
2000,Lil Bow Wow,Bounce With Me,3:22,2000-08-19,wk02,35.0
2000,Mya,Case Of The Ex (What...,3:50,2000-08-19,wk02,57.0
2000,"Tritt, Travis",Best Of Intentions,4:15,2000-08-19,wk02,86.0
2000,98^0,Give Me Just One Nig...,3:24,2000-08-19,wk03,34.0
2000,"Badu, Erkyah",Bag Lady,5:03,2000-08-19,wk03,42.0
2000,"Levert, Gerald",Baby U Are,4:10,2000-08-19,wk03,92.0
2000,Lil Bow Wow,Bounce With Me,3:22,2000-08-19,wk03,24.0
2000,Mya,Case Of The Ex (What...,3:50,2000-08-19,wk03,52.0
2000,"Tritt, Travis",Best Of Intentions,4:15,2000-08-19,wk03,79.0
2000,98^0,Give Me Just One Nig...,3:24,2000-08-19,wk04,26.0
2000,"Badu, Erkyah",Bag Lady,5:03,2000-08-19,wk04,41.0
2000,"Levert, Gerald",Baby U Are,4:10,2000-08-19,wk04,96.0
2000,Lil Bow Wow,Bounce With Me,3:22,2000-08-19,wk04,24.0
2000,Mya,Case Of The Ex (What...,3:50,2000-08-19,wk04,47.0
2000,"Tritt, Travis",Best Of Intentions,4:15,2000-08-19,wk04,70.0
2000,98^0,Give Me Just One Nig...,3:24,2000-08-19,wk05,26.0
2000,"Badu, Erkyah",Bag Lady,5:03,2000-08-19,wk05,48.0
2000,"Levert, Gerald",Baby U Are,4:10,2000-08-19,wk05,96.0
2000,Lil Bow Wow,Bounce With Me,3:22,2000-08-19,wk05,20.0
2000,Mya,Case Of The Ex (What...,3:50,2000-08-19,wk05,42.0
2000,"Tritt, Travis",Best Of Intentions,4:15,2000-08-19,wk05,63.0
2000,98^0,Give Me Just One Nig...,3:24,2000-08-19,wk06,19.0
2000,"Badu, Erkyah",Bag Lady,5:03,2000-08-19,wk06,42.0
2000,Lil Bow Wow,Bounce With Me,3:22,2000-08-19,wk06,20.0
2000,Mya,Case Of The Ex (What...,3:50,2000-08-19,wk06,31.0
2000,"Tritt, Travis",Best Of Intentions,4:15,2000-08-19,wk06,56.0
2000,98^0,Give Me Just One Nig...,3:24,2000-08-19,wk07,2.0
2000,"Badu, Erkyah",Bag Lady,5:03,2000-08-19,wk07,34.0
2000,Lil Bow Wow,Bounce With Me,3:22,2000-08-19,wk07,20.0
2000,Mya,Case Of The Ex (What...,3:50,2000-08-19,wk07,24.0
2000,"Tritt, Travis",Best Of Intentions,4:15,2000-08-19,wk07,50.0
2000,98^0,Give Me Just One Nig...,3:24,2000-08-19,wk08,2.0
2000,"Badu, Erkyah",Bag Lady,5:03,2000-08-19,wk08,6.0
2000,Lil Bow Wow,Bounce With Me,3:22,2000-08-19,wk08,20.0
2000,Mya,Case Of The Ex (What...,3:50,2000-08-19,wk08,18.0
2000,"Tritt, Travis",Best Of Intentions,4:15,2000-08-19,wk08,48.0
2000,98^0,Give Me Just One Nig...,3:24,2000-08-19,wk09,3.0
2000,"Badu, Erkyah",Bag Lady,5:03,2000-08-19,wk09,9.0
2000,Lil Bow Wow,Bounce With Me,3:22,2000-08-19,wk09,22.0
2000,Mya,Case Of The Ex (What...,3:50,2000-08-19,wk09,17.0
2000,"Tritt, Travis",Best Of Intentions,4:15,2000-08-19,wk09,51.0
2000,98^0,Give Me Just One Nig...,3:24,2000-08-19,wk10,6.0
2000,"Badu, Erkyah",Bag Lady,5:03,2000-08-19,wk10,9.0
2000,Lil Bow Wow,Bounce With Me,3:22,2000-08-19,wk10,27.0
2000,Mya,Case Of The Ex (What...,3:50,2000-08-19,wk10,17.0
2000,"Tritt, Travis",Best Of Intentions,4:15,2000-08-19,wk10,38.0
2000,98^0,Give Me Just One Nig...,3:24,2000-08-19,wk11,7.0
2000,"Badu, Erkyah",Bag Lady,5:03,2000-08-19,wk11,8.0
2000,Lil Bow Wow,Bounce With Me,3:22,2000-08-19,wk11,27.0
2000,Mya,Case Of The Ex (What...,3:50,2000-08-19,wk11,17.0
2000,"Tritt, Travis",Best Of Intentions,4:15,2000-08-19,wk11,33.0
2000,98^0,Give Me Just One Nig...,3:24,2000-08-19,wk12,22.0
2000,"Badu, Erkyah",Bag Lady,5:03,2000-08-19,wk12,11.0
2000,Lil Bow Wow,Bounce With Me,3:22,2000-08-19,wk12,36.0
2000,Mya,Case Of The Ex (What...,3:50,2000-08-19,wk12,10.0
2000,"Tritt, Travis",Best Of Intentions,4:15,2000-08-19,wk12,31.0
2000,98^0,Give Me Just One Nig...,3:24,2000-08-19,wk13,29.0
2000,"Badu, Erkyah",Bag Lady,5:03,2000-08-19,wk13,15.0
2000,Lil Bow Wow,Bounce With Me,3:22,2000-08-19,wk13,40.0
2000,Mya,Case Of The Ex (What...,3:50,2000-08-19,wk13,9.0
2000,"Tritt, Travis",Best Of Intentions,4:15,2000-08-19,wk13,28.0
2000,98^0,Give Me Just One Nig...,3:24,2000-08-19,wk14,36.0
2000,"Badu, Erkyah",Bag Lady,5:03,2000-08-19,wk14,21.0
2000,Lil Bow Wow,Bounce With Me,3:22,2000-08-19,wk14,53.0
2000,Mya,Case Of The Ex (What...,3:50,2000-08-19,wk14,9.0
2000,"Tritt, Travis",Best Of Intentions,4:15,2000-08-19,wk14,28.0
2000,98^0,Give Me Just One Nig...,3:24,2000-08-19,wk15,47.0
2000,"Badu, Erkyah",Bag Lady,5:03,2000-08-19,wk15,26.0
2000,Lil Bow Wow,Bounce With Me,3:22,2000-08-19,wk15,61.0
2000,Mya,Case Of The Ex (What...,3:50,2000-08-19,wk15,7.0
2000,"Tritt, Travis",Best Of Intentions,4:15,2000-08-19,wk15,28.0
2000,98^0,Give Me Just One Nig...,3:24,2000-08-19,wk16,67.0
2000,"Badu, Erkyah",Bag Lady,5:03,2000-08-19,wk16,29.0
2000,Lil Bow Wow,Bounce With Me,3:22,2000-08-19,wk16,69.0
2000,Mya,Case Of The Ex (What...,3:50,2000-08-19,wk16,2.0
2000,"Tritt, Travis",Best Of Intentions,4:15,2000-08-19,wk16,27.0
2000,98^0,Give Me Just One Nig...,3:24,2000-08-19,wk17,66.0
2000,"Badu, Erkyah",Bag Lady,5:03,2000-08-19,wk17,26.0
2000,Lil Bow Wow,Bounce With Me,3:22,2000-08-19,wk17,80.0
2000,Mya,Case Of The Ex (What...,3:50,2000-08-19,wk17,2.0
2000,"Tritt, Travis",Best Of Intentions,4:15,2000-08-19,wk17,29.0
2000,98^0,Give Me Just One Nig...,3:24,2000-08-19,wk18,84.0
2000,"Badu, Erkyah",Bag Lady,5:03,2000-08-19,wk18,38.0
2000,Lil Bow Wow,Bounce With Me,3:22,2000-08-19,wk18,90.0
2000,Mya,Case Of The Ex (What...,3:50,2000-08-19,wk18,2.0
2000,"Tritt, Travis",Best Of Intentions,4:15,2000-08-19,wk18,31.0
2000,98^0,Give Me Just One Nig...,3:24,2000-08-19,wk19,93.0
2000,"Badu, Erkyah",Bag Lady,5:03,2000-08-19,wk19,56.0
2000,Lil Bow Wow,Bounce With Me,3:22,2000-08-19,wk19,99.0
2000,Mya,Case Of The Ex (What...,3:50,2000-08-19,wk19,3.0
2000,"Tritt, Travis",Best Of Intentions,4:15,2000-08-19,wk19,37.0
2000,98^0,Give Me Just One Nig...,3:24,2000-08-19,wk20,94.0
2000,"Badu, Erkyah",Bag Lady,5:03,2000-08-19,wk20,66.0
2000,Mya,Case Of The Ex (What...,3:50,2000-08-19,wk20,4.0
2000,"Tritt, Travis",Best Of Intentions,4:15,2000-08-19,wk20,45.0
2000,Mya,Case Of The Ex (What...,3:50,2000-08-19,wk21,4.0
2000,"Tritt, Travis",Best Of Intentions,4:15,2000-08-19,wk21,49.0
2000,Lil Bow Wow,Bounce With Me,3:22,2000-08-19,wk22,100.0
2000,Mya,Case Of The Ex (What...,3:50,2000-08-19,wk22,4.0
2000,"Tritt, Travis",Best Of Intentions,4:15,2000-08-19,wk22,48.0
2000,Mya,Case Of The Ex (What...,3:50,2000-08-19,wk23,4.0
2000,Mya,Case Of The Ex (What...,3:50,2000-08-19,wk24,8.0
2000,Mya,Case Of The Ex (What...,3:50,2000-08-19,wk25,11.0
2000,Mya,Case Of The Ex (What...,3:50,2000-08-19,wk26,15.0
2000,Mya,Case Of The Ex (What...,3:50,2000-08-19,wk27,19.0
2000,Mya,Case Of The Ex (What...,3:50,2000-08-19,wk28,24.0
2000,Mya,Case Of The Ex (What...,3:50,2000-08-19,wk29,23.0
2000,Mya,Case Of The Ex (What...,3:50,2000-08-19,wk30,35.0
2000,"Adams, Yolanda",Open My Heart,5:30,2000-08-26,wk01,76.0
2000,"Carter, Aaron",Aaron's Party (Come ...,3:23,2000-08-26,wk01,99.0
2000,Eminem,The Way I Am,4:40,2000-08-26,wk01,87.0
2000,"Strait, George",Go On,3:48,2000-08-26,wk01,71.0
2000,"Tippin, Aaron",Kiss This,2:53,2000-08-26,wk01,74.0
2000,Vertical Horizon,You're A God,3:45,2000-08-26,wk01,64.0
2000,"Adams, Yolanda",Open My Heart,5:30,2000-08-26,wk02,76.0
2000,"Carter, Aaron",Aaron's Party (Come ...,3:23,2000-08-26,wk02,75.0
2000,Eminem,The Way I Am,4:40,2000-08-26,wk02,74.0
2000,"Strait, George",Go On,3:48,2000-08-26,wk02,67.0
2000,"Tippin, Aaron",Kiss This,2:53,2000-08-26,wk02,72.0
2000,Vertical Horizon,You're A God,3:45,2000-08-26,wk02,55.0
2000,"Adams, Yolanda",Open My Heart,5:30,2000-08-26,wk03,74.0
2000,"Carter, Aaron",Aaron's Party (Come ...,3:23,2000-08-26,wk03,57.0
2000,Eminem,The Way I Am,4:40,2000-08-26,wk03,59.0
2000,"Strait, George",Go On,3:48,2000-08-26,wk03,63.0
2000,"Tippin, Aaron",Kiss This,2:53,2000-08-26,wk03,66.0
2000,Vertical Horizon,You're A God,3:45,2000-08-26,wk03,43.0
2000,"Adams, Yolanda",Open My Heart,5:30,2000-08-26,wk04,69.0
2000,"Carter, Aaron",Aaron's Party (Come ...,3:23,2000-08-26,wk04,35.0
2000,Eminem,The Way I Am,4:40,2000-08-26,wk04,65.0
2000,"Strait, George",Go On,3:48,2000-08-26,wk04,56.0
2000,"Tippin, Aaron",Kiss This,2:53,2000-08-26,wk04,53.0
2000,Vertical Horizon,You're A God,3:45,2000-08-26,wk04,41.0
2000,"Adams, Yolanda",Open My Heart,5:30,2000-08-26,wk05,68.0
2000,"Carter, Aaron",Aaron's Party (Come ...,3:23,2000-08-26,wk05,35.0
2000,Eminem,The Way I Am,4:40,2000-08-26,wk05,59.0
2000,"Strait, George",Go On,3:48,2000-08-26,wk05,53.0
2000,"Tippin, Aaron",Kiss This,2:53,2000-08-26,wk05,52.0
2000,Vertical Horizon,You're A God,3:45,2000-08-26,wk05,37.0
2000,"Adams, Yolanda",Open My Heart,5:30,2000-08-26,wk06,67.0
2000,"Carter, Aaron",Aaron's Party (Come ...,3:23,2000-08-26,wk06,37.0
2000,Eminem,The Way I Am,4:40,2000-08-26,wk06,58.0
2000,"Strait, George",Go On,3:48,2000-08-26,wk06,48.0
2000,"Tippin, Aaron",Kiss This,2:53,2000-08-26,wk06,47.0
2000,Vertical Horizon,You're A God,3:45,2000-08-26,wk06,31.0
2000,"Adams, Yolanda",Open My Heart,5:30,2000-08-26,wk07,61.0
2000,"Carter, Aaron",Aaron's Party (Come ...,3:23,2000-08-26,wk07,43.0
2000,Eminem,The Way I Am,4:40,2000-08-26,wk07,59.0
2000,"Strait, George",Go On,3:48,2000-08-26,wk07,46.0
2000,"Tippin, Aaron",Kiss This,2:53,2000-08-26,wk07,47.0
2000,Vertical Horizon,You're A God,3:45,2000-08-26,wk07,30.0
2000,"Adams, Yolanda",Open My Heart,5:30,2000-08-26,wk08,58.0
2000,"Carter, Aaron",Aaron's Party (Come ...,3:23,2000-08-26,wk08,79.0
2000,Eminem,The Way I Am,4:40,2000-08-26,wk08,62.0
2000,"Strait, George",Go On,3:48,2000-08-26,wk08,46.0
2000,"Tippin, Aaron",Kiss This,2:53,2000-08-26,wk08,45.0
2000,Vertical Horizon,You're A God,3:45,2000-08-26,wk08,29.0
2000,"Adams, Yolanda",Open My Heart,5:30,2000-08-26,wk09,57.0
2000,"Carter, Aaron",Aaron's Party (Come ...,3:23,2000-08-26,wk09,51.0
2000,Eminem,The Way I Am,4:40,2000-08-26,wk09,89.0
2000,"Strait, George",Go On,3:48,2000-08-26,wk09,44.0
2000,"Tippin, Aaron",Kiss This,2:53,2000-08-26,wk09,42.0
2000,Vertical Horizon,You're A God,3:45,2000-08-26,wk09,28.0
2000,"Adams, Yolanda",Open My Heart,5:30,2000-08-26,wk10,59.0
2000,"Carter, Aaron",Aaron's Party (Come ...,3:23,2000-08-26,wk10,55.0
2000,Eminem,The Way I Am,4:40,2000-08-26,wk10,86.0
2000,"Strait, George",Go On,3:48,2000-08-26,wk10,40.0
2000,"Tippin, Aaron",Kiss This,2:53,2000-08-26,wk10,46.0
2000,Vertical Horizon,You're A God,3:45,2000-08-26,wk10,26.0
2000,"Adams, Yolanda",Open My Heart,5:30,2000-08-26,wk11,66.0
2000,"Carter, Aaron",Aaron's Party (Come ...,3:23,2000-08-26,wk11,67.0
2000,"Strait, George",Go On,3:48,2000-08-26,wk11,44.0
2000,"Tippin, Aaron",Kiss This,2:53,2000-08-26,wk11,51.0
2000,Vertical Horizon,You're A God,3:45,2000-08-26,wk11,23.0
2000,"Adams, Yolanda",Open My Heart,5:30,2000-08-26,wk12,68.0
2000,"Carter, Aaron",Aaron's Party (Come ...,3:23,2000-08-26,wk12,83.0
2000,"Strait, George",Go On,3:48,2000-08-26,wk12,46.0
2000,"Tippin, Aaron",Kiss This,2:53,2000-08-26,wk12,60.0
2000,Vertical Horizon,You're A God,3:45,2000-08-26,wk12,23.0
2000,"Adams, Yolanda",Open My Heart,5:30,2000-08-26,wk13,61.0
2000,"Carter, Aaron",Aaron's Party (Come ...,3:23,2000-08-26,wk13,86.0
2000,"Strait, George",Go On,3:48,2000-08-26,wk13,49.0
2000,"Tippin, Aaron",Kiss This,2:53,2000-08-26,wk13,68.0
2000,Vertical Horizon,You're A God,3:45,2000-08-26,wk13,25.0
2000,"Adams, Yolanda",Open My Heart,5:30,2000-08-26,wk14,67.0
2000,"Carter, Aaron",Aaron's Party (Come ...,3:23,2000-08-26,wk14,92.0
2000,"Strait, George",Go On,3:48,2000-08-26,wk14,56.0
2000,"Tippin, Aaron",Kiss This,2:53,2000-08-26,wk14,69.0
2000,Vertical Horizon,You're A God,3:45,2000-08-26,wk14,32.0
2000,"Adams, Yolanda",Open My Heart,5:30,2000-08-26,wk15,59.0
2000,"Carter, Aaron",Aaron's Party (Come ...,3:23,2000-08-26,wk15,100.0
2000,"Strait, George",Go On,3:48,2000-08-26,wk15,56.0
2000,"Tippin, Aaron",Kiss This,2:53,2000-08-26,wk15,78.0
2000,Vertical Horizon,You're A God,3:45,2000-08-26,wk15,32.0
2000,"Adams, Yolanda",Open My Heart,5:30,2000-08-26,wk16,63.0
2000,"Strait, George",Go On,3:48,2000-08-26,wk16,71.0
2000,"Tippin, Aaron",Kiss This,2:53,2000-08-26,wk16,94.0
2000,Vertical Horizon,You're A God,3:45,2000-08-26,wk16,37.0
2000,"Adams, Yolanda",Open My Heart,5:30,2000-08-26,wk17,67.0
2000,"Strait, George",Go On,3:48,2000-08-26,wk17,78.0
2000,"Tippin, Aaron",Kiss This,2:53,2000-08-26,wk17,87.0
2000,Vertical Horizon,You're A God,3:45,2000-08-26,wk17,37.0
2000,"Adams, Yolanda",Open My Heart,5:30,2000-08-26,wk18,71.0
2000,"Strait, George",Go On,3:48,2000-08-26,wk18,88.0
2000,"Tippin, Aaron",Kiss This,2:53,2000-08-26,wk18,92.0
2000,Vertical Horizon,You're A God,3:45,2000-08-26,wk18,41.0
2000,"Adams, Yolanda",Open My Heart,5:30,2000-08-26,wk19,79.0
2000,"Strait, George",Go On,3:48,2000-08-26,wk19,95.0
2000,"Tippin, Aaron",Kiss This,2:53,2000-08-26,wk19,97.0
2000,Vertical Horizon,You're A God,3:45,2000-08-26,wk19,46.0
2000,"Adams, Yolanda",Open My Heart,5:30,2000-08-26,wk20,89.0
2000,"Tippin, Aaron",Kiss This,2:53,2000-08-26,wk20,99.0
2000,Vertical Horizon,You're A God,3:45,2000-08-26,wk20,48.0
2000,"Strait, George",Go On,3:48,2000-08-26,wk21,97.0
2000,Vertical Horizon,You're A God,3:45,2000-08-26,wk21,49.0
2000,2Ge+her,The Hardest Part Of ...,3:15,2000-09-02,wk01,91.0
2000,"Gill, Vince",Feels Like Love,4:13,2000-09-02,wk01,82.0
2000,Third Eye Blind,Deep Inside Of You,4:10,2000-09-02,wk01,80.0
2000,Zombie Nation,Kernkraft 400,3:30,2000-09-02,wk01,99.0
2000,2Ge+her,The Hardest Part Of ...,3:15,2000-09-02,wk02,87.0
2000,"Gill, Vince",Feels Like Love,4:13,2000-09-02,wk02,76.0
2000,Third Eye Blind,Deep Inside Of You,4:10,2000-09-02,wk02,73.0
2000,Zombie Nation,Kernkraft 400,3:30,2000-09-02,wk02,99.0
2000,2Ge+her,The Hardest Part Of ...,3:15,2000-09-02,wk03,92.0
2000,"Gill, Vince",Feels Like Love,4:13,2000-09-02,wk03,74.0
2000,Third Eye Blind,Deep Inside Of You,4:10,2000-09-02,wk03,70.0
2000,"Gill, Vince",Feels Like Love,4:13,2000-09-02,wk04,73.0
2000,Third Eye Blind,Deep Inside Of You,4:10,2000-09-02,wk04,70.0
2000,"Gill, Vince",Feels Like Love,4:13,2000-09-02,wk05,73.0
2000,Third Eye Blind,Deep Inside Of You,4:10,2000-09-02,wk05,70.0
2000,"Gill, Vince",Feels Like Love,4:13,2000-09-02,wk06,65.0
2000,Third Eye Blind,Deep Inside Of You,4:10,2000-09-02,wk06,69.0
2000,"Gill, Vince",Feels Like Love,4:13,2000-09-02,wk07,59.0
2000,Third Eye Blind,Deep Inside Of You,4:10,2000-09-02,wk07,72.0
2000,"Gill, Vince",Feels Like Love,4:13,2000-09-02,wk08,58.0
2000,Third Eye Blind,Deep Inside Of You,4:10,2000-09-02,wk08,79.0
2000,"Gill, Vince",Feels Like Love,4:13,2000-09-02,wk09,54.0
2000,Third Eye Blind,Deep Inside Of You,4:10,2000-09-02,wk09,90.0
2000,"Gill, Vince",Feels Like Love,4:13,2000-09-02,wk10,54.0
2000,Third Eye Blind,Deep Inside Of You,4:10,2000-09-02,wk10,97.0
2000,"Gill, Vince",Feels Like Love,4:13,2000-09-02,wk11,53.0
2000,Third Eye Blind,Deep Inside Of You,4:10,2000-09-02,wk11,95.0
2000,"Gill, Vince",Feels Like Love,4:13,2000-09-02,wk12,52.0
2000,Third Eye Blind,Deep Inside Of You,4:10,2000-09-02,wk12,93.0
2000,"Gill, Vince",Feels Like Love,4:13,2000-09-02,wk13,55.0
2000,"Gill, Vince",Feels Like Love,4:13,2000-09-02,wk14,52.0
2000,"Gill, Vince",Feels Like Love,4:13,2000-09-02,wk15,57.0
2000,"Gill, Vince",Feels Like Love,4:13,2000-09-02,wk16,76.0
2000,"Gill, Vince",Feels Like Love,4:13,2000-09-02,wk17,91.0
2000,"Gill, Vince",Feels Like Love,4:13,2000-09-02,wk18,99.0
2000,"Gill, Vince",Feels Like Love,4:13,2000-09-02,wk20,91.0
2000,"Gill, Vince",Feels Like Love,4:13,2000-09-02,wk21,89.0
2000,Barenaked Ladies,Pinch Me,3:46,2000-09-09,wk01,77.0
2000,"McBride, Martina",There You Are,3:26,2000-09-09,wk01,79.0
2000,"Montgomery, John Michael",The Little Girl,3:52,2000-09-09,wk01,81.0
2000,"Mumba, Samantha",Gotta Tell You,3:19,2000-09-09,wk01,85.0
2000,"Rimes, LeAnn",Can't Fight The Moon...,3:33,2000-09-09,wk01,82.0
2000,Shyne,Bad Boyz,4:22,2000-09-09,wk01,94.0
2000,Trina,Pull Over,2:58,2000-09-09,wk01,97.0
2000,Barenaked Ladies,Pinch Me,3:46,2000-09-09,wk02,76.0
2000,"McBride, Martina",There You Are,3:26,2000-09-09,wk02,75.0
2000,"Montgomery, John Michael",The Little Girl,3:52,2000-09-09,wk02,67.0
2000,"Mumba, Samantha",Gotta Tell You,3:19,2000-09-09,wk02,72.0
2000,"Rimes, LeAnn",Can't Fight The Moon...,3:33,2000-09-09,wk02,71.0
2000,Shyne,Bad Boyz,4:22,2000-09-09,wk02,87.0
2000,Trina,Pull Over,2:58,2000-09-09,wk02,93.0
2000,Barenaked Ladies,Pinch Me,3:46,2000-09-09,wk03,69.0
2000,"McBride, Martina",There You Are,3:26,2000-09-09,wk03,75.0
2000,"Montgomery, John Michael",The Little Girl,3:52,2000-09-09,wk03,64.0
2000,"Mumba, Samantha",Gotta Tell You,3:19,2000-09-09,wk03,65.0
2000,"Rimes, LeAnn",Can't Fight The Moon...,3:33,2000-09-09,wk03,79.0
2000,Shyne,Bad Boyz,4:22,2000-09-09,wk03,90.0
2000,Trina,Pull Over,2:58,2000-09-09,wk03,96.0
2000,Barenaked Ladies,Pinch Me,3:46,2000-09-09,wk04,45.0
2000,"McBride, Martina",There You Are,3:26,2000-09-09,wk04,75.0
2000,"Montgomery, John Michael",The Little Girl,3:52,2000-09-09,wk04,56.0
2000,"Mumba, Samantha",Gotta Tell You,3:19,2000-09-09,wk04,49.0
2000,"Rimes, LeAnn",Can't Fight The Moon...,3:33,2000-09-09,wk04,83.0
2000,Shyne,Bad Boyz,4:22,2000-09-09,wk04,90.0
2000,Trina,Pull Over,2:58,2000-09-09,wk04,100.0
2000,Barenaked Ladies,Pinch Me,3:46,2000-09-09,wk05,51.0
2000,"McBride, Martina",There You Are,3:26,2000-09-09,wk05,73.0
2000,"Montgomery, John Michael",The Little Girl,3:52,2000-09-09,wk05,45.0
2000,"Mumba, Samantha",Gotta Tell You,3:19,2000-09-09,wk05,39.0
2000,"Rimes, LeAnn",Can't Fight The Moon...,3:33,2000-09-09,wk05,96.0
2000,Shyne,Bad Boyz,4:22,2000-09-09,wk05,82.0
2000,Barenaked Ladies,Pinch Me,3:46,2000-09-09,wk06,37.0
2000,"McBride, Martina",There You Are,3:26,2000-09-09,wk06,64.0
2000,"Montgomery, John Michael",The Little Girl,3:52,2000-09-09,wk06,41.0
2000,"Mumba, Samantha",Gotta Tell You,3:19,2000-09-09,wk06,25.0
2000,"Rimes, LeAnn",Can't Fight The Moon...,3:33,2000-09-09,wk06,99.0
2000,Shyne,Bad Boyz,4:22,2000-09-09,wk06,67.0
2000,Barenaked Ladies,Pinch Me,3:46,2000-09-09,wk07,33.0
2000,"McBride, Martina",There You Are,3:26,2000-09-09,wk07,60.0
2000,"Montgomery, John Michael",The Little Girl,3:52,2000-09-09,wk07,41.0
2000,"Mumba, Samantha",Gotta Tell You,3:19,2000-09-09,wk07,20.0
2000,"Rimes, LeAnn",Can't Fight The Moon...,3:33,2000-09-09,wk07,78.0
2000,Shyne,Bad Boyz,4:22,2000-09-09,wk07,61.0
2000,Barenaked Ladies,Pinch Me,3:46,2000-09-09,wk08,29.0
2000,"McBride, Martina",There You Are,3:26,2000-09-09,wk08,60.0
2000,"Montgomery, John Michael",The Little Girl,3:52,2000-09-09,wk08,35.0
2000,"Mumba, Samantha",Gotta Tell You,3:19,2000-09-09,wk08,10.0
2000,"Rimes, LeAnn",Can't Fight The Moon...,3:33,2000-09-09,wk08,78.0
2000,Shyne,Bad Boyz,4:22,2000-09-09,wk08,57.0
2000,Barenaked Ladies,Pinch Me,3:46,2000-09-09,wk09,26.0
2000,"McBride, Martina",There You Are,3:26,2000-09-09,wk09,60.0
2000,"Montgomery, John Michael",The Little Girl,3:52,2000-09-09,wk09,35.0
2000,"Mumba, Samantha",Gotta Tell You,3:19,2000-09-09,wk09,9.0
2000,"Rimes, LeAnn",Can't Fight The Moon...,3:33,2000-09-09,wk09,83.0
2000,Shyne,Bad Boyz,4:22,2000-09-09,wk09,71.0
2000,Barenaked Ladies,Pinch Me,3:46,2000-09-09,wk10,25.0
2000,"McBride, Martina",There You Are,3:26,2000-09-09,wk10,63.0
2000,"Montgomery, John Michael",The Little Girl,3:52,2000-09-09,wk10,38.0
2000,"Mumba, Samantha",Gotta Tell You,3:19,2000-09-09,wk10,8.0
2000,"Rimes, LeAnn",Can't Fight The Moon...,3:33,2000-09-09,wk10,79.0
2000,Shyne,Bad Boyz,4:22,2000-09-09,wk10,78.0
2000,Barenaked Ladies,Pinch Me,3:46,2000-09-09,wk11,16.0
2000,"McBride, Martina",There You Are,3:26,2000-09-09,wk11,63.0
2000,"Montgomery, John Michael",The Little Girl,3:52,2000-09-09,wk11,37.0
2000,"Mumba, Samantha",Gotta Tell You,3:19,2000-09-09,wk11,6.0
2000,"Rimes, LeAnn",Can't Fight The Moon...,3:33,2000-09-09,wk11,77.0
2000,Shyne,Bad Boyz,4:22,2000-09-09,wk11,74.0
2000,Barenaked Ladies,Pinch Me,3:46,2000-09-09,wk12,15.0
2000,"McBride, Martina",There You Are,3:26,2000-09-09,wk12,82.0
2000,"Montgomery, John Michael",The Little Girl,3:52,2000-09-09,wk12,42.0
2000,"Mumba, Samantha",Gotta Tell You,3:19,2000-09-09,wk12,5.0
2000,"Rimes, LeAnn",Can't Fight The Moon...,3:33,2000-09-09,wk12,76.0
2000,Shyne,Bad Boyz,4:22,2000-09-09,wk12,81.0
2000,Barenaked Ladies,Pinch Me,3:46,2000-09-09,wk13,15.0
2000,"McBride, Martina",There You Are,3:26,2000-09-09,wk13,92.0
2000,"Montgomery, John Michael",The Little Girl,3:52,2000-09-09,wk13,45.0
2000,"Mumba, Samantha",Gotta Tell You,3:19,2000-09-09,wk13,7.0
2000,"Rimes, LeAnn",Can't Fight The Moon...,3:33,2000-09-09,wk13,79.0
2000,Shyne,Bad Boyz,4:22,2000-09-09,wk13,88.0
2000,Barenaked Ladies,Pinch Me,3:46,2000-09-09,wk14,19.0
2000,"Montgomery, John Michael",The Little Girl,3:52,2000-09-09,wk14,50.0
2000,"Mumba, Samantha",Gotta Tell You,3:19,2000-09-09,wk14,4.0
2000,"Rimes, LeAnn",Can't Fight The Moon...,3:33,2000-09-09,wk14,81.0
2000,Shyne,Bad Boyz,4:22,2000-09-09,wk14,96.0
2000,Barenaked Ladies,Pinch Me,3:46,2000-09-09,wk15,19.0
2000,"Montgomery, John Michael",The Little Girl,3:52,2000-09-09,wk15,57.0
2000,"Mumba, Samantha",Gotta Tell You,3:19,2000-09-09,wk15,6.0
2000,"Rimes, LeAnn",Can't Fight The Moon...,3:33,2000-09-09,wk15,88.0
2000,Shyne,Bad Boyz,4:22,2000-09-09,wk15,100.0
2000,Barenaked Ladies,Pinch Me,3:46,2000-09-09,wk16,20.0
2000,"Montgomery, John Michael",The Little Girl,3:52,2000-09-09,wk16,63.0
2000,"Mumba, Samantha",Gotta Tell You,3:19,2000-09-09,wk16,7.0
2000,"Rimes, LeAnn",Can't Fight The Moon...,3:33,2000-09-09,wk16,85.0
2000,Barenaked Ladies,Pinch Me,3:46,2000-09-09,wk17,22.0
2000,"Montgomery, John Michael",The Little Girl,3:52,2000-09-09,wk17,62.0
2000,"Mumba, Samantha",Gotta Tell You,3:19,2000-09-09,wk17,13.0
2000,"Rimes, LeAnn",Can't Fight The Moon...,3:33,2000-09-09,wk17,86.0
2000,Barenaked Ladies,Pinch Me,3:46,2000-09-09,wk18,20.0
2000,"Montgomery, John Michael",The Little Girl,3:52,2000-09-09,wk18,83.0
2000,"Mumba, Samantha",Gotta Tell You,3:19,2000-09-09,wk18,17.0
2000,"Rimes, LeAnn",Can't Fight The Moon...,3:33,2000-09-09,wk18,79.0
2000,Barenaked Ladies,Pinch Me,3:46,2000-09-09,wk19,21.0
2000,"Montgomery, John Michael",The Little Girl,3:52,2000-09-09,wk19,74.0
2000,"Mumba, Samantha",Gotta Tell You,3:19,2000-09-09,wk19,17.0
2000,"Rimes, LeAnn",Can't Fight The Moon...,3:33,2000-09-09,wk19,87.0
2000,Barenaked Ladies,Pinch Me,3:46,2000-09-09,wk20,34.0
2000,"Montgomery, John Michael",The Little Girl,3:52,2000-09-09,wk20,74.0
2000,"Mumba, Samantha",Gotta Tell You,3:19,2000-09-09,wk20,23.0
2000,"Rimes, LeAnn",Can't Fight The Moon...,3:33,2000-09-09,wk20,93.0
2000,Barenaked Ladies,Pinch Me,3:46,2000-09-09,wk21,44.0
2000,"Mumba, Samantha",Gotta Tell You,3:19,2000-09-09,wk21,29.0
2000,"Mumba, Samantha",Gotta Tell You,3:19,2000-09-09,wk22,36.0
2000,"Anthony, Marc",My Baby You,3:59,2000-09-16,wk01,82.0
2000,Ja Rule,Between Me And You,4:05,2000-09-16,wk01,85.0
2000,"Loveless, Patty",That's The Kind Of M...,3:27,2000-09-16,wk01,98.0
2000,Profyle,Liar,3:57,2000-09-16,wk01,52.0
2000,Tamia,Can't Go For That,3:38,2000-09-16,wk01,90.0
2000,"Anthony, Marc",My Baby You,3:59,2000-09-16,wk02,76.0
2000,Ja Rule,Between Me And You,4:05,2000-09-16,wk02,74.0
2000,"Loveless, Patty",That's The Kind Of M...,3:27,2000-09-16,wk02,93.0
2000,Profyle,Liar,3:57,2000-09-16,wk02,32.0
2000,Tamia,Can't Go For That,3:38,2000-09-16,wk02,86.0
2000,"Anthony, Marc",My Baby You,3:59,2000-09-16,wk03,76.0
2000,Ja Rule,Between Me And You,4:05,2000-09-16,wk03,61.0
2000,"Loveless, Patty",That's The Kind Of M...,3:27,2000-09-16,wk03,93.0
2000,Profyle,Liar,3:57,2000-09-16,wk03,25.0
2000,Tamia,Can't Go For That,3:38,2000-09-16,wk03,84.0
2000,"Anthony, Marc",My Baby You,3:59,2000-09-16,wk04,70.0
2000,Ja Rule,Between Me And You,4:05,2000-09-16,wk04,37.0
2000,"Loveless, Patty",That's The Kind Of M...,3:27,2000-09-16,wk04,93.0
2000,Profyle,Liar,3:57,2000-09-16,wk04,17.0
2000,Tamia,Can't Go For That,3:38,2000-09-16,wk04,88.0
2000,"Anthony, Marc",My Baby You,3:59,2000-09-16,wk05,82.0
2000,Ja Rule,Between Me And You,4:05,2000-09-16,wk05,27.0
2000,"Loveless, Patty",That's The Kind Of M...,3:27,2000-09-16,wk05,88.0
2000,Profyle,Liar,3:57,2000-09-16,wk05,16.0
2000,Tamia,Can't Go For That,3:38,2000-09-16,wk05,97.0
2000,"Anthony, Marc",My Baby You,3:59,2000-09-16,wk06,81.0
2000,Ja Rule,Between Me And You,4:05,2000-09-16,wk06,22.0
2000,"Loveless, Patty",That's The Kind Of M...,3:27,2000-09-16,wk06,88.0
2000,Profyle,Liar,3:57,2000-09-16,wk06,16.0
2000,"Anthony, Marc",My Baby You,3:59,2000-09-16,wk07,74.0
2000,Ja Rule,Between Me And You,4:05,2000-09-16,wk07,22.0
2000,"Loveless, Patty",That's The Kind Of M...,3:27,2000-09-16,wk07,82.0
2000,Profyle,Liar,3:57,2000-09-16,wk07,14.0
2000,"Anthony, Marc",My Baby You,3:59,2000-09-16,wk08,80.0
2000,Ja Rule,Between Me And You,4:05,2000-09-16,wk08,16.0
2000,"Loveless, Patty",That's The Kind Of M...,3:27,2000-09-16,wk08,81.0
2000,Profyle,Liar,3:57,2000-09-16,wk08,19.0
2000,"Anthony, Marc",My Baby You,3:59,2000-09-16,wk09,76.0
2000,Ja Rule,Between Me And You,4:05,2000-09-16,wk09,14.0
2000,"Loveless, Patty",That's The Kind Of M...,3:27,2000-09-16,wk09,73.0
2000,Profyle,Liar,3:57,2000-09-16,wk09,24.0
2000,"Anthony, Marc",My Baby You,3:59,2000-09-16,wk10,76.0
2000,Ja Rule,Between Me And You,4:05,2000-09-16,wk10,11.0
2000,"Loveless, Patty",That's The Kind Of M...,3:27,2000-09-16,wk10,71.0
2000,Profyle,Liar,3:57,2000-09-16,wk10,33.0
2000,"Anthony, Marc",My Baby You,3:59,2000-09-16,wk11,73.0
2000,Ja Rule,Between Me And You,4:05,2000-09-16,wk11,11.0
2000,"Loveless, Patty",That's The Kind Of M...,3:27,2000-09-16,wk11,71.0
2000,Profyle,Liar,3:57,2000-09-16,wk11,35.0
2000,"Anthony, Marc",My Baby You,3:59,2000-09-16,wk12,74.0
2000,Ja Rule,Between Me And You,4:05,2000-09-16,wk12,14.0
2000,"Loveless, Patty",That's The Kind Of M...,3:27,2000-09-16,wk12,72.0
2000,Profyle,Liar,3:57,2000-09-16,wk12,43.0
2000,"Anthony, Marc",My Baby You,3:59,2000-09-16,wk13,87.0
2000,Ja Rule,Between Me And You,4:05,2000-09-16,wk13,17.0
2000,"Loveless, Patty",That's The Kind Of M...,3:27,2000-09-16,wk13,85.0
2000,Profyle,Liar,3:57,2000-09-16,wk13,54.0
2000,"Anthony, Marc",My Baby You,3:59,2000-09-16,wk14,83.0
2000,Ja Rule,Between Me And You,4:05,2000-09-16,wk14,18.0
2000,"Loveless, Patty",That's The Kind Of M...,3:27,2000-09-16,wk14,91.0
2000,Profyle,Liar,3:57,2000-09-16,wk14,61.0
2000,"Anthony, Marc",My Baby You,3:59,2000-09-16,wk15,89.0
2000,Ja Rule,Between Me And You,4:05,2000-09-16,wk15,18.0
2000,Profyle,Liar,3:57,2000-09-16,wk15,69.0
2000,"Anthony, Marc",My Baby You,3:59,2000-09-16,wk16,93.0
2000,Ja Rule,Between Me And You,4:05,2000-09-16,wk16,21.0
2000,Profyle,Liar,3:57,2000-09-16,wk16,75.0
2000,"Anthony, Marc",My Baby You,3:59,2000-09-16,wk17,94.0
2000,Ja Rule,Between Me And You,4:05,2000-09-16,wk17,30.0
2000,Profyle,Liar,3:57,2000-09-16,wk17,86.0
2000,"Anthony, Marc",My Baby You,3:59,2000-09-16,wk18,94.0
2000,Ja Rule,Between Me And You,4:05,2000-09-16,wk18,30.0
2000,Profyle,Liar,3:57,2000-09-16,wk18,81.0
2000,"Anthony, Marc",My Baby You,3:59,2000-09-16,wk19,91.0
2000,Ja Rule,Between Me And You,4:05,2000-09-16,wk19,42.0
2000,Profyle,Liar,3:57,2000-09-16,wk19,94.0
2000,"Anthony, Marc",My Baby You,3:59,2000-09-16,wk20,90.0
2000,Ja Rule,Between Me And You,4:05,2000-09-16,wk20,53.0
2000,Profyle,Liar,3:57,2000-09-16,wk20,99.0
2000,"Cyrus, Billy Ray",You Won't Be Lonely ...,3:45,2000-09-23,wk01,97.0
2000,Destiny's Child,Independent Women Pa...,3:38,2000-09-23,wk01,78.0
2000,"Price, Kelly",You Should've Told M...,3:12,2000-09-23,wk01,91.0
2000,"Thomas, Carl",Summer Rain,4:57,2000-09-23,wk01,82.0
2000,"Cyrus, Billy Ray",You Won't Be Lonely ...,3:45,2000-09-23,wk02,97.0
2000,Destiny's Child,Independent Women Pa...,3:38,2000-09-23,wk02,63.0
2000,"Price, Kelly",You Should've Told M...,3:12,2000-09-23,wk02,91.0
2000,"Thomas, Carl",Summer Rain,4:57,2000-09-23,wk02,82.0
2000,"Cyrus, Billy Ray",You Won't Be Lonely ...,3:45,2000-09-23,wk03,97.0
2000,Destiny's Child,Independent Women Pa...,3:38,2000-09-23,wk03,49.0
2000,"Price, Kelly",You Should've Told M...,3:12,2000-09-23,wk03,91.0
2000,"Thomas, Carl",Summer Rain,4:57,2000-09-23,wk03,86.0
2000,"Cyrus, Billy Ray",You Won't Be Lonely ...,3:45,2000-09-23,wk04,92.0
2000,Destiny's Child,Independent Women Pa...,3:38,2000-09-23,wk04,33.0
2000,"Price, Kelly",You Should've Told M...,3:12,2000-09-23,wk04,87.0
2000,"Thomas, Carl",Summer Rain,4:57,2000-09-23,wk04,80.0
2000,"Cyrus, Billy Ray",You Won't Be Lonely ...,3:45,2000-09-23,wk05,91.0
2000,Destiny's Child,Independent Women Pa...,3:38,2000-09-23,wk05,23.0
2000,"Price, Kelly",You Should've Told M...,3:12,2000-09-23,wk05,86.0
2000,"Thomas, Carl",Summer Rain,4:57,2000-09-23,wk05,82.0
2000,"Cyrus, Billy Ray",You Won't Be Lonely ...,3:45,2000-09-23,wk06,88.0
2000,Destiny's Child,Independent Women Pa...,3:38,2000-09-23,wk06,15.0
2000,"Price, Kelly",You Should've Told M...,3:12,2000-09-23,wk06,79.0
2000,"Thomas, Carl",Summer Rain,4:57,2000-09-23,wk06,83.0
2000,"Cyrus, Billy Ray",You Won't Be Lonely ...,3:45,2000-09-23,wk07,85.0
2000,Destiny's Child,Independent Women Pa...,3:38,2000-09-23,wk07,7.0
2000,"Price, Kelly",You Should've Told M...,3:12,2000-09-23,wk07,79.0
2000,"Thomas, Carl",Summer Rain,4:57,2000-09-23,wk07,84.0
2000,"Cyrus, Billy Ray",You Won't Be Lonely ...,3:45,2000-09-23,wk08,80.0
2000,Destiny's Child,Independent Women Pa...,3:38,2000-09-23,wk08,5.0
2000,"Price, Kelly",You Should've Told M...,3:12,2000-09-23,wk08,75.0
2000,"Thomas, Carl",Summer Rain,4:57,2000-09-23,wk08,82.0
2000,"Cyrus, Billy Ray",You Won't Be Lonely ...,3:45,2000-09-23,wk09,82.0
2000,Destiny's Child,Independent Women Pa...,3:38,2000-09-23,wk09,1.0
2000,"Price, Kelly",You Should've Told M...,3:12,2000-09-23,wk09,70.0
2000,"Thomas, Carl",Summer Rain,4:57,2000-09-23,wk09,88.0
2000,"Cyrus, Billy Ray",You Won't Be Lonely ...,3:45,2000-09-23,wk10,80.0
2000,Destiny's Child,Independent Women Pa...,3:38,2000-09-23,wk10,1.0
2000,"Price, Kelly",You Should've Told M...,3:12,2000-09-23,wk10,68.0
2000,"Thomas, Carl",Summer Rain,4:57,2000-09-23,wk10,94.0
2000,"Cyrus, Billy Ray",You Won't Be Lonely ...,3:45,2000-09-23,wk11,80.0
2000,Destiny's Child,Independent Women Pa...,3:38,2000-09-23,wk11,1.0
2000,"Price, Kelly",You Should've Told M...,3:12,2000-09-23,wk11,64.0
2000,"Thomas, Carl",Summer Rain,4:57,2000-09-23,wk11,95.0
2000,"Cyrus, Billy Ray",You Won't Be Lonely ...,3:45,2000-09-23,wk12,89.0
2000,Destiny's Child,Independent Women Pa...,3:38,2000-09-23,wk12,1.0
2000,"Price, Kelly",You Should've Told M...,3:12,2000-09-23,wk12,64.0
2000,"Cyrus, Billy Ray",You Won't Be Lonely ...,3:45,2000-09-23,wk13,95.0
2000,Destiny's Child,Independent Women Pa...,3:38,2000-09-23,wk13,1.0
2000,"Price, Kelly",You Should've Told M...,3:12,2000-09-23,wk13,68.0
2000,Destiny's Child,Independent Women Pa...,3:38,2000-09-23,wk14,1.0
2000,"Price, Kelly",You Should've Told M...,3:12,2000-09-23,wk14,70.0
2000,Destiny's Child,Independent Women Pa...,3:38,2000-09-23,wk15,1.0
2000,"Price, Kelly",You Should've Told M...,3:12,2000-09-23,wk15,74.0
2000,Destiny's Child,Independent Women Pa...,3:38,2000-09-23,wk16,1.0
2000,"Price, Kelly",You Should've Told M...,3:12,2000-09-23,wk16,90.0
2000,Destiny's Child,Independent Women Pa...,3:38,2000-09-23,wk17,1.0
2000,"Price, Kelly",You Should've Told M...,3:12,2000-09-23,wk17,86.0
2000,Destiny's Child,Independent Women Pa...,3:38,2000-09-23,wk18,1.0
2000,"Price, Kelly",You Should've Told M...,3:12,2000-09-23,wk18,85.0
2000,Destiny's Child,Independent Women Pa...,3:38,2000-09-23,wk19,1.0
2000,"Price, Kelly",You Should've Told M...,3:12,2000-09-23,wk19,93.0
2000,Destiny's Child,Independent Women Pa...,3:38,2000-09-23,wk20,2.0
2000,"Price, Kelly",You Should've Told M...,3:12,2000-09-23,wk20,92.0
2000,Destiny's Child,Independent Women Pa...,3:38,2000-09-23,wk21,3.0
2000,Destiny's Child,Independent Women Pa...,3:38,2000-09-23,wk22,7.0
2000,Destiny's Child,Independent Women Pa...,3:38,2000-09-23,wk23,10.0
2000,Destiny's Child,Independent Women Pa...,3:38,2000-09-23,wk24,12.0
2000,Destiny's Child,Independent Women Pa...,3:38,2000-09-23,wk25,15.0
2000,Destiny's Child,Independent Women Pa...,3:38,2000-09-23,wk26,22.0
2000,Destiny's Child,Independent Women Pa...,3:38,2000-09-23,wk27,29.0
2000,Destiny's Child,Independent Women Pa...,3:38,2000-09-23,wk28,31.0
2000,Changing Faces,That Other Woman,4:00,2000-09-30,wk01,80.0
2000,Dream,He Loves U Not,3:43,2000-09-30,wk01,99.0
2000,Ludacris,What's Your Fantasy,4:16,2000-09-30,wk01,89.0
2000,N'Sync,This I Promise You,4:23,2000-09-30,wk01,68.0
2000,"Vassar, Phil",Just Another Day In ...,3:54,2000-09-30,wk01,81.0
2000,Changing Faces,That Other Woman,4:00,2000-09-30,wk02,72.0
2000,Dream,He Loves U Not,3:43,2000-09-30,wk02,92.0
2000,Ludacris,What's Your Fantasy,4:16,2000-09-30,wk02,83.0
2000,N'Sync,This I Promise You,4:23,2000-09-30,wk02,31.0
2000,"Vassar, Phil",Just Another Day In ...,3:54,2000-09-30,wk02,81.0
2000,Changing Faces,That Other Woman,4:00,2000-09-30,wk03,66.0
2000,Dream,He Loves U Not,3:43,2000-09-30,wk03,81.0
2000,Ludacris,What's Your Fantasy,4:16,2000-09-30,wk03,63.0
2000,N'Sync,This I Promise You,4:23,2000-09-30,wk03,19.0
2000,"Vassar, Phil",Just Another Day In ...,3:54,2000-09-30,wk03,76.0
2000,Changing Faces,That Other Woman,4:00,2000-09-30,wk04,66.0
2000,Dream,He Loves U Not,3:43,2000-09-30,wk04,59.0
2000,Ludacris,What's Your Fantasy,4:16,2000-09-30,wk04,55.0
2000,N'Sync,This I Promise You,4:23,2000-09-30,wk04,15.0
2000,"Vassar, Phil",Just Another Day In ...,3:54,2000-09-30,wk04,67.0
2000,Changing Faces,That Other Woman,4:00,2000-09-30,wk05,64.0
2000,Dream,He Loves U Not,3:43,2000-09-30,wk05,47.0
2000,Ludacris,What's Your Fantasy,4:16,2000-09-30,wk05,49.0
2000,N'Sync,This I Promise You,4:23,2000-09-30,wk05,11.0
2000,"Vassar, Phil",Just Another Day In ...,3:54,2000-09-30,wk05,53.0
2000,Changing Faces,That Other Woman,4:00,2000-09-30,wk06,76.0
2000,Dream,He Loves U Not,3:43,2000-09-30,wk06,42.0
2000,Ludacris,What's Your Fantasy,4:16,2000-09-30,wk06,40.0
2000,N'Sync,This I Promise You,4:23,2000-09-30,wk06,6.0
2000,"Vassar, Phil",Just Another Day In ...,3:54,2000-09-30,wk06,46.0
2000,Changing Faces,That Other Woman,4:00,2000-09-30,wk07,65.0
2000,Dream,He Loves U Not,3:43,2000-09-30,wk07,32.0
2000,Ludacris,What's Your Fantasy,4:16,2000-09-30,wk07,33.0
2000,N'Sync,This I Promise You,4:23,2000-09-30,wk07,7.0
2000,"Vassar, Phil",Just Another Day In ...,3:54,2000-09-30,wk07,43.0
2000,Changing Faces,That Other Woman,4:00,2000-09-30,wk08,66.0
2000,Dream,He Loves U Not,3:43,2000-09-30,wk08,27.0
2000,Ludacris,What's Your Fantasy,4:16,2000-09-30,wk08,32.0
2000,N'Sync,This I Promise You,4:23,2000-09-30,wk08,7.0
2000,"Vassar, Phil",Just Another Day In ...,3:54,2000-09-30,wk08,38.0
2000,Changing Faces,That Other Woman,4:00,2000-09-30,wk09,75.0
2000,Dream,He Loves U Not,3:43,2000-09-30,wk09,18.0
2000,Ludacris,What's Your Fantasy,4:16,2000-09-30,wk09,30.0
2000,N'Sync,This I Promise You,4:23,2000-09-30,wk09,6.0
2000,"Vassar, Phil",Just Another Day In ...,3:54,2000-09-30,wk09,36.0
2000,Changing Faces,That Other Woman,4:00,2000-09-30,wk10,85.0
2000,Dream,He Loves U Not,3:43,2000-09-30,wk10,18.0
2000,Ludacris,What's Your Fantasy,4:16,2000-09-30,wk10,25.0
2000,N'Sync,This I Promise You,4:23,2000-09-30,wk10,5.0
2000,"Vassar, Phil",Just Another Day In ...,3:54,2000-09-30,wk10,35.0
2000,Changing Faces,That Other Woman,4:00,2000-09-30,wk11,97.0
2000,Dream,He Loves U Not,3:43,2000-09-30,wk11,11.0
2000,Ludacris,What's Your Fantasy,4:16,2000-09-30,wk11,22.0
2000,N'Sync,This I Promise You,4:23,2000-09-30,wk11,6.0
2000,"Vassar, Phil",Just Another Day In ...,3:54,2000-09-30,wk11,43.0
2000,Dream,He Loves U Not,3:43,2000-09-30,wk12,8.0
2000,Ludacris,What's Your Fantasy,4:16,2000-09-30,wk12,21.0
2000,N'Sync,This I Promise You,4:23,2000-09-30,wk12,7.0
2000,"Vassar, Phil",Just Another Day In ...,3:54,2000-09-30,wk12,41.0
2000,Dream,He Loves U Not,3:43,2000-09-30,wk13,5.0
2000,Ludacris,What's Your Fantasy,4:16,2000-09-30,wk13,24.0
2000,N'Sync,This I Promise You,4:23,2000-09-30,wk13,10.0
2000,"Vassar, Phil",Just Another Day In ...,3:54,2000-09-30,wk13,46.0
2000,Dream,He Loves U Not,3:43,2000-09-30,wk14,2.0
2000,Ludacris,What's Your Fantasy,4:16,2000-09-30,wk14,24.0
2000,N'Sync,This I Promise You,4:23,2000-09-30,wk14,12.0
2000,"Vassar, Phil",Just Another Day In ...,3:54,2000-09-30,wk14,51.0
2000,Dream,He Loves U Not,3:43,2000-09-30,wk15,2.0
2000,Ludacris,What's Your Fantasy,4:16,2000-09-30,wk15,24.0
2000,N'Sync,This I Promise You,4:23,2000-09-30,wk15,11.0
2000,"Vassar, Phil",Just Another Day In ...,3:54,2000-09-30,wk15,62.0
2000,Dream,He Loves U Not,3:43,2000-09-30,wk16,3.0
2000,Ludacris,What's Your Fantasy,4:16,2000-09-30,wk16,27.0
2000,N'Sync,This I Promise You,4:23,2000-09-30,wk16,9.0
2000,"Vassar, Phil",Just Another Day In ...,3:54,2000-09-30,wk16,58.0
2000,Dream,He Loves U Not,3:43,2000-09-30,wk17,3.0
2000,Ludacris,What's Your Fantasy,4:16,2000-09-30,wk17,25.0
2000,N'Sync,This I Promise You,4:23,2000-09-30,wk17,11.0
2000,"Vassar, Phil",Just Another Day In ...,3:54,2000-09-30,wk17,63.0
2000,Dream,He Loves U Not,3:43,2000-09-30,wk18,3.0
2000,Ludacris,What's Your Fantasy,4:16,2000-09-30,wk18,34.0
2000,N'Sync,This I Promise You,4:23,2000-09-30,wk18,12.0
2000,"Vassar, Phil",Just Another Day In ...,3:54,2000-09-30,wk18,70.0
2000,Dream,He Loves U Not,3:43,2000-09-30,wk19,7.0
2000,Ludacris,What's Your Fantasy,4:16,2000-09-30,wk19,32.0
2000,N'Sync,This I Promise You,4:23,2000-09-30,wk19,20.0
2000,"Vassar, Phil",Just Another Day In ...,3:54,2000-09-30,wk19,74.0
2000,Dream,He Loves U Not,3:43,2000-09-30,wk20,9.0
2000,Ludacris,What's Your Fantasy,4:16,2000-09-30,wk20,35.0
2000,N'Sync,This I Promise You,4:23,2000-09-30,wk20,22.0
2000,"Vassar, Phil",Just Another Day In ...,3:54,2000-09-30,wk20,79.0
2000,Dream,He Loves U Not,3:43,2000-09-30,wk21,10.0
2000,Ludacris,What's Your Fantasy,4:16,2000-09-30,wk21,41.0
2000,N'Sync,This I Promise You,4:23,2000-09-30,wk21,26.0
2000,Dream,He Loves U Not,3:43,2000-09-30,wk22,11.0
2000,Ludacris,What's Your Fantasy,4:16,2000-09-30,wk22,47.0
2000,N'Sync,This I Promise You,4:23,2000-09-30,wk22,30.0
2000,Dream,He Loves U Not,3:43,2000-09-30,wk23,10.0
2000,N'Sync,This I Promise You,4:23,2000-09-30,wk23,30.0
2000,Dream,He Loves U Not,3:43,2000-09-30,wk24,19.0
2000,N'Sync,This I Promise You,4:23,2000-09-30,wk24,39.0
2000,Dream,He Loves U Not,3:43,2000-09-30,wk25,23.0
2000,N'Sync,This I Promise You,4:23,2000-09-30,wk25,41.0
2000,Dream,He Loves U Not,3:43,2000-09-30,wk26,28.0
2000,N'Sync,This I Promise You,4:23,2000-09-30,wk26,49.0
2000,Dream,He Loves U Not,3:43,2000-09-30,wk27,38.0
2000,Dream,He Loves U Not,3:43,2000-09-30,wk28,46.0
2000,"Dixie Chicks, The",Without You,3:32,2000-10-07,wk01,80.0
2000,"Jean, Wyclef",911,4:00,2000-10-07,wk01,77.0
2000,"Martin, Ricky",She Bangs,4:02,2000-10-07,wk01,38.0
2000,"Dixie Chicks, The",Without You,3:32,2000-10-07,wk02,70.0
2000,"Jean, Wyclef",911,4:00,2000-10-07,wk02,74.0
2000,"Martin, Ricky",She Bangs,4:02,2000-10-07,wk02,28.0
2000,"Dixie Chicks, The",Without You,3:32,2000-10-07,wk03,63.0
2000,"Jean, Wyclef",911,4:00,2000-10-07,wk03,64.0
2000,"Martin, Ricky",She Bangs,4:02,2000-10-07,wk03,21.0
2000,"Dixie Chicks, The",Without You,3:32,2000-10-07,wk04,56.0
2000,"Jean, Wyclef",911,4:00,2000-10-07,wk04,61.0
2000,"Martin, Ricky",She Bangs,4:02,2000-10-07,wk04,21.0
2000,"Dixie Chicks, The",Without You,3:32,2000-10-07,wk05,50.0
2000,"Jean, Wyclef",911,4:00,2000-10-07,wk05,53.0
2000,"Martin, Ricky",She Bangs,4:02,2000-10-07,wk05,18.0
2000,"Dixie Chicks, The",Without You,3:32,2000-10-07,wk06,49.0
2000,"Jean, Wyclef",911,4:00,2000-10-07,wk06,48.0
2000,"Martin, Ricky",She Bangs,4:02,2000-10-07,wk06,16.0
2000,"Dixie Chicks, The",Without You,3:32,2000-10-07,wk07,48.0
2000,"Jean, Wyclef",911,4:00,2000-10-07,wk07,43.0
2000,"Martin, Ricky",She Bangs,4:02,2000-10-07,wk07,13.0
2000,"Dixie Chicks, The",Without You,3:32,2000-10-07,wk08,46.0
2000,"Jean, Wyclef",911,4:00,2000-10-07,wk08,38.0
2000,"Martin, Ricky",She Bangs,4:02,2000-10-07,wk08,13.0
2000,"Dixie Chicks, The",Without You,3:32,2000-10-07,wk09,41.0
2000,"Jean, Wyclef",911,4:00,2000-10-07,wk09,42.0
2000,"Martin, Ricky",She Bangs,4:02,2000-10-07,wk09,12.0
2000,"Dixie Chicks, The",Without You,3:32,2000-10-07,wk10,40.0
2000,"Jean, Wyclef",911,4:00,2000-10-07,wk10,38.0
2000,"Martin, Ricky",She Bangs,4:02,2000-10-07,wk10,20.0
2000,"Dixie Chicks, The",Without You,3:32,2000-10-07,wk11,35.0
2000,"Jean, Wyclef",911,4:00,2000-10-07,wk11,44.0
2000,"Martin, Ricky",She Bangs,4:02,2000-10-07,wk11,22.0
2000,"Dixie Chicks, The",Without You,3:32,2000-10-07,wk12,31.0
2000,"Jean, Wyclef",911,4:00,2000-10-07,wk12,49.0
2000,"Martin, Ricky",She Bangs,4:02,2000-10-07,wk12,29.0
2000,"Dixie Chicks, The",Without You,3:32,2000-10-07,wk13,33.0
2000,"Jean, Wyclef",911,4:00,2000-10-07,wk13,53.0
2000,"Martin, Ricky",She Bangs,4:02,2000-10-07,wk13,43.0
2000,"Dixie Chicks, The",Without You,3:32,2000-10-07,wk14,44.0
2000,"Jean, Wyclef",911,4:00,2000-10-07,wk14,61.0
2000,"Martin, Ricky",She Bangs,4:02,2000-10-07,wk14,54.0
2000,"Dixie Chicks, The",Without You,3:32,2000-10-07,wk15,36.0
2000,"Jean, Wyclef",911,4:00,2000-10-07,wk15,66.0
2000,"Martin, Ricky",She Bangs,4:02,2000-10-07,wk15,55.0
2000,"Dixie Chicks, The",Without You,3:32,2000-10-07,wk16,35.0
2000,"Jean, Wyclef",911,4:00,2000-10-07,wk16,68.0
2000,"Martin, Ricky",She Bangs,4:02,2000-10-07,wk16,73.0
2000,"Dixie Chicks, The",Without You,3:32,2000-10-07,wk17,37.0
2000,"Jean, Wyclef",911,4:00,2000-10-07,wk17,80.0
2000,"Martin, Ricky",She Bangs,4:02,2000-10-07,wk17,92.0
2000,"Dixie Chicks, The",Without You,3:32,2000-10-07,wk18,43.0
2000,"Jean, Wyclef",911,4:00,2000-10-07,wk18,85.0
2000,"Martin, Ricky",She Bangs,4:02,2000-10-07,wk18,100.0
2000,"Dixie Chicks, The",Without You,3:32,2000-10-07,wk19,51.0
2000,"Jean, Wyclef",911,4:00,2000-10-07,wk19,96.0
2000,"Dixie Chicks, The",Without You,3:32,2000-10-07,wk20,54.0
2000,"Backstreet Boys, The",Shape Of My Heart,3:49,2000-10-14,wk01,39.0
2000,Cam'ron,What Means The World...,4:38,2000-10-14,wk01,94.0
2000,Musiq,Just Friends,4:02,2000-10-14,wk01,89.0
2000,"Paisley, Brad",We Danced,3:45,2000-10-14,wk01,71.0
2000,"Backstreet Boys, The",Shape Of My Heart,3:49,2000-10-14,wk02,25.0
2000,Cam'ron,What Means The World...,4:38,2000-10-14,wk02,94.0
2000,Musiq,Just Friends,4:02,2000-10-14,wk02,83.0
2000,"Paisley, Brad",We Danced,3:45,2000-10-14,wk02,68.0
2000,"Backstreet Boys, The",Shape Of My Heart,3:49,2000-10-14,wk03,24.0
2000,Cam'ron,What Means The World...,4:38,2000-10-14,wk03,96.0
2000,Musiq,Just Friends,4:02,2000-10-14,wk03,65.0
2000,"Paisley, Brad",We Danced,3:45,2000-10-14,wk03,52.0
2000,"Backstreet Boys, The",Shape Of My Heart,3:49,2000-10-14,wk04,15.0
2000,Cam'ron,What Means The World...,4:38,2000-10-14,wk04,91.0
2000,Musiq,Just Friends,4:02,2000-10-14,wk04,55.0
2000,"Paisley, Brad",We Danced,3:45,2000-10-14,wk04,52.0
2000,"Backstreet Boys, The",Shape Of My Heart,3:49,2000-10-14,wk05,12.0
2000,Cam'ron,What Means The World...,4:38,2000-10-14,wk05,84.0
2000,Musiq,Just Friends,4:02,2000-10-14,wk05,54.0
2000,"Paisley, Brad",We Danced,3:45,2000-10-14,wk05,45.0
2000,"Backstreet Boys, The",Shape Of My Heart,3:49,2000-10-14,wk06,12.0
2000,Cam'ron,What Means The World...,4:38,2000-10-14,wk06,83.0
2000,Musiq,Just Friends,4:02,2000-10-14,wk06,54.0
2000,"Paisley, Brad",We Danced,3:45,2000-10-14,wk06,42.0
2000,"Backstreet Boys, The",Shape Of My Heart,3:49,2000-10-14,wk07,10.0
2000,Cam'ron,What Means The World...,4:38,2000-10-14,wk07,88.0
2000,Musiq,Just Friends,4:02,2000-10-14,wk07,52.0
2000,"Paisley, Brad",We Danced,3:45,2000-10-14,wk07,39.0
2000,"Backstreet Boys, The",Shape Of My Heart,3:49,2000-10-14,wk08,9.0
2000,Cam'ron,What Means The World...,4:38,2000-10-14,wk08,87.0
2000,Musiq,Just Friends,4:02,2000-10-14,wk08,44.0
2000,"Paisley, Brad",We Danced,3:45,2000-10-14,wk08,34.0
2000,"Backstreet Boys, The",Shape Of My Heart,3:49,2000-10-14,wk09,10.0
2000,Cam'ron,What Means The World...,4:38,2000-10-14,wk09,95.0
2000,Musiq,Just Friends,4:02,2000-10-14,wk09,41.0
2000,"Paisley, Brad",We Danced,3:45,2000-10-14,wk09,34.0
2000,"Backstreet Boys, The",Shape Of My Heart,3:49,2000-10-14,wk10,12.0
2000,Cam'ron,What Means The World...,4:38,2000-10-14,wk10,92.0
2000,Musiq,Just Friends,4:02,2000-10-14,wk10,34.0
2000,"Paisley, Brad",We Danced,3:45,2000-10-14,wk10,29.0
2000,"Backstreet Boys, The",Shape Of My Heart,3:49,2000-10-14,wk11,17.0
2000,Musiq,Just Friends,4:02,2000-10-14,wk11,32.0
2000,"Paisley, Brad",We Danced,3:45,2000-10-14,wk11,36.0
2000,"Backstreet Boys, The",Shape Of My Heart,3:49,2000-10-14,wk12,19.0
2000,Musiq,Just Friends,4:02,2000-10-14,wk12,31.0
2000,"Paisley, Brad",We Danced,3:45,2000-10-14,wk12,42.0
2000,"Backstreet Boys, The",Shape Of My Heart,3:49,2000-10-14,wk13,29.0
2000,Musiq,Just Friends,4:02,2000-10-14,wk13,35.0
2000,"Paisley, Brad",We Danced,3:45,2000-10-14,wk13,55.0
2000,"Backstreet Boys, The",Shape Of My Heart,3:49,2000-10-14,wk14,26.0
2000,Musiq,Just Friends,4:02,2000-10-14,wk14,34.0
2000,"Paisley, Brad",We Danced,3:45,2000-10-14,wk14,53.0
2000,"Backstreet Boys, The",Shape Of My Heart,3:49,2000-10-14,wk15,24.0
2000,Musiq,Just Friends,4:02,2000-10-14,wk15,41.0
2000,"Paisley, Brad",We Danced,3:45,2000-10-14,wk15,57.0
2000,"Backstreet Boys, The",Shape Of My Heart,3:49,2000-10-14,wk16,31.0
2000,Musiq,Just Friends,4:02,2000-10-14,wk16,41.0
2000,"Paisley, Brad",We Danced,3:45,2000-10-14,wk16,64.0
2000,"Backstreet Boys, The",Shape Of My Heart,3:49,2000-10-14,wk17,52.0
2000,Musiq,Just Friends,4:02,2000-10-14,wk17,48.0
2000,"Paisley, Brad",We Danced,3:45,2000-10-14,wk17,72.0
2000,"Backstreet Boys, The",Shape Of My Heart,3:49,2000-10-14,wk18,63.0
2000,Musiq,Just Friends,4:02,2000-10-14,wk18,54.0
2000,"Paisley, Brad",We Danced,3:45,2000-10-14,wk18,84.0
2000,"Backstreet Boys, The",Shape Of My Heart,3:49,2000-10-14,wk19,62.0
2000,Musiq,Just Friends,4:02,2000-10-14,wk19,58.0
2000,"Paisley, Brad",We Danced,3:45,2000-10-14,wk19,83.0
2000,"Backstreet Boys, The",Shape Of My Heart,3:49,2000-10-14,wk20,70.0
2000,Musiq,Just Friends,4:02,2000-10-14,wk20,68.0
2000,"Paisley, Brad",We Danced,3:45,2000-10-14,wk20,86.0
2000,3 Doors Down,Loser,4:24,2000-10-21,wk01,76.0
2000,Beenie Man,Girls Dem Sugar,4:17,2000-10-21,wk01,72.0
2000,"Cagle, Chris",My Love Goes On And ...,3:02,2000-10-21,wk01,99.0
2000,"Chesney, Kenny",I Lost It,3:54,2000-10-21,wk01,75.0
2000,"Evans, Sara",Born To Fly,5:36,2000-10-21,wk01,77.0
2000,"McGraw, Tim",My Next Thirty Years,3:37,2000-10-21,wk01,73.0
2000,3 Doors Down,Loser,4:24,2000-10-21,wk02,76.0
2000,Beenie Man,Girls Dem Sugar,4:17,2000-10-21,wk02,72.0
2000,"Cagle, Chris",My Love Goes On And ...,3:02,2000-10-21,wk02,94.0
2000,"Chesney, Kenny",I Lost It,3:54,2000-10-21,wk02,67.0
2000,"Evans, Sara",Born To Fly,5:36,2000-10-21,wk02,71.0
2000,"McGraw, Tim",My Next Thirty Years,3:37,2000-10-21,wk02,62.0
2000,3 Doors Down,Loser,4:24,2000-10-21,wk03,72.0
2000,Beenie Man,Girls Dem Sugar,4:17,2000-10-21,wk03,63.0
2000,"Cagle, Chris",My Love Goes On And ...,3:02,2000-10-21,wk03,94.0
2000,"Chesney, Kenny",I Lost It,3:54,2000-10-21,wk03,61.0
2000,"Evans, Sara",Born To Fly,5:36,2000-10-21,wk03,64.0
2000,"McGraw, Tim",My Next Thirty Years,3:37,2000-10-21,wk03,56.0
2000,3 Doors Down,Loser,4:24,2000-10-21,wk04,69.0
2000,Beenie Man,Girls Dem Sugar,4:17,2000-10-21,wk04,56.0
2000,"Cagle, Chris",My Love Goes On And ...,3:02,2000-10-21,wk04,87.0
2000,"Chesney, Kenny",I Lost It,3:54,2000-10-21,wk04,58.0
2000,"Evans, Sara",Born To Fly,5:36,2000-10-21,wk04,57.0
2000,"McGraw, Tim",My Next Thirty Years,3:37,2000-10-21,wk04,52.0
2000,3 Doors Down,Loser,4:24,2000-10-21,wk05,67.0
2000,Beenie Man,Girls Dem Sugar,4:17,2000-10-21,wk05,62.0
2000,"Cagle, Chris",My Love Goes On And ...,3:02,2000-10-21,wk05,84.0
2000,"Chesney, Kenny",I Lost It,3:54,2000-10-21,wk05,58.0
2000,"Evans, Sara",Born To Fly,5:36,2000-10-21,wk05,55.0
2000,"McGraw, Tim",My Next Thirty Years,3:37,2000-10-21,wk05,46.0
2000,3 Doors Down,Loser,4:24,2000-10-21,wk06,65.0
2000,Beenie Man,Girls Dem Sugar,4:17,2000-10-21,wk06,63.0
2000,"Cagle, Chris",My Love Goes On And ...,3:02,2000-10-21,wk06,83.0
2000,"Chesney, Kenny",I Lost It,3:54,2000-10-21,wk06,53.0
2000,"Evans, Sara",Born To Fly,5:36,2000-10-21,wk06,51.0
2000,"McGraw, Tim",My Next Thirty Years,3:37,2000-10-21,wk06,40.0
2000,3 Doors Down,Loser,4:24,2000-10-21,wk07,55.0
2000,Beenie Man,Girls Dem Sugar,4:17,2000-10-21,wk07,54.0
2000,"Cagle, Chris",My Love Goes On And ...,3:02,2000-10-21,wk07,76.0
2000,"Chesney, Kenny",I Lost It,3:54,2000-10-21,wk07,47.0
2000,"Evans, Sara",Born To Fly,5:36,2000-10-21,wk07,46.0
2000,"McGraw, Tim",My Next Thirty Years,3:37,2000-10-21,wk07,36.0
2000,3 Doors Down,Loser,4:24,2000-10-21,wk08,59.0
2000,Beenie Man,Girls Dem Sugar,4:17,2000-10-21,wk08,60.0
2000,"Cagle, Chris",My Love Goes On And ...,3:02,2000-10-21,wk08,76.0
2000,"Chesney, Kenny",I Lost It,3:54,2000-10-21,wk08,47.0
2000,"Evans, Sara",Born To Fly,5:36,2000-10-21,wk08,44.0
2000,"McGraw, Tim",My Next Thirty Years,3:37,2000-10-21,wk08,31.0
2000,3 Doors Down,Loser,4:24,2000-10-21,wk09,62.0
2000,Beenie Man,Girls Dem Sugar,4:17,2000-10-21,wk09,69.0
2000,"Cagle, Chris",My Love Goes On And ...,3:02,2000-10-21,wk09,79.0
2000,"Chesney, Kenny",I Lost It,3:54,2000-10-21,wk09,40.0
2000,"Evans, Sara",Born To Fly,5:36,2000-10-21,wk09,36.0
2000,"McGraw, Tim",My Next Thirty Years,3:37,2000-10-21,wk09,27.0
2000,3 Doors Down,Loser,4:24,2000-10-21,wk10,61.0
2000,Beenie Man,Girls Dem Sugar,4:17,2000-10-21,wk10,75.0
2000,"Cagle, Chris",My Love Goes On And ...,3:02,2000-10-21,wk10,83.0
2000,"Chesney, Kenny",I Lost It,3:54,2000-10-21,wk10,34.0
2000,"Evans, Sara",Born To Fly,5:36,2000-10-21,wk10,39.0
2000,"McGraw, Tim",My Next Thirty Years,3:37,2000-10-21,wk10,27.0
2000,3 Doors Down,Loser,4:24,2000-10-21,wk11,61.0
2000,Beenie Man,Girls Dem Sugar,4:17,2000-10-21,wk11,84.0
2000,"Cagle, Chris",My Love Goes On And ...,3:02,2000-10-21,wk11,91.0
2000,"Chesney, Kenny",I Lost It,3:54,2000-10-21,wk11,36.0
2000,"Evans, Sara",Born To Fly,5:36,2000-10-21,wk11,34.0
2000,"McGraw, Tim",My Next Thirty Years,3:37,2000-10-21,wk11,28.0
2000,3 Doors Down,Loser,4:24,2000-10-21,wk12,59.0
2000,Beenie Man,Girls Dem Sugar,4:17,2000-10-21,wk12,92.0
2000,"Chesney, Kenny",I Lost It,3:54,2000-10-21,wk12,45.0
2000,"Evans, Sara",Born To Fly,5:36,2000-10-21,wk12,46.0
2000,"McGraw, Tim",My Next Thirty Years,3:37,2000-10-21,wk12,40.0
2000,3 Doors Down,Loser,4:24,2000-10-21,wk13,61.0
2000,Beenie Man,Girls Dem Sugar,4:17,2000-10-21,wk13,85.0
2000,"Chesney, Kenny",I Lost It,3:54,2000-10-21,wk13,42.0
2000,"Evans, Sara",Born To Fly,5:36,2000-10-21,wk13,44.0
2000,"McGraw, Tim",My Next Thirty Years,3:37,2000-10-21,wk13,33.0
2000,3 Doors Down,Loser,4:24,2000-10-21,wk14,66.0
2000,Beenie Man,Girls Dem Sugar,4:17,2000-10-21,wk14,84.0
2000,"Chesney, Kenny",I Lost It,3:54,2000-10-21,wk14,45.0
2000,"Evans, Sara",Born To Fly,5:36,2000-10-21,wk14,36.0
2000,"McGraw, Tim",My Next Thirty Years,3:37,2000-10-21,wk14,33.0
2000,3 Doors Down,Loser,4:24,2000-10-21,wk15,72.0
2000,Beenie Man,Girls Dem Sugar,4:17,2000-10-21,wk15,95.0
2000,"Chesney, Kenny",I Lost It,3:54,2000-10-21,wk15,60.0
2000,"Evans, Sara",Born To Fly,5:36,2000-10-21,wk15,42.0
2000,"McGraw, Tim",My Next Thirty Years,3:37,2000-10-21,wk15,39.0
2000,3 Doors Down,Loser,4:24,2000-10-21,wk16,76.0
2000,"Chesney, Kenny",I Lost It,3:54,2000-10-21,wk16,70.0
2000,"Evans, Sara",Born To Fly,5:36,2000-10-21,wk16,53.0
2000,"McGraw, Tim",My Next Thirty Years,3:37,2000-10-21,wk16,40.0
2000,3 Doors Down,Loser,4:24,2000-10-21,wk17,75.0
2000,"Chesney, Kenny",I Lost It,3:54,2000-10-21,wk17,82.0
2000,"Evans, Sara",Born To Fly,5:36,2000-10-21,wk17,58.0
2000,"McGraw, Tim",My Next Thirty Years,3:37,2000-10-21,wk17,48.0
2000,3 Doors Down,Loser,4:24,2000-10-21,wk18,67.0
2000,"Chesney, Kenny",I Lost It,3:54,2000-10-21,wk18,88.0
2000,"Evans, Sara",Born To Fly,5:36,2000-10-21,wk18,74.0
2000,"McGraw, Tim",My Next Thirty Years,3:37,2000-10-21,wk18,53.0
2000,3 Doors Down,Loser,4:24,2000-10-21,wk19,73.0
2000,"Chesney, Kenny",I Lost It,3:54,2000-10-21,wk19,89.0
2000,"Evans, Sara",Born To Fly,5:36,2000-10-21,wk19,81.0
2000,"McGraw, Tim",My Next Thirty Years,3:37,2000-10-21,wk19,58.0
2000,3 Doors Down,Loser,4:24,2000-10-21,wk20,70.0
2000,"Chesney, Kenny",I Lost It,3:54,2000-10-21,wk20,92.0
2000,"Evans, Sara",Born To Fly,5:36,2000-10-21,wk20,86.0
2000,"McGraw, Tim",My Next Thirty Years,3:37,2000-10-21,wk20,62.0
2000,Fragma,Toca's Miracle,3:22,2000-10-28,wk01,99.0
2000,Jay-Z,I Just Wanna Love U ...,3:50,2000-10-28,wk01,58.0
2000,"Moore, Chante",Straight Up,3:40,2000-10-28,wk01,98.0
2000,"Wallflowers, The",Sleepwalker,3:29,2000-10-28,wk01,73.0
2000,Jay-Z,I Just Wanna Love U ...,3:50,2000-10-28,wk02,45.0
2000,"Moore, Chante",Straight Up,3:40,2000-10-28,wk02,98.0
2000,"Wallflowers, The",Sleepwalker,3:29,2000-10-28,wk02,73.0
2000,Jay-Z,I Just Wanna Love U ...,3:50,2000-10-28,wk03,35.0
2000,"Moore, Chante",Straight Up,3:40,2000-10-28,wk03,97.0
2000,"Wallflowers, The",Sleepwalker,3:29,2000-10-28,wk03,74.0
2000,Jay-Z,I Just Wanna Love U ...,3:50,2000-10-28,wk04,26.0
2000,"Moore, Chante",Straight Up,3:40,2000-10-28,wk04,90.0
2000,"Wallflowers, The",Sleepwalker,3:29,2000-10-28,wk04,80.0
2000,Jay-Z,I Just Wanna Love U ...,3:50,2000-10-28,wk05,23.0
2000,"Moore, Chante",Straight Up,3:40,2000-10-28,wk05,85.0
2000,"Wallflowers, The",Sleepwalker,3:29,2000-10-28,wk05,90.0
2000,Jay-Z,I Just Wanna Love U ...,3:50,2000-10-28,wk06,19.0
2000,"Moore, Chante",Straight Up,3:40,2000-10-28,wk06,83.0
2000,"Wallflowers, The",Sleepwalker,3:29,2000-10-28,wk06,96.0
2000,Jay-Z,I Just Wanna Love U ...,3:50,2000-10-28,wk07,14.0
2000,"Moore, Chante",Straight Up,3:40,2000-10-28,wk07,83.0
2000,Jay-Z,I Just Wanna Love U ...,3:50,2000-10-28,wk08,14.0
2000,"Moore, Chante",Straight Up,3:40,2000-10-28,wk08,97.0
2000,Jay-Z,I Just Wanna Love U ...,3:50,2000-10-28,wk09,13.0
2000,"Moore, Chante",Straight Up,3:40,2000-10-28,wk09,98.0
2000,Jay-Z,I Just Wanna Love U ...,3:50,2000-10-28,wk10,11.0
2000,Jay-Z,I Just Wanna Love U ...,3:50,2000-10-28,wk11,12.0
2000,Jay-Z,I Just Wanna Love U ...,3:50,2000-10-28,wk12,12.0
2000,Jay-Z,I Just Wanna Love U ...,3:50,2000-10-28,wk13,12.0
2000,Jay-Z,I Just Wanna Love U ...,3:50,2000-10-28,wk14,15.0
2000,Jay-Z,I Just Wanna Love U ...,3:50,2000-10-28,wk15,15.0
2000,Jay-Z,I Just Wanna Love U ...,3:50,2000-10-28,wk16,19.0
2000,Jay-Z,I Just Wanna Love U ...,3:50,2000-10-28,wk17,24.0
2000,Jay-Z,I Just Wanna Love U ...,3:50,2000-10-28,wk18,28.0
2000,Jay-Z,I Just Wanna Love U ...,3:50,2000-10-28,wk19,29.0
2000,Jay-Z,I Just Wanna Love U ...,3:50,2000-10-28,wk20,30.0
2000,Jay-Z,I Just Wanna Love U ...,3:50,2000-10-28,wk21,40.0
2000,Avant,My First Love,4:28,2000-11-04,wk01,70.0
2000,Eminem,Stan,5:26,2000-11-04,wk01,78.0
2000,"Jackson, Alan",www.memory,2:36,2000-11-04,wk01,75.0
2000,Usher,Pop Ya Collar,3:36,2000-11-04,wk01,68.0
2000,Avant,My First Love,4:28,2000-11-04,wk02,62.0
2000,Eminem,Stan,5:26,2000-11-04,wk02,67.0
2000,"Jackson, Alan",www.memory,2:36,2000-11-04,wk02,59.0
2000,Usher,Pop Ya Collar,3:36,2000-11-04,wk02,64.0
2000,Avant,My First Love,4:28,2000-11-04,wk03,56.0
2000,Eminem,Stan,5:26,2000-11-04,wk03,57.0
2000,"Jackson, Alan",www.memory,2:36,2000-11-04,wk03,59.0
2000,Usher,Pop Ya Collar,3:36,2000-11-04,wk03,60.0
2000,Avant,My First Love,4:28,2000-11-04,wk04,43.0
2000,Eminem,Stan,5:26,2000-11-04,wk04,57.0
2000,"Jackson, Alan",www.memory,2:36,2000-11-04,wk04,54.0
2000,Usher,Pop Ya Collar,3:36,2000-11-04,wk04,60.0
2000,Avant,My First Love,4:28,2000-11-04,wk05,39.0
2000,Eminem,Stan,5:26,2000-11-04,wk05,51.0
2000,"Jackson, Alan",www.memory,2:36,2000-11-04,wk05,50.0
2000,Usher,Pop Ya Collar,3:36,2000-11-04,wk05,62.0
2000,Avant,My First Love,4:28,2000-11-04,wk06,33.0
2000,Eminem,Stan,5:26,2000-11-04,wk06,51.0
2000,"Jackson, Alan",www.memory,2:36,2000-11-04,wk06,49.0
2000,Usher,Pop Ya Collar,3:36,2000-11-04,wk06,79.0
2000,Avant,My First Love,4:28,2000-11-04,wk07,26.0
2000,Eminem,Stan,5:26,2000-11-04,wk07,51.0
2000,"Jackson, Alan",www.memory,2:36,2000-11-04,wk07,47.0
2000,Usher,Pop Ya Collar,3:36,2000-11-04,wk07,93.0
2000,Avant,My First Love,4:28,2000-11-04,wk08,26.0
2000,Eminem,Stan,5:26,2000-11-04,wk08,57.0
2000,"Jackson, Alan",www.memory,2:36,2000-11-04,wk08,45.0
2000,Avant,My First Love,4:28,2000-11-04,wk09,26.0
2000,Eminem,Stan,5:26,2000-11-04,wk09,55.0
2000,"Jackson, Alan",www.memory,2:36,2000-11-04,wk09,49.0
2000,Avant,My First Love,4:28,2000-11-04,wk10,31.0
2000,Eminem,Stan,5:26,2000-11-04,wk10,70.0
2000,"Jackson, Alan",www.memory,2:36,2000-11-04,wk10,69.0
2000,Avant,My First Love,4:28,2000-11-04,wk11,32.0
2000,Eminem,Stan,5:26,2000-11-04,wk11,69.0
2000,"Jackson, Alan",www.memory,2:36,2000-11-04,wk11,63.0
2000,Avant,My First Love,4:28,2000-11-04,wk12,31.0
2000,Eminem,Stan,5:26,2000-11-04,wk12,77.0
2000,"Jackson, Alan",www.memory,2:36,2000-11-04,wk12,67.0
2000,Avant,My First Love,4:28,2000-11-04,wk13,38.0
2000,Eminem,Stan,5:26,2000-11-04,wk13,88.0
2000,"Jackson, Alan",www.memory,2:36,2000-11-04,wk13,77.0
2000,Avant,My First Love,4:28,2000-11-04,wk14,38.0
2000,Eminem,Stan,5:26,2000-11-04,wk14,93.0
2000,"Jackson, Alan",www.memory,2:36,2000-11-04,wk14,89.0
2000,Avant,My First Love,4:28,2000-11-04,wk15,52.0
2000,Eminem,Stan,5:26,2000-11-04,wk15,100.0
2000,"Jackson, Alan",www.memory,2:36,2000-11-04,wk15,99.0
2000,Avant,My First Love,4:28,2000-11-04,wk16,57.0
2000,Avant,My First Love,4:28,2000-11-04,wk17,64.0
2000,Avant,My First Love,4:28,2000-11-04,wk18,73.0
2000,Avant,My First Love,4:28,2000-11-04,wk19,81.0
2000,Avant,My First Love,4:28,2000-11-04,wk20,79.0
2000,Funkmaster Flex,Do You,4:14,2000-11-11,wk01,92.0
2000,Limp Bizkit,Rollin',4:04,2000-11-11,wk01,77.0
2000,"Sheist, Shade",Where I Wanna Be,4:16,2000-11-11,wk01,96.0
2000,Funkmaster Flex,Do You,4:14,2000-11-11,wk02,92.0
2000,Limp Bizkit,Rollin',4:04,2000-11-11,wk02,73.0
2000,"Sheist, Shade",Where I Wanna Be,4:16,2000-11-11,wk02,95.0
2000,Funkmaster Flex,Do You,4:14,2000-11-11,wk03,95.0
2000,Limp Bizkit,Rollin',4:04,2000-11-11,wk03,72.0
2000,"Sheist, Shade",Where I Wanna Be,4:16,2000-11-11,wk03,99.0
2000,Funkmaster Flex,Do You,4:14,2000-11-11,wk04,91.0
2000,Limp Bizkit,Rollin',4:04,2000-11-11,wk04,66.0
2000,"Sheist, Shade",Where I Wanna Be,4:16,2000-11-11,wk04,99.0
2000,Funkmaster Flex,Do You,4:14,2000-11-11,wk05,91.0
2000,Limp Bizkit,Rollin',4:04,2000-11-11,wk05,65.0
2000,"Sheist, Shade",Where I Wanna Be,4:16,2000-11-11,wk05,100.0
2000,Funkmaster Flex,Do You,4:14,2000-11-11,wk06,94.0
2000,Limp Bizkit,Rollin',4:04,2000-11-11,wk06,65.0
2000,Funkmaster Flex,Do You,4:14,2000-11-11,wk07,100.0
2000,Limp Bizkit,Rollin',4:04,2000-11-11,wk07,67.0
2000,Limp Bizkit,Rollin',4:04,2000-11-11,wk08,73.0
2000,Limp Bizkit,Rollin',4:04,2000-11-11,wk09,74.0
2000,Limp Bizkit,Rollin',4:04,2000-11-11,wk10,78.0
2000,Limp Bizkit,Rollin',4:04,2000-11-11,wk11,80.0
2000,Limp Bizkit,Rollin',4:04,2000-11-11,wk12,86.0
2000,Limp Bizkit,Rollin',4:04,2000-11-11,wk13,86.0
2000,Limp Bizkit,Rollin',4:04,2000-11-11,wk14,91.0
2000,Limp Bizkit,Rollin',4:04,2000-11-11,wk15,93.0
2000,Limp Bizkit,Rollin',4:04,2000-11-11,wk16,96.0
2000,Limp Bizkit,Rollin',4:04,2000-11-11,wk17,100.0
2000,Clark Family Experience,Meanwhile Back At Th...,2:56,2000-11-18,wk01,87.0
2000,Master P,Souljas,3:33,2000-11-18,wk01,98.0
2000,Clark Family Experience,Meanwhile Back At Th...,2:56,2000-11-18,wk02,86.0
2000,Clark Family Experience,Meanwhile Back At Th...,2:56,2000-11-18,wk03,81.0
2000,Clark Family Experience,Meanwhile Back At Th...,2:56,2000-11-18,wk04,92.0
2000,Clark Family Experience,Meanwhile Back At Th...,2:56,2000-11-18,wk05,80.0
2000,Clark Family Experience,Meanwhile Back At Th...,2:56,2000-11-18,wk06,80.0
2000,Clark Family Experience,Meanwhile Back At Th...,2:56,2000-11-18,wk07,82.0
2000,Clark Family Experience,Meanwhile Back At Th...,2:56,2000-11-18,wk08,84.0
2000,Clark Family Experience,Meanwhile Back At Th...,2:56,2000-11-18,wk09,82.0
2000,Clark Family Experience,Meanwhile Back At Th...,2:56,2000-11-18,wk10,81.0
2000,Clark Family Experience,Meanwhile Back At Th...,2:56,2000-11-18,wk11,85.0
2000,Clark Family Experience,Meanwhile Back At Th...,2:56,2000-11-18,wk12,91.0
2000,Lil' Kim,How Many Licks?,3:50,2000-11-25,wk01,79.0
2000,"Offspring, The",Original Prankster,3:42,2000-11-25,wk01,74.0
2000,"Thomas, Carl",Emotional,4:31,2000-11-25,wk01,77.0
2000,Lil' Kim,How Many Licks?,3:50,2000-11-25,wk02,75.0
2000,"Offspring, The",Original Prankster,3:42,2000-11-25,wk02,71.0
2000,"Thomas, Carl",Emotional,4:31,2000-11-25,wk02,63.0
2000,Lil' Kim,How Many Licks?,3:50,2000-11-25,wk03,77.0
2000,"Offspring, The",Original Prankster,3:42,2000-11-25,wk03,70.0
2000,"Thomas, Carl",Emotional,4:31,2000-11-25,wk03,61.0
2000,Lil' Kim,How Many Licks?,3:50,2000-11-25,wk04,86.0
2000,"Offspring, The",Original Prankster,3:42,2000-11-25,wk04,70.0
2000,"Thomas, Carl",Emotional,4:31,2000-11-25,wk04,58.0
2000,Lil' Kim,How Many Licks?,3:50,2000-11-25,wk05,86.0
2000,"Offspring, The",Original Prankster,3:42,2000-11-25,wk05,77.0
2000,"Thomas, Carl",Emotional,4:31,2000-11-25,wk05,54.0
2000,Lil' Kim,How Many Licks?,3:50,2000-11-25,wk06,89.0
2000,"Offspring, The",Original Prankster,3:42,2000-11-25,wk06,78.0
2000,"Thomas, Carl",Emotional,4:31,2000-11-25,wk06,47.0
2000,"Offspring, The",Original Prankster,3:42,2000-11-25,wk07,91.0
2000,"Thomas, Carl",Emotional,4:31,2000-11-25,wk07,53.0
2000,"Offspring, The",Original Prankster,3:42,2000-11-25,wk08,89.0
2000,"Thomas, Carl",Emotional,4:31,2000-11-25,wk08,52.0
2000,Lil' Kim,How Many Licks?,3:50,2000-11-25,wk09,96.0
2000,"Offspring, The",Original Prankster,3:42,2000-11-25,wk09,92.0
2000,"Thomas, Carl",Emotional,4:31,2000-11-25,wk09,49.0
2000,Lil' Kim,How Many Licks?,3:50,2000-11-25,wk10,96.0
2000,"Thomas, Carl",Emotional,4:31,2000-11-25,wk10,52.0
2000,Lil' Kim,How Many Licks?,3:50,2000-11-25,wk11,96.0
2000,"Thomas, Carl",Emotional,4:31,2000-11-25,wk11,60.0
2000,"Thomas, Carl",Emotional,4:31,2000-11-25,wk12,62.0
2000,"Thomas, Carl",Emotional,4:31,2000-11-25,wk13,69.0
2000,"Thomas, Carl",Emotional,4:31,2000-11-25,wk14,69.0
2000,"Thomas, Carl",Emotional,4:31,2000-11-25,wk15,63.0
2000,"Thomas, Carl",Emotional,4:31,2000-11-25,wk16,76.0
2000,"Thomas, Carl",Emotional,4:31,2000-11-25,wk17,87.0
2000,"Thomas, Carl",Emotional,4:31,2000-11-25,wk18,82.0
2000,"Thomas, Carl",Emotional,4:31,2000-11-25,wk19,91.0
2000,"Thomas, Carl",Emotional,4:31,2000-11-25,wk20,99.0
2000,"Braxton, Toni",Spanish Guitar,4:24,2000-12-02,wk01,98.0
2000,Nine Days,If I Am,4:18,2000-12-02,wk01,68.0
2000,Vitamin C,The Itch,3:30,2000-12-02,wk01,86.0
2000,"Braxton, Toni",Spanish Guitar,4:24,2000-12-02,wk02,98.0
2000,Nine Days,If I Am,4:18,2000-12-02,wk02,68.0
2000,Vitamin C,The Itch,3:30,2000-12-02,wk02,48.0
2000,"Braxton, Toni",Spanish Guitar,4:24,2000-12-02,wk03,98.0
2000,Nine Days,If I Am,4:18,2000-12-02,wk03,81.0
2000,Vitamin C,The Itch,3:30,2000-12-02,wk03,45.0
2000,Nine Days,If I Am,4:18,2000-12-02,wk04,94.0
2000,Vitamin C,The Itch,3:30,2000-12-02,wk04,52.0
2000,Nine Days,If I Am,4:18,2000-12-02,wk05,100.0
2000,Vitamin C,The Itch,3:30,2000-12-02,wk05,57.0
2000,Vitamin C,The Itch,3:30,2000-12-02,wk06,58.0
2000,Vitamin C,The Itch,3:30,2000-12-02,wk07,76.0
2000,Vitamin C,The Itch,3:30,2000-12-02,wk08,95.0
2000,Vitamin C,The Itch,3:30,2000-12-02,wk09,100.0
2000,"Clark, Terri",A Little Gasoline,3:07,2000-12-16,wk01,75.0
2000,"Clark, Terri",A Little Gasoline,3:07,2000-12-16,wk02,82.0
2000,"Clark, Terri",A Little Gasoline,3:07,2000-12-16,wk03,88.0
2000,"Clark, Terri",A Little Gasoline,3:07,2000-12-16,wk04,96.0
2000,"Clark, Terri",A Little Gasoline,3:07,2000-12-16,wk05,99.0
2000,"Clark, Terri",A Little Gasoline,3:07,2000-12-16,wk06,99.0
2000,De La Soul,All Good?,5:02,2000-12-23,wk01,96.0
2000,De La Soul,All Good?,5:02,2000-12-23,wk02,96.0
2000,De La Soul,All Good?,5:02,2000-12-23,wk03,100.0
2000,Tuesday,I Know,4:06,2000-12-30,wk01,98.0
2000,Tuesday,I Know,4:06,2000-12-30,wk02,98.0
