article_id,start,end,answered,votes,category,title,content
384828,2018-09-19,2018-10-19,0,30,외교/통일/국방,한국의 대통령  자격이 아닌 문재인 대통령,한국 대통령 자격으로  북한간게  맞는지 싶다. 북한환영 거리에 태극기는 찾아볼수  없고 한반도기 인공기 밖에 볼 수 없었다.  문재인 대통령은 우리 태극기까지 포기하고 한반도기로 나라 대표해서  간것 같은데  한반도기가 언제 우리 나라 대표 국기로  정해졌나. 나라의 국기 태극기도 부정하는 북한에 놀아나는 상황을   언론을 이용해  선동하고  있으니 한국 국민으로 개탄스러울 수 밖에 없다. 대통령이 태극기를  부정하고  국기로 인정받지도 않은 인공기로 나라를 대표해 간  이거 자체로도  법의 심판을 받을 심각하고 엄중한 문제다.   문재인 대통령  우리나라를 어디로  끌고가고 있나 이제는 완전히  지지 철회했고    믿었던 국민에게  곧   댓가를 치르게 된 전직 대통령 그듷만의 일이 절대 아니다.  더 큰 믿음과 신뢰를 주었던 국민의 실망 배신이 그들보다 더 큰 댓가를  치르게 할수 있음을 명심하시오
58843,2017-12-05,2018-01-04,0,0,안전/환경,우리나라 시간을 되찾읍시다....,박정희! 다카키 마사오가 천한페하에게 갖다 바친 우리나라 시간을 찾자!! 조선시대에 동경 120°를 표준선으로 했던 것을 일본의 식민지가 되던 해인 1910년4월1일부터 동경135°의 일본 기준시간을 따랐고! 해방 후 우리나라 시간을 회복하고자 하여 1954년3월21일부터 동경127°30'(서울)을 우리나라 표준시로 사용하였다! 그런데 다카키 마사오가 1961년5월16일 군사반란으로 권력을 장악하자마자 우리의 하늘을 천한페하에게 갖다 바치고자 1961년8월10일부터 동경135°선인 일본 표준시간을 식민지 때처럼 따르도록 했다! 이제 우리나라 시간을 되 찾읍시다! 되 찾아야합니다! !!
335145,2018-08-10,2018-09-09,0,3,일자리,노인복지정책에대하여,안녕하세요\n요즘사회적으로 문제가되는 고령사회 노인일자리에대한 기발한아이템이있어 청원합니다\n참고. 요즘각구청에서 실행하고있는 도시영농을\n주목할만합니다\n귀농은여건리안되고  일하고싶은데 일자리는없고\n그래서 종로에서 서성거리는 노인들의 추한모습을\n보면서 이렇게 청원합니다\n지금 시골노는땅도많이 있습니다\n휴경지나 국유지활용하기 정부차원에서 도시텃밭식으로  노인들이 소일거리삼아 견적을 할수있게  관리인을두고 경작을할수있도록 여건을만들어주고 수확된농산물은 노컬푸드같은걸운영하여 소비자직거래 할수있도록\n유도하시면 복잡한서울을떠나 한적한시골에서\n수익도창출하고 공기좋은곳에서 갈수있는데  누가거부하겠는가\n복지기금 몇푼준것조다 있지않을까요\n유지관리비용은 경작수입에서 조금식 거출하면\n관리될것같습니다\n면단위로  복지관을지어서 숙식하면서 자기텃밭을 가르며 여생을살수있게 정부의 배려가 꼭필요합니다\n능력에따라 경작규모를 도정하여  노년을 행복하게보낼수있도록  도와주세요  방법은 얼마든지\n있습니다  감사합니다
183881,2018-04-03,2018-05-03,0,17,미래,국회의원 고통분담해라 임금개혁해라,"우리나라 국회의원들이 받는 세비는 연간 1억4000만 원. 이는 세계경제협력개발기구(OECD)가입국 중 3번째로 많은 돈을 받고 있다. 이같은 세비는 1인당 국민소득에 5배가 넘는 큰 액수다. 여기에다 사무실 유지비, 기름값 등 부대 경비까지 추가로 9000만 원이 지급된다. 1년간 국회의원 한 명에게 최소 2억3 000만 원이 쓰여지는 셈이다. 그런데 보수에 대비한 효과는 OECD 가입국 중 세계 최하위라는 사실을 아는 사람은 없다. 국민과의 형평성 임금개혁이 중요하다\n성과없고 결근하고 보이콧만하는 정치인들이\n점점 조직적으로 본인들 보수는 챙기면서\n국민의 임금과 보수는 인색한 현실에 국회의원과 공직자들은 임금체계를 힘겨워하는 국민과 고통을\n분담해야한다고본다"
297960,2018-07-06,2018-08-05,0,4,외교/통일/국방,후방 부대의 실체,저는 부산 육군 보급부대에서 일햇던 병사입니다.\n저는 현재 의가사판정을 받고 제대를 기다리고 있습니다\n저희 부대는 나이많은 상사부사관들이 많은 부대입니다\n그들은 폭언과 욕설을 입에 달고 살고 x새끼 죽어퍼린다 뒤지고싶냐 같은 인신공격을 항상 병사하게 하며 지섬병 상사라는 사람은 자기 사적인 심부름을 병사에게 시키고 자기마음에 들지않으면 폭행  저는 그상사가 지갑을 뺏어가 2만원을 뺏긴적도 있습니다\n여기가 군대인지 20대청춘들을 괴롭히려고 만든 집단인지 모르겠습니다
24889,2017-10-31,2017-11-30,0,0,기타,대한민국은 부패한 경찰 연놈들의 사리사욕을 위한 그들만의 범죄천국입니다.,"대한민국은 부패한 경찰 연놈들의 사리사욕을 위한 그들만의 범죄천국입니다.\n대한민국은 부패한 경찰의 사리사욕을 위한 인권 유린국입니다.\n대한민국은 부패한 경찰의 사리사욕과 진급을 위해 처절한 고문까지 가하는 고문국입니다.\n대한민국은 부패한 경찰의 완전범죄를 위해 약물까지 사용하는 생체 실험국입니다.\n대한민국은 부패한 경찰의 진급과 실적을 위해 국민의 혈세로 장만한 첨단 범죄기구도 사용하는 범죄국입니다.\n대한민국은 부패한 경찰의 사리사욕과 진급을 위해 무고한 국민들을 상대로 범죄를 기획하여 만들고 재산 갈취와 재산 파괴를 반복하며 죽을때까지 인권유린과 살해위협과 약물사용과 처절한 고문을 가하기 때문에 자살률이 OECD 국가중 가장 높은 것으로 생각하고 있습니다.\n저 또한 부패한 경찰들의 파렴치하고 잔인한 불법만행으로 두번이나 자살을 시도 했으나 다시 살아나 죽는 것 보다 못한 생을 살고 있으며, 부패한 경찰들의 범죄천국에서 비참하게 생존해 있는 것입니다.\n따라서 대한민국은 부패한 경찰의 사리사욕과 진급을 위한 그들만의 범죄천국인 것입니다.\n대한민국의 부패한 경찰은 사리사욕과 진급을 위해서 존재하지.\n결코,\n법치를 위해,\n정의를 위해,\n공익을 위해,\n국가를 위해 존재하지 않으며\n국민을 위해 존재하지 않습니다.\n그럼에도 대한민국 정부는 해마다 엄청난 국민의 혈세를 부패한 경찰들의 범죄 천국에서 완전범죄를 위해 사용되고 있는 파렴치하고 잔인하며 극악무도한 국가 범죄전문조직 부패한 경찰조직에게 지급하고 있습니다.\n따라서 반드시 부패한 경찰조직의 개혁은 절실한 것입니다.\n파렴치하고 잔인하며 극악무도한 범죄자 경찰 이재각이를 국제사법 재판소에 제소하여 엄벌하라!\n묻지마 살인극도 부패한 경찰이 무고한 사람들을 상대로 사리사욕과 진급을 위해 인권유린과 불법감금과 고문과 살해위협을 가하기 때문에 발생하고 있으며, 강간사건도 부패한 경찰이 사리사욕과 진급을 위해 무고한 사람들을 상대로 성적약물을 사용하기 때문에 발생하고 있습니다.\n또한 살해위협과 집중적인 처절한 고문을 가하면서 생체실험용 독극물도 20년이 넘게 사용해 왔습니다.\n국가 범죄 전문조직 부패한 경찰이 살해위협을 가하면서 집중적인 처절한 고문을 가하면 독극물에 의한 혀를 뽑아버리고 싶을 정도의 혀의 통증과 호흡 곤란증상, 그리고 목에서 피가 넘어오는 증상도 있었습니다.\n따라서 대한민국 부패한 경찰조직은 개혁이 절실하며, 국민들은 부패한 경찰의 사리사욕을 위한 불법만행속에 속고 있으며, 대한민국의 치안은 고양이에게 생선을 맞겨 놓고 있는 격입니다.\n그러므로 끊이지 않고 강력범죄가 발생하고 있으므로 반드시 썩어빠진 국가범죄 전문조직 부패한 경찰조직을 개혁해야 하며, 본 사건에 대한 철저한 수사를 통해 파렴치하고 잔인한 범죄자 경찰 이 재각(성남 중부경찰서 소속, 지금의 성남 수정경찰서)이와 본 사건과 관련된 악마의 조직 경찰 범죄자들을 색출하여 구속 수사하고 공소시효에 상관 없이 전원 국제사법 재판소에 제소하여 엄벌에 처해야합니다.\n부패한 대한민국 경찰의 계급장은 무고한 국민들을 상대로 사리사욕과 진급을 위해 세상에서 가장 파렴치하고 잔인하며 극악무도한 범죄를 기획한 대가요,\n부패한 경찰이 재벌행세하는 재산은 무고한 국민들을 협박하고 재산을 갈취해간 국민들의 피와 땀과 눈물입니다.\n대한민국은 국민의 원수 국가범죄 전문조직 경찰, 혈세로도 부족해서 무고한 국민들의 피를 빨아먹고 살아가는 국가범죄 전문조직 부패한 경찰이 15만명에 이르고 있습니다.\n나의 원수이자 무고한 국민들의 원수는 살아서도 사리사욕에 미처 무고한 국민들에게 온갖 불법만행을 일삼고 있으며, 자신들의 불법만행은 축소은폐시키고 있는 대한민국 부패한 경찰이요,\n죽어서도 공익을 위한 조직이 아닌 사리사욕에 미처서 오직 완전 범죄만을 위해 국민들의 혈세를 낭비하며 온갖 불법만행을 일삼고 있는 대한민국 부패한 경찰 15만명과 그 일가족입니다.\n상세내용\n국회홈페이지\n[소통마당 - 국민제안 - (부패한 경찰의 개혁 없이는 대한민국의 미래는 없습니다.)를 참조하세요 ]\n국회 홈페이지에 올린 글은\n썩어도 너무 썩어버린 부패한 대한민국 경찰 15만명의 사리사욕을 위한 거대한 범죄전문 집단, 날강도 조직 입니다. 따라서 자체적으로는 정화가 불가능한 세상에서 가장 파렴치하고 잔인하며 극악무도한 범죄 전문조직으로 반드시 관련자 전원을 국제사법 재판소에 제소하여 엄벌에 처해야 이땅에 법치가 바로서고 민주주의가 바로서며 정의가 실현될 수 있을 것 입니다.\n​\n행정안전부 김부겸 장관께서는\n썩을대로 썩어 범죄 전문조직에 불과한 사리사욕을 위해 존재하는 부패한 대한민국 경찰조직을 개혁해 주십시요!\n​"
365944,2018-09-04,2018-10-04,0,3,미래,편의점알바생이반말했다고 억울함호소한 부부 엄격하게조치취해주세요,편의점알바생이 반말했다고 억울함호소한 부부\n엄격하게 조치취해주세요 알고봤더니 자기네들이\n먼저 야 라면 이거밖에없어 이랬으면서 알바생이 반말했다고 억울한거지? 대접받고싶으면 먼저대접을해주세요 이번뿐만아니라 편의점알바생에게 반말하는사람들은 많습니다\n자기들보다 나이가적게보이면 무조건 반말해도됩니까? 알바생이라고해서 무시해도됩니까?\n나이가벼슬입니까? 알바생도 똑같은사람입니다\n편의점뿐만아니라 다른곳에서도 손님이 알바생에게\n반말하고 욕하고 그럽니다 강력하게 조치취해주세요\n알바생도 집에가면 부모님의 사랑스러운자식입니다
277206,2018-06-20,2018-07-20,0,1,농산어촌,돈 없는게  --  죄 -- 입니까? ...도와주세요,"경찰관들의 CCTV증거삭제와 조작된 사진증거물\n증거도 없이 재판에 넘긴 검사\n고을 사또식으로 판결한 찌끄레기판사들…..\n찌끄레기들이 내린 ㅡㅡ무전 유죄 사건을ㅡㅡ 국민들힘으로 다시 판결받고 싶어 청원합니다 …………..\n경찰은 이 사건에서 가장 중요한 CCTV 증거를 삭제 인멸 하고 조작된 사진을 증거라고 제출하였습니다 경찰은 이 사건 전 후의 영상들은 저장되어 있지만 사건 당시의 CCTV영상물은 없다 라는 변명도 모자라 도리어 폭행을 하지 않은 피고인을 강제 연행하여 공무집행방해죄로 구속 시켰습니다\n참고 // 이 사건 전후의 CCTV영상은 저장되어 있으나 “사건 당시 자료” 없음이라는 ㅇㅇ경찰서 사실조회 답변서도 있습니다\n공용물건손상죄의 순찰차 문짝 사진도 조작된 사진 입니다\n견적 69만원 이라던 순찰차도 3년5개월이 지난 지금까지도 수리 하지 않았습니다\n( 경찰이 제출한견적서를 여러군데 공업사에 보여주니깐 그런 견적은 처음보는 견적이며 이렇게 나올수 없는 견적이라고 합니다 )\n저는 2015년 3월26일 00시 01 분경 사건 현장에서 우연히 채무자를 발견하여 그 채무자를 붙잡으려고 쫒아 갔다가 놓치고 돌아 오던 중 B모경찰관과 처음 맞닥뜨렸습니다\nB모경찰관은 피고인의 몸을 붙잡고 이차 주인 맞냐? 음주운전 했느냐? 등등을 물어보면서 저의 몸을 놓지 않고 계속 붙잡고 따라왔습니다 제가 B모경찰관에게 이거 놓으라고 하면서 계속 걸어가며 실랑이를 하고 있을 때 때마침 택시가 와서 택시에 타려고 했는데 그경찰관이 피고인의 몸을 막으며 택시를 못타게 하였고 택시가 출발한 후 다른 경찰관들까지 합세하여 저를 강제로 순찰차에 태웠습니다\n순찰차에 타지 않으려는 저를 강제로 순찰차 안으로 밀어 넣으려 하다가 저의 팔이 순찰차 뒷문에 찡겨서 아프다고 비명을 지르는데도 불구하고 경찰관들은 오히려 “이쌔끼야 디져뿌레라” 하면서 뒷문을 더 세게 밀었습니다 이런 이유때문에 순찰차 뒷문틈이 조금 벌어졌을 수도 있는데 경찰관들은 제가 발로 차서 그랬다는 어이 없는 거짓말로 세상을 속이고 있습니다 경찰관들은 제가 순찰차 뒷문을 발로 수회 찼다고 했는데 설령 제가 수회씩이나 찼다면 발로 찬 장면 만이라도 증거로 내 놓을건데 왜 cctv 증거는 전혀 내 놓지 않고 오히려 삭제시켰습니다\n제가 발로 찬 사실이 없기에 순찰차 cctv,또는 블랙박스에는 제가 발로 찬 영상이 없을 뿐더러 저의 팔이 뒷문에 찡겨서 아프다고 했는데도 경찰관들은 “욕을하며 밀어붙이는 영상이"" 고스란히 녹화되어 있었기 때문에 경찰관들은 이 위법한 사실이 발각 될까봐 그 영상을 고의로 삭제해 버리고 조작된 사진을 증거라고 내 놓았습니다\nㅡㅡㅡㅡ증거 인멸에 대하여 ….\n조작된 사진까지 증거라고 내세운 경찰이 왜? cctv영상은 삭제 했을까요?\n경찰관들은 저를 현행범인 체포를 위해 제가 운행했던 승용차의 사진<수사보고 1264> 순찰차파손 사진<수사보고1243>지구대 근무일지<수사보고1244> 심지어 제가 마셨던 술의 종류와 양 그리고 마신 시간<수사보고1265> 까지도 수사보고서로 만드는 치밀함을 보인 경찰관들이 유독 CCTV 저장매체에 대한 증거로는 단 1점도 내 놓지 않았습니다\n이 사건 공무집행방해죄는 순찰차 바로 앞에서 발생했으며 공용물건 손상죄는 순찰차 내부에서 발생했습니다\n순찰차 앞에서 발생한 사건은 순찰차 블랙박스에 저장 되 있을 것이며 공용물건손상죄의 장소는 순찰차 내부에서 발생했기 때문에 순찰차내부 cctv에 녹화 되어 있었습니다.\n저의 사건은 경찰관4명 (이모,장모,권모,곽모) 베테랑수사관7명( 조모,서모,최모, 김모, 박모, 강모, 정모) 담당검사 및 조사관등 총 13명의 전문가들이 참석해 만든 작품에서 가장 중요한 CCTV영상을 빠뜨렸다는 것은 논리와 경험칙에서도 어긋나는 상식이며 도저히 납득할 수 없는 일입니다\n....고의로 빠뜨리지 않고서야 이사건의 가장 핵심적 증거인 cctv영상을 어떻게 빠트릴 수 있겠습니까?\n이 사건 전후의 cctv영상은 저장되어 있으나 “사건 당시 자료” 없음이라는 정말 어이없는 경찰 사실조회답변서에 뻥 터졌습니다\n왜? 왜? 그 전날 영상도 저장되어 있는데 하필이면 그날자 영상이 없는지 납득이 안됩니다 “왜 cctv영상을 제출하지 않고 고의로 삭제 했는지?” 에 대한 사실을 깊이있게 생각해 주십시오\nㅡㅡㅡ 조작된 증거 사진 .....\n순찰차 사진들을보면 밤에 촬영된 사실을 알 수가 있으며 또한 저의 신발 자국이라고 촬영된 사진을 자세히 보시면 후레시 불빚도 없이 촬영 하여 이는 차동차 외부에서 촬영 되었다는 사실이 입증됩니다.\n왜냐하면 진한 선팅이 된 순찰차 실내는 어두워서 후레시 불빚 없이는 촬영을 할 수가 없습니다 또한 모든 자동차 내,,외부의 유리 반사면은 서로가 다르게 비춰집니다\n자동차 내부유리면은 오목해서 반사된 형체가 크게 보이지만 외부 유리면은 볼록해서 반사된 형체가 오히려 작게 보이며 피고인의 신발자국이라고 촬영된 사진에서도 반사된 형체가 작게 보입니다\n그렇다면 이 사진은 외부에서 찍은 사진이라는 것이 증명됩니다’\n순찰차 안에서 발로 차서 차량 문이 바깥으로 비틀어졌는데 어떻게 신발자국이 차량 외부에 찍혀 있는지 도저히 납득이 안됩니다 설령 순찰차 내부 유리에 신발자국이 찍혀 있다고 해도 진한 선팅 때문에 바깥에서는 보이지 않습니다.\n순찰차 내부 유리에 찍힌 신발자국이라고 가정을 해도 증거 사진을 촬영하는 경찰관이 과연 그 증거 사진도 외부에서 촬영할까요?\n..........경찰의 황당한 증언 ...... A경관의 1차 참고인 진술조서에는 “음주 단속중 조모씨가 운전하는 차량이 소백 사거리에서 분수대 방면으로 오다가 음주 단속지 전방 50미터 앞에서 차량을 정차시키는 것을 보고 저와 동료 B경관이 그 곳에 가서 조모씨를 보고 인적 상항을 확인하려고 하니 갑자기 길 반대 편으로 뛰어 가는 것을보고 제지하니 그때 발로 B경관의 낭심을 1회 차는 것을 보았다“라고 구체적으로 자세히 진술 하였으나 1심 재판 증언에서는 “조모씨가 차를 정차시키는 것을 보지 못했고 나중에 B 경관과 옥신각신 실랑이를 할 때 처음 보았다”라는 일관성이 없는 증언을 했습니다\n또한 A B경찰관들의 상반된 증언은 끝이 없습니다 A경찰관의 목격담은 B경관이 피고인의 발에 차였을 당시 “B경관이 푹~ 쓰러 졌다” 라고 증언했으나 정작 B경관 당사자는 “그냥 뒤로 물러 서며 가만히 서 있었다“ 라는 전혀 다른 증언을 했습니다 …...푹~ 쓰러졌다 VS 가만히 서있었다\n또한 어떻게 하다가 낭심을 차였나의 질문에 목격자 A 경찰관은 “조모씨가 차도로 뛰어 들 때 피고인을 잡으니깐 B경관을 찼다”라고 증언했으나 B경찰관은 “조모씨가 택시에 타려고하여 못 타게 잡으니깐 찼다” 라는 전혀다른 상반된 증언도 했는데 서로 상반된 이런 증언을 증거로 채택한 1심과 대법원은 귀가 안들리고 눈이 안보이는 장님이 판결을 했나봅니다.\nㅡㅡㅡㅡ 또하나 ,, ,법률적인 억울함도 있습니다 ............\n기명날인 없는 현행범인체포서(형소법57조1항)와 석연치 않는 임의동행 보고서 ㅡㅡㅡㅡ\n저를 현행범인 체포한 A 경찰관은 법정에서 위 현행범인 체포서를 작성한 적이없다고 증언했습니다\n임의동행 보고서 역시 작성자 이름에 “A모 B모” 라고 적혀 있고 B모경찰관의 도장까지 찍혀 있으나 법정 증언에서는 두 경찰관 모두 위 “임의동행 보고서는 잘못 꾸민 것 같다” 라고 증언했습니다.\n저를 지구대가 아닌 경찰서로 강제 연행해 왔지만 저의 음주운전 현행범인 체포 요건으로 적합하지 않아 급한 마음으로 ……공무집행방해죄를 추가 시키고 임의동행 보고서까지 작성하여 첨부했으나 막상 뒤 늦게 법정에서는 A모 B모 경찰관 모두 위 “현행범인체포서와 임의동행 보고서” 조차도 자기들은 작성하지 않았고 잘못 꾸민 서류같다” 라고 증언했습니다\n경찰관 2명의 증언이 서로가 다르고 일관성이 없는 거짓된 증언과 보고서들만 봐도 항소심과 대법원은 심리를 다하지 않은 채 오판하였음을 알수가 있습니다\nㅡㅡㅡㅡ저의 사건에서 “현행범인 체포서”에는 작성자의 기명날인 또는 서명이없습니다 ㅡㅡㅡ\n형사소송법 57조 제1항에는“ 공무원이 작성하는 서류에는 법률에 다른 규정이없는 때에는 작성 년월일과 소속공무소를 기재하고 기명날인 또는 서명하여야 한다”라고 명시되어 있으며 같은법 제327조 제2호 ""공소제기의 절차가 법률의 규정에 위반하여 무효인 때"" 라고 명시했습니다\n형사소송법제57조 제1항은 “공무원이 작성하는서류에는 법률에 다른 규정이 없는 때에는 작성 연월일과 소속공무소를 기재하고 기명날인 또는 서명하여야 한다”고정하고 있고. 여기서 공무원이 작성하는 서류’에는 경찰관의 현행범인 체포서가 포함되므로, 경찰관의 기명날인 또는 서명이 없는 상태로 제출된 현행범인체포서는 형사소송법 제57조 제1항에 위반된 서류라 할 것입니다\n또한 이와 같이 법률이 정한 형식을 갖추지 못한 형행범인체포서에 의한 공소의 제기는 특별한 사정이 없는 한 그 절차가법률의 규정에 위반하여 (형사소송법 제327조 제2호 공소제기의 절차가 법률의 규정에 위반하여 무효인 때) 무효인 때에 해당합니다.\n이 사건은 원심에서도 현행범인체포서와 임의동행보고서에 대한 증언이 이루어졌는데도 항소심과 대법원은 형사소송법 제57조 제1항이 요구하는 경찰관의 기명날인 또는 서명이 없는 사실을 간과하였으며 그럼에도 현행범인체포서의 기명날인 또는 서명을 하지 않은 하자를 간과한채 공소를 유죄 판결로 선고한 1심법원과 대법원 판사 찌끄레기는 무엇으로 판결을 했는지 의문입니다\n형사재판에서 공소된 범죄사실에 대한 입증책임은 검사에게 있는 것이고 유죄의 인정은 법관으로 하여금 합리적인 의심을 할 여지가 없을 정도로 공소사실이 진실한 것이라는 확신을 가지게 하는 증명력을 가진 증거에 의하여야 하므로 그와 같은 증거가 없다면 설령 피고인에게 유죄의 의심이 간다 하더라도 피고인의 이익으로 판단할 수밖에 없다 (대법원 2001. 2. 9. 선고2000도4946 판결 2001도2823 판결 등 참조)\n한편 범죄의 입증은 검사가 하여야 함에도 불구하고 검사는 외부 유리에 찍힌 신발자국 사진을 누가 언제 촬영을 했으며 그 사진이 합성 또는 조작에 대한 진위 여부도 없이 공소를 제기했고 법원 판사는 위 진위 여부가 불확실한 사진을 체택하여 유죄 판결을 내렸습니다\n이 사건은 조작된 사진과 경찰관들의 갈팡질팡한 증언뿐인 사건입니다\nㅡㅡㅡㅡ설령 경찰관을 폭행 했다? 라는 ㅡ 가정하에 법률적인 공무집행방해죄 ?.........\n저는 경찰관을 발로 차지 않았으며 발로 차지 않았음에도 불구하고 강제 연행되어 방어권 보장도없이 곧바로 구속시켜 1년이라는 억울한 옥살이를 하였습니다\n저를 공무집행방해죄로 직접체포 했다는 A모 경찰관의 증언에 따르면 “B모 경찰관이 피고인의 어깨를 붙잡았을 때는 체포의 행위가 아니였기에 미란다를 고지 하지 않았다“ 라고 증언했습니다\n아울러 B모 경찰관 역시 “조0운의 어깨를 붙잡을 땐 아직 체포의 실력행사가 아니였기에 미란다 고지를 하지 않았다고“ 라고 동일한 증언을 했습니다\n그러므로 B모 경찰관의 행위는 체포의 요건도 맞지 않는 저의 어깨를 미란다 고지도 없이 강제로 붙잡았기에 더 더욱 위법한 공무집행입니다\n그렇다면 체포도 아닌데 저의 신체 자유를 침해한 위법이 있기에 적법한 공무집행이 아니며 경찰관의 그 불법적인 강제 행위에 벗어 나려고 한 저의 행위는 정당방위입니다\n공무집행방해죄는(형법 136조 1항) 그 공무원이 적법한 공무집행을수행 중 일 때 그 집행을 방해한자를 공무집행방해죄로 처벌하는 것이므로 경찰관이먼저 미란다 고지도 없이(민법 111조 1항, 의사의 표시는 상대방에게 도달한 때에 그 효력이 생긴다) 피고인의 몸을 불법적으로 붙잡았기 때문에 피고인은 그 위법한 행위을 벗어나려고 한 행위 이므로 이는 정당방위(형법 제 21조 1항)에 속합니다\n또한 B모경관의 증언에서 “ㅡ순찰차에 타지 않으려고 강하게 반항 해서 현행범 체포를 했다ㅡ” 라는 증언도 있습니다\n체포 밎 수사 과정에서도 이상하고 불법적인 면이 많고 특히나 A모, B모 경찰관의 진술과 증언에 신빙성이 없고 오히려 A모경관과 B모경관 사이의 엇갈린 (대조적인) 증언이 많은 점 자동차 파손의 사진조차 조작된 점 등으로 미루어 합리적인 증거가 없는 위 사건은 형사소송법제325조 후단에 의하여 범죄의 증명이 없는 경우에 해당하므로 무죄를 선고해야합니다.\n택시에 승차하려고하는 저를 강제로 붙잡다가 경찰관이 그 위법한 체포행위를 실행하는 과정에서 발생한 피고인의 저항을 새로운 체포 사유로 내세워 형식적으로는 공무집행방해죄의 현행범인 체포라는 절차를 내 세웠을 뿐 그 행위의 처음 발단은 경찰관의 위법한 체포 행위가 먼저이며 그 위법한 체포 행위에 대항(형법 제23조3항,정당방위)했다는 이유로 새로운 체포절차로 구속 시킨 것입니다\n1심 2심 상고심 모두 똑같은 주장을 했으나 마지막 대법 2부에서 돌아온건 기각이라는 통지서뿐....\n조잡하게 조작된 사진 증거와 이사건의 유일한 증인인 경찰관들의 진술과 증언에서도 서로 상반된 진술과 증언 뿐이였는데 ......\n하긴 최소 45분을 3분이라고 말하는 판사와 변호사도 있으니깐\n이 나라에 진실된 판사는 단 한명도 없단 말입니까????\n원심 판사들과 대법원 판사들중에서 단 한 명만이라도 이사건을 최소한 중학생의 수준으로라도 보았다면\n그래도 유죄를 내렸을까? 하는 생각으로 청원서를 올립니다"
434341,2018-11-06,2018-12-06,0,5,기타,자동차튜닝에대하여,과도한튜닝이나 요란한 머플러소리 어지러운 등화는문제있다고생각하지만 기본에서벗어나지않는 등화정도는 규제하지않아야된다고 생각한다 인증된제품 곧순정품외에 모두싸잡아 불법이라함은 좀아니라고봅니다 순정품도LED램프 지나치게밝은 것도많습니다 이 분야의 경제적 활성화를 위해서라도 규제를 완화했으면 좋겠습니다
362776,2018-09-02,2018-10-02,0,7,교통/건축/국토,서울 집값 잡으려면  지방 우대   정책  폐세요,한국  처럼  수도권에  정치  경제  인구  등  모든것이   집중된  나라  드물지요\n국토 균형 발전 안 시키고     수도권만 발전시키는   이상한  나라 요\n수십년  전부터     정치가들의  잘못된  정책으로   인구가   수도권만   몰려\n요\n노무현  신행정수도   그것은  사기공약입니다     수도이전으로  인구  이동   어렵습니다\n지방우대  정책 폐세요      독일처럼\n일자리찾아   삼만리    거주이전합니다\n지방에  대기업 이전하면  파격적으로   세금 혜택  주세요\n지방이 살아야   수도권이  삽니다\n골고루  잘살게  해주면   굳이   수도권에   갈 필요  없잖아요\n각거점  지방   대도시  로   기업체  이전  하면    국민들이   일자리  찾아 거주 이전 합니다\n인구  분산 정책 폐세요\n국민들은  좋은   일자리  찾아  거주이전  합니다\n독일은  지방 우대   정책   으로    잘하고  있답니다\n한국도  독일  처럼   해보세요\n서울 집값도   떨어집니다
474416,2018-12-20,2019-01-19,0,10,보건복지,1인 자영업자 의료보험 지역가입에서 직장가입으로 전환 요청건,"1인 자영업자의 의료보험은 지역의료보험으로 다른 2인이상자영업자의 직장의료보험료에 비해 부담이 많습니다.\n요즘처럼 경제가 어려울때 1인 자영업자에게도 직장의료보험을 적용하여, 1인 자영업자의 부담을 줄여주었으면 해서 이러게 청원을 올려 봅니다."
361091,2018-08-31,2018-09-30,0,3,농산어촌,공무원의 쓴소리 -  이것도 나라인가!,"문란한 국가기강을 잘 알기에  만연된 공공기관 비리를 잡지않으면\n국민경제와 국가발전도 희망은 없다고 생각하는 공무원입니다.\n국가직 3년 지방직 24년 등 27년 이상  녹을 먹어 공무원조직은 알만한\n행정6급 공무원이자, 수년간 국회의원, 조달청 및 조달업체의 음해 활동으로\n많은 고초를 겪어본 경험이 있어, 사실만을 알리고자 하며,\n국가경제와 국민을 생각하는 국가라면   청와대 내부 및 사정기관에서\n자발적으로 처리할것으로 기대하며 글을 올립니다.\n대한민국에서 연구 개발 활동을 하면 패가망신 한다는 말이 있는데,\n제도를 악용하는 조달청의  행태들을 보면 충분히 알 수 있습니다.\n(조달업체가 실세들의 뒷주머니임을 명확하게 해주는 사례)\n저는 취미로 100여건을 특허출원하며 최다출원 및 등록 공무원이 되었고\n전국 자치단체에서 사용하여 연간 100억 이상의 인건비 절감과 안전사고 및\n사망자를 감소시킨 차량형 불법주차 단속장비를 개발한 사람입니다.\n개발한 장비는 시속 40km로 달리면서 불법주차 차량을 적발하는 기능으로\n2006년 2월부터 방송과 신문에 보도 되면서 전국적으로 알려지게 됩니다.\n하지만,  특허 전용실시권가 자치단체에 발품을 팔며 영업활동을 시작해가던\n2007년 봄에 청천벽력 같은 소식을 전해 듣게 됩니다.\n주차단속 장비와 무관한 유사특허를 가진 N사가 2006년 12월에 조달우수업체로\n지정된 관계로 조달법에 의해 N사에게 자치단체 독점납품권이 넘어간 상태이며,\n조달청은 이례적이며 신속하게 2007년 3월 27일자로 311건에 98억원의 장비를\n단가계약 해주었다는 것입니다.\n이후 변변한 납품실적도 없었던 N사는 조달우수업체 등록 이후 10년간 전국에\n단속장비를  독점 납품하는 특혜와  조달 실적을 근거로 다른 사업도 승승장구하게 됩니다.\n조달청의 비호를 등에 업은 N사와는 7년간 소송만 20여차례 해야 하는 우여곡절 끝에\n2011년 4월 대법원에서 전국자치단체에 납품된 조달우수제품은 특허를\n침해 했다고 확정 판결해 주면서 사건이 일단락 되는듯 보였습니다.\n하지만, 조달청은 본격적으로  N사에 대한 비호행위를 노골적으로 드러내며\n대법원 판결(11년 4월)이후에도  5년간(2016년말) N사를 조달우수업체로 지정하지만\nN사는 2012년 담합위반 사건이 확정판결된 2016년말 공정위에 의해 해지됩니다.\n( 2006년 12월에 지정된 N사의 조달우수 특허는 2009년 6월 24일 특허무효 처분 되었는데,\n대법원의 무효판결로  N사가 우수제품이 유지가 어렵게 되자  5일뒤인 2009년 6월 29일에\n또다른 유사특허 2건을 조달우수제품으로 지정하여 납품하던중  2011년 4월 침해판결됨)\n이후, 조달특혜가 사라진 N사는 2017년 말에 다른 조달업체인 H사를 인수 직원을 대표로\n취임시켜 10년간  형성된 영업망을 활용하며 왕성하게 활동중에 있습니다.\n2011년 조달청의 대변인이 취재기자에게  "" 설사 대법원에서 이겼다 할지라도 대한민국은\n결국에는 돈있는 사람이 이기게 되어 있다"" 고 한 발언에서 알 수 있듯이\n조달청은 조달업체를 탈락시키는 용도로 만든  【조달우수업체 관리규정】을  수차례에 거쳐\n위반하면서도  자체 처벌은커녕,  관계되었던 조달우수제품과 직원들은 영전하고 고위직까지\n(9급출신이 지방청장까지) 승진하고 있는 실정입니다.\n조달청이 지정한 조달우수업체 900여 업체가 연간 2조원의 매출을 발생시키고 있으나,\n원천특허권자가 아닌 경우 조달우수업체의 유사특허를 무효시키는 소송을 하지 않다보니\n70% 이상이 유사특허로 추정되고 있는 상태이며,\n조달청 퇴직자들이 장악한 조달우수제품협회와 MAS 협회가 업체선정에 영향을 주기에\n조달우수제품의  연간매출 2조원의 1%만 적립하여도 200억원대 규모임을 감안할 때\n현 대한민국에서 환경에서는 충분히 안하무인이 될 것이라 짐작하실 것입니다.\n국가 기강을 바로 세울수 있도록 관심을 가져 주시면 감사하겠습니다."
346419,2018-08-18,2018-09-17,0,13,행정,문재인 대통령 비난의 글 삭제해 주세요,문재인 지지자 입니다
386755,2018-09-21,2018-10-21,0,8,농산어촌,탁상행정으로 우리 세금이 줄줄 세고 있습니다,"현직 농민입니다.\n농촌 복지사업의 일환으로 각 마을에\n각종 농기계가 보급을 시작한지 오랜줄 압니다.\n최근에 논배토기, 온탕소독기\n그런데 제 마을 전 이장은 논배토기는 어디에\n있는지 모른다고 하고,\n온탕소독기는 자기집에 놓고 쓰고 있습니다.\n엄연히 세금으로 보급된 것인데\n이장이라는 이름으로 혼자서 독차지하는 것은\n문제가 있다고 봅니다.\n최근에 보급된 농기계의 현황을 파악해 주시고,\n분실되었다면 그 책임자에게 책임을 물어야 한다고\n생각합니다.\n탁상행정으로 우리 세금이 줄줄 세고 있습니다"
318561,2018-07-25,2018-08-24,0,120,기타,이재명  지사을  강력히수사하라,이재명 지사을 강력하게 수사하여  조폭 과의 케넥션이 있는지 밝혀주시길 대권예비 주자였던 사람이 너무많은문제을 안고있는것이 한심할 따름이네요
76504,2017-12-29,2018-01-28,0,7,외교/통일/국방,군인들 방한 외주좀 지급 합시다.,"이추운 겨울날 휴가나온 군인들 자주 봅니다.\n부대내에서는 어떻게 방한대책을 강구하는지는 모르겠으나\n휴나가온 장병들 깔깔이 하나에 얇은 야상 잠바 하나 걸치고\n휴가의 들뜬 기분에 추위를 견디고 있습니다.\n그옆 애인이나, 군대 안간 친구는 오리털 900 짜리 두툼한 방한 파카로 중무장 하고도\n연신 춥다고 움추려 드는데 야상 잠바 하나에 버티고 있는 모습을 보면\n이나라가 어찌 이렇게도 인정머리가 없는지 한심 합니다.\n국가에서 보조하지 못할것 같으면,\n집에서 사서 보내서 휴가 나올때만이라도 입고 나올수 있도록 조치 합시다\n군인이 대우 받는 그런 나라를 만들어 봅시다."
26405,2017-11-05,2017-12-05,0,19,미래,아동에 대한 유괴 성범죄 학대 처벌 20년에서 사형선고가능하게 해주세요,우리나라는 아동범죄에 관해 관대하다 생각합니다 아이를 안전하게 낳고 키울수 있게 유괴 성범죄 학대에 대해 20년이상 최고 사형까지 선고 가능케 법 강화를 부탁드립니다 이에는 가해자가 미성년자 불문으로 부탁드립니다
179393,2018-03-29,2018-04-28,0,32,기타,박근혜 청와대 비아그라 대량구입 조사 요청,예전에 박근혜 정부 시절 청와대 비아그라 팔팔정 등 대량구입한 일이 있었는데요.\n고산병치료로 누가 비아그라 팔팔정을 먹습니까. 그런 해명도 이제는 다 거짓이겠죠. 세월호 7시간 이것이 팩트다 해명도 거짓이었듯이..\n세월호 침몰동안 잠자고 있던 박근혜. 도대체 밤 중에 뭘하길래 그리 늦게 일어나는지에 대한 의문으로 위 사건이 생각났습니다.\n청와대 내에서 일어난 일이니 청와대에서 조사할 수 있지 않을까요?\n조사 부탁드려요.
405906,2018-10-13,2018-11-12,0,140,육아/교육,어린이집도  비리조사해주세요.,지금 유치원 비리는 20년전에도 그랬습니다.저도 이런쪽으로 근무했던 교사였는데 자기네 식구들 법인카드로 한우 외식 디카.등등 개인사비쓰듯 쓰고 아기들 식비로 제대로된 반찬없었고 심지어 정수기물통에 수돗물받아 넣고 음식잔반 재탕등등 비리많습니다.교재비 몇배로 부풀리고 견학등 사진값 부풀리기 등등 너무 많습니다.교사들은 알면서도 말못했고 블랙리스트에 올라 일못하게돼죠.어린이집비리도 이번에 다 조사해주시고 맘놓고 어린이집 애들 맡길수 있는 교욱환경이 필요합니다.
138841,2018-02-13,2018-03-15,0,2,정치개혁,"""   국민 청원과 관련하여   ""","청와대가 국민청원과 갑질민원  및 신문고를 개설해 놓고\n무늬만 남겨 가며, 전시행정하는 사례가 많은데\n이유가  무엇인지?\n공정을 찿고 정의를  외처가며\n실천이 없는 보여 주기식 행정을 하고 있는데\n이는 국민을 상대로 기만한 행위인 만큼  객관적인\n판단 아래  검토와 함께 실천이 선행되어야 할 것입니다."
90280,2018-01-12,2018-02-11,0,5,농산어촌,농민에게 지급되는 정부 보조금 전체 삭감을 청원합니다.,"지금 정부에서 무분별하게 농가에 소득 보전 및 영농비 절감을 위하여 정부 보조 사업을 무분별 하게 시행을 하므로 인해 거기서 종사하는 사업자나 농민 모두 피해가 있어 이렇게 청원 합니다..\n보조사업은 전체 농민이 똑같이 적용되서 누구도 유불리없이 받고 사용 해야 되지만 ..\n잘 아시는대로  ..\n목소리 큰사람..\n이것저것 따져 대며 귀찮게 하는사람..\n보조금 서류 잘해주는사람..\n내가 잘 아는사람등...이 먼저 선정되어 사용하고있슴.\n그리고,납품 업자도 관에 연결고리가 형성되있어 그누구도 한번 맺어지면 뜷고 들어가기 어려운 형태로 되어 있슴..\n한번 연결되어 사업을 하면 담당자가 바뀌기 전 까지는계속 ㅡ그업자와 연결되는 시스템..\n이러니 보조사업은 만저 눈크게뜨고 보고있는사람이임자..\n이럴바엔 시장 원리에 따라 농가에 직접 카드를 줘서 본인이 사용코자 원하는 제품을 아무곳이나 원하는곳에서 사용 토록 할게 아니면 이참에  몇몇 사람만 배불리는 보조사업...\n아예 다 없애시길..\n이에 간절한 마음으로 청원 합니다."
373310,2018-09-09,2018-10-09,0,14,교통/건축/국토,서울에 임대주택 대량공급을,"서울과 근교에 미니신도시 기획하시죠? 그 물량을 모두 임대주택으로 하십시오. 50만호만 공급해주면 서울집값 잡힙니다.\n건축비용은 채권발행하시고, 10년후 매도할때 발생수익분 배분한다고 하시고요.\n서울에 집없다는 이유만으로 하층민되니 너무 속상하고 박탈감도 크고, 죽을때까지 메뚜기처럼 살 생각하면 눈앞이 깜깜해요."
335738,2018-08-10,2018-09-09,0,10,저출산/고령화대책,불합리한 국민연금법 고쳐야 합니다!!,"공무원, 군인, 국민 연금 여러 연금이 있다고 하던데요.  많이 받은 사람은 7백만원까지 받구요.\n공무원이나 군인이 연금을 얼마나 많이 부었겠습니까?  직장을 오래 다니는 월급쟁이나 소득이 많은 사람들이  많이 냈겠지요. 연금을 많이 낸 사람이 많이 받아야 하는데 법이 그렇지 않더라고요. 국회의원들도 그렇구요.\n제가 요즘 비정규직으로 일하는데 연금 공단에서 전화가 왔습니다.\n온갖 협박(?)으로 개인 연금에 들어야 한다고 강제라고요.  월 60시간 미만이라 사업장에서 안들어줘도 할말이 없고 개인이 전부 부담으로 들어야 한다네요. 알바생들도 그런 처지입니다. 제대로 된 직장을 다닌다면 당연히 할말이 없지만, 단기직이고 계약직으로 일해서 몇푼 되지도 않는 돈에서 연금으로 떼어가고 언제 그만둘지 모르는데 왜 연금을 넣어야 하는 건지도 이해가 안가더라고요.\n돈도 적게벌고 수입이 일정하지도 않고, 쉴 때도 있는데 왜 연금을 내라고 강요하는지 이해가 안갑니다.\n이런 경우는 선택이 맞는 것 같네요. 연금이라는 것이 불공평하게 느껴집니다. 법을 바꿔야 합니다.\n연금을 낸다고 보장된 미래가 없기는 마찬가지이지만, 지금 당장 쓸돈이 없는 용돈벌이들에게도 연금을 강요한다는 것이 불합리하다고 생각되네요.\n법을 개정해 주세요!!!"
516715,2019-02-04,2019-03-06,0,0,행정,종교단체 기부금 세액공제 제한 바랍니다.,종교단체  헌금에 대해서는 세액공제 제외 바랍니다. 종교단체 헌금은 예전 국가 기반 이전의 행위로 오늘날과 같은 국가주의에서는 세금이 아닌 종교단체의 수익으로서 국가사회에 전혀 도움이 되지 않는 본인들만의 기부형태 입니다.  일반국민에게는 아무 연관성이 없는 항목입니다.종교 복지 단체에 대해서는 예외로 하겠지만 종교단체에 대한 헌금 부분은 소득공제 제외 처리 바랍니다.
135961,2018-02-10,2018-03-12,0,9,행정,현재 평창올림픽 파견매니저입니다.,"현재 평창올림픽근무자입니다.\n대통령님 및 정부가 이번 올림픽에 많은 기대를 하고 지원을 하며 성공적인 올림픽이 되기 위해 노력하는거 알고 있습니다.\n하지만 이번 개최식때 근무자로써 정말 실망감을 가지고 이건 아니다 싶어서 글씁니다.\n청원이 될 확률이 없겠으나, 딱히 적을 곳이 없어 여기다 하소연 아닌 하소연합니다.\n이번 개최식때 VIP 및 각국 정상들이 참여하였습니다.\n허나, 거기에 지원이 된 경찰등 경호원들 청화대 사람들..정말 너무하더군요...\n특히 경찰..!!!\n인력이 없어 교통통제 및 교통관리를 몇차례 요청을 하였으나 대답도 안하고 들은체도 안하더니..\nVIP급 오니 어마어마한 인력이 오더군요..그런데 이동동선에만 그냥 보여주기식 서서 근무해서 이렇게 서있다라는\n보여주기식 근무..이동동선이 아닌곳에는 일반관람객들 차량이 막혀 20분이상 차가 정체되어도 한명도 배치시켜주지도 않고 나몰라라 하고 오로지 이동경로에만 어마어마한 인력이 배치되더군요.\n현장에서 근무하는 매너저.자원봉사자의 배려는 눈꼽만큼도 없고, 경찰들도 일반관람객에 대한 배려또한 하나도 없고 오히려 이게 무슨 공산국가인지 통제하고, 못가게 하고..(오기전에 시간체크를 했을텐데 그 시간전에는 최소한의 통제와 융통성있게 해야된다고 봅니다)\n수십명이 기차시간이 임박하여 가야한다고 해도 못가게 막고, 정말 어이없는 상황이 벌어지더군요..\n만약 VIP급들이 차가 지나간다면 이해는 합니다만, 오지도 않고 텅텅 비어서 아무도 안오는데도 안보내주더군요,\n결국 많이 외국인과 관람객이 항의하고 많은사람이 지나갈려고 하니 떠밀려서 다 건너서 기차를 탓네요..\n제일..어이없었던거는..\nVIP급들이 오기전부터 통제하고(이부분은 당연하기에 이해합니다), 그러나 VIP급들이 떠난 후가 최악이었습니다.\n한순간 그 수많은 인력이 다 빠져나가버리더군요..정말 욕나오더군요..\n경찰들과 거기에 동원된 인력들 때문에 그 수많은 차량들..수많은 관람객들이 혼선을 빚고 있는데 최소한에 원활한 교통과 그 혼선을 정리를 해주고 가야하는거 아닌가요???\n거기가 차량이 뒤죽박죽이 되던 관람객이 제대로된 곳에 내리지도 못한 상황에 그냥 가버리더군요..\n딱봐도, 아..갔네..보여줄꺼 다 했으니 철수~~~!! 이렇게 밖에 안보이더군..\n본인들이 일반인차량은 아래쪽에서 돌리고 통제를 하겠다 해놓고 VIP급들 다 이동하니 인수인계도 없이\n바로 철수하더군요..최소한 현장근무자에게 말은 해줘야 이어가는데 그냥 훅 가버리니 이건머..도대체..\n외국정상의 경호등 여러가지로 통제가 되고 안전상의 이유로 등등 충분히 이해합니다.당연하다고 생각하구요.\n그러나 선수관계자들이나, 일반관람객이 그 시간은 이해해나, 그후에 그일로 혼선을 빚어진 현장은 해결을 해주고 가야하는거 아닌가 싶네요..\n경찰과 청화대직원들이 현장을 엉망으로 만들어놓고 그 후 나몰라라..모든인력 빼버리고, 현장 근무자와 자원봉사자가 뒤치닥거리하고.. 이건 아니지 않나요???\n그리고 청화대직원들도 적당히 합시다. 본인들이  VIP도 아니고 통제된곳에 무슨 본인들이 VIP도 아니면서 차량을 근무자한테 차로 들이대고 밀고 들어갈려고 하고, 본인들의 무슨 큰 권력을 가지고 있다고 현장에서 일하는 사람들을 그딴식으로 취급하는지..\n정말 멋있는 개막식 후면에 이런 말도 안되는 상황이 있었습니다.\n앞으로 이런 어이없는 상황이 벌어지지 않았으면 합니다."
335998,2018-08-11,2018-09-10,0,39,행정,나향욱 복직 허용한 교육부 장관을 직위해제 시켜주시기 바랍니다.,"민중은 개 돼지 발언으로 나라를 시끄럽게 했던 나향욱을 다시 복직 결정한 교육부 장관을 경질시켜 주시기 바랍니다. 국민의 정서를 무시하고, 장관의 특권을 이용하여 공직자 자질이 없는 나향욱을 복직 결정한 교육부 장관 또한 민중은 개 돼지로 본다는 것과 다름 없으니 장관의 자질이 없다고 판단되는 바, 교육부 장관을 경질시켜 주시기 바랍니다."
502667,2019-01-22,2019-02-21,0,10,정치개혁,이렇게 해주시면 해결됩니다,"시간 끌어서 소모적 논쟁만 계속 하지말고 청와대는 제발 당의 결정에 맡긴다고 방관하지말고 나서서 부정부패, 인사청탁, 부동산투기및위장전입, 측근비리에 대해 국민에게 진정성있는 사과와 함께 연류된 전.현직 의원들에 대해 파면조치및 구속수사 시키길 강력히 요구합니다\n제 식구 자꾸 감싸려고만 급급할수록 논란은 더 커지고 대통령을 향한 민심은 바닥으로 추락할수도 있으니까요\n김경수,이재명, 안희정 다시 수사원하여 제발 구속시키시고 손혜원,서영교도 구속수사해야합니다\n청와대가 국민에게 진정성있는 모습을 보이고 싶으시면 올해부터는 국민들의 마음을 받아들여서 적극 나서는것이 좋을것 같습니다\n이분들은 솔직히 민주당  이미지를 손상시켰을뿐아니라, 대통령 국정운영에 걸림돌만 되어 신뢰도를 악화시키는 세균과 같은 존재들입니다"
230566,2018-05-11,2018-06-10,0,5,기타,자원외교 주모자는 감방에 있지만 그 하수인들도 처벌해야 합니다. 그들은 손실을 날것을 알면서 일을 저질렀던 기회주의자 매국노 입니다.,"무려 약 14조원의 손실이 났고 앞으로도 더 손실이 더 늘어날 예정입니다. 단지 대통령 한사람 문제가 아니라 그 하수인들 공기업 사장 및 산자부 그리고 공기업사장 밑에서 뻔히 손실이 날것임을 인지함에도 막무가내로 사업을 저질렀던 자들 ...  그 덕분에 국가는 엄청난 손실을 보았지만 그들은 그렇게 저질렀던 덕분에 개인적인 이익을 누렸던 파렴치한 들이 아직도 남아 국가의 손해는 아랑곳 하지않고  기회주의적인 행동에 대한 달콤한 전리품을 즐기고 있습니다. 3개 공사중 가스공사 주강수 전임사장, 이종호 부사장 및 그 졸개들 이 일사분란하게 국가에 손실을 일으켰습니다. 석유공사도 하베스트 물밖에 나오지 않는 유전 과 쓰레기 같은 석유정제 설비를 천문학적인 돈을 투입하고 그 돈을 다날렸습니다. 석유공사 전임 강사장을 위시한 그 졸개들 .. 명세기 석유전문가들인데 모를리 만무한데도 이런일들이 벌어졌습니다. 일반시민 10000만 훔쳐도 그렇게 엄격한 법들이 천문학적인 돈을 날린 자들에게 왜 그렇게 관대한지...  처벌하지 않는다면 앞으로 해먹을려먼 천문학적인 조단위로 나라재산을 해먹어야지 법적 추궁을 당하지 않는다는 선례를 더 이상 남기지 않아야 더 좋은 대한민국으로 발전할 수 있으리라 판단되면 위에서 부터 아래까지 철저히 조사해야 합니다. 거기에는 반드시 일부 산자부 공무원 매국노들도 포함시켜야 합니다."
376091,2018-09-11,2018-10-11,0,3,교통/건축/국토,잠실동을 강남구로 편입시켜 주세요,잠실동이  강남구가 아니고 송파구라서 대접을 못받고 사는 것 같습니다\n잠실동을 강남구에 끼워 넣어주세요.\n사실 그러게 해도 서울시 지도 모양이 이상하지는 않을 듯 합니다.\n잠실동의 가치 상승을 위해서 강남구로 바꾸어 주세요.
446441,2018-11-19,2018-12-19,0,43,미래,PC방살인사건 동생 폭행공범아닌 살인공범,"한달이 지난 강서구 pc방 살인사건 밤인은 심신미약이 아니라고 판명났는데 동생은 왜 살인 공범이 아니라 폭행공범인지 진짜 1도 이해안가는데요\n살면서 한번쯤 다굴해봤으면, 뒤에서 누군가를 잡는다는건 다구리깔때 가장 좋은 포지션이 되는거아실텐데 굳이 안해도 영화 드라마보시면 많이 나오자나요 학생들이 학교폭력할때 뒤에서 잡으면 잡힌사람은 바둥바둥할 수밖에없다는거 이 사건도 마찬가지에요 형이 살인하기 좋은 포지션을 만들어 주기 위해서 피해자를 뒤에서 잡았고 그뒤에 피해자가 무차비하게... 그 전까지만해도 피해자가 당하는 입장은 아니었어요 피해자 키도크고 운동도 했다고 들었어서 그런지 그냥 당하는 입장은 아니었는데 동생이 뒤에서 잡자마자 그뒤로 처참해졌죠... 근데 진짜 어이없는건 경찰들이 꽤 많은 사건을 봐왔을 법조계의 사람들이 그거 하나 모르고 폭행공범???진짜 지랄입니다 살인 방조에 살인 공범입니다"
463602,2018-12-08,2019-01-07,0,49,정치개혁,유치원3법을 반대하는 자한당을 다음선거때 반드시 심판하자,무조건!!!!
516964,2019-02-04,2019-03-06,0,3,외교/통일/국방,국군장병 휴대폰사용관련,"초소에서 치킨먹는 사진입니다.\n군기본자세 불량 확실한처벌 부탁드립니다.\n장병의 영내 휴대폰사용으로인하여 군보안 절반은 뚫렸다 생각합니다. 더 큰 보안사고가 일어나기전에 적절한 조치 부탁드립니다.  2020국방개혁관련 영내장병 휴대폰사용 긍정적으로 생각합니다. 나라를 지키는 군인들에게 더 좋은 복지와 혜택을 주는것이 맞다생각합니다만..\nThis is a step in the right direction, but more must be done."
374574,2018-09-10,2018-10-10,0,31,교통/건축/국토,서울 집값 폭등 이렇게 하면 바로 잡혀 안정화 된다,"1.현황\n서울 등 수도권 주택 가격이 날로 상승하고 있어서 무주택 서민의 상실감이 나날이 커가고\n경제발전의 추동력 상실로 이어지고 있어서 안타까운 일이 아닐 수 없다\n2.문제점\n서울에 거주해야 대학 진학과 직장 구하기가 더 쉽고 청장년 들의 거주 및 일상 생활이 편리하다는\n생각으로 일반 국민들 사이에 일단은 서울로 가서 살아보자는 심리가 팽배해 이미 서울은 포화 상태로\n주거 환경 복지 산업 등 모든 분야에 걸쳐 너무나 많은 문제점이 태산처럼 쌓여 가고 있다\n3.대책\n서울에 살지 않고 강남에 살지 않아도 이보다 훨씬 좋은 생활 환경이 조성 된다면 꼭 서울에 살 필요가 있을까?\n그 해답은 바로 땅값이 수도권에 비해 20분의 1로 저렴한 금강 이남에 있다 수도권 과밀화 해소를 위한 가칭 금강 이남화 정책에 대하여   다음과 같이 국민 모두가 함께 고민해 볼 때가 되었다고 생각한다 고밀도 서울의 솎음 정책이 절실하다\n가. 청와대 국회 대법원 대검찰청 을 포함 아직까지 지방 이전이 이루어지지 않은\n기타 주요 국가 기관은 세종시로 이전하고 부지가 부족하면\n서울 땅값의 20분의 1에도 못미치는 값싼 새만금 지구 및 인근 배후 부지로 모두 이전하도록 하며\n수도권에 집중 분포된 해양레저 휴양 관광 해양 도서생물 생태 등에 관한 국공립 기관 및 연구 시설과\n관련 투,융자 기관은  아름다운 다도해 전남 완도군 일원으로 모두 이전하여\n동쪽으로 기울어진 개발축을 평등 균형화 개발이 이루어지도록 유도하고\n나. 배후지역 포함 1000만평이 넘는 넓어도 아주 넓은 새만금 지구 약 500 만평에 청년 자립을 위하여\n토지 건물의 고가 분양 대신에 투기현상이 원천적으로 차단되고  30년 이상 맘편히 살 수 있는\n청장년 임대전용 주택을  100만 가구이상 건설하여\n청장년의 주택난 해소와 서울의 집값안정과 고밀화 해소를 달성하여 50년전 부터 이미 경부축 위주 동쪽으로      기울어진 국토의 지역 평등화 개발을 통해 바로잡고\n다.  새만금 지구에 서울 스카이 대학 및 국공립 대학 분원을 설치하고 더불어 스카이 대학을 능가하는 가칭 국가최고국립대학을 신설하되 인문 자연 예체능 계열을 총망라하는 각급 대학과 다수의 특성화 초,중,고를 신설하여 국가 미래 표준 교육시스템을 구축하며\n서울에서 학교에 다니지 않아도 취직 걱정이 없는 구직 전용 맞춤대학을 국공립으로 설립하여 졸업 이전에 일자리 선택이 가능한 산학 연계형 교육환경을 조성한다\n라. 새만금 지구내 국가 산업단지를 조성하되 부지를 값싼 임대전용 공단으로 조성하되\n일부 구역을 별도 선정하여 대학생 청년 벤처 기업에 창업부지를 무상임대로 제공하여 보다 쉽게 청년 창업이 이루어지도록 무상 임대하여 일자리 창출과 소득증대 방안을 마련해 주고\n임대전용 공단의 대부분의 구역은 수도권 등 대도시 에서 자금난을 겪고 있는 대기업 중소기업 들에게 저렴한 임대로 제공하여 기업 이전 초기에 막대한 부지 매입 비용을 들이지 않아도 대도시에 위치한 기존 기업을 매각하고 새만금으로 이전하여 최신식 설비 투자와 신기술을 통한 신제품 생산라인을 갖춘다면\n기업의 글로벌 경쟁력도 갖출 수 있기 때문에 이전 희망 기업 입장에서는 초기 진입자금의 큰 부담 없이 투자와 수익을 극대화 할 수 있는 절호의 기회가 되므로 매우 유익한 이전이 될 것이고 이에 따른 일자리도 최소 300만개 이상 늘어날 것으로 예상된다\n마. 이렇게 된다면 더 나은 교육 주거 구직 등 미래 생활 환경이 조성되어 서울에 살지 않아도 서울보다 더 나은 삶을 영위 할수 있어서 서울 과밀화 현상이 해소되고 주택 가격 급등 현상도 자연스레 해소될 것으로 예상되며\n서울 등 수도권의  고밀도 초만원 생활도 한층 여유있는 도시 생활 환경이 조성될 것으로 확신한다 그것은 우리 모두에게 유익하고 전무후무한 국가 국토 대개혁 한국판 뉴딜정책이 될것이다"
468033,2018-12-13,2019-01-12,0,9,인권/성평등,춘천지방법원의 만행과 개인회생 36개월 단축소급 전국으로 시행하라,"개인회생 36개월 단축소급 전국 적용을 위해 춘천지방법원의 법원에 바란다에 글을 올리자 계속 차단하고 지우면서 개무시하고 있습니다. 도대체 지방 법원들의 이 말도안되는 개같은 짓을 언제까지 참고 두고봐야합니까? 사법부의 썩을대로 썩은 온갖 부정부패와 비리, 그리고 지방법원들의 헌법에 위배된 차별과 형평성 문제를 왜 방관만 하고 있나요? 국회에 이미 통과된 법안을 청와대도 정부도 하루하루 아무런 대책없이 시간만 보내고 있는 동안 열심히 3년동안 변제한 사람들은 단지 지방산다는 이유로 2년 더 갚으라는 지방 판사들의 횡포와 갑질을 당하고 있습니다. 저처럼 힘들고 어려운 회생하시는 분들에게 더이상 말이 아닌 작은 희망이라도 주시길 바랍니다."
190299,2018-04-08,2018-05-08,0,27,보건복지,"제 딸아이는  ""아나필락시스""는  희귀난치성  입니다!","제 딸아이는  식품 알러지 일종의  ""아나필락시스""를 앓고  습니다.현재 13살 이구요.\n과거 8살에 학교  운동장에서  유기견을  데리고 놀다  호흡곤란으로  응급실에  실려 치료중  개털로 인해  쇼크로  이르게한 알레르기 반응 아나필락시스라고  하더군요.\n그밖에  아이에게  더한  알레르기가  있는지 피검사와  피부테스트를  통해  몇가지  급성쇼크까지  일으키게  되는  식품들을 알게  되었습니다. 이  질환은 질병의  원인도 알수  없고,치료또한  딱히  방법이  없는  질병이라고  합니다.\n언제어디서 쓰러질지  모르는 상황이  생겨 학교생활중에  보건선생님의 각별한보살핌을  받고있습니다. 물론 학교급식또한 어려워  제가  도시락을 싸서  등원시키구요.\n또 항상 외출시에도  응급용주사제를 소지하고 다녀야 합니다 .\n응급용 주사제란  애피네프린이라는  허벅지  주사제입니다.  급하게  귀도가  막혀  홉흡곤란을  일으켜  사망에  이르기  까지  하기  때문입니다. 문제는  이  주사제를  구입하기  위해서는  의사한테서   처방을  받아  희귀약품점에서  1회주사제 를 10만원에 구입하고  있다는 점입니다. 언제어디서 쓰러질지  모르는 위기  상황속에서  급하게 병원을  간다해도  기존에 다녔던  병원이외에는  소지할수  있는  주사제  처방또한  쉽게 발행 되지   않습니다. 또  약값또한  지원받지  못하고  있습니다.과거  여러  유명  탤런트들이  이 질병으로  문제가  되어  유명세가  탔던   병명이기도  합니다.\n이질환  ""아나필락시스 "" 라는  병명을 정말  힘든  질병입니다. 제  아이가  가지고  있는  이질병을  공식적으로  희귀난치성질환으로  등록해  주심을  바래는  청원  올립니다."
242434,2018-05-24,2018-06-23,0,2,기타,종신보험 불완전판매 살려주세요,"2016년 6월 13일 가입당시 KDB생명 설계사 에게서 저축 상품 이라는 설명을 듣고 본 상품을 가입 하였으나 사망보장인 종신보험임을 인지하여 민원을 제기 합니다.\n가입권유 당시 본 상품을 2년간만 유지하면 최소한 원금을 회수 한다는 설명을 들었고 이에 저는 6개월간 납입중이던 국민은행의 적금(월 100만원)을 해약하고 가입하게 되었습니다.\n최초 3건을 가입 하였으나 사회 초년생인 저로서는 유지하기가 굉장히 힘들어 총3건중 1건은 한달후 해약 하였고 이또한 보험료는 돌려 받지 못했습니다.\n현재는 너무나 억울한 심정이며 2018년 2월 까지 유지중이던 2건의 보험료의 원금 만이라도 꼭 돌려받고 싶은 심정입니다.\n최근까지도 저에게 권유했던 보험설계사는 저축 상품이 맞다고 강조하고 있으며 보험료를 돌려줄수 없다고 주장하고 있습니다.\n3월 28일 1차 민원을 접수 하였으나 계약당시 청약서류에 자필서명 하였고 전화 모니터링을 정상적으로 실시 했다는 이유로 수용하지 못한다는 결과를 회신 받았습니다.\n그 이유와 상황에 대해서 설명 드리오니 고려하여 처리해 주시기 바랍니다.\n청약서 자필 서명과 따라쓰기를 한이유는 서류를 보시면 아시겠지만 3건을 한꺼번에 하다보니 양이 너무 많아 일일이 확인하지 못하고 설계사가 내용확인 또한 꼼꼼히 시켜주지 않고 하라는 곳에 서명만 하기에 급급했습니다.\n모니터링 전화 또한 미리 설계사가 ""예""라고만 대답하면 된다라고 하여 시키는대로 하였을 뿐입니다.\n이렇게 시키는대로만 한 이유는 처음 설계사의 설명 당시 워낙 확신을 가지고 자신있게 최고의 저축상품 이라고 설명을 하여 사회경험이 부족한 저로서는 믿고 할수 밖에 없었습니다. (녹취 파일 참고)\n사회 생활을 처음 시작하여 어렵게 번 돈으로 힘들게 적금을 시작 하였고 그 귀한 돈을 불려 준다는 얘기만 믿고 이렇게 손실이 커진 상황이 되었습니다.\n부디 위 상황을 충분히 검토 하시어 그동안 불입한 원금만 이라도 상환해 주실것을 간곡히 부탁 드립니다.\n가입당시 국민은행 적금을 해약한 금융거래 내역과 설계사의 자필 설명내용, 녹음파일등을 첨부 합니다.\n위는 제가 금감원에 두번 민원제기한 내용의 글입니다.\n해당 보험사는 제가 계약 당시 청약서류에 자필서명 하였고 전화 모니터링을 정상적으로 실시 했다는 이유로 제가 설계사의 감언이설에 속았다는 주장은 듣지도 않고 원금상환에 대한 제 주장을 수용하지 못한다는 결과를 보냅니다.\n민원처리과정에서 담당자는 저에게 연락한번없고 보험회사에 저장된 전화모니터링이 정상적이고 그것에 대한 제 책임만 물어 결론지어 답변을 보내옵니다.\n금융감독원은 보험사에서 낸 결론이 그러하다고 하네 하는 답변만 보내옵니다.\n알아보니 요즘 금감원이 힘이 없다고 하더군요. 금감원에서 보험회사에 줄수있는 영향력이 없다고..불이익그런게 없어졌다고.. 그럼 저같은 사람은 정말로 저 큰 보험회사를 상대로 소송이라도 해야하는건가요?\n당시 사회초년생인 제가 사망보장만 있는 종신보험을 3개씩이나 총 금액이 90만원인 보험을 왜 들었을까요 상식적으로 말이 안되는데 보험회사는 증거가 없다는 이유로 저의 말을 들어주질 않습니다. 정말로 제가 이 보험을 2년 넣고 자살이라도 해야하는 걸까요?\n알아보니 종신보험 불완전판매로 2016년도에 난리가 났었고 그때는 제가 가지고 있는 증거들이 받아들여져서 상당수 사람들이 원금이라도 받았다고 들었습니다. 왜 누구는 되고 누구는 안되는지 금감원에서 이러한 건으로 민원이 아주 많다고 하던데 민뭔이 많은 만큼 잘 처리 되는것이 아닌 방관만 하는건지 의문입니다.\n사회생활을 몇년이나 했지만 아직도 학자금대출이 2000만원이상인 제가 20대후반이 되어도 결혼자금이 없어 결혼생각은 꿈을 꿀수도 없는 n포세대인 제가 원금도 받을수 없는 이런 보험을 사기가 아니면 어떻게 들수있을까요. 정말 답답하여 여기에라도 글 올려 봅니다.\n제가 도움 받을곳은 정말 없을까요.."
312660,2018-07-20,2018-08-19,0,8,행정,썩어빠진 검찰 사법부 변호사 등 의료사고의 불변한 진실.....,"국민을 호구로 안는지?의료법 관련법 개정안을 왜 하지 않는 것일까? 의료사고로 죽어가는 불쌍한 한사람은 구조해 주세요.\n대한민국 국회\n서민 두 번죽이는 대한민국 국회 사법부 검찰 등 등\n청원개요\n제목: 의료사고의 불편한 진실 환자 두 번 죽이는 대한민국 의료법 (정말 저는 너무너무 억울합니다) 국민 여려분 제발좀 도아주세요.. 너무 분하고 억울해서 살수가 없습니다. 존경하옵는 국민 여러분\n*** 대한민국 국민이 의료사고를 당하면 모두 의료사고에 대한 진실을 피해자가 밝혀야하고 이것은 저만의 일이 아닙니다. 대한민국의 국민전체의 일이고 의료사고를 당한 가족과 모든 환자분들이 겪고 있는 현실이며 하루빨리 의료법관련법 개정하여 환자와 피해자가족 에게 모두에게 다시는  아픔과 고통을 주는 생기지 않기를 바랄 뿐입니다. 썩어빠진 의료계의 의학적 논리와 어덚해서 국립병원이 이런 행동을 할수 있는지 정말이지 이해가 가질 않습니다.\n대한민국의  소비자분쟁조정위원회 대한의사협회 국립과학수사연구소 카톨릭 대학교 서울성모병원 허정우 교수 검찰 경찰 사법부 의성 변호사 등도 전부 짜고 어떻게 할줄을 모르고  진주 경상대학교병원에 쩔쩔매는지 도대체 이해를 할 수 없는 일입니다.\n진주경상병원에서 얼마나 높은 곳에 사주 및 청탁을 하였지??\n진주경찰서 진주검찰청 부산고등검찰청 사법부 소비자분쟁조정위원회 대한의사협회 국립과학수사연구소 카톨릭 대학교 서울성모병원 허정우 교수 검찰 경찰 사법부 의성 변호인 법률구조공단 창원지부 등 쩔쩔매고 있는 실정입니다.\n왜 대한민국 국회는 대한민국 서민들이 저뿐만 안이고 의료사고를 당하시는 환자의 고통을 당하고 있는 고충을 언제 보고만 인을 것인지?\n대한민국 국회는 언제 가지 의사들 편만 들어 줄 것입니까?\n서민 두번 세 번 죽이는 소비자분쟁조정위원회 대한의사협회 국립과학수사연구소 카톨릭 대학교 서울성모병원 허정우 교수  경남진주경찰서 검찰 사법부 왜 의료사고에 대한  진실을 환자가 밝혀야 하는 것입니까?\n의료사고의 진실을 밝히는 것은 계란으로 바위치기이지만 왜 이러한 제도를 하루빨리 개정하지 않는 것인지 알 수가 없는 대한민국의 국회입니다. *** 그로인해서 환자들이 수많은 피해를 보고 있습니다. 하지만 의료사고를 당하면 피하자가 의료사고를 밝는 것은 너무나 힘든 일입니다. 의료사고 지식이 부족하기 때문에 의료에 대 하여 환자나 환자가족 또는 서민들이 대부분 잘 모름니다. 에제까지 의료사고 이대로 방치할 것입니까요??\n*정부기관인 진주경상대학교병원 소비자분쟁위원회 국립과학수사연구소 의사협회 가톨릭대학교 서울성모병원 허정우 교수 대검찰청감찰과 대법원감찰과 법무부 진주시 부산고등검찰청{창원} 부산고등법원 {창원} 창원지방검찰청 진주지원 창원지방검찰청 진주지청 경남진주경찰서 경상남도. 서부경남 일부기자단 중 기자들. 등* 이토록 썩을 줄은 정말이지 몰랐습니다. 짜고하는 검찰 경남진주경찰서 등\n*** 정말이지 이 사건은 진상조사반 조사가 꼭 필요한 사건입니다***\n또한 국회청문회도 하여야 합니다.\n정말 개 돼지보다 못한 국립병원 진주경상대학교병원. 사람 두 번 죽이는 국립병원 진주 경상대학교병원 진주경찰서 검찰 사법부.\n안녕하십니까? 저는 의료사고를 당한 피해자 김 종 열 입니다.\n정말이지 대한민국에 의료사고를 당하신 분들은 얼마나 억울하고 분통이 터지시겠습니까. 제가 아는 것만 하여도 진주경상대학병원의 의료사고가 수십 여건이 되는데 얼마나 고통 받는 환자들이 많았겠습니까. 저는 2009년 11월 28일 계단에서 넘어져 진주 경상대학병원에서 2010년 1월 6일 척추 수술을 하게 되었습니다. 척추 수술전 MRI 사진에는{혹} 육아종이란 것이 없었는데, 수술 후 육아종이란 혹이 생기게 되어 2차, 3차, 4차, 수술을 하게 되었습니다. 과연 육아종이 왜 생겼을까? 저를 집도하여 수술한 진주경상대학병원 황수현 교수의 주장은 저에게 생긴 혹이 육아종이라고 합니다. 육아종은 두 가지 종류가 있습니다. 부종은 약물로써 치료가 가능하지만 육아종은 약물로서 치료가 되지 않고 수술을 하여 육아종(혹) 제거 수술을 하여야 합니다. {논문에도 있습니다}그런대도 뻔뻔하게 거짓말을 하는 황수현 교수의 편에 서서 수사를 하는 경찰과 검찰의 모습을 보면서 피해자로써 분노를 감출 수 없습니다. 진주경찰서와 진주검찰 부산고등검찰청 진주경상대학교 병원 황수현 교수가 법망을 교묘하게 빠져 나가게 도와주고 있는 꼴 입니다. 도대체 경찰과 검찰 사법부는 왜 이러한 결정을 하는지 이해를 할 수가 없습니다. 또한 의료사고는 의학적인 논리와 조작된 챠트 만을 가지고 수사 및 재판을 하는 것인지? 도대체 피해자인 저로써는 납득이 되지 않는 부분입니다. 또한, 여러 가지 의문점이 있지만 육아종이 {혹}이 왜 생겼다는 것을 얼마 전 한림대학교 의과대학 춘천성심병원 신경외과학교실, 해부병리과학교실에서 “흉추수막에 발생한 염증성. 동아대학교 등 증례보고 보고 알게 되었습니다. 수사을 한 경남진주경찰서와 검찰 변호사가 할 일을 피해자가 10년이라는 세월동안 이 사실을 알게 되었습니다.\n하지만 창원지방검찰청 진주지청 부산고등검찰청 대검찰청 감찰과 진주지원 부산고등법원 제2민사부 감찰과 대법원감찰과 소비자분정조정위원회 의사협회 국립과학수사연구소 신체감정을 한 카톨릭 대학교 서울성모병원 허정우교수 경남진주경찰서, 진주지청 경상남도 일부 기자들 등이 전부 짜고 경상대병원을 도아주고 있는 실정입니다.\n변호사가 변호사를 서임하면은 변호사가 원고측변호사를 돈으로 매수해서 법을 알라도 피해자는 모르측 하는 것이 지금 패해자가 고통을 당하는 현실입니다.  할 방법이 없습니다. { 피해자는 법을 모르는 약자이기 때문에..}\n또한 이렇게 썩은 줄은 제가 의료 사고를 당하고 고소를 하고 형사 민사소송을 하는 과정에 알게 되었습니다. 대한민국의 의료는 왜 피해자가 의료사고의 진실을 밝혀야 하고 왜 피해자가 신체감정을 하는 돈 마저도 모두 피해자가 내어야 하는 현실에 어처구니 없고 {의료보험 적용 안되요 } 진주 경상대병원은 수술하다가 사람을 사망자를 만들어 노코도 뻔뻔하게 소송을 하는 진주 경상대학교병원 10년이라는 세월동안 소송하는 진주 경상대학교병원 정말이지 미치게 하는 대한민국의 잘못된 정책과 의료계의 썩어빠진 의학적 논리를 도저히 저는 이해를 할 수가 없습니다. 경남 진주 경상대학병원은 전국적으로 의료사고도 많고 얼마나 높은 곳에서 청탁을 하였는지 경남진주경찰서 검찰사법부 일부기자들 진주시청 등에서 진주경상대학병원을 아무런 조치도 못하고 검찰과 경찰에서는 얼마나 높은 곳에서 청탁 및 사주를 받았는지 공권력도 행사하지 않고 압수수색도 못하는 것입니까. 챠트를 조작을 하는데도 진주경찰서와 검찰은 왜 헌법을 위배하면서까지 국립병원인 경상대학병원을 지켜주는 이유는 무엇입니까? 저는 너무나도 억울하고 분해서 극단적인 생각을 가지고 자살을 두 차례에 걸쳐 시도를 하였고, 현재 몸이 아파도 돈이 없어서 병원도 못가는 처량한 신세가 되었습니다. 저는 2010년부터 현재까지 민사 형사 소송 중에 있고, 현재까지 8억이 넘는 소송비 진료비 교통비 신체감정비 등으로 여러 사람으로부터 수차례 고소를 당하고 지인 분들이나 형제간한테도 죽일 놈이 되어 있는 상태입니다. 또한, 저는 이러한 진실을 밝히기 위해서 너무나 고통 속에 살고 있고, 현재 의료사고로 다리가 저리고 마비가 오고, 치아가 다 빠지고, 눈도 잘 보이지 않는 상태입니다. 진주경상대학병원은 얼마나 높은 곳에 청탁 및 사주를 하였는지 9년이라는 세월동안 현재까지 저에게 사과 한마디도 하지 않고 있는 상태입니다.\n경남진주경찰서와 검찰 사법부 국립과수사연구소 의사협회 소비자분쟁위원회 등 등 쩔쩔매는지? 참 이상한일이 안일수가 없습니다.\n존경하는 국민여러분 제발 저의 억울한 한을 풀 수 있도록 저에게 힘과 용기를 더해주시면 대단히 고맙겠습니다. 재판을 하면 이미 원고와 피고가 재판도 하기 전 이미 결정이 난 상태라고 하여도 과언이 아닐 수 없습니다. 얼마나 대단한 국립병원 이고 차트를 조작하고 경찰은 저를 사찰하고 기자회견도 가로막는 진주경찰서 정보과 직원은 저를 사찰하고 기자세끼는 저의정보를 경찰 검찰에 누설하고 진주경상대학병원이 어떻게 국립병원이 된 것인지 도대체 국민의 한 사람으로써 분노와 이해를 할 수가 없습니다. 또한 진주검찰청 부산고등검찰청이 얼마나 높은 곳에서 사주를 받아 길래 검사의 목을 내놓고 조사도 하지도 않고 각하 결정을 하는 것인지 도대체 이해를 하려고 하여도 이해를 할 수가 없습니다. 또한, 저의 억울함을 기자회견을 5번을 하였지만 진주경상대학병원에서 광고 등으로 일부기자들을 매수하여 기사도 못 쓰게 하고 진주시청 기자실과 진주시청 진주경찰서 기자실은 자기들의 개인 재산이 아닙니다. 국민이 낸 세금으로 사무실전부를 운영하고 진주시청 기자실 전화비 전기료 팩스 기타 등등을 쓰고 있는 실정입니다, 기자들은 기자들이 분리할 때는 국민의 알 권리를 위해서 기사를 쓴다고는 하지만 왜 기자들은 억울하게 의료사고를 당하여 기자회견을 여러번 하였지만 기사를 쓰지 못하는 이유는 무엇입니까? 하물며 작은 교통사고도 기사화 하면서 진주경찰서 기자실 엮시 패쇄를 하여야 합니다.\n이렇게 하는데도 왜 기자실을 운영하는 것인지 진주경찰서장과 진주시장과 부시장은 이러한 사실을 알면서도 묵인을 하고 있고, 왜 이러한 기자실을 폐쇄를 시키지 않는 이유가 무엇이라고 생각하십니까?\n창원지방검찰청 진주지청 부산고등검찰청 대검찰청 진주지원 부산고등법원 제2민사부 감찰과 대법원감찰과 소비자분정조정위원회 의사협회 국립과학수사연구소 신체감정을 한 카톨릭 대학교 서울성모병원 허정우교수 경남진주경찰서, 진주지청 경상남도 일부 기자들은 국민을 호구로 아는지? 전부 짜고 찌는 고스톱 같은 수사 재판 입니다\n왜 기자들은 기자회견을 그렇게 하여도 기사는 커녕 사람을 비웃고 경남 진주시 에는 기자, 검찰, 경찰 ,진주시청공무원 등의 한 집단을 만들어 공무원이나 기자들이나 검사나 판사까지도 진주경상대학병원을 감싸고 도와주고 공권력을 행사하지도 않고 우쩌다 검찰이 압수색도 못하는 검사가 된 것일까요? { 서민들 한태 부꺼르운 행동을 하는지?} 국민의 한 사람으로써 분노와 억울함을 금할 수가 없습니다. 제가 의료사고 소송을 해보니 절대적으로 일반인은 이길 수가 없다는 것을 깨닫게 되었고, 또한 간호 기록지라든지 수술 기록지 경과기록지 등 환자가 이상이 있어도 차트에 기록을 하지 않으면 끝나는 것이고, 조작된 차트를 가지고 신체감정 검찰 경찰 수사 법원 재판 등을 하니 어떻게 피해자가 승소할 수 있겠습니까?\n또한 진주 검찰청은 대한의사협회에 감정을 보내면서 조착된 챠트를 경상대병원에서 2010년도 발급받은 챠트로 조사를 하였지만 재기수사를 하면서  제가2015년 발급받은  제출한 조작된 바꾸어서 보내고 참 어치구나가 없습니다. 그리고 청원인의 챠트는 대부분 기록하지 않았서면 사실과 다르 립니다.\n경찰 검찰 사법부 역시 조작된 차트를 가지고 소송을 하는 실정입니다. 외국에는 의료사고가 발생하면 수술을 하였던 교수가 의료가 아니라는 것을 입증해야 하지만 대한민국은 의료사고를 당하면 환자가 2번 3번 4번 5번까지(셀수 없이) 고통을 받아야하는 실정입니다. 또한, 수술을 받은 당사자는 전신마취가 되어 죽은 사람이나 마찬가지로 수술 대에누워있는 상태인데 어떻게 의료사고의 진실을 밝히란 말입니까? 도대체 머리를 싸매고 또 싸매어도 이해를 할 수가 없습니다.\n이것이 대한민국의 의료계 전체의 썩은 부패입니다. 정말 억울하고 분합니다 정말 너무너무 억울합니다.\n소비자분쟁조정위원회 의사협회 국립과학수사연구소 카톨릭 대학교 서울성모병원 허정우 교수는 육아종은 14일 이내에는 절대로 생기지 않는다고 하였으나 “흉추수막에 발생한 염증성 가종양”이라는 증례보고서를 보면 사람에 따라서 차이가 나고 생길 수 있다고 기록되어 있습니다. 하지만 얼마나 대단한 빽으로 구워 삶았는지 대한민국에서 내노라 하는 대한의사협회 국립과학수사연구소 소비자분쟁조정위원회 신체감정을 한 카톨릭대학교 서울성모병원 허정우 교수 까지도 14일 이전에는 생길수가 없다고 답변을 하고 있습니다.\n{ 논문을 보면 바로 알수 이는 일을?} 또한, 현재 진행 중인 민사소송에서 저를 신체감정을 한 허정우교수를 상대측인 변호인이 법무법인의성 변호인이 허정우교수와 독대를 하고 신체감정은 제가 하는 것이지 법무법인의성에서 하는 것이 아닌데 법무법인의성에서는 소송 서류를 법원에 내지 않고 허정우교수와 독대하여 서류를 제출하는 것을 제가 직접 목격하였습니다. 또한, 부산고등법원 창원재판부에서는 재판과정을 목록에 작성하여야 함에도 전혀 하지 않고 마치 경상대학병원과 법무법원의성이 짜고 재판을 한 것 입니다 .\n존경하는 국민여러분\n의료사고는 사고를 당하는 사람은 너무나도 분하고 자기의 모든 것을 버려야만 합니다. 저는 이 의료사고로 인해 가정도 파탄되고 모든 것이 종이짝 처럼 되어 버렸습니다. 저의 의료사고에 대하여 진실이 밝혀지길 바랍니다. 또한, 고인이 된 가수 신해철씨도 언론에 많이 방영이 되고 의료사고에 대해 진실이 밝혀졌지만 정말 병원에서 어떻게든 빠져나가보려고 하는 모습을 보면서 분노감을 감출 수 없습니다. 정말이지 저는 죽으려고 해도 너무 억울해서 죽을 수가 없는 실정입니다. 수술 한번 잘못 받은 것이 이렇게 저에게 고통을 주고 아픔을 주는 것인지 정말이지 대한민국에 태어난 것이 부끄러울 뿐입니다.\n왜 대한민국 국회는 그냥 넘어가는 것입니까?\n국민이 낸 세금으로 월급을 받고 이서면서도 시간 벌기 작전 {국회}\n선거때 국민들 앞에서 한 이야기는 전부 거짓말이고. 거자리만 가면 눈과 귀가 들리지 않는것입니까?\n도대체 알수가 없습니다.\n국민을 얼마나 호구로 생각하시는 것입니까요/? 국회위원님들 한번 물어 보고 싶습니다. 국민의 한사람으로서 ?????\n존경하는 국민여러분\n홍길동이 왜 홍길동이 된 줄 아십니까? 아버지를 아버지라 부르지 못하고 형을 형이라 부르지 못하여 정말 너무너무 억울해서 도둑이 된 것입니다. 도대체 대한민국의 법이 무엇입니까. 지키라고 있는 법을 진주시 공무원, 경찰, 검찰, 사법부 등 공무원들은 정작 지키지 않으면서 없는 서민들을 보고 법을 지키라하고 도대체 대한민국의 법의 잣대는 무엇입니까? 저는 이번 의료사고로 인해 모든 것을 버려야했고 가정도 파탄되고 정말이지 대한민국의 의료사고의 진실을 이해할 수가 없습니다. 대한민국의 의료사고는 피해자를 두 번 세 번 네 번이나 고통을 주고 가족까지 힘들게 하는 대한민국의 의료사고에 정말이지 분노를 감출,수가 없습니다. 도대체 경찰 검찰 사법부가 왜 공권력을 행사하지 않고 국립병원인 진주경상대학병원을 지켜주는지 도대체 알 수 없는 일입니다. 국민의 힘이 되고 발이 되어 주어야할 경찰, 검찰, 사법부가 경상대학병원을 도와주는 꼴이니 이 또한 피해자를 두 번 세 번이나 죽이는 일입니다. 왜 논문에도 있는 육아종에 대해서 소비자분쟁조정위원회, 대한의사협회, 국립과학수사연구소, 저를 감정한 서울성모병원 허정우교수 까지도 마치 짜고 말하듯이 수술 이전에는 없었던 육아종이 수술후 생겼는데도 왜 관계 기관에서는 인과관계가 없다고 이야기 하는지 억울에서 이해를 할 수가 없습니다. 진주경상대학교병원은 정말로 의료사고가 많은 병원입니다. 왜 이러한 병원을 사법권을 가진 경찰 검찰 사법부가 법을 지키지 않고 국민들 앞에 부끄러운 행동을 하는지 도저히 저로써는 이해가 되지 않는 부분입니다. 저는 현재 의료사고로 인해 척추장애 4급을 받아 현재에도 다리가 저리고 대소변에 피가 나는 (배뇨장애) 마비가 오는 등 병원비가 없어서 병원에도 못가는 저의 심정은 정말이지 너무나 가슴이 아픕니다. 또한 저는 이번 의료사고로 인해 저의 80세가 넘은 모친의 허리 수술비까지 소송비용 등에 쓰는 바람에 모친의 허리 수술을 하지 못하고 있는 실정입니다. 또한 현재 소송중인 논문도 청원인의 변호인이 찿은 것이 안이라 청원이 직접찿아서 소송을 하고있고 돈만 받고 땡하는 변호사의 갑질입니다. 의룢ㄴ문 변호사라고 하면서?   정말 너무너무 억울하고 분하며 수술 한번 잘못받고 왜 이렇게 수많은 고통을 받아야만 하는 것입니까? 정말 진주경상대학병원을 보면 어떻게 저런 병원이 국립병원이고 공무원들인지 도대체가 이해를 할 수가 없습니다. 수술이전에는 없었던 혹이 수술 후 혹이 왜 생겼을까요? 저는 이 부분을 경찰 검찰 사법부 등에 수십 차례에 이야기를 하여도 마치 경찰 검찰 사법부는 저를 비웃기라도 하듯이 조사는커녕 압수수색도 하지 않았습니다. 진주시청과 진주경찰 진주지원 진주경찰서 경상남도 일부기자들을 보면 한 울타리를 만들어 전부 짜고 치는 고스톱 같은 행정이라 아니할 수 없습니다. 또한 대법원감찰과 대검찰청감찰과에 제가 청원서를 5통을 보냈어도 조사도 하지 않고 각하 처리 하였습니다. 저는 너무 억울한 나머지 문재인 대통령께 4통의 청원서를 보냈으나 국민 신문고로 이송되어 진주지청에서 조사도 하지 않고 그것 마저도 각하처리 되었습니다. 이것이 대한민국의 현실입니다. 도둑질은 다 해먹고 서민을 두 번 세 번 죽이는 왜 이러한 정책을 하는 것인지 정말이지 분노를 금할 수 없습니다. 대법원감찰과와 대검찰청감찰과는 일을 하러 오는 것인지 놀러 오러 오는 것인지 도대체가 납득이 되질 않습니다. 또한, 사법부는 법무법인의성을 전관예우를 해주고 경상대학교병원은 시간끌기 작전으로 피해자들을 기만하고 있고 검찰과 경찰은 조사는커녕 헌법을 위배하면서 까지도 경상대학병원을 지켜 주는 이유가 도대체가 무엇이며 경찰과 검찰의 처가댁입니까? 아니면 사돈관계입니까? 왜 피해자가 의료사고가 나면 진실을 경찰과 검찰 쪽에서 밝혀야 함에도 봐주기 수사, 전관예우, 꼼수수사, 갑질수사 등을 하는지 국민의 한 사람으로써 너무나 억울하고 분한 마음을 금할 수가 없습니다. 또한, 의사협회 국립과학수사연구소 소비자분쟁조정위원회 저의 민사소송 때 신체감정을 한 가톨릭대학교 서울성모병원 허정우교수 등은 논문에 분명히 10일 안에도 육아종(혹)이 생길 수 있다고 기록되어 있지만 왜 국립과학수사연구소 의사협회 소비자분쟁위원회 가톨릭대학교 서울성모병원 허정우교수는 육아종이 생길 수 없다고 감정을 하는 것인지 도대체 이해를 할 수가 없습니다. 그렇다면 제가 수술하기 전에 육아종(혹)이 없었는데 수술 후, 허리 통증이 너무나 심해서 진주고려병원에서 2010년 1월 20일 MRI를 촬영한 결과 영상의학판독지에 Enhancing mass-like lasion(1.2cm) at the right epidural space and enhacement of paraspinal muscle (우측 경막 외 공간에서 질량 유사 병변 (1.2cm)을 강화하고 근위축 강화) 판독 되어 있습니다. 과연 수술 이전에 MRI 상에 없었던 육아종(혹)이 왜 생겼을까. 분명히 1차 수술 후 생겼음에도 불구하고 국립과학수사 연구소 의사협회 소비자분쟁조정위원회 경찰 검찰 민사소송을한 부산고등법원 창원재판부 진주지원 등은 왜 국립경상대학병원의 편을 들어 주는지 도대체 이해를 할 수가 없습니다. 그러면 제가 경상대학교 병원에서 1차 수술 후 제가 다시 허리부위를 절개하여 혹을 넣었다는 것인지 도대체가 이해가 되지 않는 부분이고 얼마나 힘 있고 거물급 이상이 사주와 청탁을 하였는지 검찰 경찰 사법부 마저도 경상대학교병원에 쩔쩔매는지 정말 국민의 한 사람으로써 이해가 되지 않는 부분이며 납득이 되지 않고, 대한민국에 태어난 것이 부끄럽기 짝이 없습니다. 정말 저는 진실을 밝히려고 9년 동안을 민사 형사 소송을 하고 있습니다. 대한민국은 가진 자는 죄를 지어도 죄가 되지 않고, 없는 자는 조그만 실수를 하여도 죄가 되는 이렇게 말도 안되는 대한민국의 법이 개법이지 이것이 대한민국 법인지 알 수가 없습니다.\n{ 약자 죽이고 저것들은 도둑질 다해먹고 }\n존경하는 국민여러분\n정말 저의 억울함을 풀어주실 것을 믿고 이만 청원의 글을 국민 여러분께 올립니다. 너무나도 화가나고 너무 분통이 터져서 없었던 화병까지 나서 정말 미칠 지경입니다. 정말 저의 소원은 이 사건이 꼭 저의 사건만이 아닌 의료사고를 당한 국민 전부의 책임이라고 할 수가 있습니다. 정말 의료사고를 당한 시민들은 얼마나 억울하고 분통이 터지겠습니까? 병원에서 기록을 하지 않으면 끝나는 것이고, 기록하지 않은 차트를 가지고 소송을 하니 이길 수가 있겠습니까. 정말 저의 억울함과 저의 간절한 소원을 들어 주십시오.\n하루 빨리 의료법 관련법 개정안을 왜 하지 않는 것일까?\n서민 두 번죽이는 대한민국 국회 입니까?\n현재 33정도 저의 법무법인 고도 이용환 변호사님과 열락두절입니다.\n수십 전화 요청 하였지만 언론에 수십차례 방영 되고 적 언론사가 변호사를 도아주는 꼴입니다.\n변호사가 변호사를 사는 세상입니다.\n이것이 현재 대한민국의 현실입니다.\n경찰 검사 판사한태도 속고 변호사가 변호사를 사는 대한민국의  현실입니다.\n감사합니다. 저의 연락처는 010-5676-4119입니다."
143427,2018-02-20,2018-03-22,0,40,문화/예술/체육/언론,여자 스피드스케이팅 국가대표 김보름,김보름선수의 국가대표 자격박탈과 한국빙상연맹의 개혁을 원합니다.
276693,2018-06-20,2018-07-20,0,27,정치개혁,"자국민 역차별 조장하는 법, 제도 폐지",정부는 자국민을 위한 정책을 최우선으로 해서 정책을 시행하는 기관입니다.\n현재 우리나라 상황도 컨트롤하지 못하는데 자국민외의 사람들에게 절대적으로 유리한 법과 제도가 굉장히 많네요.\n인도주의니 뭐니 또 그런 위선적인 주장을하고 국민 민심에 동떨어진 정책을 계속 시행하고 유지하면 우리나라..  몇년안에 진짜 큰일날지도 모릅니다.\n난민법이나 불법체류자 추방 안하는거 보면 정말 우리나라 정부가 맞나 하는 생각이 듭니다.\n정부는 자국민을 위해 존재하는것이고 자국민이 요구하면 어떠한 반론없이 들어줘야 합니다.\n이런 법과 제도들....  국민들에게는 또 하나의 삶의 질을 떨어트리는 적폐입니다. 적폐청산 하셔야죠?
76258,2017-12-29,2018-01-28,0,0,저출산/고령화대책,"육아 휴직자, 출산 휴가자 인사평가 금지제도","많은 기업들에서 육아 휴직을 사용 할 경우나 출산 휴가를 사용 할 경우 당해 년도에 인사고과를 최하 평점으로 주고 있습니다.\n법적으로 경력으로 인정되는 육아 휴직자, 출산 휴가자는 사실상 최하위 인사고과로 승진이 어려운 실정입니다.\n그러다보니 애를 낳고도 계속 승진에 누락되어 결국은 퇴사하는 지경에까지 이르르게 됩니다.\n육아휴직자나 출산휴가자의 당해년도 평가를 제외하는 법안을 제정 부탁드립니다."
459183,2018-12-03,2019-01-02,0,3,미래,◆-서울 강남 세곡동 주택지와→같은 위치에지금 ♠3급이하의 그린벨트,"◆-서울 강남 세곡동 주택지와→같은 위치에지금 ♠3급이하의 그린벨트(훼손된 지역=논 밭등)해제하여 ♠60만호의 저가 국민주택 이하의 아파트를 저가로 공급 하시면 서울,수도권등에\n집값 버불이 사라짐"".자기집의→ 소유자는 ♠49% 입니다.이해찬 대표→,""이재명 경기도지사가 ""토지공개념을 언급했다"".♠임대사업자→에게 과도한 혜택을 줌으로 투기꾼들에게\n♠피난처를 제공 하였습니다.2007년과 2008년 집값이 급등하던때 수도권의 그린벨트가→""♠10번 해제됨.강남 사시는 분→들은 역모기지론을 하면  매월 약 500만원씩\n나온다고하고 세금등을 세입자에게 전가하면 된다고합니다.지난해 하반기 그린벨트에서 해제한 성남시 금토동→ 땅값은 10개월 여만에 2~3배 급등함.즉시 그린벨트 매매를\n♠허가제로 하고 그린벨트의 ♠지분→거래도 못하게 하여야합니다"
19161,2017-10-05,2017-11-04,0,0,농산어촌,축사,농축산도 허가받고 본업에종사할수있도록해주세요\n무분별한 사업개발은 안됩니다
468314,2018-12-13,2019-01-12,0,7,보건복지,수급권자 여러분 여기에 동의좀 해 주세요,안녕하세요 저희는 2인가구 수급자 입니다.한부모도 되고요.저희는 얼마전에 아이아빠의 부양비로 소득이 감소가 되었습니다.올 한해에는 수급자분들께서 수급비가 감소된분들이 많이 계시는 분이 많다고 들었습니다.저희는 86만원 받았던 수급비가 59만원 으로 감소가 되었는데요.초등학교 아이와 생활하는거 이 금액가자고는 생활자체를 못합니다.국민들 세금으로 수급비 주는거 왜 저희가 고마움을 모르겠나요 한창 성장하는 어린 아이는 조만간 초등6학년이 되고 앞으로 돈 들어갈일이 많아 진다는걸 대통령님과 국민여러분께서 모르시는건 아니잖아요 솔직히 아이 아빠와 같이 살지도 않는데 분리가 되어야 되지 않겠습니까 그리고 양육비를 주는것도 아니고 그렇다고 일을 하게 되면 소득이라고 신고해야하고 몇천원도 신고해야 하는 상황입니다.저희는 사람아닌가요.수급자들한테도 신용불량자가 계신분들도 있고 빛을 갚아나가야 하는 부분도 있지 않겠습니까 수급비 나오면 빛갚아야 하고 겨울에는 그렇다고 난방비 지원도 해주는것도 없고 그렇다고 김장도 해야하는 부분도 있고 설날이나 추석같은 때는 떡국떡도 지원 해주는것도 없고 시골에서는 이런 지원이 많다고 하네요 사람은 다 똑같은 사람인데 누구는 지원이 되고 누구는 지원이 안되고 사람을 차별 하는거 아닌가요.그리고 저희 수급자들은 관리대상이 되어야 하는건가요.저희도 사람입니다 저희 수급비를 올려주시고 저희를 모른체 마시고 저희 수급자들을 살려주셨으면 합니다.59만원은 옛날 월급이 아닌가요 59만원은 저희보고 죽으라고 하는거고 집없는 사람들은 그렇다고 무상으로 나라에서 집을 주는것도 아니지 않습니까 저희는 아이들과 사는 엄마 아빠들은 죽음으로 인도 하는겁니다.저희들을 살려주세요.또 이혼해서 남남으로 사는 아빠와의 관계도 분리 해주셨으면 합니다.
420046,2018-10-25,2018-11-24,0,2,행정,주민등록 음력생일이 양력생일로 등록된 전산 오류,"주민등록 음력생일이 양력생일로 등록된 전산오류로 공정하지 못한 행정처리가 이루어지고 있다.\n정부문서 DB작업을 1998년부터 시작했다.\n주민등록 전산화 과정에서 음력과 양력을 구분해서 등록을 해야 하는데,\n양력과 음력을 구분하는 항목을 만들어야 하는데 없애버리고,\n현재 주민등록 전산서류가 주민등록 음력생일이 양력 생일로 무작정 간주하는 것이다.\n옛날 정부서류를 수기로 작성하던 시대에는 음력과 양력란이 구분되어 있었다.\n1998년 정부서류 전산화 과정에서 음력과 양력을 구분하는 않는 오류를 저질렀다.\n우리는 전통적으로 음력을 사용했고, 추석명절, 설명절도 음력이다.\n달력도 양력과 음력으로 되여 있다.\n일제강점기때 일본에 의해 양력을 사용했다.\n우리는 일본인과 미국인이 아닙니다.\n음력을 전통적으로 이어온 한국인입니다.\n옛날부터  출생일도 음력으로 하는 경우가 대부분이였다.\n요즘은 음력을 따지며 태어난 날을 조정해서 좋은날에 태어나도록 의학적으로 조절하는 경우도 있다.\n출생일은 평생 가지고 가는 중요한 생일이다.\n음력생일 양력으로 간주하는 것은 태어나지도 않았는데, 태어났다는 격이다.\n음력 12월생은 음력을 양력으로 간주하는것은 하늘이 통곡할 일이다.\n음력12월생은 양력으로 하면 해가 바뀌어서 다음해가 생일이 된다.\n국민연금은 전산등록된 주민등록생일을 무조건 양력으로해서 1958년 12월 생은 현재 59세인데, 60세라고 하는 것이다.\n생일도 않지났는데, 왠 60세인가?.\n음력 58년 12월생은  생일이 지난 2019년 1월이 60세인 것이다.\nnaver 인터넷에서 음력 58년 12월생은 양력으로는 59년 1월로 나온다.\n수많은 중장년층 음력생일을 양력생일로 보며\n태어나지도 않은날을 태어난 날이라고 전산등록 오류를\n맘대로 행정처리하는 는 것은  세상이 뒤집어질 일이다.\n정부문서 1998년에 시작한 주민등록 전산화 작업에서 양력과 음력을 구분하지 않은 비정상적인 전산오류입니다.\n정부는 세심한 관심을 갖고 주민등록 생일을 음력과 양력으로 구분해서 정상적이 행정처리가 시급합니다.\n양력생일만 정부의 혜택을 보고 12월 음력생일은 나몰라라 하는 탁상행정으로 억울하지 않도록\n국민모두는 공정하고 평등한 혜택을 받을수 있기를 간청합니다."
148143,2018-02-23,2018-03-25,0,24,외교/통일/국방,김영철이.  왜오냐,김영철은.  천안함폭침의.  주도자입니다.    근데.   주도자가.   우리나라에.  온다니.  말이. 안됩니다.   평창에.  김여정이.  온것이.  다인줄.   알았는데.   우리.  세금 만.   펑펑.  나간다.\n여러분.  반대를.  외치고  많이. 찬성이라고.   눌러주세요.
460701,2018-12-05,2019-01-04,0,0,저출산/고령화대책,AI만드는데에 20억 사용하지말고 저출산과 고령화를 대책할 수 있게합시다,"페이스북이라는 SNS에서 한 글을 보았습니다 우리나라에서 20억을 사용하여 불법 성인사이트,불법 도박(토토)\n등등을 없엘려고 20억을 들어서 굳이 그런걸 만들필요가 있나 뭐 만들필요가 있겠죠 하지만 지금,\n저희나라의 문제점을 먼저해결하고 나서도 늦지 않는다고 저는 생각합니다 .\n일단 지금저희나라 문제점은 법도 있지만 저출산과 고령화 그리고\n빈민촌에 살고 있는 가족들과 독거노인들\n현재 진행되고있는 우리나라의 문제점입니다.\n우리나라에서 지금까지 제대로 된 사업이 있을 수 있지만 제대로 되지 않은 사업도 있을 수 있습니다.\n하지만 지금 그 20억의 사용할 대상은 불법 성인사이트를 막는 AI가 아니라\n저출산, 고령화, 빈민촌, 독거노인 이 4가지에 사용하는것이 중요하다고 생각합니다\n이미 프로젝트를 실행하고있을 수 있겠지만\n지금이라도 중단하여 그  20억을 어디다 쓸지 다시한번더 생각해주시길 바라겠습니다\n우리나라는 복지같은게 많지만 지금은 20억을 어디다 사용해야할지 다시한번더 생각을 하는게\n중요할거같습니다\n긴글을 읽어 주셔서 감사합니다. 그리고 다시한번 더 간청을 드립니다 다시한번더 생각해주세요"
410442,2018-10-18,2018-11-17,0,63,외교/통일/국방,"난민 신청, 난민 인정, 난민 인도적체류허가 등의 난민제도를 강화합시다.","제주 난민 신청자들 중 인도적체류허가조차도 받지 못한 예멘인들 중, 예멘에서 합법인 마약성 기호식품인 '카트'를 제주도에서 섭취했다는 기사가 났습니다.\n예멘이 아닌 대한민국에 왔으면, 기본적으로 대한민국의 법을 알고 따라야 하는 것은 당연합니다.\n과연 그들이 대한민국에 난민으로 온 것일까요?\n이웃나라 중국에서는 외국인 마약사범에 대해서도 엄중한 법의 잣대를 대고 있습니다\n정부, 국세청, 공항측에서는 이런 마약 (밀)반입을 규제하기 위해 절차를 강화하고 인력을 늘린다고 합니다.\n대한민국의 국민으로 인한 세금 사용이 아닌, 외국인들이 문제를 발생시켜 그에 따라 국민들의 혈세를 더 사용한다고 합니다.\n제주도 무비자 입국을 없애야 하며, 자국민의 기본적인 생활을 보장할 수 있게 난민법을 강화시켜야합니다."
13467,2017-09-12,2017-10-12,0,0,교통/건축/국토,킨텍스  제 3전시장 및 고양 북부 육성을 위한 교통 인프라 문제 해결 요청,"문재인 대통령님께서 공약하셨던 내용입니다.\n-------------------------------------------------------------------------------------------------------------------------\n더불어민주당 문재인 후보는 4일 “한반도 평화를 이룩해 파주ㆍ김포ㆍ고양 등 경기북부지역의 계속적인 발전을 이끌겠다”고 주장했다.\n문 후보는 이날 오후 고양 일산 문화광장 집중 유세에서 “파주ㆍ김포ㆍ고양의 계속된 발전을 위해서는 한반도 평화가 절실하다”며 이 같이 말했다.\n특히 문 후보는 “고양을 경기북부 산업의 심장으로 만들겠다”면서 “경기북부 테크노밸리와 방송영상밸리, 킨텍스 제3전시장을 잇는 방송ㆍ영상ㆍ전시ㆍIT산업의 메카로 육성하겠다”고 약속했다.\n아울러 경기북부 교통 인프라 부족 문제와 관련, 문 후보는 “대곡~소사 복선전철 공사가 시작됐고 경의중앙선 출퇴근 열차도 늘어났으나 아직 많은 분이 불편을 호소한다”면서 “서울 삼성역과 킨텍스를 잇는 GTX A 노선을 파주 운정까지 연장하고 경의중앙선 급행열차도 확대하겠다”고 공약했다.\n이어 “경기북부 접경지역의 규제를 완화하고 미군공여지 국가주도 개발도 시민을 위한 사업이 되도록 책임 있게 추진하겠다”고 말했다.\n------------------------------------------------------------------------------------------------------------------------\n이렇게 하기 위해서는 교통 인프라를 구축하겠다고 말씀하셨습니다.\n저는 스타트기업을 운영하는 대표입니다.\n회사의 제품을 알리기 위해서 전시회를 비싼 돈을 주고 시간을 할애해서 참가합니다. 그런데, 전시회라는 것이 장소를 선택하고 박람회를 고르는 것이 아니라, 박람회 주최측에서 장소를 선정합니다.\n2014년부터 저희가 박람회를 국내외 참가하면서 느끼는 고충은 가장 큰 것이 킨텍스에서 박람회를 개최하게 될 때입니다.\n매번 대중교통이 없어서 주로 직원들이나 관람객들이 강남이나, 강동 등 서울 외각지역에서 올때는 2시간 이상의 거리를 지하철과 버스를 최소 3번에서 4번까지 갈아타고 와야 하는 불편으로 힘들어 하면서 전시회를 치뤄왔습니다.\n그나마 박람회 주최측에서 차량운행을 강남이나 홍대에서 운행하면 그것은 조금 나았습니다.\n이번에도 저희는 킨텍스에서 진행되는 GMV2017 박람회를 회사 사정에도 불구하고 무리하게 바이어와의 미팅을 기대하면서 참가 신청을 결정을 했습니다.\nGMV2017 박람회 주최측에서 이번에는 차량을 운행을 안한다고 합니다. 결국 2시간 시달려서 전시장에 가서 하루종일 해외 바이어와 하루 4회 이상의 미팅과 관람객들을 만나고 다시 2시간 이상을 버스와 지하철을 3회 이상 갈아타고 출퇴근을 해야 하는 어려운 전시회 일정을 소화해야 하는 상황이 되었습니다.\n제가 관람객으로서 킨텍스에서 전시하는 행사를 가려고 미리 전시회 참가신청을 해놓고도 일정과 거리가 멀어서 못 간적이 참 많습니다.\n대중교통으로 양재에서 광역버스9700 버스 하나만 있고 그 외에는 킨텍스 내에서도 셔틀을 운행하지 않는데, 제 3전시장 건립까지는 무리이지 않을까요?\n저만 교통이 불편하다고 볼멘 소리를 하는 것이 아니라, 매번 전시회 진행시 직원들과 관람을 요청하는 초대 기업들에게 듣는 소리는 한결까지 너무 멀고 교통이 불편해서 못간다는 말을 듣습니다.\n그리고 매 전시회 참가를 해 보면 전시회 업체들의 하소연도 동일합니다. 출근시간에 셔틀 버스 타려고 길을 길게 늘어타고 그마나도 저녁에 행사 끝나고는 셔틀을 관람객이랑 엉켜서 못타고 기진 맥진해서 대화 지하철까지 15분을 걸어가는 일이 허다합니다.\nGMV2017에서는 출퇴근 외 시간에는 차량 이용자들이 적어서 운행을 안하기로 결정했다고 하고, 정작 킨텍스에서는 GMV2017주최측이지만, 지금까지도 한번도 셔틀을 운행할 생각을 하지 않고 있습니다.\n이런 상황에서 제3 전시장 건립만 허락해 주신다는 것은 공간이 넓어서 경쟁 우위가 있는 킨텍스가 갑질을 더 할 수 있게 도와주는 격이라고 봅니다.\nGMV2017을 공동 주최측이나 다른 박람회 주최측의 말은 킨텍스는 멀어서 안하고 싶지만, 공간이 넓은 곳이 킨텍스 밖에 없어서 어쩔 수 없이 킨텍스로 결정한다고 말합니다.\n킨텍스는 자신들이 공동으로 주최하는 GMV2017 박람회 참가업체 신청비용도 카드결제를 받지 않는 횡포를 부리고 있습니다.  중기청의 과제 비용으로 카드결제를 적극 권장해서 카드결제를 하겠다고 했더니, 박람회 참가비는 카드결제가 안된다고 경영밤침이라고 해서 결국 200만원이 넘는 현금을 구해야 했습니다.\n넓은 공간이라는 경쟁 우위만을 믿고 절대로 셔틀을 운행하지 않는 킨텍스에게 제 3전시장을 공약 약속은 좀 더 검토해야 할 내용 같습니다.\n킨텍스 사이트에 들어가면 대통령님이 제3전시장 공약했다고 메인에서 롤링으로 돌아가고 있습니다.\nhttp://www.kintex.com/ 킨텍스 사이트 오른쪽 하단 박스 POPUP ZONE ""문재인 대통령 킨텍스 제3전시장 건립약속"" 배너. 배너 클릭 링크 http://www.kintex.com/client/c050401/c050401_02.jsp?registNo=33913\n찾아오는길에 안내되어있는 홍보팀에 전화로 문의했더니, 셔틀 운행을  할 의향이 없었습니다.\n""왜 GMV2017이 셔틀을 이번에는 운행을 안하는지 물어봐야겠다""는 소리나 합니다.\n이런 말은 마치 결혼 예식장에서 차량 운행을 안하고, 예식장에 결혼 서비스를 연결해주는 업체나 혼주가 차량을 준비하라고 버티는 예식장과 같은 모양이라고 말했지만, 별로 반응이 없었습니다.\n대통령님께서 공약하신 내용을 이행하시려면 먼저 전시회는 보려 오는 사람이 있어야 의미가 있는 곳이라는 것을 생각해 주셨으면 좋겠습니다.\n보러 오는 사람이 꼭 차량을 가지고 이동한다고 생각하시지 마시기 바랍니다.\n대중교통이 불편한데 누가 보러 오겠습니까?\n전시장에 관람객이 오기 꺼리는 이유가 교통이 불편해서라는 것을 킨텍스가 모르는 바가 아니라는 것을 담당자와 통화하면서 들었습니다. 그리고 그들도 강동이나 강남에서 2시간 넘게 걸린다는 것을 알고 있고, 교통의 필요성과 중요성도 인지한다고 했습니다.\n그럼 이 교통의 불편에 대한 짐은 누가 지어야 합니까?\n국민이 지어야 합니까?\n좋은 해결책을 기대하며 바쁜 가운데 두서 없이 적습니다."
303994,2018-07-12,2018-08-11,0,36,외교/통일/국방,군대 안가는게  왜 양심입니까? 이름을 바꿔야 합니다,군대 안가는게  왜 양심입니까? 이름을 바꿔야 합니다
305525,2018-07-13,2018-08-12,0,2,일자리,"편의점 문제, 왜 본사가 가져가는 엄청난 가맹비는 가만 놔두시나요???","소수의 자산가나 일확천금을 거뭐진 행운아를 제외하고, 많은 분들이 힘겹지만 즐겁게 살아가고 있다고 생각합니다.\n편의점 알바분들의 최저 임금을 올리면 점주분들은 당연히 힘듭니다.\n근데 그 알바분들이 편의점에 방문해서 컵라면 사서 먹지 않나요?\n1) 오히려 30%가 넘는 가맹점비를 떼어가는 본사의 초과이윤을 “힘을 모아” 해결하는건 어떨까요?\n2) 임대인이 지나치게 임대료를 올리는 문제를 우리 함께 “힘을 모아” 해결하는건 어떨까요?"
68840,2017-12-18,2018-01-17,0,4,외교/통일/국방,한국여성들도 어떤 식으로든 국방의무 이행 청원합니다,"외세의 간섭은 점점 심해져 가고 있고 지난날의 역사를 되돌아봐도 어렵사리 지켜 온 강토, 국토방위에 성별의 구분은 이제 더 이상 핑계가 되지 않습니다. 남녀평등이 이루어진 지금에는 더더욱 그렇고 김정은의 연이은 미사일 발사와 위협을 보더라도 더더욱 온 국민이 국방에 참여할 때라고 봅니다. 어떤 식으로든 여성도 시급히 국방에 동참해야 할 때입니다.\n현재 여군병사를 모집하고 있는 나라는 11개국 정도다. 이스라엘의 경우 남군의 복무기간이 단축되면서 여군을 징집병으로 모집하고 있다. 다만 복무 기간은 남성 36개월, 여성 21개월로 차이가 있다.\n최근에는 노르웨이, 네덜란드, 스웨덴 등이 여성징병제 도입을 결정했다. 스위스, 오스트리아, 덴마크 등에서도 논의가 이어지고 있다. 현역으로 가란 얘기 아닙니다. 후방에서 단지 어떤 식으로든 의무만을 다하라는 예기입니다. 이것마저 안 하고 남녀평등 주장한다면 공염불에 불과하겠죠?\n남성 복무기간과 동일 연한으로 다음 5가지 안 중 택1\n1. 방위산업체에 병역 특례요원으로 근무하는 안 >> 개인 소득 증대\n2. 공익근무요원으로 근무하는 안 >>공익을 위해 일한다는 사명감\n3. 노인이나 보육원 등에 사회봉사를 하는 안 >>사회봉사로 자긍심 향상\n4. 국방세를 신설하여 직장여성들에게 과세하여 군인들의 월급 인상과 무기구매에 일익하는 안 >>국가 경제에 이바지\n5. 기초군사훈련 후 예비군훈련, 민방위훈련 수행\n출산율 저하, 복무기간은 점점 줄어듬으로 인해 군인의 수는 점점 감소하고 있는 반면 외세 및 북한의 위협이 지속되는 작금의 현실에 비춰 볼 때 모든 국민이 어떤 식으로든 국방의 의무에 동참해야 한다고 봅니다. 이제는 한국 여성들도 의무를 다한 연후에 남녀평등을 외쳐야 국민 공감대를 형성할 겁니다. 그러지 않고서는 남녀평등은 여성 여러분이 포기하는 것이며 요원할 것임을 두루두루 명심하세요.\n대통령님, 위 안들을 고려하여 모든 국민이 의무에 동참하여 튼튼한 대한민국 만들어 주세요.\n항상 건강 챙기시구요. 적폐청산 지켜 보겠습니다. 그럼.,"
306788,2018-07-15,2018-08-14,0,6,보건복지,형제자매 피부양자 제외 원래대로 돌려주세요. 제발.,소득이 없는 40대 후반입니다. 공시지가  아파트 9300만이 재산 전부입니다.   5개월 정도 동생한테 피부양자 올려 보험료를 면제 받았습니다.개편되면서 빠져 73000을 내야 합니다. 살아야 하는데 아파트를 팔수도 없고 팔리지도 않습니다. 소득 0원에 보험료를 낸다니 이게 말이 됩니까 . 이전대로 돌려주세요.
261087,2018-06-03,2018-07-03,0,64,보건복지,보육교사 관심 좀 가져주세요,"안녕하세요. 어린이집에서 근무하는 보육교사입니다.\n보육교사 관련 청원 글이 많이 올라오는 것을 보았지만 단 하나도 이루어지지 않는 것을 보았습니다.\n보육교사는 왜 퇴근 후 집에서 휴식을 취하지 못하고 수당도 주지않는 무급 연장근무를 해야합니까?\n아이들을 잘 보는 교사들도 많은데 왜 cctv 모티터링을 하며 아동학대 의심을 받아야합니까?\n아이들을 돌보기에도 바쁜 이 와중에 보육교사의 휴게시간은 인정받지 못하고, 점심시간에도 함께 아이들과 밥을 먹으며 마음 편히 쉬지 못하는 직업입니다. 또한, 마음 편히 화장실 조차 갈 수 없는 상황입니다.\n보육교사?  아이들이랑 놀아주고 밥 먹이고 하는 거 아니냐?  라는 사람들의 시선부터 고쳐야합니다.\n저희들도 전문가가 되기위해 학교를 나오고 전문적인 교육을 받은 사람들입니다.\n국가가 보육교사의 복지를 위해 신경을 조금이라도 써주신다면 사람들의 시선이 그럴까요?\n아동학대를 하지 않는 수많은 교사들이 아동학대를 하는 교사들로 인해 피해를 보며 cctv라는 감시를 당하며 일을 해야하는 인권침해를 당하는 것 조차 사생활보호가 되지않는다고 생각합니다.\n아동학대하는 교사들이 왜 아동학대를 하는지 한번이라도 생각해보신 적 있으세요?\n퇴근 후, 수업준비, 월안, 주안, 일지, 관찰일지 등 많은 서류로 부터 시달리는 교사들이 집에 가서 제대로 쉬지도 못하고 밤새 일하고 다음날 출근하며 아이들을 정상적으로 보육을 할 수 있을까요?\n보육교사도 사람인지라 퇴근 후, 집에서 충분한 휴식을 취하고 친구들도 만나고 가족들과의 시간도 보내며 스트레스를 풀며 정서관리를 해야합니다. 현실상 스트레스를 풀지도 못하고 일만 하는데 cctv가 있기 때문에 웃으며 정상적인 보육을 해라는 것이 말이 된다고 생각하십니까? 모든 사람들이 보육교사 직업체험을 직업 해봐야 한다고 생각합니다.\n평가인증 들어 보셨습니까?\n평가인증을 준비하기 위해서 상호작용 연습하고 환경 다 뒤집어 엎으며 청소하고 새벽까지 일하고 그것도 수당을 준다고 생각하시나요? 물론 무급 연장 근무입니다.  단 하루를 위해서 몇개월 전부터 준비하고 아이들과 연습하면 그 당일 빛을 보고 어린이집이 평가를 받아야하는 이 현실이 보육교사에게는 큰 과업이라고 생각합니다.\n신학기 준비기간 들어보셨나요?\n환경 바꾸고 놀이감 바꾸고 영역배치하고 누굴 위해서 해야하는 건지 모르겠습니다. 신학기 준비기간에 학부모님들은 ""선생님도 방학 아니세요?""라고 말씀하십니다. "" 네, 저희는 방학이 아니라 아이들을 위해 땀 흘려가며 일합니다""라고 말씀 드리고 싶어요. 이것 또한 새벽까지 준비하는 곳이 많습니다.\n보육교사를 위해 해주셨으면 좋겠는 일이 한두가지가 아닙니다. 많은 선생님들께서 글을 올리시고 올리신 글에 대해 동의를 하였지만, 청원으로 받아 들여진 것이 하나도 없는 것으로 압니다.\n청원으로 받아들여진다면\n1. 평가인증 없애기\n2. 퇴근 후 일의 연장 없애기(일의 연장일 경우 수당 지급)\n3. 6시 정각 퇴근\n4. 휴게시간 보장\n5. 연안, 월안, 일안, 주안, 관찰일지 등 서류 줄이기\n이러한 것들을 고려해주셨으면 좋겠습니다. 하루종일 어린 아이들을 보기에도 바쁜 교사들 아이들만 보는 것이 아님을 많은 사람들이 알아주셨으면 좋겠습니다. 보육교사들도 사람입니다. 6시 칼퇴하고 퇴근 후, 휴식을 취하고 주말에도 자신만의 시간을 가지며 일에서 벗어나고 싶습니다."
465515,2018-12-10,2019-01-09,0,37,정치개혁,양진호의 대한 특검을 요청합니다.,"양진호의 관련되서 국민들은 분명 정치계의 커넥션이 있다고 입을모아 이야기하는데.\n정치계에선 이를 쉬쉬하고있으니 기가찰노릇입니다.\n그의 인권을 무시하고 법을 안하무인으로 여길수있었떤건 단순히 돈이 많은 일개 졸부의 일탈이 아닙니다.\n""양진호 '웹하드 카르텔' 핵심엔 '송곳' 모델 김경욱 등 진보 연루""\nhttps://news.joins.com/article/23101223\n김경욱이 누굽니까? 정동영계와 친분이 있는 자로 저런 사람들을 가까이 뒀떤건\n바로 정치계와 관계를 맺고싶어했던 욕망이 강했떤 사람이기 때문입니다.  일각에서는\n그가 10년간 사업을 해오며 저작권과 방통법을 어겨가며 사업을해 돈을 벌수 있었떤건.\n정치계 인맥 그중에서도 현재 행정안전부 장관을 겸임하고 있는 김부겸장관도 연류되어있다는\n이야기가 나오고 있는 판국이니만큼 이에 대한 의혹을 정부차원에서 확실하게 해소해주십시오!\nhttps://news.v.daum.net/v/20181210080130310\n""검사 먹일 돈 5천""..양진호 '검경 로비' 정황 나와\n또한 검경의 대한 로비정황까지도 나오고 있는 만큼.\n이사건은 절대 가볍게 넘겨서는 안되는 사건입니다.\n교수폭행사건의 대한 변호인도 최유정이 맡았었는데. 그녀가 누굽니까? 정운호 게이트의\n중심인물 중 한사람입니다. 과연 그런자들이 역인게 우연이겠습니까?"
25953,2017-11-04,2017-12-04,0,8,기타,조두순 출소반대,조두순출소반대 청원합니다!\n영원히사회에서격리되어야합니다
376848,2018-09-12,2018-10-12,0,22,안전/환경,그냥 넘어가면 계속 반복됩니다.바로 잡아주세요,한국전력에 대한 횡포는 PD수첩에 나온것이 다가 아닙니다\n국민들이 전기를 사용하다가도 문제가 생겨\n긴급으로 나가도 위험한 일은 하청직원이 다합니다.\n또 한 한국전력 감독관에 말한마디에 하청업체는 자신들의 성과와 무사고를 위해 수용가들의 사고비용도 대신 뒤집어 써주기도 합니다.\n잘못 밑 보였다가는 공사입찰에서 제외당하거나 박탈을 당합니다.그렇게되면 그 회사에 일하는 우리 아버지들은 일자리를 잃습니다.\n또 한! 그 공사입찰은 공정하게 이루어지고 있을까요?\n이건 국가에서 파헤쳐주지 않으면 그 누구도 밝히지 못합니다.\n승압사업때부터 이루어져가고 있는 이 반복되는 일을\n이제는 바로 잡아야 하지 않을까요?\n대답해주시길 간절히 간곡하게 요청드립니다.
149659,2018-02-24,2018-03-26,0,1,육아/교육,한국 사회에 만연한 폭력 근절을 위해 윤리 교육을 없애고 철학 교육이 의무화되어야 합니다.,"우리 사회는 폭력에 대한 감수성이 떨어지는 사회입니다. 최근에 벌어지고 있는 각종 성 관련 문제, 수직적 서열 문화, 동물권에 대한 무지, 각종 사회적 약자에 대한 차별 등 이 모든 문제가 근본에서 보자면 폭력에 대한 감수성의 부재에서 온다고 생각합니다. 저는 이와 같은 문제의 해결을 철학교육에서 찾고 싶습니다. 왜 폭력에 대한 감수성을 윤리 교육이나 페미니즘 교육이 아닌 철학 교육으로 가르쳐야 할까요. 그것은 바로 철학이 행위의 원칙이 되는 세계에 대한 이해를 주체적으로 설정하는 학문이기 때문입니다.\n근본에서 보자면 철학은 결국 세계에 대한 자기이해라고 할 수 있습니다. 그리고 그렇게 스스로 정립한 세계관에 입각해 자기 삶의 방식을 설정하고 실천하는 것이 바로 윤리 일 것입니다. 하지만 지금껏 한국 사회의 윤리 및 도덕교육은 학생들이 스스로 자신과 세계에 대한 주체적 이해를 할 수 있도록 돕지 못했습니다. 그저 정립된 도덕관과 윤리관을 주입시키고 문제풀이 시켰을 뿐입니다. 자기 스스로 정립하지 않고 외부로부터 주입된 세계관과 그로부터 연역된 윤리관은 외부의 감시가 사라지면 언제든지 다른 것으로 대체될 수 있습니다. 겉으로는 다들 도덕군자인 것처럼 있지만 실상을 들춰 보면 이리도 추한 모습으로 나타나는 게 현재 한국 사회의 현실입니다. 외부에서 주입된 윤리는 결국 한계를 가지게 되어 있습니다. 이는 결국 페미니즘 교육에 있어서도 마찬가지입니다. 자기 스스로 정립하지 않고 외부로 주입되는 도덕은 결국 자신과 마찰을 가지게 됩니다. 개별적 행위 규범으로 페미니즘을 배운다고 해도 그것이 세계와 삶에 대한 근본적이고 주체적인 이해가 아니기 때문에 이는 결국 지금껏 윤리 교육이 제 역할을 하지 못한 것과 같은 비슷한 결과로 귀결될 것입니다. 따라서 윤리 교육을 강화하는 것이나, 페미니즘 교육을 도입하는 것은 사회 전반의 폭력 문제를 해결하는 근본적 해결책이 되지 못할 것입니다.\n결국 사회 전반에 걸친 폭력을 근본적으로 해결하기 위해선 학생들이 스스로 세계 전체에 대한 주체적 이해를 하고 그에 기반을 둬 스스로 윤리관을 정립하는 교육이 필요합니다. 이 과정을 통해 왜 지금 사회가 민주적인 토대 위해 형성되었는지를 이해하고 그 의미를 자신의 감수성을 통해 체화할 수 있는 교육이 필요합니다. 교육이 잘 이루어진다면 학생들은 자신의 주체성이 타자의 주체성과 양립한다는 것을 깨닫게 될 것이고, 그에 따라 자신의 행위에 있어 타자의 주체성을 훼손하는 폭력적 행위들을 스스로 비판하고 성찰하며 폭력에 대한 감수성을 키울 수 있을 것입니다. 이렇게 스스로 세계와 윤리를 정립한 인간이 진정한 윤리적 주체이고, 이것이 우리 교육이 나아가야 할 방향일 것입니다.\n주입보다 중요한 것은 진정한 이해와 의미의 체화입니다. 그러나 지금껏 윤리 교육은 주입만을 내세워 학생들을 진정한 윤리적 주체로 키워내는데 실패했습니다. 이제 모든 것을 새롭게 다시 근본에서 생각할 때가 왔다고 믿습니다. 사회에 만연한 폭력을 우리가 함께 노력했으면 좋겠습니다. 그 시작에 철학 교육이 있습니다. 먼 훗날 그 결과로 미래 우리의 아이들은 주체적으로 윤리적 삶을 형성하고 그렇게 형성된 삶이 모여 함께 행복한 '우리'를 만들 수 있기를 바랍니다."
42314,2017-11-12,2017-12-12,0,0,정치개혁,이명박전대통령 출국금지 및 수사촉구청원,과거에 저지른 일은 덮으라고 협박하는 전 대통령을 용납할수 없습니다. 편을가르고 싸우자는것이 아니라 국민들은 과거청산을 통한 밝은 미래를 원합니다. 덮고 넘서가면 같은사람 또 나오겠지요
324631,2018-07-31,2018-08-30,0,1754,경제민주화,세법개정안 중 조특법 시장조성자의 증권거래세 면세 연장을 반대합니다,"7/30 조세특례제한법에 포함된 시장조성자의 증권거래세 면제 연장을 반대합니다\n거래가 없는 주식에 대한 개별 면세가 아닌\n시장조성자 자체의 거래세가 면제되어 취지에 맞지않습니다\n또한 사후검증처리와 감시가 어려워 시장조성자의 특혜를 불법적으로 활용하는 지 알 수 없습니다\n골드만삭스 불법 공매도, 삼성증권사태 등\n금융계에 전반적인 감독관리가 필요한 시점에\n불법 행위에 날개를 달아주는 조특법 연장은 옳지 않다고 봅니다\n개인들의 근로소득공제는 관할서에서 사후검증 하지만 기관과 증권사의 검증은 어디서 하나요? 정확한 검증방법도 없다고 생각됩니다\n따라서 올해 일몰처리 해야합니다\n해당 특혜를 연장하는 취지와 필요성 그리고\n특혜를 이용한 불법행위를 감시하는 체계가 있는 지 알려주세요"
455430,2018-11-29,2018-12-29,0,24,반려동물,대한민국 국회의원 월급을 건당으로 지급,정권 바뀐이래로 통과된 법안들이나 요즘 지연되고있는 예산안 심사 행태를 보나\n지금 이 순간 세금을 가장 절약할 수 있는 건 이 방법 밖에 없는듯 싶습니다.\n부디 일 한 만큼 쳐먹는 보람된 국회가 되길 바라는 마음으로\n대한민국 국회의원 월급을 건당으로 지급하도록하고 후원금 한도를 늘려주세요.
456423,2018-11-30,2018-12-30,0,8,육아/교육,양육비는 안줘도 된다!,양육비요!?이행명령 떨어져도 안주고 버티던데요!바람피다 걸려놓고 오히려 뻔뻔하게 나오고 얘까지 못키운다고 데려가라고 해놓고 재혼하더니 이제 그쪽 자식 낳았다고 얘도 키워야되고 일도 못해서 못준다네요 그걸로 감액신청을 했다는데 그걸 받아주는 법이 개떡같아서 어이가 없네요 그럼 바람피다 걸리고 자식버리고 이혼해놓고 양육비 주기싫으면 재혼해서 딴 자식 낳으면 안줘도 되는겁니까!? 그럼 기존 낳았던 자식은 책임 안져도 된다는 소린데 양육비 안주려는 여자들은 죄다 재혼해서 얘낳으면 되겠네요!?그게 법이라고 만들고 아이를 위한겁니까~!?그리고 최종판결 나오고 그 동안 미지급된 양육비에 대해 법이 주라고 하면 상대방이 아 네~하고 무서워서 준답니까!?오히려 그걸 왜 다 받냐고 큰소리치고 돈10만원이라도 받고 싶으면 잠자코 있으랍니다! 결국 양육비는 법적으로도 안줘도 되는 돈이 맞더군요!법적인 절차를 진행하기전에 솔직히 어느정도 양육비에 대해 기대를 걸고 받을수 있겠다 했는데 막상 진행해보고 결과도 지켜보니 참담하고 앞으로의 미래가 깜깜하네요~ 결론은 양육비는 안줘도 비양육자는 두다리 쭉피고 자고 양육하는 사람만 등꼴이 휘니...이게 현실입니다\n여러분~혹이 아이가 있는데 이혼을 생각하시거나 양육비 받아 키우실 생각이면 포기하세요~이 나라는 양육비 안줘도 법적으로 아무 조치도 못취하고 비양육자 편에서 생각하고 판단합니다~
473026,2018-12-19,2019-01-18,0,5,미래,대한민국의 미래를 위해 삼성 공화국을 청산 해 주세요!!!,대한민국의 미래를 위해 삼성 공화국을 청산 하 주세요!\n삼성은 국민과 국가 권력 위이 존재 하는 것 같습니다. 돈으로 모든 권력을 매수하고 매수한 권력으로 삼성 일가의 부와 경제적 이득을 위해 어떠한 불법 행위도 마다하지 않고 행하고 있지만 제되로 된 처벌은 한번도 받지 않았습니다.\n비자금 차명계좌 사간. 이건희 성매매 사건. 최순실  박근혜 뇌물 사건. 에버랜드 불법 증자. 불법 상속. 경영권 승계를 위한 삼성계열사 합병에서 벌어진 불법들로 인해 국민의 피와 같은 국민연금 피해는 고스란히 국민에기 피해가 가고 있으며 삼성의 온갖 불법적 행동 들은 말로 다하기 어려울 정도 입니다. 대한민국 대부분의 권력 층에는 삼성 장학금이 지급되고 있다고 국민들은 믿고 있습니다.\n하지만 제대로된 처벌은 한번도 받지 않았고 이로 인해 국민들은 삼성이 법과 국민. 나라 위에 있는 초월 적인 존재라고 생각하고 있습니다. 이런 삼성의 불법적 행태를 처벌하고 청산하지 않는다면 나라는 점점 부패해지고 국민들이 믿는 정의는 점점 멀어지고 크게는 나라의 미래도 어두워질 것입니다. 반드시 불법을 저지런 자가 처벌받는 정의 사회를 만들어 주시길 부탁 드립니다.
152591,2018-02-27,2018-03-29,0,5,일자리,근로시간단축 누구를위한 것입니까?,제도적으로 정상화 되지도않은 최저임금상승.\n거기다가 무리하게 근로시간 단축이라니요.\n저같은 중소기업 현장근로자들 다죽습니다.\n정말 탁상행정이 아닌 현장을 실제로 체험해보시길 간곡히 부탁드립니다.
337442,2018-08-12,2018-09-11,0,3,저출산/고령화대책,도시재생사업금지시켜주세요부동산폭등원인,부동산폭등시키는 도시재생사업 반대합니다 도시를 아름답게만드는게 재생이지 재건축재개발이 아름다운것은 아니지않나 싶습니다 저출산에 해가되는 부동산정책 돈을푸는것보다  부동산재생금지시켜주세요 대통령님덕택에  사람들은 유산하고 자살합니다 초심을 잃지마시구 올바른판단해주세요 부동산올라봐야 나라와 부동산업자만대부분좋습니다 나중엔 모두다 독이되어 제2의 lmf를 가져올겁니다 생각잘하셔요
204991,2018-04-18,2018-05-18,0,6,정치개혁,고위공직자 조국수석 책임있다.,조국수석은 고위공직자를 선정할때 어떤기준으로 했는지 정말 한심합니다.\n그것도 한두번도 아니고 7번이넘는 실수를 한다는건  너무뻔뻔 하고 화가나는군요.\n책임을지고 자연인으로 돌가서 자숙하시기바람니다.
257533,2018-05-31,2018-06-30,0,111,문화/예술/체육/언론,"밤 10시 청소년 출입제한(pc방, 노래방 등) 폐지해주세요","밤 10시 학원 끝나고 노래 3곡 하고 집에 가는게 범죄인가요?\n입시전쟁으로 숨 쉴틈 없는 청소년들에게 10시 이후 잠깐의 휴식도 허락해주지 않는 이 규제는 누구를 위한 규제 인가요?\n현재는 청소년 비행을 이유로 밤 10시 이후 pc방, 노래방의 출입을 제한하고 있습니다. 하지만 오히려 늦은시간에는 청소년들이 CCTV가 있는 피시방, 노래방 등 사람 많은 곳에 있는 것이 청소년들에게도 훨씬 안전한게 아닐까요? 비행은 어둡고 사람이 드문 곳에서 많이 일어나는거 아닌가요? 늦은 시간에 어른들의 감독 하에 놀 수 있는 pc방, 노래방이 더 안전한 장소 아닐까요?\n문화산업은 대한민국 경제에 새로운 성장동력으로써 반드시 발전시켜야 하는 산업입니다. 헌데 게임과 노래가 마치 청소년들에게 악영향을 미친다는 듯한 뉘앙스를 풍기는 규제가 문화산업 강국 대한민국에 있다는게 믿기지 않습니다.\n6~700만 자영업자가 불경기로 인해 폐업으로 내몰리고 청소년 관련 법 때문에 전과자가 되고있습니다. 희망이 없는, 대안이 없는 자영업자들의 현실을 조금만 헤아려 주셨으면 합니다. 청소년 출입시간 제한만 폐지해도 자영업자들에게는 큰 도움이 될 것입니다. 나아가 내수진작에도 영향을 미쳐 대한민국 경제발전에도 기여할 것이라도 생각됩니다.\n청소년들을 위해서 자영업자들을 위해서 대한민국 경제 활성화를 위해서 청소년 출입시간 제한을 폐지 해주세요."
386333,2018-09-20,2018-10-20,0,106,반려동물,"동물원, 동물카페등 금지해 주세요.","지난 18일 대전의 한 동물원에서 8살 퓨마 '호롱이'가 탈출 했습니다. 사육사의 실수로 말이죠. 그리고 마취총을 썼지만 호롱이는 쓰러지지 않고 달아났고 40분 후에 엽사의 총에 맞아 죽었다고 하죠. 하지만 전 이해가 되지 않습니다. 호롱이를 가두어 놓은 것도 인간, 문을 제대로 관리하지 않아 탈출하게 한것도 인간, 마취총을 쏜것도 인간, 결국 죽인것도 인간이죠. 그러나 호롱이는 사람을 죽이긴 커녕 다치게 하지조차 않았죠.그러나 호롱이에돌아온건 '죽음'이었습니다.8년간 감옥같은 동물원 우리에 갇혀 지내다가 어쩌다 우연히 열려있는 문을 통해 밖으로 나올 수 있었는데 고작 4시간의 자유아닌 자유를 맛보았고, 결국엔 사살되었죠.  인간들의 이기심 때문에 또 하나의 생명이 무지개 다리를 건넜습니다! 인간들의 이기심때문에 지어진 '동물원' 원래 드넓은 초원에서, 자연에서 뛰놀아야 하는 수많은 동물들이 그 좁디좁은 우리 안에서 한 평생 살아야 합니다. 그 아이들은 자신이 원래 살아갔던, 살아가야하는 곳이 어떤곳인지 그리워하거나,잊어버렸거나  혹은 아예 모를 수도 있습니다. 호롱이에게는 두명의 아이가 있어요, 호롱이의 아이들은 엄마가 없어서, 안보여서, 안돌아와서 분리불안 증세를 보이고 있다고 합니다. 저는 더 이상 이런 비극이 잃어나지 않았으면, 더이상 죄없는 불쌍한 생명들이 하늘로 떠나지 않았으면 합니다.\n동물카페에는 라쿤카페, 고양이 카페, 애견 카페 심지어는 부엉이 카페조차 있습니다. 동물카페에 있는 동물들은 사람들이 보고 싶지않아도 봐야합니다.이 아이들은 간식을 얻기 위해 재롱을 부려야하고 가면을 써야합니다. 저는 ''그 나라의 동물복지를 보면 그 나라가 보인다는 말에 전적으로 찬성합니다."
340078,2018-08-13,2018-09-12,0,17,인권/성평등,여자도 군대를 가게 해주세요,"군대는 여자도 가야한다 생각합니다. 쿠바, 노르웨이, 스웨덴, 북한은 여성징병제를 하고 있습니다.\n그리나 여성징병제가 실행되고 나서 똑같이 훈련받는게 아닌 응급처치나 간단한 수술같은것을 배웠으면 좋겠습니다"
259162,2018-06-02,2018-07-02,0,6,기타,전세금 반환...도와주세요,하소연할곳이 없어 해봅니다.......제가2년전 전세를 계약했는데 주인집에게 돈을 못받고 있어요ㅠ 내용증명도 보내고 임차권등기명령도 스스로 신청했는뎅 변호사를 알아봐야하는건지..답답하네요... 등기부 등본 떼보니 2달전 제가 살던 집에 가압류가 걸렸더라두요ㅠ 그거때문에 다음 세입자도 안구해지고 집주인도 가압류때문에 대출이 막혀 돈을 못준다고 버티네요ㅠ 저는 제가 10년간 한번도 쉬지않고 일해서 모은 전재산 1억6천입니다.. 30대 초반으로 엄청 저에겐 큰돈입니다..2개월전 결혼을 했는데.... 결혼 자금이 필요했지만 전세금이 묶여 빌려서 준비를 했아요..  빨리 갚아야 하는데... 소송을 준비하려면 변호사비도 들고 뭔가 너무 막막하네요.... 어떻게 해야할까요... 우리나라 전세보장 법이 너무 세입자만 힘들게 하는 거 같습니다..저는 지금 당장 돈이 필요한데...소송을해도 6개월이상 걸린다하규 또 정신적인 스트레스는 누가 보상해주나요....
19738,2017-10-07,2017-11-06,0,0,인권/성평등,소비자의 갑질 무능력한 유통업체 피해받는 스마일증후군 직원들,"우선 저는 한아이의 아빠로 둘째를 낳을수 없는 형편의 가장아닌 가장 입니다.\n평범한 가정일을 하며 알바도 하고 있습니다.\n추석전 어이없는 형태의 갑질손님\n추석선물을 사기 위해 없는 형편이지만 좀 좋은 물건이 있을까 하고\n대전 타임월드백화점을 갔습니다. 오랜만에 백화점 구경도 하고 기분좋게 선물을 사려했지만 한 신발 매장에서 고함을 지르는 여성을 발견했습니다. 싸움구경이 재밌다지만 제가 불의를 보면 못참는 성격이기에 말릴 수 있으면 말리려 가보았습니다.\n첫번째 들은말은 어떻게 보상할꺼야 두번째 들은 말은 위부터 아래까지 다물어내라는말.... 이해가 가지 않았습니다. 거기는 신발을 파는 매장이었어요... 신발로 인해 옷이 더러워지고 망가지나요??\n좀 더 정확히 들으니 신발을 사가서 신고 나가서 넘어졌다는군요... 자기의 잘못을 일개 판매사원분에게 모든걸 변상하라는...하지만 백화점 담당들은 옆에서 가만히 서있기만 하더군요....\n요새 도는 말로 상품을 판매하지 인격을 판매 하지는 않지 않나요? 자기의 잘못으로 옷이 찢어지고  옷이 더러워졌는데....저도 유통시장 소이 대형마트에서 일해봤는데요 10년전에 정말 나아지는게 없네요 그러니 약자인 판매사원들은 자기 돈으로 다물어주고 하던데 지금도 그런것 같아 그런모습보니 맘이 아픕니다....\n정말 개선 되야 생각합니다....물론 제 글을 안보실 수도 있겠지만\n백화점,대형마트 등의 행태가 바뀌어야 생각합니다.\n높아지는 세금 생활고 그래 나라가 잘되야 우리도 잘된다는 생각에 열심히 납부하고 꿋꿋이 생활하자 버틸 수 있습니다.\n하지만 저도 알바하는 주부아빠이기에 정말 바뀌어야 생각합니다.\n말도 안되는 주장으로 돈 좀 있다고 갑질하는 손님 그걸 직원탓으로 돌리는 백화점 웃으며 맘으로 슬퍼하는 직원들 어떻게 더이상 이 나라에서 일하고 싶고 결혼까지 생각하겠습니까.... 아십니까? 판매사원 대부분 생활고에 결혼도 못하는 참고 견디며 하루 10시간이상 근무 하신다는거....\n갑질하는 손님들도 문제지만 제일 문제는 돈에 눈이먼 대기업인 백화점에서 매장 수수료 받고 자기들 이미지만 생각하는 파렴치한.... 모든 피해는 판매사원들이 받는 다는거....법정개정이 있다지만 활용할 수도 없는 판매사원들 백화점이 나가라고 매장 업체(수수료매장들)에게 말하면 그냥 잘라버리고 언제까지 이런 후진국으로 가는 시스템에서 살아야 하나요?암이 걸리면 백화점가서 보상하라면 되나요?아니죠 그랬다간 또 판매사원분이 병원비를 주겠군요....\n요샌 정말 일본으로 이민가고 싶은 맘까지 듭니다...집도 20년 동안 무상제공에 일자리 보장에 우리나라와 물가는 비슷하고 월급은 거의 3배 수준인데....그런데도 이나라가 좋다고 버티고 있는데...\n이런 하찮은 백화점의 행태 보고만 계실껍니까? 노무현 대통령님도 못싸는 사람도 잘살수 있는 나라 만들어 주신다고 지금 문대통령님도 함꼐 하시겠다고...그러면 진짜 약자 편에 서 주세요  이제까지 하찮은 국민 한사람으로 말씀드렸습니다. 정말 약자편에서 생각해주시는거죠?"
212842,2018-04-26,2018-05-26,0,2,정치개혁,지방직 공무원 시험 과목 자격증 대체 제안,"공무원 과목수  너무 많고 공부기간도 오래걸립니다.\n취업률을 높이기 위해서는  공무원 시험 준비 기간을  줄여야 한다고 봅니다.\n공무원들이  외국이들과 직접 소통하는 것도 아닌데 영어를  필수로 해야되는지..\n대체과목을 확대하여  취업 준비시간을  줄이는게  결혼문제, 소득문제에 대해서 어느정도 해소가 될거라 봅니다"
8371,2017-09-05,2017-12-04,0,0,미래,소년법,청소년법이청소년을위한법이지만 그법으로인해 요즘너무많은일들이일어나고있습니다  언제인가 뉴스에서이런내용의뉴스를본적이있습니다 한 고등학생남자아이가  전여자친구의에게뭔가불만이있어가지고 칼을들고 그여학생학교에찾아가 협박해서데리고나온내용입니다  그외에도  학교폭력과연 뉴스에나오는것들이전부일가요 전혀아닙니다 더많은일과더심한일들이분명일어나고있을겁니다.\n저는어렸을때 뭐가잘못이어서하지말아야지보다 그잘못을하면혼난다는것을알기에 하지않고그랬습니다 물론 잘못도하고 혼도나보고 했지만  하지만요즘 학생들에겐청소년법이란방패막이있기에 잘못하면 무서운벌을받는다는계념이없는듯합니다 진정학교폭력과청소년을지키기위함이라면 악행을저지른학생들에게서 방패막을 없애야 한다고생각이듭니다 부디 이런사고들이나피해자들이 나오지않게 해주십시요
180057,2018-03-29,2018-04-28,0,1,외교/통일/국방,해군내 사기꾼들 색출하라!,아무짝에도  쓸모없는 깡통배에 우리 젊은 장병들을 태워 전투훈련시키고 47명이라는 젊은 병사들을 배가  가라않자 구조하지도  수장시켜놓고  근거없이 북한소행으로  희생됐다고  한다ㆍ\n자신들이  희생시켜놓고  근거없이  북한에  뒤집어 쒸운다면  우리 해군은 없애야한다 ㆍ\n우리보다  열악한 조건의 북한 해군이  악천 후를 뚫고 내려와 우리 전투함을 반쪽내고  사라졌는데  우리는 총한발  못쏘고  당했다는 예기다 ㆍ\n또한  해군  함정배가  3대나 인근에 있었다는데   아군배가  침몰위기인데도 47명의 장병들을 구조도 못했다ㆍ\n이때위 깡통배에 태워  훈련시킨  군관계자들은  대국민 사기죄로  엄단해야한다ㆍ\n자신들의 치부가 드러나자 뻔뻔하게  입으로 애국을 지껄이며 온갖 주둥이로  애국자인척하는  버러지같은  놈들을 색출해야한다!\n감히  신성한 국방의 의무를  수행하는  장병들에게  장난치는 군 내외부의  버리지들을  소탕해야한다!
517067,2019-02-04,2019-03-06,0,1,외교/통일/국방,이민가게 청년들을 지원해라.,이 땅은 미래가 없다.\n당장 일본한테 위안부 없더걸려 하고 당장 방위선 근처에 사과해라. 그리고 다시는 일본한테 독도 어쩌고 하지마라. 방송사에는 거짓말로 일본이 언급하고 있다구 하더니. 자세히 살펴보니.\n한국놈들이 거짓말을 하네. 나도 이땅에 살았지만 뻔뻔스럽고 진짜  웃긴 것들이다. 남에 나라 관광가서 실컷 놀다 오고 지들 사기나 치고 강간이나 하고 잘 돌아간다. 그래놓고 위안부 라구 하냐? ㅎㅎㅎ\n진짜 웃겨서 말이 안 나와. 정부도 이런 놈들한테 여기 돌고 저기 돌고 하냐?\n그리고 이상가족은 뭐하러 지원하냐? 남북 열차 중단하고. 당장 교제를 통해서 이민가게 지원해라.\n일자리가 없다. 미국에 보내든가.
4539,2017-09-05,2017-12-04,0,1,인권/성평등,소년법폐지!!!!!,다시는 신체적으로나 정신적으로 어리지 않으나 나이만 어리다는 이유로 처벌을 피할수있는 저런법을 개정해주세요...법앞에서 평등하다는\n형평성이나 법치주의에도 어긋난다고 봅니다...그리고 저 나이에있는 사람들도 그걸 잘알도 범죄를 저지른다는 것을....
19766,2017-10-07,2017-11-06,0,8,반려동물,동물학대 처벌에 대한 강화와 동물학대사건 판결 시 처벌의 강화를 요구합니다!,"동물보호법이 강화됐다지만 그에 대한 처벌이 미미하여\n계속적으로 동물학대가 버젓이 다른사람이 보는 앞에서도 뻔뻔하게 이루어지고 있습니다.\n간디가 말했죠,\n""한 나라의 위대함과 도덕적 진보는 그 나라에서 동물이 받는 대우로 가늠할 수 있다고..""\n동물도 행복해야 사람도 행복합니다.\n사람이라고 해서 다른 생명에게 악의로 고통을 줄 수 있는 권리따위는 없습니다.\n실제로 아주 많은 살인자들은 동물학대를 발판삼아 살인까지 이르게 되었다고 말합니다.\n결국 동물학대에 대한 처벌과 예방이 사람을 살인하는 범죄까지 예방할 수 있는 하나의 방법일 수 있습니다.\n동물권 신장을 위해 적극적으로 움직여주세요.\n제발 부탁드립니다."
298864,2018-07-07,2018-08-06,0,2,저출산/고령화대책,대통령님께 청원합니다.,안녕하십니까? 문재인대통령님\n저는평범한 가정주부이고 이번에 셋째임신한 임산부였습니다.\n부득이하게 자궁각임신이라는 듣지도 못한 임신을하게되서 11주에 저의 의견과 상관없이 산모가 위험하다는 이유로 소파수술을 대학병원에서했습니다.\n처음들어보는 자궁각임신으로 여러많은검사를통해 유산을시켰습니다.\n아픔도잠시 병원비가 200만원이넘게나와 너무  당황스럽고 개인보험에서는 임신출산으로 인한 유산은 보험도안된다고말하고 알아보니 이건 질병분류에 O.008 질병에 해당된다고 하는데  너무한거아닌가요?\n원해서 임신한건 맞습니다.\n임신이 유지되어 행복하게 정상 출산하면 다행이지만\n저같은경우는 정신적인고통 저희같은 서민은 행복도잠시 병원비라는 거대한벽에 또한번 심적고통이  있습니다.\n존경하는 대통령님\n임산부도 개인보험에 면책사유에서 어쩔수없이 유산을 선택해야하는 임산부들은 보험지급사유가  될수있게 정책을바꿔주세요\n다시 임신을할경우 또다시 이런일이생길까싶어 겁부터납니다.\n임산부도 아플수있고 정당하게 보험낸돈 면책사유없ㅇㅣ 정당한 권리받을수있게 청원드립니다
45797,2017-11-17,2017-12-17,0,2,육아/교육,학교내 휴대폰사용,학교내에서 휴대폰사용을 하게해주셨으면 합니다\n학교에서 휴대폰을걷는다는거자체가 통신의자유를침해하는 인권문제입니다.\n감사합니다
415085,2018-10-22,2018-11-21,0,2,인권/성평등,강서 pc방 살인사건,피지도 못한 젊은 사람이 잔인하게 살해당했습니다.  앞으로는 이런 일이 발생하지 않도록 심신미약이다 . 이런식으로 형벌이 적용되어서는 안됩니다.
470554,2018-12-16,2019-01-15,0,0,일자리,한국은행 연구발표 최저임금인상 고용 악영향,"https://m.news.naver.com/read.nhn?mode=LSD&mid=sec&sid1=101&oid=023&aid=0003416307\n한국은행 연구도 최저임금 급격한 인상 고용 악영향을 발표한 이상 빨리 보름밖에 안 남은 내년 최저임금 인상은 1년 유보 결정해야 합니다.\n놀라운 것은 이번 한국은행 연구가 가장 충격이 컷던 작년 인상 사례없이 이루어졌다는 것입니다.\n작년의 유례없는 인상이 우리 경제 성장이나 고용에 엄청난 부작용을 주고 있습니다.\n당장 보름 후 또 11%  올리면 정말 돌이킬 수 없는 악영향이 올 것입니다.\n국민들의 높은 지지로 탄생한 문재인정부, 최저임금인상을 위시한 이름만 좋은 소득주도성장으로 추락하는 걸 막기위해서도\n정말 신중히 살펴 주기기를 바랍니다."
500395,2019-01-19,2019-02-18,0,21,정치개혁,서영교의원  사법농단 공범  수사촉구,더블어 민주당   서영교 의원은  ㅡ 박근혜 정부의  사법농단의 공범으로 ㅡ현 문재인 정부의    적패청산 대상자이며 ㅡ 정치개혁과  부패정치 및  공권력남용  수사 대상자  이므로. .   특검을  신설하여  ㅡ 더블어 민주당  서영교  의원을 ㅡ철저하고 명명백백한   수사를    촉구하는 바  입니다.\n이는 현 문재인  대통령의  제일우선  정치공약으로   수사와 처벌을  진행하고  있는바  더블어 민주당  서영교 의원을 수사하여 처벌하지 않는다면  ㅡ 문재인 대통령   그동안의 정치및  국정운영이  거짓 이였으며  ㅡ 정치보복  이였고 ㅡ특히 국민들의 염원을 담은 촛불민심과  신뢰를 저버리는  이율배반적  배신 행위로 ㅡ 대통령의  자격과  자질을   국민들은  의심하게 될거이라  생각합니다.
122900,2018-01-31,2018-03-02,0,17,문화/예술/체육/언론,명예훼손죄를 개정해 주세요,"허위사실을 가지고서 명예훼손을 한 사람을 처벌하는 것은 그래도 이해가 갑니다. 허위사실로 명예훼손을 한다면 본인이 하지도 않은 일로 명예가 실추될 수도 있으니까요.\n그러나 사실을 가지고서 공연히 이야기 했다고 처벌하는 것은 정말 잘못되었다고 생각합니다.\n이 사실적시 명예훼손죄 때문에 국민들은 어떤 기관, 시설, 병원, 식당이 국민에게 심각한 해를 끼치고 있음에도 그곳이 정확히 어디인지 알 수가 없고, 사실을 이용하여 특정인의 잘못을 폭로하거나 그것으로 비판을 가하는 데에도 심각한 제약이 따릅니다.\n이 법은 잘못을 저지른 사람들이 비판을 피해가고, 자신의 죄를 감추는 데에 악용되며 국민의 소중한 권리인 표현의 자유를 심각하게 제약하는 악법입니다. 개정해주세요"
429546,2018-11-02,2018-12-02,0,9,외교/통일/국방,올해 년말까지 북한에 뭘 어떻게 해주기로 약속 했는지 국민께 소상히 알려주세요.,이나라는 모든국민의 나라이니 청와대에서 마음대로 하면 안됩니다.\n국민들의 돈이고 국민글 모두의 재산입니다.
328055,2018-08-03,2018-09-02,0,9,정치개혁,다시 보는 노무현 정부의 실수,"문재인 정부의 많은 노력과 성과들이 안타깝게도 최저임금과 실업률 논란에 묻히고 있습니다. 노무현 정부에서도 재경부 모피아들의 노닥질에 양극화만 심화되며 국민의 그 크던 관심과 뒷배를 신기루처럼 날려보낸 기억에 글을 씁니다. 밥 문제는 그 모든 것에 우선합니다.\n최저임금은 그 자체가 문제가 아니라 그 성공의 전제조건 즉, 《재벌의 수익독식 구조 개혁》과 《벤처기업 육성을 통한 일자리 창출》로 밑으로도 돈이 돌도록 하지 못한데 있다고 생각됩니다. 돈 나올 곳 없는 서민들끼리의 싸움이 되며 소비증대나 일자리 창출은 커녕 소득주도 성장의 의미마저 각색되어 버렸습니다.\n그래서 수익분배가 아래로까지 제대로 흐르게 할 재벌개혁은 선택이나 타이밍 문제가 아니라 반드시 닦아서 지나가야 할 길입니다. 김상조 위원장의 절차나 순서 논리가 잘 이해되지 않는 이유입니다.\n그리고 감세로 기업에 일자리를 구걸하기 보단 지금은 적극적 재정을 수단으로 뒤틀려 막혀있는 투자의 물길을 풀어줘야 할 때입니다. 벤처육성으로 일자리가 만들어지고, 우수한 기업들이 우후죽순 태동할 수 있도록 엔젤투자 단계에서의 지원책부터 지원의 효율화를 검증할 사후관리까지 꼼꼼한 정책수립과 실행이 필요합니다.\n목소리 높여 외치기만 하다 결국 타협점을 찾는다며(삼성떡검X파일 무마, 이라크 파병, FTA 등) 민주정부의 가장 강력한 무기인 국민의 관심과 지지를 잃어버린 참여정부의 전철을 다시는 보고 싶지 않습니다.\n민주당이란 껍데기를 둘러쓴 타성에 젖은 일부 의원들과 고위 공직자들은 이런 국민의 절실한 걱정을 처세학적으로 이해하지 못합니다. 이번만큼은 믿을건 국민뿐이란걸 명심하고 나가야 합니다. 경고입니다."
449072,2018-11-21,2018-12-21,0,4,육아/교육,수시는 좋은 제도일까요? 수시는 나쁜 제도일까요? 정시는 좋은 제도일까요? 정시는 축소되어야할 제도일까요? 수능은 왜 이럴까요? 누구를 위한 수능이고 수험생의 고통은 누가 책임져야할까요?,관련링크1은   수능을  본  당일날  너무  좌절감에 빠져서 자살한 어느 수험생의 이야기...\n관련링크2는  며칠전 인천 연수동 아파트15층에서 죽을 때까지 폭행당한 다문화 어린아이(러시아 홀어머니 밑에서 자라던)의 이야기...\n관련링크 3은   대학은 왜 수시를 좋아하는지에 대한 이야기...입니다.
143300,2018-02-20,2018-03-22,0,1,경제민주화,무림페이퍼 소액주주 무배당에 대한 (사업주 과다연봉)푸대접,"4년전 뉴스지만 그때도 이동욱회장은 20억원(에스피제외)의 연봉을 챙겼으니\n에스피 합치면 30억추정,사장도 5억,무림3사 합치면 10억이상,\n회장,사장 두사람 연봉 합치면 엄청나다,지금은 더 받겠지.\n나머지 등기이사들 연봉 합치면 더 엄청날것,\n대주주와 회사지분 54% 빼면,소액주주들은 40억이면 200원 배당 할 수 있다.\n피엔피 인수후 적자 누적으로 배당도 못 주면서,경영진은 수십억의 연봉을 챙긴 것이다.\n자기들 연봉은 못 받아도 배당을 하는게, 상장회사 경영진의 도리가 아닌가?\n부실경영의 책임을 져야할 경영진이 고액 연봉만 가져가는 나쁜인간들.\n결론은\n사장회장 연봉 40억이면, 소액주주들 48% 모두 200원씩 배당할수 있다.\n이넘들은 매년 소액주주 배당금을 연봉으로 뺐어가고 있는 것이다.\n배당 안 받아도 배부른 놈들이다.\n개미들 배당금을 돌려줘라!!\n2014.4.1.\n[아시아경제 이정민 기자]국내 제지업계 라이벌 한솔그룹과 무림그룹(무림페이퍼·무림피앤피)의 수장 연봉이 31일 공개됐다.\n이날 공개된 한솔제지의 사업보고서에 따르면 조동길 한솔제지 회장은 지난해 보수로 총 17억4800만원을 받았다. 급여 8억5800만원과 상여 8억9000만원 등이 합산된 금액이다.\n이동욱 무림그룹 회장은 지난해 총 20억1800만원의 보수를 받았다. 무림페이퍼에서 급여 9억1300만원과 상여 1700만원을 받아 총 9억3000만원을 받았고 무림피앤피에선 총 10억8800만원을 받았는데, 급여로 10억8700만원을 상여로 100만원을 받았다.\n페이퍼는 지분이 회장부자가30%,에스피가20%지분으로,나머지45%개인주주로 되어있다.\n회장부자30%로 무림피엔피,페이퍼를 흔들고 있다.\n소액주주3%만 단결해도 법적으로 할수 있는 일이 많다.\n매년, 피엔피 인수로 적자보면서 경영진들은 재벌급 연봉을 가져가나?\n피엔피 인수로 수년간 ,적자확대는 분명히 경영 실패인데,\n외부로는(과거에 국세청 모범납세자,환경부 친환경제지,등) 좋은 회사\n이미지로 분장하고,내부적으로는 회사 이익은 회장일가와 경영진이 다\n가져가는 전형적인 악덕기업이다.\n회사가 어렵다면 회사경영진과 소액주주 같이 어려워야지,\n왜 대주주만 배불리 먹어야하냐?   적절한 조치 부탁합니다.   악덕 기업주에 대한 적절한 조치 부탁합니다."
386920,2018-09-21,2018-10-21,0,8,경제민주화,문재인 정부 정책 평가 실망~~~~~~~~~~~~^^^^^,"문재인은 수재나 천재 대통령이다.\n남북관계는 너무 잘하고 있다.\n그런데 서민과 청년들을 위한 부동산과세등\n부동산정책은 계속 효과없는 정책남발로 헛발질만 하고\n국민들을 속이고 있다.\n부동산 불노소득은 너무 많고, 빈부격차가 너무 심하고\n조세는 근로소득세나 자동차세등 다른세금 비해\n너무 낮다.\n주택과 토지등 부동산이 폭등할수록\n전,월세 부담 가중 되고, 거액 대출로 주택 구입하면\n평생 빛쟁이가 된다.\n서민과 청년들은 노예 거지 개, 돼지, 소와 같이 된다.\n상가임대차도 제일 중요한 임대료인상 상한은 빠졌고 오히려 부자인 주인에게 감세정책을 하고 있다.\n그렇다고 부자가 알아서 임대료를 적게 받지 않는다.\n정부는 부자들은 편에서서 서민과 청년들이 시장원리 경제원리 라는 자본주의 착취구조를 계속 용인하는 것이다.\n이런 정책을 고수하면서\n어떻게 서민과 청년들에게 출산을 강요하는지\n도저히 이해가 안긴다.\n서민과 청년들이 자신뿐만 아니라\n내 자식도 노예 거지 개,돼지,소처럼 되는 것을\n알고 출산을 하란 말인가.\n요즘 이렇게 어리숙한 서민과 청년들은 별로 없다.\n나라의 모든 토지를 국가소유로 하고,\n서민과 청년들 보호차원에서 이들을 위한\n주택과 토지, 상가등 모든\n전,월세등 임대는 정부만 해야 한다.\n개인과 민간은 법으로 금지하고 처벌해야 한다.\n그래야 서민과 청년들은 부자들의 자본주의\n경제원리인 착취구조에 벗어날수 있다.\n개인과 민간은 분양만 하도록 해야 하고\n서민과 청년들을 상대로 고혈을 빨아먹는\n전,윌세 임대사업을 전면적으로\n금지해야 한다.\n정부에서는 서민과 청년들에게 주거환경 좋은 지역에\n전용면적 최소13평 최대 24평 이내의 주택을\n50년 이상 장기임대를 아주 저렴하게\n의무적으로 책임지고 공급해야 한다.\n유럽선진국과 싱가폴, 홍콩등 많은 선진국들이\n서민과 청년을 위한 장기 임대주택을 정부에서\n의무적으로 공급하고 있다.\n자본주의, 사회주의 ,독제국가, 민주국가를 떠나서\n서민과 청년들의 주거, 의료, 교육, 안전등 공적인 분야을\n보호하는 것은 국가와 정부의\n기본적인 의무이자 책임이기 때문이다."
484390,2019-01-01,2019-01-31,0,3,인권/성평등,사이버 모욕죄 개선을 요청합니다,온라인상에서도 상대방을 비방하는 행위는 잘못된게 맞습니다.\n그렇지만 요즘 기획고소라는 재테크가 뜨고 있는데요\n안양에 사는 김**씨는 본인의 블로그에 남성혐오 글을써놓고 남여 갈등을 부추기고 본인도 댓글에 욕을하고 생난리를 치고 상대방이 맞받아 댓글을 달면 캡쳐 후 고소하는 방식을 쓰고 있습니다.\n불특정 다수를 상대로 말이죠\n회사서 짤리고 고소 합의금으로 생계를 유지하는 것으로 추정됩니다.\n기획 고소자를 걸러내고 처벌을 줘야한다고 생각합니다\n[본 게시물의 일부 내용이 국민 청원 요건에 위배되어 관리자에 의해 수정되었습니다]
212183,2018-04-25,2018-05-25,0,1,일자리,순경 영어 시험 개편 건의 드립니다.,"문재인 대통령님, 안녕하세요.\n순경 영어 시험 개편 건의 드립니다.\n1.순경 101 경비단과 순경 일반 공채 필기 시험 과목 중 영어는 어휘의 비율을 70%로 평생 고정하여, 총 20문제 중 14문제가 어휘로 출제되고, 계속 유지되었으면 좋겠습니다.\n그리고 토익으로 대체되지 않고, 100% 객관식 시험으로 계속 유지되었으면 좋겠습니다.\n또한 영어는 40점만 맞으면 통과되도록 절대 평가로 실시했으면 좋겠습니다.\n2.한국사와 영어의 비중을 줄이고, 경찰학개론, 형법, 형사 소송법의 비중을 늘려서 법 과목 점수, 체력 점수, 인성이 좋은 사람을 경찰로 채용하였으면 좋겠습니다.\n건의 사항 적극 반영 부탁 드리겠습니다."
285812,2018-06-26,2018-07-26,0,448,저출산/고령화대책,"만5세이하자녀둔공무원2시간단축근무,지방직공무원에도 적용해주십시오","오늘 기사화된 다음달 7월부터 시행되는 만5세이하자녀둔 공무원2시간 단축근무, 임신전기간2시간단축근무 등은 국가직 공무원에만 국한된것이지 지방직공무원에는 해당사항이 없습니다. 기사를 보고 많은 국민들이나 공무원들이 모든 공무원에 해당하는것으로 오해하고 있습니다. 지방직공무원에도 적용해주십시오 임신출산양육하는데 국가직공무원 지방직공무원 차별이라니요. 국가직 공무원에게는\n7월부터시행되는데 하루빨리 지방직공무원들도 자녀의출산과 양육을 위한 단축근무를 적용시켜 주십시오. 지방직공무원의 숫자가 국가직 공무원보다 훨씬 많을터인데 국가직공무원에만 시행하는것은 말이 안됩니다. 지방직공무원도 마음놓고 임신출산양육을 하기 위한 단축근무를 하게 해주십시오"
96840,2018-01-16,2018-02-15,0,8,성장동력,무능한 문제인 정부 전부 페지 하세요.,도대체 문제인 정부는 지금 국가적 위기 사태를 알고 계십니까.\n가상화페 해외 거래소로 엄청난 외환 유출 어떻게 감당 하실려구 이러십니까.\n무조건적 규제로 국민들 협박만 하지 마시고\n대통령이 나사서 미성년자는 거래 금지 시키고 실명제 도입 하시고 자금세탁 불허 하시고\n그리고 개개인 제테크는 개인의 책임하에 할 수 있도록\n내버려 두시면 될일을 왜 일을 이렇게 크게 만드십니까.\n이런 간단한 일도 해결하나 못하고 무슨 국가를 이끌어 간다고\n자격도 안되는 무능한 관료들만 그런 자리에 두고 계십니까.\n정말 한심하네요.
45219,2017-11-16,2017-12-16,0,2,행정,불량기업  법인 및 사업자 고발센터 행정기관 설립촉구,저는  조그만 개인사업을 하고 있습니다.\n일을 하다보면 일을 해주고도 돈을 못받는 경우가 허다합니다.\n악덕법인(개인)사업자가 이득을 취하고 회생이나 파산으로 위기를 모면하고 돈을 주지않는 경우가 허다합니다.\n경찰서에 민원을 넣으면 법원에 민사로 신청하라고 만합니다.\n민사로 법원에 승소해도 돈을 주지않습니다. 전화 및 주소지를 알아도 준다 준다 말만합니다\n고생한 댓가를 바라는건데 어디에서도 해결해주는 곳이 없습니다.\n인금은 노동청에 고발하면 1순위로 나오지만 사업하는 사람은 도움을 주는 행정기관이 없습니다.\n올바른 도움을 주는 행정기관에 설립을 촉구하는 바입니다.\n부탁드립니다.
115384,2018-01-26,2018-02-25,0,1,경제민주화,유사 수신법 ‘5년 이하의 징역 또는 5000만원 이하의 벌금’인 법을 개정해 가중처벌 해 주세요.,"1) 조희팔 사건.\n- 조씨는 2004년 대구에서 (주)BMC라는 회사를 설립해 의료기렌털 사업으로 포장한 유사수신 사기행각을 시작했다. 피해자가 속출해 경찰이 수사에 착수하자 조씨는 이듬해 (주)엘틴, 2006년에는 (주)벤스, 2007년에는 다시 (주)벤스를 (주)씨엔으로 간판을 바꿔달며 범죄를 이어갔다.\n2) 제2의 조희팔\n- 김성훈 IDS홀딩스 대표는 FX마진거래로 막대한 수익을 거둘 수 있다고 꾀어 1만 207명으로부터 1조 960억원을 받아 챙긴 혐의로 기소돼 15년형을 받았다.\n김 대표는 앞서 2014년 9월에도 투자자로부터 672억원을 가로챈 혐의로 기소돼 징역 2년의 유죄판결을 받았다. 하지만 당시에는 집행유예 3년으로 다시 풀려났고 김 대표가 출소후 사기행각을 이어간 탓에 피해액은 눈덩이 처럼 커졌다.\n현재 유사수신법이 규정하고 있는 처벌은 ‘5년 이하의 징역 또는 5000만원 이하의 벌금’에 불과하다.\n민주당 민병두,김선동 자유한국당 의원은 가중처벌 조항을 신설해 수수액이 5억원 이상일 경우 특경가법의 사기죄(이득액이 50억원 이상이면 ‘무기나 5년 이상 징역’, 5억~50억원 미만이면 3년 이상 징역)수준으로 형량을 높이는 개정안을 발의했다. -- 하지만, 아직이다.\n서울시내 A경찰서 수사과장은 “범죄의 가담정도를 보면 주범(대표자)은 구속되고 나머지(중간모집책)는 불구속되는 게 보통”이라며 “범죄의 가담 정도가 다르기 때문에 불가피한 부분이 있다”고 말했다.\n서울시내 B경찰서 수사과장은 “반드시 처벌받는다는 인식이 뿌리내려야 범죄 예방효과가 있다”며 “범죄를 저질러도 일부만 처벌받으면 아무리 처벌 수위를 높여도 똑같은 범죄를 반복한다”고 말했다."
288515,2018-06-28,2018-07-28,0,5,외교/통일/국방,국방의 의무에 대해 새로운 법을 만들었으면 좋겠습니다.,북한과 평화협정 세계가 평화롭게 힘써주신 문대통령님 감사합니다.\n북한과 남한이 정전협의도 하였고 점점 평화로워 지고있는 한반도에\n국방의 의무를 2년간 해야하는 의무가 꼭 필요한지.\n그리고 손흥민 과 같은 휼륭한 축구선수들이 2년간 실력이 낙후될 우려가 있는데\n꼭 해야 하는지 궁금합니다.\n새로운 법안이나 국방의 의무에대해 새롭게 생각하실때라고 생각합니다.
194769,2018-04-10,2018-05-10,0,3,저출산/고령화대책,지하철내 임산부 배려석을 없애주세요,아니 임산부 배려석이라고해서 비워두명 50대이상 아주머니들이나 아무상관없을 듯한 남자 어르신들만 앉은 자리인양 보이는 자리 그냥 없애는게 임산부에게도 맘편하지 않을까요~ 임산부라는 표시없이 누구든 앉을수 있는 자리라면 시민들 마음만 불편하게 하는자리 없는게 좋을듯합니다\n임신 4개월 와이프도 한번도 앉아본적이 없는자리 누굴위한자리일까요?
363122,2018-09-02,2018-10-02,0,1,교통/건축/국토,"국민연금 활용 서민주택(아파트,연립,주택) 전용펀드  투자","요즈음 부동산 특히 아파트, 주택가격관련해서 서울,수도권 급등, 일부 지방 하락양상을 보이며 심지어 같은 서울 하늘 아래에서도 빈익빈부익부로 양극화 현상을 보이고 있습니다. 저는 서민부동산 전용펀드를 대기업, 연기금, 공적연금에서 유치하고 필요하다면 외국펀드투자자들까지 유치하여 별도로 운용하여 지역별로 하락시에 펀드에서 싼 가격으로 매입하여 가격 하락을 막고, 상승시에 펀드가 보유하고 있는 물건을 팔아 지역의 시세를 조절하고 이익을 실현하는 기능을 부여하여 급격한 쏠림을 조금이라도 완화할 수 있다고 봅니다. 펀드 운용은 국민연금이 주관한다면 공익에 부합하는 매매가 이루어질 것 입니다. 펀드의 주택구입 문제는 각 은행에서 시행하고 있는 주택연금 물건을 장기적으로 조금씩 인수하고 도심에 있는 용적율이 낮은 영구임대아파트를 용적률을 높여 재건축하여 일정기간 펀드에서 관리하고 20년 후 서민, 신혼부부 같은 약자계층에 시세대비 할인된 가격으로 분양한다면 주변 시세를 낮추는 효과도 있을것 입니다.\n영구임대,시영아파트 또는 지자체가 가지고 있는 인기지역을 개발하고 그 매각 대금을 택지개발에 투입하는 부분도 서민주택펀드 자금을 적절히 운용해도 좋을 것 입니다. 주택을 가진 사람들이 문제라는 인식보다는 주택이 공공제의 성격을 가진다는 점에서 이런 제안을 냅니다. 더 자세한 사항은 전문가들이 해야할 부분이고요. 아무튼 합리적 방안이 도출 될 수 있기를 바랍니다."
61516,2017-12-08,2018-01-07,0,932,문화/예술/체육/언론,"모든 언론 방송사, 신문사들 비롯해서 모든 사람들은 탄핵 당한 전 대통령에게 “OOO 전 대통령”라는 명칭 무조건 사용 금지!!! 청원 ㄱㄱㅆ!!!!","모든 방송사,신문사들 비롯해서 제발 지금도 탄핵당한 “박근혜 전 대통령” 명칭을 사용하고 있습니다! 글구 저 ㅁㅊ 이상한 얼굴 드러나는데요 그 드러나는 거 자체가 토나오고 욕 나옵니다.\n제발 오늘 부터 당장 모든 방송사들,신문사들,기자들,게다가 모든 사람들은 탄핵당한 “OOO 전 대통령”명칭을 사용 금지하시기 바랍니다!!!\n이런 명칭을 올해 3월 10일 탄핵 가결 된 이후에 박근혜 전 대통령 언급 사용 하지 말아야 하는데,... 지금도 모드 언론,신문사들, 모든 사람들 다 “박근혜 전 대통령” 사용하는데... 보기,듣기 매우 역겹고 불편합니다\n심지어 욕까지 나옵니다!!!!\n다른분들도 틴핵당한 대통령에게 “OOO 전 대통령”말 나오면 욕 나으시죠?\n여러분들도 빨리 빨리 “OOO 전 대통령” 사용 금지 촉구합니다\n빨리빨리 동의바랍니다!!!!\n모든 언론사,신문사들!!!! 각오하고 정신차려라👿👿👿👿😈😈😡😡😈👿👿🤬🤬🤬🤬🤬\n“OOO 전 대통령” 한번 더 사용하면 ㄹㅇ 죽는다!!!!🖕🏿"
209112,2018-04-22,2018-05-22,0,44,정치개혁,친일파 후손들의 정치 참여를 금지해 주세요.,"다른 나라 같으면 태어나지도 못했을\n친일파 후손들의 정치 참여를 막아서\n우리나라의 정신이 더이상 훼손되지 않게 하고\n더이상 대한민국을 좌지우지하며\n악행을 저지르지 못하도록,\n그리고 민족에게 최소한의 미안함을 가지도록\n정치참여를 영구히 금지해 주세요."
344132,2018-08-16,2018-09-15,0,22,반려동물,달력에서 복날 표기를 없애주세요.,"저는 애완동물을 키우는것을 좋아 하지 않는 사람입니다. 또한 개를 식용으로 먹는것 또한 좋아 하지 않습니다.\n달력에 복날을 기록했던 선조들의 뜻이  현재의 대한민국의 국제적 위상과 국민간의 화합에 지장을 주고 있다고 생각합니다.\n예전에 먹거리가 풍족하지 못했던 시절 복날과 같은 더위에 몸 보신을 하며 보낸다는 풍습이 요즘  개를 먹는 미개한 국가와 국민이라는 국제적인 손가락질과 한국내의 국민간 대립으로 나타나고 있어  달력에 복날 표기를 없애고, 국민들이 의식적으로 복날은 보양식 먹는날이라는  고정관념을 없애고 언론에서도 복날표현의 방송을 자제하여 국제적인 망신과 국민간의 대립을 막는  첫걸음을 갖는것이 어떤지 건의합니다."
111350,2018-01-24,2018-02-23,0,2,정치개혁,나경원 자유한국당 의원의 IOC 항의 편지,평화를 지향하는 올림픽 정신을 모르는\n나경원의원의 자격을 박탈해야 한다고\n청원합니다.
208469,2018-04-21,2018-05-21,0,59,육아/교육,대학 정시100% / 정시비율을 늘려주세요,"안녕하십니까 존경하는 대통령님 저는 현재\n평범한 여자고등학교에 다니고있는 올해 고등학교 2학년 재학생입니다.\n지금 현재 대학입학 비율을 보면 수도권의 많은 대학들이 수시로 모집하는 비율이 70%, 정시 비율은 20-30% 입니다.\n예전에는 정시 100% 였다고 알고있습니다.\n현재 수시 학생부종합전형을 많은 이들이\n학부모전형이라고 부른다고 합니다 그만큼 학부모들이\n개입을 하여 손을 쓰면 갈 수있는 전형이라고 합니다.\n하지만 정시는 다릅니다 수능장안에서 학부모들이 대신시험을 쳐줄수도없고 손을 쓸 방법이 없습니다.\n대학교를 가기위하여 공부를 하는데 정시도 염두에 두어야하고 내신도 염두에 두어야하는 학생 입장으로써\n고등학교 삼년이 정말 지옥같습니다.\n외람된 이야기이지만 친구와 현 입시상황에 대해 이야기를 하면서 정말 한국을 벗어나고싶다, 너무 복잡하다, 너무 힘들다, 다 놔버리고 도망가고싶다\n이런 이야기들을 하였습니다 아마 대한민국의 많은 고등학생들이 겪고있을 고충이라고 생각을 합니다.\n대학교를 가고싶을 뿐인데 왜 선생님들께 아양을 떨어\n예쁨을 받아야 합니까?\n많은 분들은 정시100%가 되면 학교수업을 제대로 듣지 않을 것을 걱정하십니다.\n오히려 저는 반대입니다 학교 수업 하나하나가 시험의 목표가 아닌 배움이라고 생각하여\n더 가벼운 마음으로 진정성 있게 배울 수 있을 것 같습니다.\n선생님들께서 진도를 나가실 때\n“이거 시험문제에 나와요?” 가 아니라\n수업내용에 대해 더 깊게 생각해보고 충분히 시간을 가지고 수업내용에 대해 질문을 하는 것이 더\n진정성있는 배움이라고 생각합니다.\n존경하는 대통령님 그리고 많은 국민여러분\n학생들은 지금 입시전쟁에 시달리고있습니다.\n그 전쟁에서 이쪽 문으로 가야하는지 저쪽 문으로 가야하는지 갈림길에 놓여 괴로워하고 있습니다\n부디 정시비율을 100%로 확대하여\n하나의 길로 고민하지않고 전쟁에만 몰두할 수 있도록\n도와주십시오.\n정시비율을 100%로 하여 오로지 학생의 실력으로만,\n누군가의 개입없이 정정당당하게 공정하게\n시험을 치룰 수 있도록 해주십시오."
467403,2018-12-12,2019-01-11,0,14,인권/성평등,국가인권정책기본계획 “NAP”반대합니다.,문재인 대통령님.\n부디 국민들의 목소리를 들어주세요.\nNAP는 인권을 지키는 수단이 아닙니다.\n국민들이 자유롭게 의견을 낼 수 있도록\n족쇄를 채우지 말아  주세요.\n국민들은 난민도 동성애도 받아드릴 수 없습니다.\n강제하지 말아주세요.\n반대자들의 의견을 법으로 막지 말아주세요.\n이미 서구권에서 일어나고 있는 무수히 많은\n폐해들을 국민들은 알고 있습니다.\n제발 멈춰주세요!!!
416214,2018-10-23,2018-11-22,0,6,기타,강서구 피씨방 사건,강서구 pc방 사건을 보고 너무 분노가 치밀어 글을올립니다 .\n인간이기를 포기하고 사람을 잔인하게 죽인 살인자들을 왜 도대체 언제까지 정신병인 이유만으로 감형이 되야 하는건가요 ? 우울증과 심신미약이면 멀쩡한 사람이 죽어나가도 법은 바뀔생각이없는겁니까 ?\n늘 그래왔었습니다 국민들은 같은 반응입니다\n국민의 세금으로 흉악범들을 돌보는 일은 있을수도 없습니다 사형제도 부활해야합니다
465564,2018-12-10,2019-01-09,0,9,교통/건축/국토,카플유상운송을 고발합니다,존경하는 대통령님!!\n지금 다음카카오에서 지속적으로 추진하고 있는 카카오 카플 유상운송에 대하여 고발합니다.\n여객자동차운수사업법에 의하면 자가용차량 유상운송은 원천적으로 불법임을 명시하고 있으나 대기업\n카카오는 교묘하게 자신은 법망을 회피하고 승용차로 카플에 참여하고 있는 블특정 다수의 자가용승용차\n운전자들을 범법자로 만들고 있습니다.\n카카오에서 주장하고 청와대에서 일자리창출이라는 터무니 없는 명분을 앞세워 밀어붙이고 있는 카플은\n단지 스마트폰 어플을 이용한 만남주선업입니다.\n이것을  4차산업 공유경제등으로 포장하여  대한민국의 IT산업이나 금융산업등에 진입하여 대한민국을 이끌어야 할 년들을 단순 알바직으로 전락시키고 있습니다.\n카플운전자 대부분은 20~30대의 청년이 진입할 것이며 이는 일자리 창출과는 거리가 먼 도로의 백수 건달 날라리로 만들 것입니다.\n더구나 벌써부터 버스승차대등에서 노골적으로 호객행위를 하고 있으며 렌트카운전자 역시 유상 운전에 나서고 있는 실정이며 이는 승자의 게임이 아닌 모두의 공멸의 길로 내몰고 있는 것입니다.\n카카오처럼 대한민국을 대표하는 IT기업이라면 국내의 저소득 영세 자영업자들의 기본질서를 흔들어 모두를 나락으로 몰게 것이 아니라  세계로 진출하여 새로운 직업과 새로운 산업을 창출하는것이 마땅하다고 봅니다.\n존경하는 대통령님!!\n택시운전자의 한 사람으서 변화하고 각성해야 될 부분이 분명이 있다는 것을 고백하지만  지금처럼 무한대의 시장진입을 허용하여 시장질서를 무너뜨리는 방식은 잘못된 것이 확실합니다.\n카카오의 폭주를 막아 주시기 바라오며 택시산업의 몰락이 아닌 개선과 개혁으로 발전할수 있는 정책을 펼쳐 주시기 바랍니다.\n하남시민 드림.
389772,2018-09-25,2018-10-25,0,3,행정,7대비리해당되어도 이전일이기때문에 해당없다고 장관임명시키고 퇴직자공무원들은 25년전 과거일 가벼운일을 소급하여 정부포상을 제외하는것이 어디있습니까^^ 행안부는 고위직위한 부처인지요^^ 잘못된행정이 있으면 재검토하여 수정해야죠 전정부가 수정한것 그대로 이월하여 적용하고 이것 말도 안되는말입니다. 바로잡아주어야합니다. 문재인대통령님만 믿겠습니다.,"장경두이사람은 위장전입,논문표절이 있었는데 현직시에는 징계대상이 되는데 별4개(대장) 까지 진급했다는것이 모순이고 청문회시 인정하였습니다. (7대비리전일로 국방부장관임명되었습니다.)\n저는 7대비리사항에 전혀상관없어도 25년전 단순음주운전1회로 벌금1000만원부과외에는 지금까지 한건의사고 없이 묵묵히 20여년 흘러 지금에 왔어 2016년도 4월21일 정부포상업무지침에 여러번수정끝에 지짐적용으로\n정부포상도 못받고 35년간공직생활을 마무리하였습니다.\n이것누가봐도 뭔가 이상하고 일방적으로 밀어붙이는식으로 공고도없이~~~~~~~~이런법이 어디있어요^^\n유은혜국회의원이분도 위장전입하였고 7대비리에 다 해당합니다.\n35년간 공직생활하다가 과거 24년전 단순음주운전으로 벌금100만원부과하여 2016년12월말에 퇴직한분은 과거 24년전 단순음주운전 1회(대인,대물사고 無)로 정부포상을 못받고 공직생활을 마감하였습니다.\n생애 딱한번의실수 1회입니다. 그이후 한건의사고 없이 퇴직시 징계없고 모법적으로 공직생활하였지만 2016년도 정부포상업무지침이 여러번수정하여 최초로 음주운전도 주요비위에 포함하겠다고 음주운전시 벌금상관없고,횟수상관없고,무조건 정부포상에서 영구적으로제외한다고 지침에 적용하고 법에 형평성고려없이 일방적으로 밀어붙친 전정부나현정부도 똑같습니다.\n문제가되면 바로잡아야할정부가 박그네정부가 해놓은 지침그대로 진행하고 있습니다.\n2015년7월1일이후부터 징계벌,형사벌(음주운전,성폭력등)적용하겠다고 국민안전처에서 14쪽분량을 전공무원들에게 공문전파하고 공문참조하라고 당부까지 했습니다.\n분명히 소급적용에 해당되며 불소급 원칙에 위반했습니다.\n1996, 2.16일 헌법재판소 96헌가2(부진정소급효) 원칙적 허용한다는 판례가 있는데 벌써 22년전 판례입니다.\n2016~현재 퇴직자공무원들에게 판례을 적용하고 2015년도 전새누리당 (정미경 의원) 국방부 국정감사시 3년동안(2013~2015) 상훈관련조사시 예) 음주운전 벌금50~200만원미만자도 훈장,포장 수여하는것은 잘못된 조치이라고 지적하고 이미끼로 정부포상업무지침에 적용하고 있었습니다.\n그럼 2015년7월1일이후부터 최초로 주요비위에(음주운전) 포함하기위해 시행하겠다고 했어면 2015년7월1일이후부터 적용해야합니다.\n그런데 과거 20~30년전 과거 음주운전도 구분도없이 일방적으로 모둠하여 단순음주운전1회자(대물,대인사고 無)(벌금 50~100만원) 부과하여 세월이흘러 20년후 2016년도 ~2018년도 적용하고 있다는것은 이해가 안됩니다.\n누구는 운이좋아서 훈장받고 누구는 공직생활 좀더하다가 2016년도 정부포상업무지침에 적용되어 훈장못받고 공직생활35년하고 과거 20년전 단순음주운전으로 벌금100만원부과한죄가 그렇게 죽일놈이됩니까.\n제아는지인이 과거 23년전 단순음주운전으로 벌금160만원받고 2015년도에 퇴직하여 훈장받고 공직생활34년하고 떠났습니다.\n너무나도 형평성이 없고 불공평하고 공정성이 없고 장관의 마음대로 변경하여도 변경한일자이후부터 적용해야죠~~\n분명히 잘못된행정입니다.\n그런데 전정부나 현정부나 말로만 바로잡아야한다고 하면서 7대 비리에 해당하는자에게 장관임명하겠다는의도가 이해가 안됩니다.\n힘없는 하위직 재직자,퇴직자공무원들은 위에서 마음대로적용하면 그 뜻에 따라야합니까.\n정말한심합니다.\n고위직공무원(정무직) 공직중에 훈장이 기본2~3개는 보유하고 있습니다. 그리고 퇴직시 또 훈장받고 정무직하면 끝나면 또 훈장 챙겨주는것이 행안부에서 줍니다. 높은직 노고에대한 주는상 참으로 웃음뿐입니다.\n당장 잘못된 행정지침은 바로잡아주시고 더이상 피해입는 퇴직자공무원들이 없었어면 합니다.\n제발 바로잡아주어야 합니다. 지금이라도 시행하시고 2016년이후 퇴직자공무원들에게[ 2015년도 정부포상업무지침기준]으로 적용하고 재검토하여 정부포상을 수여하는것이 정부에서 해야할 과제입니다.\n바로시행하세요^^"
472907,2018-12-19,2019-01-18,0,20,경제민주화,경남제약 상장폐지 반대,"저는 경북 의성에 살고 있는 평범한 주부가 절박한 마음으로 글을 올립니다.\n경남제약이 12.14일 기소위에서 상장폐지 결정을 내리고 코스닥심사위원회로 넘겼습니다. 처음 정지사유는 회계부정이었으나 엉뚱하게도 경영투명성을 내세워 개선기간을 2차례 부여한 끝에 상장폐지결정을 내렸습니다.\n경남제약은 ""레모나c""를 비롯한 각종 제약들을 중국에 수출하기 위해 활발한 활동을 하면서 결실을 목전에 두고 있는데 이렇게 견실한 중견기업을  허무하게 상장폐지 결정을 쉽게 내리다니 국가적으로도 큰 손해이고 소액주주들은 자살하고 거리에 내앉을 위기에 몰렸습니다. 나름데로 먹을거 덜먹고 애들에게 용돈도 제대로 못주면서 쓸거 아껴가며 열심히 살면서 노후 자금을 마련하기 위해 중견 우량제약회사에 대출을 내어 전 재산을 투자 했는데 이렇게 허무하게 투자금을 다날리고 거리에 나앉다니요....\n너무 억울합니다.......\n상장폐지사유, 우량중견기업, 다른  대기업 바이오 회사(삼성바이오로직스)와 비교했을때 불공정... 모두가 억울합니다....\n부디 견실한 중견기업인 경남제약이 살아날수 있도록 기회를 주시고 살펴주시기 바랍니다...\n저는 경북 의성에 살고 있는 평범한 주부가 절박한 마음으로 글을 올립니다.\n경남제약이 12.14일 기소위에서 상장폐지 결정을 내리고 코스닥심사위원회로 넘겼습니다. 처음 정지사유는 회계부정이었으나 엉뚱하게도 경영투명성을 내세워 개선기간을 2차례 부여한 끝에 상장폐지결정을 내렸습니다.\n경남제약은 ""레모나c""를 비롯한 각종 제약들을 중국에 수출하기 위해 활발한 활동을 하면서 결실을 목전에 두고 있는데 이렇게 견실한 중견기업을  허무하게 상장폐지 결정을 쉽게 내리다니 국가적으로도 큰 손해이고 소액주주들은 자살하고 거리에 내앉을 위기에 몰렸습니다. 나름데로 먹을거 덜먹고 애들에게 용돈도 제대로 못주면서 쓸거 아껴가며 열심히 살면서 노후 자금을 마련하기 위해 중견 우량제약회사에 대출을 내어 전 재산을 투자 했는데 이렇게 허무하게 투자금을 다날리고 거리에 나앉다니요....\n너무 억울합니다.......\n상장폐지사유, 우량중견기업, 다른  대기업 바이오 회사(삼성바이오로직스)와 비교했을때 불공정... 모두가 억울합니다....\n부디 견실한 중견기업인 경남제약이 살아날수 있도록 기회를 주시고 살펴주시기 바랍니다..."
513005,2019-01-31,2019-03-02,0,0,행정,국가에서 시행하는 자격시험 정원마감으로 시험접수가 불가능합니다.,안녕하세요? 저는 올해 국가에서 시행하는 전기공사기사에 응시하려는 충주에 사는 40대후반 국민입니다.\n오늘이 접수 마지막날입니다.  산업인력관리공단 홈페이지에서 항상 매번 접수를 해왔지만 1회차라 그런지 응시자가 많은것 같습니다. 하지만 접수기간이 아직 남았음에도 불구하고 시험볼 장소가 부족하다는 이유로 접수를 받지 않는것은 문제가 많은것 같습니다.  아직 시험일정까지는 한달여가 남았는데도 미리 마감을 한다는것은 문제가 많은것 같습니다. 접수기간내에서는 무조건 모든 응시자 접수를 받아 줘야 하는데 장소가 없다는 이유로 받지 않는것은 행정순서가 잘못된것같습니다.  접수를 받고 응시 인원을 가지고 장소를 정해야 하는데 장소에 따라 응시인원수를 제한하는것은 행정에 문제가 많은것 같습니다. 담당공무원도 어쩔수 없다고 하니 어이가 없네요.\n큰
472613,2018-12-18,2019-01-17,0,7,교통/건축/국토,"▶▶ ""주택실거래가 신고단축(60일-->30일),집값 담합 집주인 및 중개사 처벌법""방해하는 자한당(박덕흠, 함진규, 이헌승 ) 규탄합니다.","국회 ""국토교통위(소위)"" 자.한.당(박덕흠,함진규,이헌승등) 때문에 ""9.13조치 후속입법이 방해받고 있습니다.\n이 세사람 지역구 및 여의도 국회사무실 전화하여 강력규탄 합시다\n--------------------------------------------------------------------------------------------------------------\n정부가 9·13 대책에서 추진하기로 했던 주택시장 투명성 강화 대책들의 연내 국회 통화가 사실상 물 건너 가는 분위기다. 실거래 신고기한 단축, 집값 담합 처벌 등 관련 법안의 입법이 속도를 내지 못하고 있다.\n16일 국회와 국토교통부에 따르면 다수의 9·13 대책 관련 법 개정안이 국회에 계류중이다. 주요 법안으로는 △실거래가 신고기한 60일→ 30일 단축(부동산 거래신고법) △집값 담합시 집주인 및 중개사 처벌 관련(공인중개사법) △주택임대사업자의 임대 조건 및 의무 임대기간 위반시 처벌 강화(민간임대주택특별법) 등이다.\n우선 당초 여야 합의가 쉬울 것으로 예상됐던 실거래 신고 기한 단축 안은 일부 야당의원들이 반대 의견을 표하면서 법안심사소위 통과가 무산됐다. 법안심사소위 속기록에 따르면 박덕흠, 함진규, 이헌승 의원 등 야당의원들은 계약후 신고 기한으로 40일 이상을 요구한 반면 윤관석, 임종성 의원 등은 30일로 줄여야 한다고 입장이 맞섰다. 윤관석 의원실 관계자는 “부동산 가격 급등기에는 실거래 가격이 두 달 간이나 확인이 안돼 오히려 시장 불안을 키운다는 지적이 워낙 많아서 쉽게 통과될 줄 알았다”면서 “그러나 의외로 반대하는 의견이 나오면서 합의가 안됐다”고 전했다."
291437,2018-06-30,2018-07-30,0,75,외교/통일/국방,"이슬람 국가 난민 입국금지, 추방이 왜 어렵다고 말합니까",필요에따라 국민의 동의없이도 법은 잘 바뀌더군요..\n이렇게 국민들이 불안해하고 악에받쳐 밀어내는데\n적당히 안심시키는 대책은 필요 없습니다.\n이미 해외에서도 대한민국을 염려하는 기사도 나옵니다. 우리나라 정부만 여유있는 건가요??\n우리는 아무런 준비도 대책도 마련되어있지 않고 위험 부담을 감수할 이유가 없습니다.
378925,2018-09-13,2018-10-13,0,5,저출산/고령화대책,신혼부부에게 주택 매입 자금을 1% 금리로  1억원까지 대출해 주자.,신혼부부에게 주택 매입 자금을 1% 금리로  1억원까지 대출해 주자.\n이 방법이 장기적으로 보면 공공 임대 주택 월세보다 훨씬 저렴하다.\n직장 다니기  교통 좋은데다 마음대로 골라서 살 수 있고.\n지하철 1호선 전철역 수도권 외곽으로 나가면 역에서 그리 멀지 않은 곳에\n집값이 1억원에도 훨씬 못미치는  저가 다세대 주택이  엄청 많다.
358208,2018-08-29,2018-09-28,0,7,육아/교육,수능장 흡연 문제,"수능 시험이 80일이 채 남지 않은 고3 학생입니다. 수능 시험때 흡연을 하는 수험생들 때문에 피해를 봤다는 선배들의 경험이나 인터넷 글들을 보고 걱정이 많이 됩니다. 냄새에 예민한 편이고 특히 담배냄새를 맡으면 금방 두통이 몰려오는데 시험에 집중하여 임하는데 방해가 될 것이 분명합니다. 저 뿐만 아니라 많은 비흡연자들이 담배냄새로 고통받고 시험에 제대로 임할 수 없는데 금연구역으로 명시된 학교내에서 흡연을 하는것을 아무런 대책없이 방치하는 것은 문제가 있다고 봅니다.\n수능시험장에 금지 물품 목록 중 담배와 라이터를 명시해 주시고 시험시 주의사항을 알려주는 방송에 금연 목록을 포함시켜주시길 청원합니다. 그것이 불가능 하다면 차선책으로 금연 고사장과 흡연가능 고사장을 분리해 흡연자는 따로 시험을 칠 수 있게 해주시고, 흡연가능 고사장이 있는 학교에 일시적으로 금연을 풀어주는 방법도 고려해 주시길 바랍니다. 빨리 해결책을 마련해 주시고 비흡연자들이 피해받지 않고 공정하게 시험을 칠 수 있도록 도와주시길 간곡히 부탁드립니다."
120493,2018-01-29,2018-02-28,0,2,정치개혁,헌법 개정시 국회 해산권을 반드시 넣어주세요,"국회해산권이 없어지고, 민생관련 일을 아예 수행하지 않는 것 같아 이번에 헌법개정시 반드시 국회해산권을 넣어  민생을 외면하는 국회를 해산하도록 하여 정쟁만을 하는 국회가 아닌 국민만을 위한 의정활동를 하는 국회가 될수 있도록 해주세요"
270461,2018-06-14,2018-07-14,0,0,문화/예술/체육/언론,쥬라기 월드 폴른킹덤,쥬라기 월드 폴른킹덤의 배급사가 자신들 마음대로 편집을 하고 삭제한 장면이 있어 영화 감상이 매끄럽지 못합니다 원본으로의 재개봉이 필요하다고 생각합니다
153373,2018-02-27,2018-03-29,0,1,행정,금융감독원장  직무유기,가상계좌문제로  답답한 국민이 많아요\n실명확인준비된 은행들이  나라 갑질하는 눈치보느라\n신규계좌 문을 닫고 있는데 금융감독원장은  그걸  즐기고 있는듯 하니 직무유기지요\n당장 각은행장에게 신규계좌 지시 공식문서를  보래길 바랍니다\n태세 전환을 했으면 일관성이 있어야지요\n뭐 하자는건지 답답할뿐
861,2017-08-29,2017-09-13,0,4,보건복지,보육교사 처우개선,"가정어린이집 교사들은 많은 업무량에 비해 낮은 보수와 열악한 복지, 내 아이만을 생각하는 학부모와의 원만한 관계 유지와 영아들의 안전사고에 대한 심리적 부담감과 불안함을 안고 생활하고 있습니다. 대중매체를 비롯한 부정적인 사회적 시각 등으로 어려움을 겪으며 아동 학대 예방을 위해 전국 어린이집 CCTV를 설치했는데 감시인지 소통인지 교사로서 사생활 침해와 다른 아동의 인권 등을 무시하며 과도한 열람 요구로 어린이집 운영에 어려움을 주고 있습니다. 보육에 지장을 주지 않는 범위 내에서 할 수 있도록 조정 바랍니다.\n우리나라 어린이집 보육교사의 업무 환경을 보면 별도의 점심시간과 휴식시간 없이 하루 평균이상을 근무하고 있으며 평소 휴가나 휴직 사용이 대체 교사 등의 제도가 있음에도 불구하고 현장에서 이용하기 어려운 한계에 부딪히고 있습니다. 또 부모로부터 모욕적인 말과 요구로 스트레스가 이만 저만이 아닙니다. 아이만을 사랑하는 마음으로 모든 것을 감당하기 어렵습니다. 교사의 직무 범위를 명확히 하고 보육서비스의 질적 향상을 위해서는 현장에서의 보육 업무를 이해하고 적절한 근무시간 보장과 교사의 처우개선을 간절히 청원하는 바입니다."
103618,2018-01-19,2018-02-18,0,5,농산어촌,문재인 북한 올라 가즈아!,문재인이 문재랑께\n북한으로 가족이랑 바리바리 짐싸들고 가즈아!!\n대통령이 간첩이다!!\n넌 북한가면 최고급아파트 수령받는다.\n북한으로 가즈아!!
275329,2018-06-19,2018-07-19,0,20,기타,사형제도와 양심적 병역거부 인정에 대해 대국민 투표를 청원합니다,"우선 대한민국의 미래를 위해 불철주야 고생하시는 대통령님 휘하 모든 공직자 분들의 노고에 깊은 감사를 드립니다\n그러나 안타깝게도 국민정서에 반하는 것으로 보이는 정책방향이 있어 간절한 청원을 올립니다\n첫째는 사형제에 관한 것입니다\n우리나라는 실질적 사형제 국가였는데 이번 기회에 완전히 폐지하려는 움직임이 있다는 기사를 보았습니다\n나날이 늘어가는 범죄와 그 흉악성, 그로 인해 불안에 떨어야하고 분노와 슬픔에 잠겨야 하는 국민을 보면 대체 사형제 폐지가 누구를 위한 정책인지 이해가 가지 않습니다\n범죄자 또한 인권이 있다고는 하나 그보다 우선해야할 것이 인권을 유린당한 피해자의 인권일것이며 그 가족들의 인권일것입니다\n또한 그 사건을 접하며 불안에 떨어야할 국민들의 공포와 누구도 믿을 수 없다는 불신감은 정이 넘치던 대한민국을 좀먹고 있습니다\n이런 상황에, 처벌을 대폭 강화하지는 못할망정 최고형인 사형을 폐지한다는건 정말이지 어불성설이라고 생각됩니다\n(여담이지만, 실수가 아닌 범죄에 대해 처벌을 대폭 강화한다면 범죄율을 반이하 아니 30퍼센트이하로 줄일 수 있다고 목숨걸고 진언드리고 싶습니다)\n천인공노할 범죄에 대해 극형에 처하고, 대한민국의 근간을 흔들 수 있는 불신야기범죄에 대해 단호히 대처해야지만 안전한 대한민국을 만들 수 있고 국민이 안심할 수 있습니다\n잘못되었다고들하지만 우리는 모두 시범케이스라는걸 익히 알고 있습니다\n그리고 그 효과는 더더욱 잘 알고 있습니다\n어줍잖은 가해자의 인권을 찾기에 우선해 억울하고 고통받는 피해자의 인권을 뒤늦게나마 위로해주고 동일한 일이 반복되지 않도록 하기 위해 사형제도란 존치를 넘어 엄격히 집행되어야할 처벌입니다\n둘째는 양심적 병역거부라는 명명조차 어이없는 죄명입니다\n양심적으로 병역거부를 한다면 병역을 이행하는 사람들은 비양심이란 말입니까? 우선 그 단어에서부터 화가 납니다\n그리고 무엇보다 징병제 국가에서 양심이라는 이유로 거부하고 그걸 법이 승인해준다면 어느 누가 병역의 의무를 지려하겠습니까?\n최근들어 좋은 분위기가 형성되고 있지만 아직까지 대한민국은 전쟁일시중지상태인 휴전국가이며 지금 당장 쳐들어와도 이상하지 않을 적군이 코앞에 있는 상황입니다\n그리고 우리나라는 조선이래로 자위를 위한 군대였지 침략을 위한 군대가 아니었습니다\n외적의 침입을 막기 위해, 자유대한민국의 수호를 위해 학생들은 연필대신 총칼을 들었고 살생을 금하는 승려조차 법구 대신 총칼을 들었습니다\n오직 하나 내 나라 우리 국민을 지키겠다는 일념뿐이었고 그것을 위해 목숨까지도 서슴치 않고 내놓았습니다\n그분들의 희생이 있었기에 지킬 수 있었던 대한민국의 혼이 사이비 종교의 교리 하나때문에 비양심으로 매도되는 상황을 도저히 지켜볼 수가 없습니다\n양심적 병역거부라는 표현부터 바꿔주시고 징병이 없어지기전에는 해당 사유로 군면제가 되는 일은 없도록 해주십시요\n그게 아니라면 대체복무를 국민여론을 수렴해 최소한 병역의 의무와 동급 혹은 그 이상으로 수긍할만한 것으로 해주시기 바랍니다\n나라를 위해 희생하는 청춘들이 억울하다는 생각이 들어서야 되겠습니까\n대통령께서는 항상 국민이 먼저라고 말씀하셨고 모든 정치인들이 그렇게 주장하는것으로 알고 있습니다\n그래서 청원드립니다\n자유민주주의 대한민국에서, 대국민투표로 사형제 존폐와 양심적 병역거부에 대해 결정하였으면 합니다\n인터넷 여론을 보아도 주변 지인들의 얘기를 들어도 저와 비슷한 생각이 대다수입니다\n이런 국민 여론을 뒤로한채 소수의 인권운동가들이 주장하는 사형제 폐지와 극소수의 사이비종교집단이 주장하는 양심적 병역거부 인정은 국민이 우선이라는 말씀과 자유민주주의 대한민국에 부합하지 않는다고 생각됩니다\n대국민투표라는 것이 쉽지 않고 비용소모도 막대하며 선례를 남기면 우후죽순처럼 청원이 빗발칠거란 것도 압니다\n하지만 그럼에도 불구하고 이 대국민투표는 반드시 필요하며 정말 국민을 위하는지 의문인 국회의원선거를 하는것보다 훨씬 더 의미있고 국민 개개인이 자신의 가치를 되돌아볼 수 있게 하며 국정에 직접 참여 한다는 자부심도 줄 수 있는 좋은 기회라고 생각됩니다\n(사족이지만, 이로 인해 빗발칠 대국민투표 청원에 대해선 지금 이 청와대 청원과 비슷한 방식으로 인터넷 투표를 이용해 대국민투표 여부를 결정해도 된다고 생각합니다)\n긴 글 읽어주셔서 감사하며 저와 같은 생각이신분들은 동의 부탁드리겠습니다\n대국민투표만이 국가가 국민을 두려워할 강력한 무기이며 동시에 민주주의를 직접적으로 꽃 피울 수 있는 방법입니다"
482918,2018-12-30,2019-01-29,0,8,외교/통일/국방,일본의 억지부림.망언에 대한 정부대응.,"저는 하루하루 뉴스를 보면서  일본의 억지부림과 추태를 보면서 울화통이 터집니다. 한나라를 통치하는 통자가 이웃나라 우리 대한민국을 얼마나 없이여기면 이런 억지를 부릴수 있습니까?\n광계토대왕 함은 우리나라 해군의 자존심입니다.\n조난된 어선을 구조하기위해 공해상에서 구조활동을 하는 대한민국 해군의 자존심인 광계토대왕 함 위로 저공비행을 하며 위협을 가했습니다. 더더욱이 광계토대왕함에서 조준용 레이드 빔을 쏘았다고 억지를 부리고 있습니다. 우리해군 함장을 비롯하여 관계자를 처벌하라 우리정부에 요구하였습니다.\n과연 일본이 중국이나 러시아 미국이었다면 어떻게 대응 했을까요? 대한민국 국민의 한사람으로서 참으로 답답 합니다.\n우리 나라가 아직도 약속국입니까? 저는 항상 초강대국은 이니지만 경제력, 군사력으로 볼때 강대국에 속한다 자부하고 있습니다.\n이번 기회에 대통령님께서 직접 담화를 통화여 일본의 잘못된 길을 가고있다는 것을 요목 조목 알려야 합니다. 또한 일본은 아직까지 군대를 가질수 없는 나라로 알고 있습니다 전범국가 이기에. 자위대(해상자위대)라는 명칭을 사용하고 있습니다. 그런데 어떤의도인지 분명 따져야 하니다.\n대통령님 이번 일본의 해상초계기 사태를 그냥 넘어간다면 전 세계에 대한민국은 주변국가인 일본의 눈치만 보는 나라로 각인될 것입니다.\n대통령님 저는 문제인 정부에 대해 어려운 여건속이지만 정책을 수립하고 추진함에 있어 신뢰 하고 따라왔믿습니다.\n아직 늦지 않았습니다 대통령닝 께서 직접 나서기 어렵다면 국무총리 또는 국부장관, 비서실장이 인터뷰 한다면 무너진 대한민국 국민의 자존심을 살리는 길이라 판단됩니다.\n대통령님 간곡히 부탁드립니다. 이제는 일본의 추태를 그냥 두었으는 안됩니다.\n우리 정부도 이번 사태를 어떻게 대응하는냐에 따라 국민들의 마음을 돌릴수 있을 겁니다 다시는 실수하는 일이 없도록 부탁드립니다."
282763,2018-06-24,2018-07-24,0,0,기타,집회의 자유에 의한 개인의 피해,"안녕하세요. 대학로 인근에서 자영업을 하고 있는 사람입니다.\n최근 2년사이에 대학로를 기점으로 세월호 집회,촛불집회,태극기 집회, 민주노총집회,기타등등 주말 집회가 종로5가> 종각 >광화문 까지 계속 되었습니다. 이 집회로 인한 행진으로 도로를 통제하여 영업에 막대한 손해가 있었습니다.\n관할서에 알아보시면 아시겠지만 작년에는 태극기 집회를 저희 지역에서 매주 주말마다 연속으로 20주가 넘게 하였습니다.\n대한민국 헌법에 최우선인 집회의 자유로 인한 개인의 피해는 고스란히 법에 의하여 참아야 한다면 참겠습니다.\n다만 그 횟수에 대하여 제한을 두었으면 합니다. 특히 특정지역이 국민들에게 전달이 잘된다는 이유로 매주 주말마다 집회를 계속 한다면 그 지역에 사는 사람들의 피해도 엄청나다고 생각합니다.\n제가 제안 드리고 싶은 이야기는 특정지역에서 연속적으로 집회를 하는것을 제한하였으면 합니다.\n집회로 인하여 사람이 없어 문을 닫는 분들이 너무 많습니다.\n개인의 욕심이겠지만 너무나 피해가 큽니다.\n요즘 대학로는 문화의거리가 아닌 집회의 거리 라는 인식이 커서 사람들이 많이 외면합니다.\n집회의 자유로 인한 개인의 피해를 외면하지 마시고 해결책 좀 부탁드립니다."
80411,2018-01-05,2018-02-04,0,1,문화/예술/체육/언론,범죄자 강정호를 퇴출시켜라,음주운전 3회의 범죄자 강정호를 영원히 프로야구에서 퇴출시켜 법의 정의를 구현하자
170716,2018-03-20,2018-04-19,0,9,육아/교육,학생들의 두발규제와교복규정을 펴지해주세요!,"우리 학생들을 위해서  두발규정을 폐지해주세요.우리나라의 국민들은 전부 인권을 가지고있습니다.하지만 학생들은 의 인권은 지켜지도 않고 인권을 무시하는 행위이라고 생각합니다. 한법 제 10조는 ‘모든 국민은 인간으로서의 존엄과 가치를 가지며, 행복을 추구할 권리를 가진다. 국가는 개인이 가지는 불가침의 기본적 인권을 확인하고 이를 보장할 의무를 진다.’고 명시하고 있습니다.하지만 학생들은 이러한 인권을 누리지 못 하고있습니다. 이 규정을"
251914,2018-05-30,2018-06-29,0,0,성장동력,"국민과 공개, 비공개 토론회를 해주세요.",국민과 토론회를 해주세요.\n국가 행정이 바른 방향으로 가는지.\n전문가들이 엄청 열심히 하지만 잘 안돼잖아요.\n국민과 토론을 통해 국민체감 공감도를 높여야죠.
334698,2018-08-10,2018-09-09,0,33,저출산/고령화대책,가짜난민들 지원금 줄이고 우리나라 어려운분들 돕자,어렵게 사시는 분들이 우리주위에는 많습니다 가짜난민들도지원금을 받아갑니다 국가유공자들보다 더가지고 갑니다 말도 안됩니다 저들이 뭐했다고 기초수급자들보다 더 가지고 갑니까 저들이 가지고 간 지원금 줄이고 어려운분들 도웁시다\n국민이 먼저지 가짜난민이 먼저는 아니지 않습니까
373624,2018-09-09,2018-10-09,0,2,기타,6.25참전용사 국가유공자 지원금 올려주세요,6.25 전쟁 당시 그분들은 청춘을 버리고 나라를 위해 열심히 싸우셨습니다.그분들은 사랑하는 사람한테 작별인사도 못하고 나라를 위해 싸우셨습니다. 싸우시면서 죽을 고비를 넘겨내고 사람을 죽이면서 정신적이로든 육체적이로든 정말 힘드셨을것 입니다.지금 대한민국 국민들이 이렇게 평화롭게 살고 있는것도 다 그분덕분이라고 생각 합니다. 그런데\n돈으로도 따지지 못할 일을 하신 분들에게 22만원 이라니 정말 말이 안된다고 생각합니다. 목숨을 걸고 나라를 위해 싸우신 분들께 이건 정말 아니라고 생각합니다 !! 한달에 22만원이면 생활비 만으라도 정말 부족한 돈이라고 생각합니다 .\n6.25 국가유공자 지원금을 더 올려주셨으면 합니다 .
335713,2018-08-10,2018-09-09,0,37,보건복지,국민연금 폐지해주세요,국민연금 폐지후 환급해주세요\n그리고 가입하고 싶은사람만 가입하게 해주세요
347116,2018-08-19,2018-09-18,0,17,반려동물,동물 도축을 불법으로 해주세요,"개 고양이 반려동물입니다.\n하지만 요즘은 반려동물이 점차 확대되고 있는 추세입니다.\n개 고양이도 반려동물이지만\n요즘엔 치느님 치느님 거리면서 무분별하게 닭이 심하게 도축되고 사람들의 식탁에 오르는 상황입니다.\n닭도 반려동물이 될수 있지요!\n그리고 돼지도 반려동물이 될수 있어요\n소도 반려동물이 될수 있어요\n무분별하게 식탁에 오르는 소 , 돼지 , 닭 등을 애완동물로 지정해주세요"
138083,2018-02-12,2018-03-14,0,7,문화/예술/체육/언론,""" 시한폭탄 "" 김미화씨 ""  모든방송 출연 금지 영원히 퇴출 청원합니다",하루가 멀다하게  입방아에 오르기 좋아하는  시한폭탄 김미화씨   생각없이 툭툭 던져버리는\n무식한을  방송서 다시 안 볼수있게  퇴출  청원합니다  본인만  다 잘나고  똑똑함이라  남을  마구 짓밟는\n언행 구구절절  나대는 그 꼬라지가   눈쌀 찌프리게  심리적으로  불편한  인물  방송출연  금지시켜주세요
194931,2018-04-10,2018-05-10,0,2,육아/교육,순천대학교 조경학과 박석곤 교수 해임을 요청합니다.,순천대학교 박석곤 교수는 2018년 4월10일 화요일 오후 2시부터 6시까지 학생들의 체력은 생각하지도 않고 4시간 동안 강의를 진행했습니다.학생들의 입장은 생각하지도 않고 개인중심적인 박석곤 교수 해임을 요청합니다.
262603,2018-06-05,2018-07-05,0,9,경제민주화,최저임금 다시 돌려놓아주셍ㆍ느,최저임금 때문에 많은 자양업자들이 죽어나고 있습니다\n또한 그로인해 물가도 같이 오르고 국민들의\n돈씀씀이는 더욱 적어만 가집니다 도대체\n왜 그렇게 임금을 갑자기 확올려버리고 많은 자양업자들을\n죽이려하십니까 몸적으로 마음적으로 너무 힘듭니다\n최저임금을 다시 돌려놔주세요
295943,2018-07-05,2018-08-04,0,6,정치개혁,국민 기본권을 강화 시켜주세요 개헌 청원합니다.,기본권을 강화해 주십시요!\n개헌 약속 지켜주십시요!\n국민 소환제 발안제 합법화 요청드립니다.
341186,2018-08-14,2018-09-13,0,4,반려동물,조계종 설정 땡중을 보면서..,중은 준으로 살아야지 중이 부처인척 살면 그중은 바로 땡중...\n머리 깍고 외세를 버리고 내세로 갔음 도에 자아를 묻고 으로 남아야지..\n성욕.금욕.탐욕으로 이미 땡중인 주제에 감투욕까지..\n비엽한   한중생 앞으로 부처님 용안 어찌 맞이 할꼬....
476378,2018-12-22,2019-01-21,0,2,안전/환경,식약처의 무능함을 처벌해주시고 관련자를 파면해주세요 생리대유해성,식약처는 기업을 봐주는건가요\n아니면 문제가되면 시끄러운게 싫은 공무원의마인드인가요\n왜 일을 적극적으로 하지않고 쉬쉬하기만 하나요\n식약처의 잘못으로인한 피해는 식약처가 보상해야 합니다\n해당제품이아니라 안전과 관련해서 명확하지 않은 피해는 제품만든기업과 식약처도 가해자로 봐야합니다\n그 무능한 직원과 관련자를 철저하게 조사해서 처벌해주시기 바랍니다
65266,2017-12-13,2018-01-12,0,5,외교/통일/국방,경찰대학 폐지를 청원합니다.^^*,병력자원이 부족해서 의무경찰관 제도가 폐지 되는데 국민세금으로 운영하는 경찰대학 폐지를 청원합니다.\n전국의 대학에 경찰행정학과가 있고 현재 순경 공채에 엄청난 경쟁률을 기록하는데 경찰대학 졸업만으로 경위 계급장은\n특권의식과 경찰의 간부와 비간부 차별 문화의 핵심이고 군 면제는 공정하지 못하고 공평하지 못합니다.\n상식적으로 생각해도 검찰과 경찰의 수사권 논의는 과거 권위주의 군사독재 시절 권력남용과 인권침해에 대한\n자기반성과 국민들에게 용서를 구하고 논의하는것이 맞고 먼저 경찰대학 폐지후 논의하는것이 맞습니다.\n왜냐고요 경찰 간부 경찰대학 출신의 수사권은 그들의 특권이 될수 있고 인권침해의 소지가 있고\n수준이 낮은 경찰 수사권의 최대 피해자는 국민들이 될수 있습니다.\n대다수 국민들은 친일경찰에서 반공경찰로 민주경찰과 인권경찰로 변신의 귀재들을 보면서\n과거 권위주의 군사독재시절 영장없이 체포와 구금해서 물고문으로 사망하게한\n경찰의 자기반성 없는 뻔뻔한 수사권 요구에 대해서 동의해줄수 없습니다.\n병력자원이 부족해서 의무경찰관 제도와 경찰대학 폐지하면 운영비와 경비로\nICBM 추적능력이 있는 최신예 스텔스기 F-35A 1대 구매는 보병 1개 사단 화력이고 강한 안보로 가는 지름길 입니다.^^*
187049,2018-04-06,2018-05-06,0,14,저출산/고령화대책,어버이날  법정공휴일 20만청원이 되어야 한대요,한번20만청원  해 보십다
368614,2018-09-06,2018-10-06,0,5,경제민주화,빚이없어야 소득이 올라가지 이자내기바쁜데소득주도성장??웃는다,"국민연금 주식투자 그만하고 빚부터값게하라 !!!\n연합뉴스에 의하면 5월 까지 투자 비중을 보면, 국내주식 130조원(20.5%), 해외주식 114조원(18.0%), 국내채권 295조원(46.5%), 해외채권 23조8천억원(3.8%), 대체투자 67조3천억원(10.6%), 기타부문 1조원(0.2%) 등이다.\n(서울=연합뉴스) 국민연금이 외부의 투자전문 운용사에 기금운용을 맡겨 수수료로 지불한 금액만 최근 5년간 3조5천억원이 넘는 것으로 나타났다.\n수수료는 국민이 낸 연금보험료에서 떼어서 주는 비용으로, 수수료가 많으면 그만큼 국민연금 기금수익률과 재정에 부정적 영향을 주게 된다.\n국민은 당장 병원비 없어 죽어가고\n일시반환 받게해서 빚좀해결해달라고 청와대청원 그렇케들올라와도 외면하고 돈놀이 혈안 되서\n수수료로 3조5천억씩 까먹고 ??\n국가는 주식으로 국민돈 손실봐도 용인되나요??\n개인이 국민돈으로 그러면 처벌받겠죠??\n신용불량으로 그어떤 대출도 안되는 국민들 국민연금 한시적으로라도 일시반환받게해줘 밪값게해 현재부터\n살려야하지 않을까요 ??\n얼마전에도빚땜에 일가족을살해한뉴스\n뻑하면  나는 생계형자살 .생계형범죄뉴스\n언제까지 이런뉴스 봐야하나???\n빚을 값아야 소득이 올라가지요???\n저소득층은 고리 이자내기도 바쁜데\n어찌 소득이 올라가죠???\n당장 대통령령으로 아님 연금악법 77조 개정해 주식투자할돈 국민연금 일부풀어\n저소득층 고리빚부터 값게해야죠"
507600,2019-01-26,2019-02-25,0,0,문화/예술/체육/언론,패션스타일리스트 업계 급여조사 해주세요!!!,짧게 쓰겠습니다\n패션업계 스타일리스트 월급 말이됩니까?\n드라마 영화 광고 등 다양한 현장에서 일하지만\n한달 월급 60만원~80만원 입니다\n하루에 기본 일하는 시간이 15시간이 넘습니다\n밤새우고 일하는 날도 적지 않아 있습니다\n스케줄상 투잡도 하기 어렵습니다\n최저임금 오르면 뭐합니까?\n최저임금에 맞춰받지는 못하더라도\n기본적으로 정상적인 월급을 받아야 한다고 봅니다\n크게 바라지도 않습니다\n급여가 육십만원에서 팔십만원 입니다\n어떻게 보십니까?\n심각한 문제라고 봅니다\n이업계에서 일하시는 모든 분들 이 금액받고 일합니다\n오죽하면 여기에 글을 올리겠습니까?\n이 금액보다 적은급여를 받는 분야가 또 있겠지만\n이 분야 이 직업은 없어지지 않습니다\n바뀌어야 한다고 보는 입장입니다\n나중을 봐서라도요\n지금부터 바뀌지 않으면 더 나아가 변함은 어렵습니다\n꿈을 안고 일하는 한사람 한사람의 소중한 꿈을 위해\n악조건 속에서도 참고 견디며 일하시는 분들 많습니다\n악플보다는 그냥 읽어만 봐주셔도 감사하겠습니다\n꼭 조사하여 해결책을 내주세요\n꼭 좀 조정 부탁드립니다
289124,2018-06-28,2018-07-28,0,6,저출산/고령화대책,출산하고도 직장 다니는게 눈치라니 ㅜㅜ 힘듭니다,**병원에서 3교대 근무하는 간호사입니다 작년 12월에 출산하고 첫째 아이 출산때는 1년간 육아휴직을 했으나 현재 둘째 출산시에는 분만휴가만 사용하고  올해 출근 했습니다\n육아도 좋지만 일도 하고 싶은 마음에 업무 시작 하였습니다 출산 후 1년간  모성보호법으로 야간근무를 하지 않는다는 걸 모른채 출근을 했고\n병원에서도 저 같이 분만 휴가만 쓴 사람이 없어서 당연히 야간근무를 하는 줄 알았고 모성보호법 확인결과 1년간은 야간근무를 하지 않는 걸로 확인되어 현재 야간근무는 하지 않습니다\n그런데 3교대인 직업이라 제가 야간 근무를 하지 않으면 다른 간호사들이 야간 근무 개수가 늘어 근무시에  다른 간호사에게 피해를 주는것 같아 심리적으로 너무 힘듭니다 다시 육아휴직을 들어가야 하는지 고민도 되고 저처럼 간호인력 부족 및 출산으로 인해 경력단절 되는 사람이 많을듯 합니다\n저출산 하지 말고 충분한 인력으로 일할 수 여건 만들어 주세요\n간호사로써 인력이 부족하여 정말 힘듭니다 호주나 미국은 간호사 한명이3~4명 환자를 보는데\n한병동에  간호과장을 포함하여13명 간호사가 말이 됩니까 마이너스 오프에 육체적 정신적으로 너무 힘이 듭니다   임신하고 분만한 간호사가 눈치 보지 않게 업무를 할 수 있게 인력 충원 부탁 합니다 ~ ㅜㅜ
122165,2018-01-30,2018-03-01,0,13,미래,현장의 목소리를 대통령님부터 듣고 계신가요?,"문재인 대통령님을 믿고 뽑았던 한 사람입니다.\n""정책의 당위와 명분이 있다 하더라도 현장의 목소리를 듣지 않고 일방적으로 추진한다면 첫 단추를 잘못 끼운 결과가 되기 십상""이라며 ""국민들 간의 이해관계가 엇갈리는 정책의 경우 충분한 설득과 공감의 과정이 선행되어야 한다는 것을 각별히 명심해주시기 바란다""고 말했다고 연합신문이 보도하고 있습니다.\n가상화폐 투자자들은 현장의 목소리가 아닌가요? 왜 일방적으로 규제하고, 신규가입도 못하게 합니까?  아니면 대통령님의 말귀를 담당자가 못 알아듣는겁니까? 아님 우리 국민들의 귀가 잘못된 겁니까?\n실시간 검색어 ""평창유감""이라는 노래를 들어 보셨나요?\n작년에 이 노래를 들었다면, 이 노래를 부른 인간을 욕했을껍니다. 그런데 오늘 들어보니, 간간이 나오는 욕빼고 틀린말이 하나도 없더군요.\n가슴이 너무 아픕니다.  왜 이 나라가 이렇게 되었을지...앞으로 이 나라의 운명이 어떻게 될것인지...정말 이 나라가 민주정부가 맞는지..."
311495,2018-07-19,2018-08-18,0,6,인권/성평등,종교의 자유가 있는 대한민국(천주교 교적 삭제 희망합니다),2007년 중매로 3개월만에 결혼을 했습니다. 결혼전 남편의 무직과 경제력을 알았지만 청첩장까지 돌렸고 시댁의 간곡한 요청에 의해 결혼을 했습니다.\n천주교 시댁과 무교인 저는 성당에서 결혼식을 올리고 위암말기인 시아버지 간청에 의해 천주교 세례를 받았습니다.\n이후 남편은 10년 넘게 저의 가족사를 이유로 많은 폭언을 일삼아 왔습니다.  다음이 대표적인 예입니다.\n1. 성모마리아도 아니고 지애미 닮아 창녀인 주제에 고귀한척 떤다.\n2. 주님의 좇대가리에 대고 맹세컨게...\n3. 성모마리아 보지에 대고..\n폭언의 마무리는 저의 가족사이지만 입에 담을수 없는 종교와 관련된 욕을 많이 했습니다.\n저는 믿음도 없지만 천주교에서 제 교적을 뺄수 없는것이 더 화가납니다.\n제가 믿음이 생기면 다시 세례를 받으면 되는 것이지 원치않는 종교에 이름이 올라가 있다는것이 더 불쾌합니다.\n교적을 죽을때까지 없앨수 없는 천주교 교적 시스템에 문제 제기를 합니다.
242189,2018-05-24,2018-06-23,0,4,기타,불량음식점 상호명시하고 영업취소 처분하라,"오늘(2018.5.24.)자 기사에  부산 맛집을 소문난 음식점이 위생상태가 불량하다는 기사가 났다. 행주에서 쥐똥이 발견되고 쭈꾸미 해동을 쓰레기통에서 하는 상태가 적발된 것이다.\n그런데, 이런 기사의 허점이 상호를 밝히지 않는데 있다. 국민들로 하여금 맛집 포함 일반 모범적인 음식점까지 혐오의 대상으로 만들어 식당에 가지 말아야겠다는 부정적인 분위기를 확대시킨다. 잘못을 저지른 특정 음식점에만 책임을 지우는 것이 합당하다고 본다.\n따라서 앞으로 언론의 기사 작성시 잘못을 저지른 음식점의 상호를 밝히고, 영업을 취소하는 강경한 법집행을 촉구한다. 먹거리 가지고 장난치는 행위는 일본같은 경우 영업을 취소하고 10년간 동직종에 다시 개업하지 못하게 함으로써 내 외국인들에게 일본의 음식은 안전하다는 인식을 확고히 심어주었고, 그럼으로써 민족감정이 안좋은 나라임에도 매년 일본 여행객이 최고를 기록하고 있음을 반면교사로 삼아야겠습니다. 다시 한 번 음식으로 장난치는 사람은 5년이상 징역에 영업취소, 10년간 동직종 개업을 불허하는 강경한 법제정과 집행을 촉구합니다.^^\n감사합니다."
111083,2018-01-24,2018-02-23,0,15,보건복지,"병원 내 균 감염 관리 개선 및 균 관련 항생제 개발 지원 촉구! (병원 내 위생 개선,항생제 개발 지원 촉구, 감염 인력 확충,병실 문제 개선)","최근 이대 병원 사태에서도 문제가 된것이 항생제 내성균(시트로박터균)이라고 알고 있습니다. 이 사건은 언론에 보도되어 크게 이슈가 되었지만, 과연 이대 병원에만 한정된 문제인 걸까요?..\n이대 병원 외에 다른 대학병원, 종합병원에서도 병원성 균 감염이 비일비재 합니다. 그중에는 슈퍼박테리아인 Mrsa, vrsa 등도 포함됩니다. 이런 항생제 내성 균들은 대부분 병원에서 감염되는 경우가 많다고 합니다. 또한 이런 균에 감염되는 환자들 수가 점점 늘고 있고, 제대로 된 치료법이 없다는게 문제입니다. 물론 면역력이 강한 분들은 자연치유 가능성이 있지만 신생아나 노인분들 같은 경우 균 감염에 걸리면 치명적입니다.\n또한 이런 균들 중에는 다른 사람에게도 전염될 수 있는 균에 걸린 사람도 많습니다. 따라서 이런 균에 걸린 사람은 격리조치를 취해서 적절한 치료를 하는 것이 우선시 됩니다. 그러나 병실도 부족한 병원에서 이런 균 감염 환자들을 위한 적절한 격리조치와 치료가 제대로 행해지고 있을까요? 오히려 일반병실에서 치료 받고 있는 환자들이 많을 것으로 예상됩니다. 그 이유 중 하나는 최근 이런 균감염이 병원내에서 매우 흔하기 때문입니다.\n또한 대학병원 같은 상급병원에서는 하위병원에서 mrsa 균에 걸린 환자(특히 노인분)들은 잘 안받아 주려고 합니다..'병실 부족'과 '수술이 밀려있다'라는 이유로 말이죠.\n제가 이런 감염균에 관심을 갖게 된 이유는 사실 저희 할머니가 병원내에서 mrsa라는 균에 감염되었기 때문입니다. 이런 균들은 병원 내 의사, 간호사, 간병인 등등 병원에서 근무하는 분들의 위생이 중요하다고 알고 있습니다. 그러나 병원 의료 인력도 부족한데 과연 항상 환자 한명한명 만날때마다 손을 씻고 위생 관리를 철저하게 할 수 있을까요?또한 이런 감염균의 경우 항생제도 별로 없다고 들었습니다. Mrsa의 경우 반코마이신이란 항생제를 쓴다고 하는데 이것밖에 방법이 없다고 합니다. 그마저도 완치 될 가능성은 적고 노인분들의 경우 면역력이 약해 버티기 힘들다고 들었습니다. 결국 패혈증에 걸려 사망한 사례도 있고요. 염증 치료하러 간 병원에서 균까지 걸려 더 큰 병을 얻은것을 지켜보며 너무나 화가나고 비통합니다. 또한 이렇다할 치료법이 없다는게 너무나 가슴 아픕니다.\n이런 병원 감염균에 대한 제2,3의 피해자가 나오지 않도록! 의료 개선을 위해! 고민하다 이렇게 청와대 청원에 글 올립니다.\n⭐️1.병원 감염균 실태에 대한 철저한 조사를 바탕으로 한 병원 내 균 감염 관리 개선(의료도구, 병원 내 의료 인력 위생 문제 개선 등)⭐️\n⭐️2.균 감염 항생제 개발 지원⭐️\n3. 병원 병실 확충 지원, 대학병원의 경우 응급실로 가도 24시간 동안 병실 없으면 또 다른 병원으로 전원을 해야 한다는데 노약자의 경우 계속 전원을 하는것이 무리가 있음! 따라서 이런 제도의 개선\n4. 감염 관리 인력 확충(병원 내 의사와 간호사만으론 인력이 부족하기 때문에 임상 병리사같은 분들도 감염 관리 지원할 수 있게 하는 제도 마련)\n할머니가 수술을 두번이나 하셨지만 아직까지 염증수치가 내려가지 않아서 대학병원으로 옮기려고 대리진료(환자 본인이 직접 외래진료가 불가능한 상황)도 받아봤지만 상급병원에서는 잘 안받아주려고 하더라고요..만약 저희 가족이 한국 사회에서 높은 직위의 사람이었으면 받아주지 않았을까 싶기도 하고..이런 병원들이 야속하기만 하네요.노약자라 가망없다고 하는 병원도 있었습니다. 할머니께 해줄 수 있는게 아무것도 없어서 마음이 아프고 빨리 mrsa균 같은 병원 내 감염균에 관한 확실한 치료법이 개발되었으면 하는 마음에 청원 글 올립니다!"
492120,2019-01-10,2019-02-09,0,12,농산어촌,"일본 후쿠시마에서 재배된 식재료들의 수입을 멈춰 주시고, 일본 여행과 일본 수입품들에 경계할 수 있도록 국민들에게 알려 주세요.","일본 후쿠시마에서 재배된 식재료들의 수입을 멈춰 주시고, 일본 여행과 일본 수입품들에 경계할 수 있도록 국민들에게 알려 주세요.\n국민들을 생각하신다면 부탁입니다. 제발 수입을 그만둬 주세요. 일본의 후쿠시마 원전이 폭발하고 난 지금, 몇 년이 지났음에도 불구하고 후쿠시마 현은 아직 방사능으로 인해 위험 처리가 되어 있습니다. 뿐만 아니라 방사능이 바람이나 토양, 바다로 인해 이동하면서 이제는 일본의 전 지역으로 확산되고 있습니다. 일본 당국에서는 제염 처리를 하고 있다고 주장하지만, 방사능 위험 지역 토양의 흙을 파 모아서 포기에 싸 놓고는 아무런 대책도 없이 그 지역의 삼림이나 마을에 내동댕이 치고, 투척되고, 버려지고 있습니다. 이것이 위험한 이유는 이렇게 해서 버려진 토양들이 햇빛이나 비로 재오염될 시 원래의 위험성의 배가 넘는 피해를 초래하게 되기 때문입니다. 하지만 그런 상황에서 일본 당국은 후쿠시마의 식재료를 거리낌 없이 팔고, 수출하고 있다는 것입니다. 후쿠시마에서는 내동댕이 쳐진 방사능 토양의 포기들을 바로 눈 앞에 두고 농작물을 재배하고 있습니다. 이것이 재배되면 우리나라로 유통되는 과정에서 원산지의 추적이 어렵게 되고, 이 방사능을 검출하는 시스템이 아직 활성화되지 않은 상황이라 뭣 모르고 그 식재료들이 우리나라에 확산될 수 있다는 겁니다. 전문가들이 말하는 지금의 일본 영토는 70퍼센트가 방사능 고농도 지역으로 분류되고 있다고 합니다. 그곳의 토지와 해안에서 채소들과 어류 등 각종 식재료들을 지금 우리나라에 모르는 사이에, 아니 어쩌면 알면서도 들여오고 있다는 겁니다. 이 음식물을 섭취하여 몸의 내부에서 피폭이 되면 상당이 부정적인 결과를 초래하게 됩니다. 대통령님, 저 하나가 잘 살자고 하는 청원이 아닙니다. 우리 나라 전체가 먹는 음식입니다. 제발 이러한 위험성을 국민들에게 알려 주시고, 위험성을 내포한 후쿠시마 지역의 식재료들을 수입하는 것을 전면 금지시켜 주십시오. 부탁드리겠습니다."
394110,2018-09-30,2018-10-30,0,16,성장동력,롯데 신동빈을 기업현장으로 보내주시길,신동빈 롯데기업 회장을 선처해줘서 이 나라의 경제활성화와  청년 일자리 창출로 보은할수있게\n기회를주시길
208482,2018-04-21,2018-05-21,0,35,경제민주화,조양호일가의 나타난 잘못된 것들은 특검밖에는 방법이 없읍니다,특검을 해서 불공정하고 잘못된 것들이 있는지 자세히 국민에게 보여주길바랍니다
163118,2018-03-10,2018-04-09,0,2,정치개혁,역사상 국방 안보에 대하여 생각해 보고 글을 쓰게 교육해 주세요,"*우리나라에는 애석하게도 보수가 없다 자칭 보수만 있다\n독재정권 이승만 자유당  군사독재유신정권 공화당 박정희\n군사반란 독재정권 전두환노태우 정의당 권력 탈취정권\n대통령 감이 없어 야당 지도자 김영삼 꿔간 정권\n보수의 탈을 쓴 이명박 박근혜 왕권 정권 --------그리고 이들은 거의 전정권을 부인했다 그래서 정체성이 없는 것이다  그러기 때문에 국민 청원 게시판에 보수라고 하는 분들은 쓸 거리가 없기 때문에 욕설이 난무하고   진정한 보수의 이념이 없기 때문에 개인 추종형 맹목적 우익형이 된 것이다\n안보와 국방을 가장 중요하게 부르짖으면서도 북한에게 당하기만 하고 아무 일도 못했다  그 대신 국방을 튼튼히 한다고 국방비만 증액하여 방산비리를 저지른 정도가 다일까?\n그래서 우리는 국민 청원 게시판에 욕설과 험담이 난무하는 보수들의 행태에 대하여 동정까지 하는 것이다\n지금까지는 우리나라에 보수다운 보수 정당이 없었다고 본다\n그러나 이제는 정말 보수다운 보수가 탄생하기를 빈다\n정두언 하태경  이준석등을 중심으로 정말로 보수다운 보수당이 새로 탄생되었으면 좋겠다 이런 분들이라면 나도 보수를 적극 지지해 보고 싶다\n보수정권과 민주정권의 안보비교\n1.이승만 자유 독재 정부\n1)1949년 6월 26일  백범 김구 임시정부 주석 암살 (민주 독립세력 억압)\n2)1950년 6월 25일 남침을 당하고 3년 동안 싸워서 겨우 살아나 휴전 하엿다---자유당의 국방과 안보는 남침 당한 것 뿐이다\n2.박정희 군사반란 정권\n1)1961년 5월 16일 군사 쿠데타 성공\n2)제 4대 민주주의 윤보선 대통령을 1962년 좇아냄\n3)1.21사태-1968년 1월 21일 이 사건은 북한의 특수부대인 124군부대 소속 31명이 청와대 습격과 정부요인 암살지령을 받고, 한국군의 복장과 수류탄 및 기관단총으로 무장하고 휴전선을 넘어 야간을 이용하여 수도권까지 잠입하는 데 성공하였다. 그러나 이들은 세검정고개의 자하문을 통과하려다 비상근무 중이던 경찰의 불심검문을 받고 그들의 정체가 드러나자 검문경찰들에게 수류탄을 던지고 기관단총을 무차별 난사하는 한편, 그곳을 지나던 시내버스에도 수류탄을 던져 귀가하던 많은 시민들이 살상당하였다.-북한에 꼼짝 못하고 한 일이라고는 예비군 창설한 것 뿐이 없다\n4)울진 삼척 무장공비 침투사건-1968년 11월 120명의 북한 무장공비가 유격대 활동거점 구축을 목적으로 울진·삼척 지역에 침투한 사건 이들 무장공비들은 그 해 1월 청와대 폭파를 목표로 서울에 침투하였던 북한민족보위성정찰국 소속의 124군부대로서, 침투지역 일원에서 공포분위기 속에서 주민들을 선전·선동하는가 하면, 양민학살 등 만행을 저질렀다.-정권이 한 일은 이승복 동상 세우고 공산당은 싫어요!  사상교육이 전부였다\n5)1973년 8월 8일 김대중 납치사건-김대중을 납치하고 죽일려고 계획 했으나 미국의 개입으로 실패 했다  이 때부터 박정희 정권은 김대중을 빨갱이로 몰아 부치며 납치의 정당성을 부여하려고 획책했다 김대중은 1971년 대통령 당선을 도둑 맞았다고 본다  이에 두려움을 느낀 박정희는 1972년 유신을 선포하여 대통령 선거 필요없는 영구집권을 시작했다\n민주 정권에 대해 빨갱이 빨갱이 하는 것이 이 때 시작된 것이다\n그러니까 박정희 정권은 경상도와 전라도를 지역적으로 나누고 갈등을 일으키며 민주세력을 빨갱이로 몰아 집권해 가는 세력이다  이 전략은 이후 박근혜와 그 이후의 정치 세력의 집권 방법으로 자리 잡는다\n5)1976년 8월 18일 판문점 공동경비구역 안에서 미류나무 가지치기 작업을 감독하던 미군장교 2명이 북한군에게 도끼로 살해당한 판문점 도끼 만행 사건으로 당하고도 Qy족한 수가 없었다\n6)푸에블로 잠수함 사건-미합중국 해군의 정보수집함(AGER-2) USS 푸에블로 함이 1968년 1월 23일 동해상 원산 앞바다에서 북한 의 공격을 받고 강제 나포당한 사건. 승조원 83명 중에서 나포도중 총격으로 1명이 사망하였으며, 나머지 82명이 북한에 억류되었다가, 훗날 미국으로 송환되었다.\n지금도 푸에블로 잠수함은 북한에 있다\n7)육영수 저격사건 -1974년 8월 15일 문세광에 의한 저격으로 사망-안보적으로 취한 조치가 뭔가?  없다\n8)1979년 10월 26일 박정희는 보수세력에 의해 총탄을 맞고 사망했다\n도대체 박정희의 안보와 국방은 뭣이 있는가 심지어 자신가지 당했다\n3.전두환 노태후 정권탈취 독재정권\n1)1979년 12월 12일 12.12사태-박정희 서거로 당시 기무사령관이던 전두환이 정보를 이용하여 정권을 탈취한 사태-이자 들의 안보나 국방은 최전선에서 군인들을 빼내 국방 안보는 무시하고 정권 잡기에 혈안이 된 세력이다\n2)1980년 5월 18일 광주 민주화 운동-5.18  광주 민주화 운동은 전두환 정권의 독재에 맞서 시민들이 항거한 운동이라고 할 수 있습니다. 5월 18일 전남대생 200여 명은 휴교령이 내려진 학교에 들어가려다 계엄군(특전사)과 다툼을 벌였고, 합세한 시민들과 함께 시위를 벌였지만, 계엄군의 폭력 진압으로 많은 희생자가 발생하면서 광주민중항쟁이 시작되었습니다.\n5월 19일 시위대가 5000여 명으로 불어나자 계엄군은 장갑차를 앞세우고 착검한 총으로 시위대를 진압하였습니다. 5월 20일 20만 명의 시민이 군경 저지선을 뚫고 시청 건물을 장악하였으나, 계엄군에 의해 모든 시외전화가 두절되어 광주는 고립되었고, 밤 11시경 계엄군은 시민에게 발포를 하기에 이르렀다. 5월 21일 계엄군의 발포로 수십여 명이 사망하였으며, 이에 분노한 시민들은 스스로를 시민군이라 칭하며, 경찰서나 계엄군으로부터 탈취한 소총으로 무장을 시작하였습니다.\n5월 22일 시민들은 계엄군을 몰아내고 도청을 점령한 뒤 ‘5ㆍ18사태 수습대책위원회’를 결성해 사태 수습에 들어갔습니다. 위원회는 정부와 합의를 보고 협상을 하였으나 결렬되어 5월 27일 새벽, 2만 5000명에 달하는 계엄군은 시위대가 점령하고 있던 도청에 진입하는 등 총공세를 가해 많은 희생자가 발생하며 광주민주화운동이 막을 내렸습니다. 정부는 언론을 통제해 빨갱이들이 광주를 점령해 난동을 부렸다고 발표했고, 결국 직선제 개헌이후 제대로 된 조사가 이루어져 전두환 등이 처벌 받았습니다.--이들의 안보나 국방 의식은 북한에서 남한을 지키는 것이 아니라 국방 안보는 미국에 맡기고 군인을 동원하여 애국시민을 학살하는 것이 안보의식이며 국방 개념이었다\n3)이들 군사 난동 탈취 정권은 결국 14년을 해 먹고 국가 돈을 수천억씩 도둑질 해 먹고 사형과 무기징역으로 막을 내린다  이들에게 무슨 안보 의식이 있었으며 무슨 국방 의식이 있었는가? 나라를 도적질한 도적에 불과하다\n4.이명박 박근혜 왕권 정치\n그동안 이승만 박정희 전두환 노태후는 왕보다 더 높고 김일성과 비슷한 권리를 가지고 휘두르는 독재 정치였다  김영삼 김대중 노무현으로 이어지는 민주세력이 정권을 잡자  이제 이들은 독재 정치를 할 수 없었다\n그래서 이들은 독재정치 보다 한단계 낮은 왕권 정치를 하게 된다\n1)천안함 폭침사건-2010. 3. 26(금) 21:22분 경 백령도 서남방 2.5Km 해상에서 경계 임무수행 중이던 해군 제2함대사 소속 천안함(PCC-772)이 북한 잠수정의 기습 어뢰공격으로 침몰하여, 승조원 104명 중 46명이 전사하고 58명이 구조된 「국가 안보차원의 중대한 사태」발생\n이명박 정부에서 한일은 뭐 실종자 수색이나 선체 인양  침몰원인 조사정도나 해보고 안보상으로 한일이 없다  국방상으로 한일이 있다면 국방을 튼튼히 해야 한다면서 국방비 증액하여 방산비리 저지른 것이 거의 전부다\n2)연평도 포격사건-2010년 11월 23일 북한은 우리의 평화로운 섬마을 연평도에 170여 발의 포탄을 퍼부었습니다. ‘서울을 불바다로 만들겠다’고 위협해오던 북한이 우리나라를 공격할 빌미를 만들기 위해 국군과 주한 미군의 육·해·공군 연합 호국훈련을 핑계로 평화로운 연평도를 포격했던 것입니다.\n북한은 연평도 포격 이후에도 “역적패당에게 연평도 불바다와는 대비도 되지 않을 강력하고 무자비하며 섬멸적인 징벌을 안기고야 말겠다”며 끊임없이 대한민국을 위협하고 있습니다.\n3)이 시기에 북한은 핵을 완성했다\n반면에 김대중 노무현 문재인(예정)의 민주정권하에서는 남북 정상회담이 열리고 남북간에 큰 문제 없이 평화적으로 문제를 해결했다고 본다\n보수라고 하는 자들은 이것이 배가 아파서 -남북간에 큰 사고 없이 잘 지내니까--주사파네 좌파네 빨갱이네 해 보는 것이다  이제 국민들을 안보나 국방으로 또는 종북이나 빨갱이로 몰아 부쳐 정권을 잡는 시대는 문재인 대통령을 끝으로 끝이 나 버렸다 그런데도 보수 세력은 아직도 그 꿈속에서 헤매이고 있다"
213127,2018-04-26,2018-05-26,0,0,미래,이번 금융경제학 시험 잘보게해주세요~~~~~~~~!,금융경제학 과목을 하루밖에 공부하지못했는데 시험 잘봤으면 좋겠어요 대통령님 응원해주세요!!
467987,2018-12-13,2019-01-12,0,39,성장동력,원전을 감축하는 이유라도 설명해주세요.,"문대통령 께서는 원전폐지 정책을 강행 하시면서 공론화 과정도 없었고 폐지이유 설명조차 없었습니다. 다만 대통령취임 100일 기념사에서 한국의 원전은 40%로 너무 많고 60년에 걸쳐 천천히 폐지 한다고 말씀 하신것이 전부 이며 그것만 이라면 진실과 많이 다릅니다.\n한국의 원전 발전용량 점유율은 19% 수준이고 발전량 점유율은 20%대 중반 수준입니다. 또 2030년내  원전건설취소,폐지 합쳐 15기 1,600만KW 등 절반에 해당하는 원전을 단기간에 감축하며 2023년에 준공예정인 신고리5,6호 2기만 60년 운전 합니다.  문정부의 8차전력 수급계획은 종전의 전력수급안정 중심대신 안전성,환경성 중심으로 계획한다고 특별히 전제 하였습니다. 그런데 대통령께서도 말씀 하셨듯이 한국원전은 지난40년간 사고 한번 없었고 실제로 매일 수백건씩 일어나는 자동차사고 보다 훨씬덜 두렵습니다. 환경성 관련은 한가지 사안으로 말씀드려도 충분하리라 생각합니다. 정부는\n새만금신재생클러스터 계획을 발표하며 1,100만평 부지에 10조5천억을 투자하여 실효용량 60만KW의 발전설비를 건설하는 것으로 되어 있는데 이설비는 수명 20년마다 교체해야하며 수많은 태양광패널,인버터,승압기,받테리,ESS,발전기,철제물등 폐기물들이 나올것이며 발전단가 차손 보상금도 건설비와 비슷할것 입니다. 한편 원전 1기를 설치하면 25만평부지에 건설비 5조원 출력은 2배가 되는 120만KW 가 될것이며 수명60년 운전중 20년내에 발전단가 차익으로만 건설비가 회수 됩니다. 신재생설비는 연구, 소재개발, 보조전력으로 필요합니다만 8차계획 내용대로 원전 대신 석탄,가스화력을 건설하면 대기오염이 극심 해질것입니다.  한국은 원전이 없으면 전력수급자체가 불안정하게 됩니다. 휴대폰,인터넷,상하수도,TV,EL, 냉장고,전철,조명,신호체계등이 없는 지옥같은 세상은 상상조차 하기 싫습니다. 원자력에너지 활용을 간곡히 청원 합니다.끝"
314433,2018-07-22,2018-08-21,0,2,외교/통일/국방,중국의 양자통신,"뉴스를 보니, 영국 정보기관 정부통신본부(GCHQ)는 중국 기업 화웨이 기술(華爲技術)의 통신기기 제품과 국가안전보장 상 위협 사이에 관련성이 있다고 경고했다고 CNN이 21일(현지시간) 보도했다는 기사가 있었다. 나는 전문가가 아니라서, 사실 화웨이의 통신기기가 얼마만큼 국가안보에 영향을 줄지 사실 잘 알지 못한다. 그러나 지금 만약에 문제가 없더라도, 화웨이 제폼을 계속시용하게되면, 나중에 개발되는 제품에서 안보에 위협이 되는 기술이 적용된다하더라도, 그때기서 화웨이 제품을 다른 제품으로 교체하는 것은 매우 매우 어려운 것은 분명하다는 것이다. 특히 중국이 양자통신등 양자암호기술을 상당수준으로 개발하고 있고, 많은 노력을 기울이고 있음을 감안한다면, 중국정부의 통신장악의 의도가 매우 강력한 것이 확실한만큼, 그런 중국정부가 관리하는 회사의 통신제품의 보안을 믿는다는 것은, 매우 위험한 생각이 아닐수 없다. 우리 정부도 이 점을 다시 확인해 봐야한다. 특히 중국이 아직도 미사일 시스템을 한반도 지역에 집중배치하고 있는 상황을 감안하면, 우리로서는 통신보안이 절대 필요하고, 따라서 5G 차세대 이동통신 기기의 보안문제도 매우 심각하게 따져야한다고 생각한다. 저 생각을 검토해 주시기를 기대한다."
110095,2018-01-23,2018-02-22,0,2,농산어촌,통행권확보,바쁘신일정과 어러일정을소화하시고 국민을위해애스시는대통령님께진심으로감사드립니다\n다름이아니오라 원주시판부면 금대리261번지를소유하고있는 개인입니다\n드리고싶은말씀은 예전에그매2리에서저희번지아래인금대리463번지이전까지는도로와재방공사가되었으나\n그이후에어떤이유에서인지저희번지끼지는도로가연결되지르르않아\n사용상의불편이있읍니다 능작물을내려해도 길이없다보니옆집에서통행세를요구하고하다보니 이후로는 관리도하지않고방치되어있는상황입니다\n왜463번지와저희번지261번지는불과200메타돤되는데왜거기서중단되엇는지 제방공사및도로가만들어질때 ㅇ·ㄴ락도없이중단되었는지궁굼합니다\n전화상으로민원을넣으면계획없다괴ㅁ·ㄴ하고 지적도항도로는인정이안되어 무었을할수가없읍니다\n지적도상도로를인정하고사용하게해주시던지 이니면제방공사와도로를연결해줄것을요청드립니다\n또한 그지역에예전에물사태로난리가난지역이라하는데 재방공사는시급해보입니다
92498,2018-01-12,2018-02-11,0,3,성장동력,"가상화폐,주식,선물시장,로또,경마,카지노 전부 금지하세요","가상화폐,주식,선물시장,로또,경마,카지노 전부 금지하도록\n특별법 만들어 주세요"
21663,2017-10-16,2017-11-15,0,0,농산어촌,경남 고성군 하일면 인공섬 조성,"준비된 천사같은 대통령께\n제발 문대통령 국가와 국민 살리자!\n86세 늙은이 10분 만나면 살린다!\n공짜천만평 조성은 노벨상 따은자!\n- 이 불가사의한 인공섬은 조물주가 국가와 국민이 백척간두에 섰을 때 국가와 국민을 구출하라고 나리신 여의주이고 그를 입증하기 위하여 명명한 “육도”가 있습니다.\n- 증조부님이 팔순일 시 이 사람 4살이었고, 손자 손잡고 바닷가를 거닐어시며 저 섬이 육도인데 어느 때인지 육지가 될 것이라 수차례 말씀하시여\n- 문재인 대통령님의 “의지”만 가지시면 국세 1원 안들고 억만장자 1전 안드는 공짜 공장부지 약 1,000만평과 일자리 약 30만개 폭염에 냉수 먹기 마음먹기에 달렸지요!!\n- 이 알짜배기는 육도와 매립산 거리 약 1,000m내외, 매립산 약 5,000원 이하, 해발고 약 420m, 매립해 수심 약 3~15m, 매립하고 남은 땅 약 120만평이 더욱이 오지여서 “주택지로 용도변경”하면 1평 약 5,000원이하인 것이 약 100~1,000만원이면 약 1.2조 ~12조이상 되니 공사 총경비와 상계하면 많은 돈이 남을 것이고 설령 없다하여도 공짜 공장부지 약 1,000만평은 알짜배기 공짜이지요!! 그리고 중심 매립은 1,000만평이나 돈이 적으면 500만평, 돈이 많으면 1,500만평이상 매립하여야 합니다!!\n- “무에서 유”를 조성한 것이니 2~100만평씩 공짜 배분하여 외국진출 하려는 기업 국내 안착시키고 이미 외국 진출한 기업들도 입국하려하지요!! 그렇게하여 일자리 약30만개이상 일자리 없어서 1일 자살자 약 100명이상 등 구제하고, 외국 기업체도 입주 용납하면 삼라만상 경악합니다!\n- 공짜 약 1,000만평 공장부지 배분표\n공짜 공장부지  배분 평  /   가격(1평 100만원)  /   일자리\n2만평                  /             200억원          /     600명\n100만평               /              1조원              /   3,000명\n1,000만평            /               1경원             / 300,000명\n- 우리 문재인대통령님이 나라를 나라답게 든든한 대통령님 될 것이라 하시어 대통령님의 일자리 100일 플랜호에 가득 싣고 문재인 정부 찾아가 만세탑 세울것이라고! 대한민국 불가사의한 조물주가 나리신 여의주여서 강도 높은 심정으로 국회의원, 일자리 위원회, 청와대, 추미애 대표 등등 약20번 호소하였고 초폭염에 86세 혈압환자가 죽기를 결심하고 청와대 정문 앞 100m까지 가서 애원하였으나 심도 있게 살피었으면 살리자고 “초핵심”을 나열하였는데 쓰레기통에 던진다니 앞이 깜깜하고 가슴 아픕니다.\n- 문재인 대통령님은 국가와 국민을 위하여 “자기 몸 던져서라도” 조성하실 것을!! 제발 국민 있으니 문재인 대통령님 100일 플랜호는 끝났으나 지게에 지든, 등에 업든 고위공직자들 감찰하시면서 국가와 국민 살립시다!!\n- 인공섬 조성하여 2만평 ~100만평씩 무상배분은 세계 유일무이한 것이니, 그 높고 크고 아름다운 “노벨상”은 따놓은 금메달입니다.\n- 문재인 대통령님과 촌 늙은이 양기옥이와 손잡고 대혁신의 아름다운 역사를 써야합니다!!\n2017년   10월  16일\n경남 고성군 고성읍 송학로 149길 36\n양기옥 배"
420950,2018-10-26,2018-11-25,0,10,정치개혁,국회법에따라 자유한국당해체,"이명박,박근혜 전대통령의 비리로인해 구속된마당에 그당시 집권여당인 자유한국당 각 의원과해당\n직위장관들의 비리및등을 낮낮히 파헤처 국민들이 의문을 갗는 내용사실에대해 국감을 해주시기바랍니다\n아무일없는듯 국민이뽑아준 국회의원직에대해 위사실에대해 반성을 하지않는게 너무안타깝습니다\n박근혜의비리,최순실의 독일 외화유출,이명박의 4대강비리등 국민세금의 양극화로인해 현정부를 바라보는시선이\n그닥 따뜻하지않습니다  국민들이 가지고있는 의문을 확실히 풀어주시고 이에대해 자유한국당의 책임을\n물어 국정감사를 통해 모든사실을 밝혀주십시요\n문재인대통령님이  밝혀주셔야합니다"
329300,2018-08-04,2018-09-03,0,19,반려동물,대림.가리봉.안산원곡동.정왕동.수원팔달구.등중국한족들 기름튀기가게와개고기식당철거합시다,중국짱개들 식당 앞에서 타래떡 기름튀기하는걸 금지 시키고 집안에서 하게끔 법 내오자. 밖에서.기름튀기 해대니까.주변환경도 거주자들특히 윗층 에사는 사람들 날마다.기름.냄새에.죽을지경 이다. 그리고 중국조선족들 개장집.하는걸.인젠개고기.식용.못 하게 법으로 나오면 전부 닫아 버리게.해야돼.\n개를 식용 으로 하는건.미개한.나라들만 그렇게한다
221000,2018-05-03,2018-06-02,0,4,정치개혁,해도해도 너무심한거 같아요 삼성을 디스패치,참 한심한  논평\n삼성과 디스패치 엮는것도 기발한 악한 생각과\n악한의도로 국민들에게 허위성의 논평과\n보도를  왜  국민들은 허위보도로 고통을\n받아야하는가\n삼성은 대기업 이고  디스패치는  연예계\n전문언론사인데   갖다붙여도 너무 엮어\n갖다붙여 혼란주는 기사내용 가짜뉴스로\n정말 이기적인 일방적인 보도는 언제까지\n국민들은  정신적 피해를 당하면서  가짜뉴스\n에 속고속아야 하는지 이해가 안감니다\n가짜뉴스 퍼뜨리고 요즈음들어 삼성을  타깃으로\n반삼성감정으로  복수관계자들과의 밀월에서\n가짜뉴스로  삼성이라는 기업을 너무한다는\n생각이 든다\n가짜뉴스나 의혹퍼트리는 가해자들은 왜 수사나\n처벌하지 않는지 정부에서도  단속강화와 수사와\n강한처벌을 해주시기를 바랍니다\n방송통신위원회 에도  가짜뉴스 허위보도\n하는 언론사 관리감독하여 횟수에따라\n강제적으로 폐업조치를 하여야 합니다\n대한민국  국민들은 진실과 공정한 정확한\n사실만을 원합니다
148668,2018-02-23,2018-03-25,0,0,일자리,미니잡을 많이 만들어주세요 (독일의 하르츠개혁),"35살의 두 아이를 키우고 있는 전업주부입니다. 임신 전에는 전문직 풀타임 근무를 했었고 현재는 6년째 전업주부로 경력이 단절된 채 지내고 있으며 올해 하반기에 재취업을 생각하고 있습니다. 그런데 아이들 어린이집과 초등학교 입학 후까지 고려하여 지속적으로 다닐 직장을 알아보는데 시간제일자리(미니잡)을 구하기가 많이 어렵습니다. 경단녀가 아닌 일과 가정의 양립이 가능하려면 시간제일자리가 굉장히 중요한 핵심입니다. 오전 10시~오후 4시까지 일할 수 있는 일자리가 많이 생겨났으면 좋겠습니다. 독일의 하르츠개혁처럼 한시적인 저임금 일자리(미니잡)을 만드는 기업들에 한해 사회보장보험료를 면제해주거나 낮추는 등 획기적이고 혁신적인 정책이 필요하다고 생각합니다.\n아동수당이나 임신출산 지원금보다도 더 중요한게 임신출산 생애주기에 있는 전문직 고학력 여성들이 경력단절되지 않고 지속적으로 직업을 이어나가는 것입니다. 임금에 있어서는 당연히 풀타임 근무자와 다소 차이는 나겠지만 그럼에도 불구하고 임금보다 중요한것이 근무시간입니다. 오전 9시에 어린이집 등원시키고 5시에 하원하여 아이들과 함께 저녁있는 삶을 살기 위해서는 오전 10시~오후 4시 근무가 가장 이상적이기 때문입니다. 물론 워킹맘들은 4시에 퇴근하여도 집으로의 출근, 육아로의 출근입니다. 그렇다 하더라도 이러한 미니잡이 다양한 기업에 많이 만들어진다면 정말 수 많은 전문직 고학력 여성들이 본인의 꿈과 직업을 포기하지 않고 경력이 단절되지 않고 또한 자녀출산과 양육을 포기 하지 않고 워라밸한 삶을 이어나갈 수 있으리라 생각합니다. 몇몇 대기업에만 국한되지 않도록. (참고로 저는 여행사에 재취업 희망합니다)\n영세하고 작은 소규모 기업들에도 적용될 수 있도록 미니잡이 많이 만들어져 엄마들이 행복하고 안정적으로 일할 수 있는 환경을 만들어주시기를 부탁드립니다."
351877,2018-08-23,2018-09-22,0,19,인권/성평등,대한 민국 인권위 와인권단체는 해산시켜야한다,예먼 가짜난민 이집트 불법입국자들을.난민이라고 인권 존중하라고\n대한 민국 국민들한테 강요하는 인권단체들.\n너들은.저들 이익위해.이따위 선전과 짓들 하고있다.\n그럼 인권.성평등 이라면 대한 민국 국민들.인권은.누가지켜주냐말이다.\n난민들.성범죄저지르고.내국인 들 인권 침해하는데.너들.인권위가.지켜주냐말이다.\n게새끼들. 난민불체자전부.추방이답이다.
377903,2018-09-12,2018-10-12,0,105,행정,세금이목적이라고공표하시죠 -부동산과세,정부의부동산대책이번번이실패하는이유는\n국민들의반감을사고있기때문입니다.\n핵심을알면서도\n핵심을건드리지않고\n주변엄한것자꾸찔러대니\n신뢰를잃고.반감을사고.불안을가중시키기때문입니다.\n또한실수요자마저투기꾼취급을해버리니...\n집한채가지고있는게무슨죄인인것인냥...\n부동산과세\n취등록세.양도세.양도세중과.보유세.종부세.재산세\n임대사업소득세.\n팔고싶어도세금내면\n전세보증금못돌려주어팔지도못합니다\n차라리모든거래전면중단을하던가\n정부에서일괄매입허여전체임대를하던가\n세금이목적이라면\n차라리국민에게양해를구하세요\n조폭도아니고\n양아치수준삥뜯기는것같아기분나쁘네요\n민주당 지지한사람들\n등에칼꽂지마세요\n이젠민주당지지했었다가\n부끄러운수준입니다.
236826,2018-05-18,2018-06-17,0,4,기타,사람을 나쁜 사람으로 만든 집단을 어떻게 처리해야 되나요.,"거짓말을 하는 세상에서,\n인격모독, 사회집단피해주는 행위\n4대폭력 세습 (가정폭력, 성폭력, 학교폭력, 사이버폭력)\n모르는 사람들의 괴롭히는 경우,\n억압받지 않는 세상으로 만들어주세요."
46003,2017-11-18,2017-12-18,0,0,기타,의료실비 갱신료 폭탄,"아이 이름으로 메리츠 알파플러스 보험(실비 포험)을 든 것이 있습니다. 그런데 며칠 전 메리츠화재로부터 내년에 의료실비가 30% 정도 인상된다는 문자메시지를  받았습니다. 내가 든 의료실비는 3년 갱신인데 3년 동안에도 보험료가 거의 오르지 않았기 때문에 이게 무슨 이유로 이렇게 올랐나 전화를 했습니다. 담당자 왈 손해율, 물가상승률, 의료수가를 종합적으로 고려하여 실비를 그렇게 갱신했다고 합니다. 그런데 너무 이해가 안 되는 게 무슨 청소년이 의료실비를 탈 게 뭐가 있겠으며 우리나라의 공식적인 물가 상승률은 2% 도 안되고, 의료수가도 OECD 국가 중 매우 낮게 메겨져 있는 편인데 무슨 보험료를 30%나 올리나요? 도대체 납득이 안 가고 너무 부당해서 이렇게 민원을 넣습니다. 박근혜 정권 때 민영 보험사 보험료 자율화로 보험료가 최근 3~4년간 매우 급격히 올랐다는 점, 규제를 안 받고 마음대로 고객들한테 폭리를 취하고 있다는 점을 금융감독원에서는 아시고 보험사를 상대로 보험료 인상에 대한 부분을 조사하여 규제를 하여 주십시오. 이렇게 매년 30% 이상씩 올린다면 보험을 해지할 수 밖에 없는데 이거 너무 서민들 울리는 것 아닌가요? 너무 화가 납니다."
292039,2018-07-01,2018-07-31,0,2,일자리,서비스 계열 근무 및 급여 개선 청원합니다.,"안녕하세요 서비스업에서 일하고 있는 한 남성입니다.\n언론에는 최저임금 상승, 근무시간 단축 등 많은 이야기가 나오나,\n현실적으로는 서비스업계에서는 절대 불가능한 소리입니다.\n보통 하루 12시간 근무 이며, 월 휴무는 전국 기준으로 해도 3~4일 정도 시행이 되고있습니다.\n급여또한 시간외 근무수당 이런것도 전혀 무관한 이야기 입니다.\n회사 근로 기준법이 있듯이 서비스 업계에도 지켜지지 않는 근로기준법 외에 서비스만에 근로 기준법이 있었으면,\n하는 바램으로 청원글을 올립니다."
138167,2018-02-12,2018-03-14,0,9,정치개혁,문재인 탄핵,문재앙을 탄핵시켜주세요
52512,2017-11-27,2017-12-27,0,7,교통/건축/국토,모터사이클(이륜차) 정비 국가 공인 자격제도가 시급합니다.,"다른 청원중에 이륜차 전용도로 진입에 관한 청원이 있는걸 봤습니다.  하지만 관련 기사를 보면 대중의 시선은 차갑기만 합니다. 그 원인으로 지금까지 라이더들의 운행 습관들도 있지만, 동네마다 구석구석 자리하고 있는 정비 업소들의 불량한 태도들과 비전문성도 있습니다.  자동차(사륜차는) 관련 학과를 나오거나 국가공인 증서가 있는 사람만 정비할수 있는걸로 알고 있습니다. 그 이유가 불량한 정비가 사람의 생명까지 다치게 할수 있어서 라는건 누구나 인정할겁니다. 하지만  같은 세금을 내고 합법적으로 도로위를 달리고 있는 모터사이클들은 그런 국가로부터 보장되는 정비를 받을수 없습니다.  그때문에  잘 모르는 사람들은  정비샵에서 사기를 당하거나, 잘못된 수리로인해 다치고도 자비로 다시 수리하는 경우도 많습니다.  어차피 모터사이클을 소유하고 타는게 합법이라면, 관련된 법체계를 점차 갖추고 궁극적으로 업계 성장을 위해 전용도로와 고속도로도 고려하는게 맞다고 봅니다."
108998,2018-01-22,2018-02-21,0,4,성장동력,[화폐사칭] “가상증표회사의 ‘화폐’ 단어 등의 사용은 완전히 금지되어야 합니다.” (광고규제),"“가상증표회사의 ‘화폐’ 단어 등의 사용은 완전히 금지되어야 합니다.”\n유튜브채널 산1번지 부북리뷰입니다. 소위 가상화폐라고 하는 가상증표에 대한 청원입니다. 편의상 가상화폐라고 하겠습니다.\n최근 가상화폐의 규제를 두고 규제찬성 측과 규제반대 측의 대립이 크게 이루어져 있습니다.\n규제찬성측은 가상화폐는 화폐가 아니며 가상화폐 투자는 투자가 아닌 투기적 열풍에 불과한 것이어서 ‘일반인들이 투기에 따른 거대한 손실을 입을 것이다.’ 라고 보고 있습니다. 일부 가상화폐는 지난 1년간 거의 20배의 가격상승을 보여줬는데, 이것은 과도한 상승폭이라고 할 것이고, 투자자들의 자살 및 가정불화, 사회문제가 예상되는바 정부가 개입을 하지 않을 수 없는 상황이라고 할 것입니다.\n반면 규제반대측은 가상화폐의 거래가 블록체인기술을 시험해 볼 수 있는 좋은 기회이기 때문에 무작정 규제위주로 나가서는 안 된다고 주장하고 있습니다. IT관련 성장동력을 고민해야 하는 한국의 입장에서 이런 주장을 무작정 무시할 수만도 없는 상황입니다. 게다가, 일부 투자자들은 가상화폐투자로 행복한 꿈을 꿀 수 있다며, 자신들의 ‘투기할 권리’마저 주장하고 있는데, 이 역시 일리가 있는 주장인 것은 맞습니다.\n그런데 지금까지 정부는 각종 규제책을 내놓고 있지만, 어디까지나 미래규제 위주입니다. 다시 말해, 지금 규제한다는 것이기보다는 나중에 어떻게 하겠다는 규제에 불과한 실정인 것입니다.\n이에 위 양자의 의견을 적절히 조화할 수 있는 규제이면서도, 지금 당장 규제할 수 있고 또한 투기수요를 천천히 잠재울 수 있는 규제책이 있어서 청원합니다.\n“증표를 ‘화폐’라고 하고 있으니 광고규제를 해야합니다.”\n가상화폐는 ‘화폐’라는 말을 써서는 안됩니다. 일반적으로 화폐라고 하는 것은 주권국가의 화폐발권력이 전제되어야 하는 것입니다. 국제 네트워크에 의한 채굴과 거래라고 하더라도 어디까지나 사인이 발행한 것일 뿐이지 주권국가의 화폐발행은 아닌 것입니다. 그런데도 가상화폐 회사들은 가상’화폐’라고 하여 투기수요층을 자극해 가상화폐로의 유입을 가속화시키고 있습니다.\n만약 가상화폐가 화폐라고 한다면 가상화폐 채굴 및 거래행위는 형법 제211조상의 통화유사물제조행위가 되어 형법상 처벌의 대상이 될 것입니다. 하지만 박상기 법무부장관의 발언에서 볼 수 있듯이, 가상화폐는 가상증표라고 부르는게 적합하며, 따라서 화폐가 아닌 것이기 때문에 스스로도 화폐라고 불러서는 안될 것입니다.\n“공정위는 가상화폐회사에 대해 ‘화폐’라는 단어 사용 금지를 권고해야 합니다.”\n가상화폐는 화폐가 아닌 것입니다. 그런데도 가상화폐회사들은 스스로를 화폐를 뜻하는 무슨 코인회사로 칭하고 있고, 광고에 있어서도 화폐를 뜻하는 단어를 사용하고 있습니다. 이는 소비자에게 오인혼동을 주고 있는 것이므로, 화폐를 의미하는 단어의 사용을 ‘회사명’에서나 ‘광고’에 있어서나 완전히 금지시켜야 할 것 입니다.\n변호사가 아닌자가 변호사로 사칭하여서는 아니되듯이, 또한 의사가 아닌 자가 의사로 사칭하고 또 스스로를 의사라고 광고해서는 아니되듯이, 가상화폐역시 화폐가 아닌 이상 스스로를 ‘화폐’라고 광고해서는 안될 것입니다. 언론도 비트코인 등을 마치 실물황금 내지 실물금화인 양 사진을 싣고 있는데 이런 태도도 지양해야 할 것입니다. 정부는 이런 화폐 의미의 명칭사용금지를 권고 하고, 이후 불이행시 과징금 등을 부과할 수도 있을 것입니다.\n가상화폐의 ‘화폐’단어 사용 금지의 규제는 추후입법이 필요 없을 뿐만 아니라, 가상증표(가상화폐)를 오해하고 있는 투기수요층에 대해서도 적절한 메시지를 보내 줄 수 있을 것입니다. 그러면서도 거래소 폐쇄같은 극단적인 방법도 아니어서 블록체인기술을 옹호하는 측도 받아들일 수 있는 규제일 것입니다.\n가상화폐 회사들의 화폐명칭사용금지를 청원합니다. 관련회사의 <회사명>에서도 또한 관련 회사의 <광고>에서도 ‘화폐’ 등을 뜻하는 단어는 일절 사라져야 할 것입니다. 가상화폐에 대한 국제공조문제에 있어서도, 같은 취지로 대한민국이 주도적으로 세계각국에 제안할 수도 있을 것입니다. 이상입니다. 감사합니다."
211910,2018-04-25,2018-05-25,0,9,보건복지,찜질방 및 사우나 안전 위생관리에 대한 인허가 강화 및 영업정지를 청원합니다.,찜질방 및 사우나는 국민들의 휴식공간이자 놀이공간인건 모든 국민들께서 다 아실거라 생각합니다.\n최근 찜질방의 위생관리와 안전관리가 소홀한 것으로 확인되어 점검 및 시정조취명령 그리고 교육이 이루어진것으로 확인되었습니다.\n국민의 소중한 생명과 재산을 보호하고 국민 불편을 최소화하기 위해 최선의 노력을 다하겠다는 발표가 무색하게 느껴질정도로  제천화재 사건전과 달라진건 전혀 없다고 느껴집니다.\n경기도 부천에 위치한 S사우나의 경우 탈의실 및 사각지대에 대한 화재 및 도난사고에 대한 관리가 전혀 이루어지지 않아 업주에게 항의하였으나 사후관리가 전혀 없었으면 책임을 회피하였습니다.\n해당 사우나는 잠금장치 훼손으로 인한 도난 사건이 상습적으로 발생하여 고객의 불편 및 불만을 제기하여도\n탈의실 및 사각지대에 대한 관리가 너무나도 소홀합니다.\n탈의실 열쇠분실로 인한 도난사고라면 이용객의 과실이라 할수있겠으나 잠금장치 훼손으로 도난 사건은 업장내 관리를 조금만 강화하여도 예방이 가능하다고 판단됩니다.\n화재 및 범죄에 취약한 사각지대를 관리하는 직원은 단 한명도 없었으며 아직도 관리가 전혀 이루어 지지 않고 있습니다.\n만약 도난사고가 아닌 화재사고였다면... 생각만해도 끔찍합니다.\n찜질방 및 사우나는 모든 국민들이 이용할수 있는 휴식 및 놀이 공간입니다.\n나이를 성별 직업을 불문하고 모든 국민들이 이용할수 있는 공간이 안전과 범죄에 무방비 상태라면 제2 제3의 제천화제 참사가 발생할것입니다.\n목욕장업 안전 위생관리에 대한 인허가 강화 및 기준에 미치지 못하는 영업장의 영업정지를 청원합니다.
378959,2018-09-13,2018-10-13,0,3,성장동력,원자력발전의 지속 성장,원자력 발전의 지속성장을 통한 플루토늄의 에너지화\n정확한 지식이 없어 원자력이 위험한 것은 알고있으나 우주에서의 가장 강력한 에너지원 중 하나가 원자력으로 알고 있습니다. 태양조차도 핵분열활동으로 에너지를 방출하는 것으로 알고있습니다.\n이러한 원자력 기술을 계속해서 발전시키지 못한다면 현재의 성장동력뿐만 아니라 미래의 성장 동력도 일어 버릴 뿐 아니라 차후 후손들의 우주개발 사업에서 조차 뒤쳐지리라 판단 됩니다.\n만일 원전이 사고시 재앙이 될수 있는 시설이어서 이를 발전을 안하신다면 우리나라는 영원히 핵 후진국으로서 미래의 성장동력을 이러 버리는 결과를 가져올 것입니다. 위험 시설일 수록 비용을 더 드려서 보다 안전시설로 만들고\n기술은 더 발전시켜 안전한 원자력을 통한 에너지화 기술을 발전 시켜야 될 것이라 판단됩니다.\n지금 미국에서는 원자력 핵잠수함이 운용되고 있습니다. 미래에는 원자력 우주선으로 가야 하지 않을가여?
213427,2018-04-27,2018-05-27,0,7,기타,민사소송법 개정이 필요한듯합니다,법원을 가서보면 사기를 당하거나 물적피해 등등으로 민사재판을 해서  돈을 지불하라고 판결이 나는데까지만해도\n시간과 정신적 고통을 당하면서 1년이라는 시간이 걸려서 승소 판결을 받어도  채무자가 타인통장 전월세 자동차를 타인명의로 하면 어떻게 받아낼 방법도 없고  채무자 앞으로 아무런 재산이없는경우가 많습니다\n승소판결후 일정기간안에 변제를 못하면 구속을 시킨다던지 벌금을 내게하던가 법개정이 정말 필요한거같습니다
460018,2018-12-04,2019-01-03,0,2,외교/통일/국방,남북통일 안하고싶은 사람들 누구나 평생 현역 군복무 시키세요!,남북통일 안하고싶은 사람들 누구나 평생 현역 군복무 시키세요!\n국방비 계산할 줄 좀 배우세요!\n새로운 일자리 최소 두개 만드라고  시키세요!
344134,2018-08-16,2018-09-15,0,21,정치개혁,주사파 정치인 및 고위공직자 직위해제 시켜주세요.,현 정부의 비서실장 임종석을 비롯해 북한 사상을 따르는 주사파 정치인과 공직자들을 전수조사해서 직위해제시켜 주시기 바랍니다. 안그러면 대통령의 정체성을 의심받기에 충분하다는걸 아시기 바랍니다. 자유민주국가 대한민국이 왜 북괴의 주체사상을 따르고 선동하는 자들이 정치를 하고 공직에 있습니까? 북한이 그렇게 그리우면 북한으로 꺼지든가 하지 왜 대한민국을 물들이고 있느냐 말입니다.
50953,2017-11-25,2017-12-25,0,242,보건복지,귀순병사 병원비 지원 아주대에서치료받도록 부탁드립니다,대수술을 마친 귀순병사가 2주도안되었는데 군인들이많은 군병원보다 외상전문센터인 이국종교수님계신곳에서 아주대에서 치료받는게좋을것같습니다\n워낙  큰수술을2번받고 온몸이성치않았기때문에 후유증도 염려된다하셨구요  전문기관에서치료하는게 맞는것같아요\n귀순병사의 병원비는 모금을 모아서 진료하면 부담이적을것같아요 이제우리 남한의청년의된 병사가치료잘받을수있도록  더는아픈일이없도록 꼭 도와준다면 좋겠습니다
415079,2018-10-22,2018-11-21,0,6,육아/교육,"초,중,고등학생 PC방 출입 방지 및 게임 접속 금지를 원합니다.","안녕하세요. 중학교 1학년 남학생을 둔 학부모 입니다.\n거두절미 하고 본론으로  제안을 하고 싶습니다.\n청소년 초,중,고등학생들의 PC방입장제한과 게임사이트 접속을 금지 해 주세요.\n게임 사업의 발전도 중요하지만  청소년(초,중,고)들의 게임 중독이 심각한것 같습니다.\n저희 아들도 매일 게임에 빠져 일상생활이 어려울 지경입니다.\n매일 하는 말은 다른애들도 한다 게임을 하지 않으면 애들과 대화를 할 수 없다 등등 이유도 사유도 다양합니다.\n한참 배우고 경험 해야 할것들이 많은 좋은 나이에  게임을 하면서 시간을 보내는 아이들이  많습니다.\n저 같은 남학생들을 둔 어머니들의 공통된 고민이 아니런지요.\n한국에서 학생들의 게임접속이 너무 쉬운거  같습니다. 게다가 험한 말들과 행동들이  감당이 되지 않습니다.\n신문과 뉴스에서  자주 접하듯이 사회적 문제의 근본이 교육과 환경인것 같습니다.\n범죄가 발생 할때마다 이슈화는 되지만 그만 잊혀지는 현실...\n이런일들이 게임과 관련 있다고 생각됩니다.\n티비 광고를 유심히 보고 게임 광고도 수차례 나오고 선정적, 폭력적인 장면을 보면서 아이들이 어떻게  생각할까요?\n우리아이만 잘 돌보고 남들은 상관없다는 식의 문제인식은 아닌것 같습니다.\n사회적으로 문제가 되는 게임접속,PC방 제한을 건의 합니다.\n대한민국의 미래인 청소년을 좁은 인터넷세상에서 구출해 주세요.\n청소년들의   정서적, 정신적으로 행복한 세상을 만들어 주세요.\n부탁 드립니다."
169088,2018-03-18,2018-04-17,0,11,인권/성평등,무고죄 처벌을 강화해야 합니다.,"우선 시작하기에 앞서 저는 17살 고등학생입니다. 최근에 미투운동,펜스룰 등의 용어를 들으면서 최근 대한민국의 남녀간 사이를 알게됬습니다. 저는 남자여자 가리지 않고 잘 놀러다니고 대화도 많이 했기에 실감이 잘 안나지만 미래에  제가 스쳐도 성추행,길가는데 시선강간 고소 당할수도 있다고 생각하니 갑자기 두려워집니다. 그리고 이것들에 대해서 찾아보니 무고죄의 법적 형량은 10년이하의 징역 또는 1500만원 이하의 벌금. 이라고 하더군요. 하지만 무고죄 실제 구속된 사람은 5%정도에 징역은 1년 미만 등등...이러한 기사들이 보입니다. 본질적인 문제는 판사의 문제라고 생각합니다만, 사회 인식의 문제도 있는 듯 합니다. 사실 무고죄 형량을 늘린다고 해도 위에 예시처럼 솜방망이 처벌이 가해질것도 어느정도 예상은 가고 임시방편 이겠지만 저는 무고죄 형량을 늘려야 한다고 강력하게 주장합니다"
57129,2017-12-03,2018-01-02,0,11,육아/교육,영어 교육 그대로,"검색 결과:224\n제목: 초1,2학년 방과후 영어는 지속되어야 합니다\n참여인원:13,743명\n여기가 참여 인원이 제일 많군요.\n20만 명 이상이 여기를 추천해야 합니다.\n¥청와대의 직접 소통은 '국민이 물으면 정부가 답한다'는 철학을 지향합니다.\n국정 현안 관련, 국민들 다수의 목소리가 모여 30일 동안 20만 명 이상의 국민들이 추천한 '청원'에 대해서는 정부 및 청와대 관계자(각 부처 장관, 대통령 수석 비서관, 특별보좌관 등)가 답하겠습니다."
399099,2018-10-06,2018-11-05,0,17,반려동물,동물을 버리는 사람들 그에대한 방안,안녕하세요 요즘 시대에는 강아지 고양이 등\n애완동물을 많이 키웁니다. 사람은 너무 많은돈이 들거든요.거의 대체방안이죠 제가 하고싶은말은\n자신이 동물을 사고 버리는 일때문입니다.\n저는 솔직히 동물이라는 생명을 사고판다는거 자체부터 마음이 아픕니다. 그리고 자신의 동물이아파서\n자신의 여권이 안돼서 버리는 그런상황 최악입니다.\n어떡해 사람한테 그럴수있습니까? 이 상황은\n민주주의 적 그리고 다른이유에서 비판할 이유가 있습니다. 국가는 동물에대한법을 제정해야 합니다\n도와주십쇼
104823,2018-01-20,2018-02-19,0,12,외교/통일/국방,남북 아이스하키 단일팀 폐지 청원,선수들의 피땀으로 만든 4년의 노력이  남북통일의 이용수단으로 쓰이는건 선수들의  동의후에 결정되야할 문제라고 생각합니다. 선수들의 심정을 안다면 대한민국 청와대 홈페이지 첫면에  ''남북 단일 아이스하키팀''이라고 걸어놓았을까요? 국민을 위한 대통령이 되어주십시오.
350426,2018-08-22,2018-09-21,0,0,문화/예술/체육/언론,위대한 섡들의 국가 기념일 지정을 부탁합니다.,"공휴일을 동반한 국경일이 아니라 위대한 업적과 호국한 선조들을 매년 기리고 홍보할 수 있도록 지방자치단체가 아니라 중앙정부에서 국가 기념일로 지정했으면 좋겠습니다.\n한류가  전세계에 우리 국위를 선양하고 있지만 정작 우리 내부는 병들어가고 있습니다.\n둘러보아도 좋은 뉴스는 없고 분열과 비난만 있을 뿐입니다.\n나와 생각이 다르다는 이유만으로 비난하고 존재자체를 멸하려는 풍조는 과거 조선시대부터 사라지지않는 우리민족의 단점인것 같습니다. 이제는 이런 풍조를 벗어나고 싶습니다.\n새로운  세대의  건강한  미래를 만들려면 역사를 통해서 단결해야한다고 생각합니다.\n예를 들면  세종대왕의 날, 이순신의 날, 정약용의 날, 안창호의날, 김구의날  과 같은 위대한 업적과 문화유산, 호국한 선조들을 기리는 기념을 국가에서 지정해주고 이미 지방자치단체는 이들을 배출한 기념과 추모를 위한 시설을 많이 보유하고 있기때문에 이를 중심으로 축제나 홍보를 통해 관광과 문화를 정착시키면 많은 도움이 될것으로생각됩니다.\n기념관, 박물관 같은 것을 만들어 놓고 관리비용만 낭비할게 아니라 적극적으로 홍보해서 매년 1년에 한번이라도 이를 통해서 단결할 수 있는 계기를 마련한다면 여러가지 효과가 있을것 같습니다.\n훌륭한  선조를 비난하는 세력은 많지않고 단결할 구심점을 만들수 있는 것은 우리나라를 있게 만든 위대한 선조들입니다.\n거창하게 공휴일로 지정할 필요도 없고 지방자치단체는 또 서로 자기들의 고장에서 배출된 인물을 기념일로 지정해 줄 것을 요청하겠지만 국보나 보물, 문화유산, 호국 업적에 따라 멀리 갈 것도 없이 조선시대와 근대의 인물만으로도 충분히 가능하리라고 봅니다.\n국가에서는  기념일로 지정만 해주고 관리와 홍보 축제개최는 지방자치단체에서 하면 될것입니다.\n지방자치단체가  지금도 여러 축제를 만들어서 고장을 홍보하고 있지만 겹치거나 충돌하는 일이 많은데\n훌륭한 선조들에 대한 것도 출생지나 업적을 남긴 지역, 거쳐간 곳이 서로 충돌할 수도 있습니다.\n각 각 자기들이 보유한 기념관이나 박물관을 통해서 같은날 행사를 하는것도 괜찮다고 생각됩니다.\n정부가  적극적으로 기념일로 지정하고 미디어를 제작하고 서적을 만들어서 배포하는 일을 도와줘야 한다고 생각합니다.\n역사를  통해서 지금 우리는 어떻게 우리나라가 만들어지고 지켜져왔는지를 알고 이를 통해서 단결해야할 시점이라고 생각합니다.  우리는 지금 너무 그런 것을 잊고 사는것 같습니다.\n중국 시진핑은  사마천의 행사를 국가사업으로 크게 발전시켜서 제사를 지내고 있는데 그 규모가 과거에 비해 매우 커져있는것으로 중국인들을 단결시키고 있는 사례도 있는데 우리는 너무 외면하고 있는것 같습니다.\n이런  선조들의 업적과 유산을 발굴하고 배포하는 사업을 널리 진행해서 1년에 한번이라도 그분들을 기념하고 생각한다면 지금 우리 사회의 분열을 어느 정도 통합할 수 있는 길도 열리지 않을까 생각됩니다.\n1년이 365일이나 되니까 총 365분을 선정할 수 있겠지만 훌륭한 분이 너무 많아서 부족할 것입니다.\n지방자치단체에서 보유하고 있는 기념관과 박물관을 조사해서 그에 해당하는 인물들로만 선정해도 되고\n추가로 아직 그런 시설을 보유하지 못한 위대한 선조는 빨리 그런 것을 만들어서 기릴 수 있도록 해주십시오...\n정말  필요한 사업에 돈을 아끼지 말고 투자해 주십시오."
482019,2018-12-29,2019-01-28,0,20,행정,말도 안되는 청원은 올리지못하게 검토 해주십시요,청원 게시판이 놀이터도 아니고 연예대상 결과에 대한 번복을 요청하는 등 요즘 청원게시판에 올라오는 글들 중 말도 안되는 청원들이 늘어나고 있습니다.\n여기는 국민들의 민생을 해결하고 검토 해주시기위해 여신곳 아닙니까. 저런 유치찬란 글로 놀이터 만드는거 반대입니다.우리나라 사람들 국민성이 이정도밖에 안된다니...이런글들은 좀 관리들어가야 하는거 아닌가싶네요.  청원 게시판의 본질을 찾아주시길 요청합니다.
485803,2019-01-03,2019-02-02,0,2,성장동력,"약대입학정원 일본 13,000명 VS 한국 1,600명","약대입학정원 일본 13,000명 VS 한국 1,600명\n일본은 약대 입학정원이 연 13,000명 입니다.\n1000조 신약시장을 준비해야 합니다.\n국민소득 5만달러로 갈려면\n이제 bio등 신약시장을 선도해야 합니다.\n1000조 신약시장을 준비할려면\n우선 약사 인력을 대폭 늘려야 합니다.\n약사입학정원을 연 5천명으로 늘려야 합니다."
395843,2018-10-02,2018-11-01,0,5,미래,적폐청산만이 현 정부의 목적인가요?,"대통령님!\n제발 현실과 연결된 미래의 세대를 위해서라도,\n과거보다는 현실과 미래를 위해 일해 주시기 바랍니다.\n과거에 얽매혀, 복수에 옭맺힌 조선시대 역사를 되풀이하지 말 것을\n간곡히 부탁합니다.\n북한을 용서하듯, 우리나라의  보수세력도 동행으로 인정하여\n큰 정치를 하시고,\n그리고 제발 대한민국의 경제를 잘 돌 봐 주시길 부탁드립니다."
54888,2017-11-29,2017-12-29,0,0,농산어촌,계란 99% 유통인 말살하는 식용란 선별 포장업 신설하는 입법  철회,"계란 99% 유통인 말살하는 식용란 선별 포장업 신설하는 입법 철회\n대다수 유통 서민유통인 의 생존을 외면한 졸속적인 법안 처리를 즉각 철회할 것을 강력하게 촉구한다.\n현재 20평 이하 에서 가족 또는 직원 1-2명을 두고 영세하게 식용란수집판매업소를 운영하는 전국의 99% 영세유통인들에게 ""사업장 크기 200여평 이상 필요하고 몇 십억의 자본 투자가 요구되는 '식용란선별포장업' 은 계란 장사를 천직으로 살아온 유통인을 사지로 몰아넣고 수 십년계란 장사를 해온 국민의 일부를 멸시하는 정부의 권력의 폭거이다.  이에 현 식용란수집판매업종사와 유통인은 악법 ""식용란선별포장업 신설하는 입법""을 결사 반대한다.\n""현 정부는 모든 2500업체 식용란수집판매업인이 참여하고 지속적으로 영어할 수 있는 계란의 유통구조 개선을 모색하여 소외되는 사각지대 소상공인의 생존권 보존에 동찰 것을 요구한다.\n--대다수 양계농가는 벌써 오래 전부터 고가의 생산 설별기(세척, 살균, 검란기능을 가진 농가도 현재 여럿이 존해함)와 농장명 마킹기를 기본으로 보유하고 있다. 이에 현재 농가들이 가지고 있는 생산 선별에 지금 입법추진중인 식용란선별포장법에서 원하는 혈반검출기 실금검출기, 살균기,세척기 등의 선별을 연결하여 한번의 선별로 경제적이고 위생적인 선별을 할 수 있다.(기본적으로 무게로 선별되어서 양게농가에게서 유통인에게 보내진 계란을 이중으로 유통인이 재선별하는 것은 시간을 소요하는 것이므로 신선선별의 기준에 어긋나고 경제적인 논리에도 어긋난 방식이다.)\n농장에서 완벽하게 선별하고 생산자포기사항을  마친 계란을 식용란수집판매인이 식품산업에 전반적기준인 해썹 기준에 맞는 위생시설과 환경(냉장시설및 냉장차량)으로 소비자에게 유통하게 해야한다. (냉장시설 정부지원을 원한다.)\n_영세 식용란수집판매입장의 2만명 종사자들도 국민의 하나다.  생존권 보장 없는 식용란선별포장법 철회하라\n_정부는 우리나라 유통구조에 맞는 식용란수집판매법을 구성하고 생계형 유통인을 지원하는 데 적극 동참하라"
381977,2018-09-16,2018-10-16,0,21,교통/건축/국토,용산에 영구 임대주택 지어주세요,용산에 영구임대 주택 지어 젊은이들에게 공급하여 주십시요   나중에 서울 집값 떨어지면 공원으로 환원하면 됩니다.
232180,2018-05-14,2018-06-13,0,143,반려동물,반려동물 입양절차 개선안,한국에서는 반려동물을 입양하는 절차가 너무나 쉽고 쉽게 버립니다.\n몇시간전 자신이 버려진줄도 모르고 주인의 차를 끝까지 좆던 강아지에 대한 뉴스를 봤습니다.\n그 사람은 단지 키우기 어렵고 힘들다고 내친거지만 그 아이는 자신의 모든것을 잃은것이기에 마음이 더 아팠습니다.\n한국은 반려동물 등록법이 있다고하지만 이는 대부분 지켜지지 않습니다.\n특히 시골같은 곳은 더욱 등록법에 대해 모릅니다.\n법이 하루아침에 바뀌는건 힘들다는거 압니다.\n그렇지만 작은 생명도 소중히 여기라고 가르쳐놓고 정작 우리 어른들중 그걸 지키는 사람은 몇이라고 생각합니까?\n가르치지만 말고 실천을 해봅시다.\n한국 동물법은 문제는 많지만 가장 심각한것이\n쉽게 구할수있으니 쉽게 버린다고 생각합니다.\n만일 입양 절차가 까다롭고 몇주가 걸리고 파양신고를 하지않고 유기할시 이같이 적발시 벌금이 아닌 생명 유기죄로 징역형을 산다면 사람들이 쉽게 입양하고 쉽게 버릴까요?\n끝까지 책임을 져서 자신의 반려동물을 책임지지도 않을거라면 입양 절차라도 까다로웠으면 하는 바입니다. 부탁드립니다.\n생명을 쉽게 포기하지 말아주세요.
230093,2018-05-11,2018-06-10,0,2,경제민주화,페이퍼컴퍼니에 법률자문하는 한국항공우주산업(문대통령 낙하산),"http://www.businesspost.co.kr/BP?command=article_view&num=81947\n위 기사를 보시면 한국항공우주산업(사장 김조원, 감사원 고위직 출신)이 트럼프 대통령의 변호사가 만든\n페이퍼컴퍼니에 거액을 송금했는데, 한국항공우주산업은 페이퍼컴퍼니에 법률자문을 받았다고 변명함!!!\n페이퍼컴퍼니에 법률자문을 받았다니 어이가 없군요!!!\n아마 지금쯤 법률자문 받은 자료 만들고 있을 듯!!!\n이럴 때 빨리 검찰수사를 해야 되는데, 정부나 한국항공우주산업은 언론 덥기에 급급하는 모양세!!!\n신문에서만 나오고 방송에서는 일절 보도되지 않는 언론통제국!!!\n부끄럽군요!!!\n부끄러운 대한민국!!! 이번 정권이 정말 부끄럽습니다!!!"
44024,2017-11-15,2017-12-15,0,0,육아/교육,어금니아빠가 사는곳에 또 세금이 새고 있습니다.,"안녕하세요~ 저는 어금니아빠 사건으로 유명한 망우동에 살고 있습니다.\n망우동에 지어진지 6년밖에 안된 중랑숲어린이 도서관을 누수와 건물 뒤틀림이 있다며 리모델링을 해야 한다며 외벽과 함께 내부공사를 12억을 들여서 공사를 한다고 합니다.\n(6년밖에 안된 깨끗한 시설을 저희가 이용하는데 불편한 점도 없었는데요. 왜 돈을 들여서까지 고쳐야할까요?\n내년 선거때문인가 하는 생각도 살짝 들게끔 됩니다.)\n이곳 주민들은 도서관에 관한 공사에 대한 절차및 내용에 대해서 주민들과 의논한 적도 한번도 없습니다. 갑자기  어린이 도서관이 육아힐링도서관으로 리모델링한다는 통보만 듣고 분노하고 있는 상황입니다.\n정말 리모델링이 필요하다면, 주민들의 불편한점에 귀를 기울여서 그 부분을 수정하면 된다고 봅니다.\n12억이란 돈이 제가 낸 세금입니다. 주변 아이키우는 부모님들도 12억을 들여서 고쳐지길  원하지 않고 있습니다\n어금니아빠사건때문에 망우동 이미지도 안 좋은데요. 이번에 또 주민들을 울분을 터지게 합니다.\n중랑구에 살면서 이렇게까지 시행되는 중랑구의 처사에 대해 화가 무척 납니다.\n제발 중랑구로 제 의견을 넘기시지 마시고 확실히 알아봐주십시요."
184729,2018-04-03,2018-05-03,0,25,반려동물,강아지 학대 법 강화,"진짜 요즘 너무 끔찍한 일들이 많아요. 근데 그 중에서도 좀 속상한거는 반려동물 강아지 학대라고 생각해요. 그렇다고 요즘 사회문제가 속상하지 않다는 말은 아니고요. 제가 강아지를 키우고 있어서 더 이런 반려동물에 대한 쪽에 관심이 더 많고, 학대 이런 소식을 들으면 화가 치밀어 오를 정도인데, 왜 우리나라는 사람이 죽어가는거에 대해서 이렇게 소홀히 여기는지 모르겠어요. 특히 말 못 하는 반려동물은 어떻게 뭘  하겠어요. 진짜 유튜브나 이런 강아지 학대 영상이 떠돌아다니면 진짜 마음이 찢어질듯이 아프고, 진짜 가끔씩은 제가 더 미안해하고 인간으로써 창피해지거든요. 사람들은 왜 또 말 못하는 짐승을 때리는지 그리고 범인을 잡으면 모를까 잡지도 못하고 진짜 이런 쪽에서는 많이 무능력한거같아요. 그래서 조금이라도 반려동물도 다 사람과 같은 생명이니까 법좀 강화해줬으면 좋겠고요 그리고 반려동물이 사람을 다치게 하는것도 법도 강화 좀 해줬으면 좋겠습니다. 진짜 부탁드려요."
404793,2018-10-12,2018-11-11,0,3,육아/교육,대한민국사 이름을 찾게 해 주세요,"제안합니다\n헌법에 명시된 국호는 대한민국이다\n그러므로 당연히 우리 나라의 역사는 대한민국사가 되어야 합니다\n학교에서 배우는 우리 나라 역사책의 명칭이\n지금 이십대 중반까지는 국사였지요\n신라의 역사책과 그 명칭이 같았습니다\n의도는 모르겠지만 일반 명사에 가까운 용어였습니다\n이런 문제를 해결하기 위해\n2009 개정교육과정에서 한국사로 바꾸고\n2011 고등학교 신입생부터 한국사라는 명칭으로 배웠습니다\n한국사가 분명 국사보다는 우리의 역사라는 것을 명확히 해준다고 생각할 수 있습니다\n하지만 한국은 헌법에 명시된 대한민국 약어입니다\n그러므로 우리나라 역사책의 과목 명칭은 대한민국사가 되어야 한다고 봅니다\n대한민국이 우리 고유 이름인데 굳이 약어로 표현하는 것은 옳지 않다고 봅니다\n대한민국의 대가 큰 대자로 한을 수식하는 수식어가 아니고, 민은 대한제국의 제(황제가 주인이라는 의미의 황제)와 구분하여 들어간 용어인데 굳이 대한제국과 혼동되는 약어인 한국을 사용하는 것은 바람직하지 않다고 봅니다\n이제라도 대한민국의 역사책 이름을 제대로 불러 주었음 합니다\n1990년 수업 교재를 만들 때 대한민국사 라고 제목 붙였는데 아이들이 신기해 하면서 낯설어 했습니다\n2002  월드컵 이후 대한민국은 이제 낯설지 않은 친숙한 묭어가 되었습니다\n대한민국사라 해도 이젠 익숙하니\n이름을 제대로 명명하자고 제안합니다"
452366,2018-11-26,2018-12-26,0,137,성장동력,"원전 재가동 하고,  탈원전 멈추시요 !!!","국가 경쟁력의 효자인 원전을 중당하는 건, 바보짓 중의 바보짓 인 걸 모르십니까?\n안전성, 경제효과, 일자리 창출, 거액의 수출 효과, 등 원전 가동은  여러면에서 국가의 경쟁력을\n살리는 효자입니다.\n국내에서는 원전  중단하면서,   해외에서는 원전 수주를 따려하다니,,,,,\n대통령님,   당신 바보 아닙니까 ????\n태양광, 풍력, 그 어느 에너지원보다\n경제적이고 안전하며, 환경에도  그 중 제일 좋습니다.\n쓰나미로 혹독한 피해를 입었던 일본조차, 원전을 재가동 하고 있는 것,  왜그런지   아십니까?\n태양광, 풍력, 우리나라 지형과 면적에는 맞지 않는 방법입니다.\n태양광, 그것이 나중에는 쓰레기 폐기하기도 어려운 환경공해 불러 오는것\n예상하지 못합니까?\n국토가  부족해, 저수지 같은 공간에 태양광을 설치하다니,  이게 말이 됩니까???\n수질 오염,  수질 오염,  수질 오염,  불보듯 뻔합니다 !!!\n탈원전 멈추시고, 원전 재가동 하십시요 !!!\n그동안 쌓아올린,\n원전 기술, 일자리, 산업 경쟁력,  해외 수출  등,,,,\n한꺼번에  몽땅  몽땅 !!    말아먹는 바보같은 정책,  멈추시요 !!!\n국가 경제 말아먹는 바보같은 정책을, 대통령이 나서서 하시다니,\n참~~  몰라도 넘 모르십니다.\n그 많은 에너지 전문가들 제쳐놓고, 전갯불에 콩볶듯,\n뚝딱,   탈원전 한다면서, 원전 재가동을 중단하는 대통령님,\n나라 말아먹으러고 작정하신 겁니까 ???\n나라의 미래를 생각하는 대통령 이라면,\n나라를  경제 대국으로 이끌어 가려는 대통령 이라면\n국민을 더 잘 살고, 행복하게 하려하는 대통령 이라면,\n탈원전 멈추시고, 원전 재가동 하십시오 !!!"
97957,2018-01-16,2018-02-15,0,1,미래,이 양반들아~,법무부장관의 누지한 발언으로 시장의 혼란을 만들더니  각부처마다  한명씩돌아가면서 이랬다 저랬다 하는 이유가뭐야? 대체....\n몇일전만해도 각부처에서 의견을모아 대처한다더니 이리가서 이말.. 저리가서 저말...  정말 문제다 문제....
467123,2018-12-12,2019-01-11,0,9,보건복지,국민연금 폐지 청원 부탁드립니다,어제 청원 올렸습니다.참여인원이 너무 적습니자\n제발 폐지할 수 있게 참여부탁드립니다.링크 걸었습니다\nhttps://www1.president.go.kr/petitions/466449?navigation=petitions
302832,2018-07-11,2018-08-10,0,7,저출산/고령화대책,출산 의무법 제정(군대 안가면),군대 안가는 대신\n출산 1명 이상 의무로 해주세요.\n츌산율은 국가 존폐가 걸린 문제입니다.\n어느 정도 기본권를 제한하더라도 의무화해야 합니다.
465513,2018-12-10,2019-01-09,0,13,행정,검 경 공직자 뇌물수수 는 즉각 옷벗겨야 합니다,양진호 뇌물 수수 검사 들\n양진호 터졌으니 말인데\n삼성 법무팀 대부분 검사 판사 들인데\n학연 지연 관계로 뇌물수수 없을수 없고\n기소내용 서로 주고 받았을건데\n조사 확실하게 합니다
211268,2018-04-24,2018-05-24,0,4,안전/환경,친환경차(저공해 인증) 전면 재검토 요청,"[현상의 문제]\n국내 초미세먼지(질소산화물+탄화수소)가 날로 심해져가는 중, 명분없는 저공해차량 인증남발로 인해 정작 제대로된 친환경차가 저공해인증을 받지못하는 경우가 발생되고있습니다.\n이는 명일(2018.04.26) 시행되는 차량 배출가스 등급개편에 반하는 정책으로 전면 재검토 및 재인증이 필요하다고 생각됩니다\n[대책과 방안]\n1. 과거 인증된 차량(폭스바겐 및 아우디그룹을 포함한 모든 디젤차량과 휘발류 차량)을 배기가스 검사를 진행하여 재인증여부 검토\n2. 차량 제작당시 기준으로 저공해를 인증하는것이 아닌 매 정기검사를 통해 저공해인증 발급 및 연장\n3. 제작당시기준이 명확하지않아 저공해 인증을 부여받지못한 친환경차(말리부 하이브리드)를 2번과 같은 방법으로 인증 추진\n[기대효과]\n1. 지난번 디젤게이트 현상으로 오염물질 배출차량에 대해 인증취소가 진행되어 초미세먼지 발생하여 비상저감조치가 실행될때 해당 차량들의 운행을 막을 수 있음\n2. 매 정기검사시 결과로 친환경 인증을 진행할 시 각 차량 제조사들과 사후관리업체의 노력으로 배출가스 저감장치들이 개발가능성 높아짐\n3. 운전자들의 차량 컨디션을 최상으로 유지하기위해 과속과 급브레이크를 자제하게 되는 긍정적인 효과가 나올 수 있음\n이에 해당내용을 적극 검토하여 대한민국이 먼지없는 국가로 만들어주시기 바랍니다.\n감사합니다."
70613,2017-12-21,2018-01-20,0,7,농산어촌,농협 적폐를 청산합시다,농협 적폐청산\n농협은 말 그대로 조합원들이 자신들의 이익을 위하여 만든 법인입니다\n그럼에도 불구하고 조합원들의 이익을 위하기 보다는 몇몇임원과 관계자들을 위하는 단체로 변질되여 명분은 조합원이 최우선이라고 주장하지만 조합원들이 농협법과 회계를 잘 이해하지 못하는 상황을 이용하여 각종 편법행위가 이뤄지거나 탈법행위가 만연하여 사회 대개혁 차원에서 적폐청산해줄 것을 청원합니다\n농협 조합장 선거가 개별로 치러지면서 전국적으로 효율이 떨어지거나 불법 탈법행위를 막기위하여 동시선거로 바뀌었는데 각 농협마다 선거운동 방법이 한 두가지만 선택하도록 만들어지면서 1000억 이상의 자산을 운영할 조합장이나 임원을 검증할 기회가 없도록 되어 있습니다 또한 선거 감시도 선거관리만 선거관리 위원회에서 하고 정작 불법 탈법행위를 감시할 위원은 명목만 있을뿐 전혀 작동하지 않아 더 은밀해지고 과감한 행위가 발생하고 있음에도 선거감시부분에서는 저멀리 빠져 있는 것이 현실입니다 선거관리를 하면서 선거 감시도 해야 하는데 말입니다\n임원선거는 어떻습니까 농협에 관해서 아무것도 알지 못해도 술사주고 밥사주고 뒷돈 주면 무조건 일등으로 당선되는 것이 현실이고 대의원들 역시 마을에서 돌아가면서 하다보니 몇 몇 사람들은 소속감이나 의무감없이 회의가서 일당받고 점심 먹는것으로 만족하는 것이 현실입니다 물론 임원선거가 있으면 몇몇은 주머니가 두둑해지구요\n이러한 현상이 반복해서 계속 되여지고 주는 사람이든 받는 사람이든 당연한 것으로 여기고 받아 들이는 것은 현재의 농협법이 시대 흐름에 따르지 못하고 있기 때문입니다\n지난 수년간 농협 선거법을 조정하면서 선거과열을 막고 법인단체 이니까 지역에서 신망을 받는 사람이 조합장이나 임원이 되는 것이 옳다는 생각으로 검증보다는 다득표만 얻으면 되는것으로 조정했지만  현실은 수백억이 왔다 갔다하고 정부 정책을 대행하는 거대 은행으로 되었다는 사실을 정부도 조합원들도 간과하고 있습니다  따라서 경쟁력이 떨어지고 무사 안일주의에 빠져 조합원의 등에 빨대를 꼿고 피를 빠는 형태가 되어 있습니다\n예를 들자면 조합원의 돈으로 구매한 상품을 조합원한테 비싸게 팔아 많은 이득을 남겨서 연말에 성과급 나눠먹고 쥐꼬리만하게 배당해 주면서 잘한일이라고 하는데 맞다고 생각 하십니까?\n업무 효율에서도 민간이 운영하면 흑자가 나는데 수백억의 경제사업을 하면서도 적자라며 언제나 죽는소리를 하는데 그러면서 조합원들에게 환원사업을 많이 하기 때문이라고 주장하고 있죠  전국 조합장들의 재산 변동을 조사하면 원인이 어딘지 쉽게 짐작이 갈텐데도 말입니다\n농산물이 폭락 폐기 처분하여 조합원들은 생산비조차 건지지 못해도 농협은 성과급을 챙겨가고 있습니다 물론 대한민국 전체 농협이 똑같이 그렇다는 것은 아닙니다 그러나 다수의 농협이 존재하고 있습니다\n이러한 적폐청산을 위하여\n농협법인은 일반농업법인과 분리하여 토론회와 연설회등이 살아있는 공직선거법에 준해서 선거관리와 선거감시를 해야 하고 검찰 경찰은 사법감시를 대대적으로 해야 할 필요성이 있습니다 또한 불법행위에 대한 엄격한 잣대를 세워 선거후라도 조사하여 엄벌하는 조항이 필요합니다\n농협의 정부보조사업을 비롯 운영에 관한 세무감사를 세무서에서 정기적으로 시행하여 불법 편법행위를 사전에 적발할 수있도록 해야합니다\n행정감사만을 하는 농협 중앙회의 감사는 신뢰할 수 없습니다\n독립된 농협법인을 중앙회의 지침에 잘따랐는지 아닌지만 평가하기 때문입니다\n감사를 하는 주 목적은 조합원들의 이익에 얼마나 부합했는지 안했는지가 판단의 잣대라고 보기 때문입니다\n지역농협이라서 문제가 발생하더라도 인적 네트워크가 작동하여 적당한 선에서 해결해버리는 관행을 없애야 합니다\n정부보조사업과 자부담으로 수십억의 사업이 진행되여 가는 과정에서 말도 안되는 운영으로 파산이 되어 농협이 어려움에 빠졌어도 조합장에게 전혀 책임을 물을 수 없고 증거 인멸까지 했어도 중앙회나 농협은 아무런 조치를 받지 않는데  지역 감시 네트워크는 정상 작동 되었을까요? 검찰 경찰 자치단체 세무서 등 모두 다 말입니다\n단순하게 지역 농협에서 일어나는 헤프닝이 아니라 그나마 깨끗해져 간다고 믿는 공직선거 이면의 선거행태는 국민들의 가슴에 어리석음을 심어주는 적폐들이 계속 양산되고 이여져가고 있다고 보는데  여러분은 어떠십니까
415993,2018-10-22,2018-11-21,0,14,안전/환경,잔인하게 타인의 하나뿐인 소중한 목숨을 빼앗은자 사형 시켜 주십시오!!!,잔인하게 고의로 타인의 소중한 하나뿐인 목숨을 빼앗은 자는 어떤 경우도 용서하지 말아야 합니다.\n자신의 하나뿐인 목숨으로 댓가를 치르게 해야 합니다.\n사형 시켜야 합니다!!!   강서구 피시방 살인자 사형 시켜 주십시오.....\n내가 낸 세금이 그런 살인자 밥 먹이는데 사용 되는 것이라 생각하니 치가 떨리고 살해당한 이에게 너무 미안합니다.\n강서구 피시방 살인자가 심신 미약이라고 사형시키지 않는다면 또 다른이의 목숨을 빼앗을 것입니다.\n이런 살인자가 돌아다니는 대한민국을 치안 안전 국가라고 말할수 있을까요?
24023,2017-10-27,2017-11-26,0,3,정치개혁,국민재산찾기 국고환수,고위공직자 부정 부패 재산축적은 재산몰수라 초강수로 대응해야 합니다.국민세금과 부정부패를 막는 방법의하나가 될것같아 법안이 통과 되면 좋겠습니다.
386277,2018-09-20,2018-10-20,0,1,교통/건축/국토,1차선 주행차량,1차선을 주행차선으로 알고 주행하는 차량들을 단속해서 올바른 교통법규를 알려주세요
484022,2019-01-01,2019-01-31,0,7,성장동력,주휴시간 폐지하자는 말이 왠 말이냐,시간을 이렇게 줄여서 노동자들은 먹고살기 힘든데 주휴수당까지  없애라고 하면  우리같은 서민들은 어떻게 살라고  합니까
378695,2018-09-13,2018-10-13,0,4,저출산/고령화대책,제 친구 장정현의 생일은 공휴일로 지정해주세요,거 눈 딱감고 한번 해줍시다
124861,2018-02-01,2018-03-03,0,55,저출산/고령화대책,평등한 육아휴직 수당을 주세요.,"경제적 어려움과 양육의 부담으로 엄마가 아이들 방에 방화를 하고, 미혼모가 출산을 하여 아이를 버린 안타까운 소식이 들려오네요.\n그런데 이들에겐 육아를 위해 주어지는 육아휴직 수당이 한푼도 안준다는 사실을 아실런지요.\n육아 휴직을 한 직장인에게만 소득에 비례해 매달 70~150만원까지 주어지므로.\n집에서 똑같은 육아를 해도 절실한 사람은 한푼도 안받고 그돈 없어도 잘사는 사람은 150만원도 받네요. 즉, 출생부터 차별받고 있네요.그것도 평등세상을 외치는 현정권에서 더 심화되었어요.\n육아라도 차별받지 않도록 70만원이라도 똑같이 주는 것이 어떨까요?\n그러면 저소득자는 아이를 키울 희망을 얻고\n고소득자는  국가배려를  받는 뿌듯함을 크게 얻을 것 같네요.\n육아휴직을 장려하기 위해 직장생활을 계속하는 사람게는  주지 않고요.\n같은 돈으로 출산율을 높이고 살만한 사회를 만들기 위해 고심한 의견으로 받아주셨으면 합니다."
454819,2018-11-28,2018-12-28,0,254,기타,유성기업 노조원들의 야만적 행위 철처조사하라!,유성기업 임원 폭행한 노조원들 철저히 수사해 처벌해주세요. 법위에 군림하는 노조의 반인륜적 행위는 과히 살인적 행위라고 봅니다. 자유민주주의 대한민국안에서 이러한 도저히 일반인으로 상상할 수 없는 무자비한 폭언 폭행이야 말로 군사독재시대 보다 조금도 덜하지 않고 오히려 사회기강과 법자체를 무시하다 못해 국가 통치마져 어렵게 하는 어처구니 없는 작태라 생각합니다. 이번 유성기업 임원에 대한 반인륜적인 폭행과 행위는 명백한 법법해위라 생각합\n니다. 철저한 수사로 해당 노조원들에 대한 엄중한 조치로 다시는 이나라 대한민국에서 기업들이 노조들로부터 위축\n당하고 이러한 불상사가 발생하지 않고 마음놓고 안전한 기업활동을 할 수 있도록 대한민국 국민의 한사람으로  청원합 니다. 두번다시 기업인들에게 불행한 불상사 두번다시 발생하지 않토록 거듭 청원합니다. 감사합니다.
257477,2018-05-31,2018-06-30,0,4,안전/환경,5m 이동시 핸드폰 액정 자동꺼짐 설치 의무화 해주세요.,핸드폰을 켠 상태에서 5m 이상 이동시 자동으로 액정이 꺼질수 있게 장치설치를 의무화 해 주세요.\n핸드폰을 사용 하면서  차량운행.오토바이운행.자전거운행.걸어서 이동하기. 인라인 스케이트 등의  각종 탈것 을 계속 진행을 하다보니 사고가 많이 발생하고 대형사고로 이어지고 있읍니다.\n도로 바닥에 노면안내 그림과 문구를 새긴다고 줄어들지는 않습니다.   국가차원에서  법으로 핸드폰  제조시 5 m 이상 이동시 자동으로 액정이  꺼지게 제조를 의무화 해야 합니다.
411826,2018-10-19,2018-11-18,0,16,안전/환경,김해 경찰관 사고 대책을 위한 새로운 법을 만들어 주세요,"김해 경찰관의 안타까운 사고를 멀리 호주에서 접했습니다.\n귀한 생명 그리고 고통 가운데 남아 있는 자녀들과 가족들을 생각하면 맘이 너무 아픕니다.\n조금만 주의하고 하면 이런 슬픈일은 일어나지 않을 것입니다.\n이제 이런 일이 생기지 않도록 법으로 막아 주십시요.\n호주에서 얼마전 새로운 법이 만들어졌습니다.\n경찰차, 그리고 소방차 그리고 앰블런스가 싸이렌을 켜면 모든 차량은 시속 40km 로 서행운행을 해야 합니다.\n만약 이와같은 상황에서 차량들이 서행하지 않으면 매우 무거운 벌금과 함께 패널티를 받게 됩니다.\n이런 법을 만든 이유는 국민들의 안전을 위해 일하고 있는데 그들이 생명이 위험에 노출되어 있기에 그들을(경찰, 소방관, 응급 요원) 보호하기 위한 것입니다.\n물론 반대 차량등 예외적인 부분은 있습니다.\n예전에도 앰블런스가 사고가 나는 경우를 뉴스를 통해 보게 되었습니다. 참 안타까운 사건들입니다.\n그러나 적어도 경찰차 그리고 소방차 그리고 앰블런스는 국민의 생명을 보호하고 지켜주는 우리에게 고마운 분들입니다. 그들을 지켜주는 것은 국민들의 몫입니다. 그러나 국민들은 자율적으로 그것을 지키기에는 너무 부족합니다. 그래서 법이라는 테두리 안에서 서로가 서로를 보호하고 함께 행복한 삶을 살아야 합니다.\n호주에 사는 한국 국민으로 더 이상 이런 아픔들이 일어나지 않도록 법을 만들어 주세요.\n법 제정안\n경찰차, 소방차, 앰블런스가 경광등을 켜고 운행하거나 멈추어서 일을 하고 있을 때 모든 차량은 40km 이하로 서행한다.\n만약 서행을 하지 않는 경우는 3개월간 면허정지 또는 50만원 이하의 벌금과 5점의 벌점을 받게된다.\n법이 약하면 그 법을 무시하는 경향이 많다. 호주는 법치주의 이다. 매우 강력한 법의 테두리 안에서 국민들을 보호한다. 국민들 역시 좀 과하다는 생각을 가질 수 있지만 서로를 보호해야 하기에 법을 준수하기를 힘쓴다.\n이런 법을 통해 경찰관, 소방관, 응급 요원들을 지켜주는 대한민국을 기대한다.\n꼭 이 법을 만들어서 안전하게 국민들을 지켜줄 수 있도록 해 주세요."
92450,2018-01-12,2018-02-11,0,18,성장동력,가상화폐 거래소 폐지 반대 청원,거래소 규제와 거래소 폐지를 구분 못하는 아둔한 정부\n국민들을 개 돼지로 아는 일인지하 만인의 정부\n거래소 규제는 해야겠지요. 거래소 폐지를 하는 것이 말이 됩니까? 민주주의 사회에서는 나올 수 없는\n뇌를 가진 정부의 수장이 누굽니까? 대체 어떻게 그런 발상이 나올 수 있습니까 ?
227474,2018-05-08,2018-06-07,0,1,보건복지,신중하지 못한점으로 피해 드린점 죄송합니다.,"본인은 2017년 온라인상에, 오른손 진료비 미제공,  산재심사자료 조작, 진료,검진차트 수정등 피해자 하나병원에 대한 다소. 과장된 사실을 게재하여 명예를 훼손하고자 한 의도가 있음을 인정합니다. 본인은 하나병원 및  대표자 이하 직원에게 본의 아니게 비방과 업무방해 등의 행위가 있었음을 인정하노 사과드립니다."
382682,2018-09-16,2018-10-16,0,3,교통/건축/국토,부동산정책  . 전국 집값을 동결하면 해결됩니다. 어떻게 생각하나요 나랏일하시는분들?,전국집값을 현시세로 동결하면  해결됩니다\n3억이면 계속 3억 10억이면 계속10억\n오르지도 내리지도 말고 현시세로 동결하면됩니다\n새로 짓는 아파트나 집도  처음 시세로 그대로 변동없이\n가면  됩니다\n이리 간단한 해결법을 왜 복잡하게 합니까?\n정부사람들 생각해보시길 바랍니다.
385868,2018-09-20,2018-10-20,0,1,농산어촌,안골포 굴강의 명맥을 유지하는 주민들을 지켜주세요,여기는 창원시 진해구 안골동입니다\n이순신장군의 임진왜란 승전바다이면서\n왜군들이 만들어  놓은 왜성이 있습니다\n또한 옛날부터 이어온 굴강이 있습니다\n하지만 겨울이 오면 으레히 즐거운 굴을 까는\n아낙네들의 웃음소리가 넘쳐나야될\n이곳에 한숨소리들 뿐입니다\n해마다 굴을 까서 팔고 맛있게 먹고 가는 손님들 덕분에 손주에게 용돈 만들어 주시는 할머니의\n굴쪼시게 소리가 흥겨운 이곳이 불법이라는\n이유로 단속 당하고 벌금을 물리는 일이\n해마다 반복되니 어찌 즐거울리가 있겠습니까?\n통영이나 고성처럼 기업형 굴 업자는 한 명도 없습니다\n그저 마을의 주민 한사람 한사람이 소일거리 없는 할머니들과 오손도손 한푼두푼 돈벌이하는 곳입니다\n이제는 굴강 문화재가 있는 이곳이 돌 무더기만 있는 장소로 전락할 수밖에 없습니다\n살아있는 문화재\n안골포굴강\n예전부터 굴을 까서 음식을 해먹던 이곳의 주민의 생계를 위해 굴을 까서 파는 행위와 현장에서 구이나\n간단한 조리로 음식을 파는 영업의 허가증을 발급해 주세요\n그래야 역사의 현장도 유지하고\n노인들의 경제활동도 이어갈 있습니다
79070,2018-01-03,2018-02-02,0,4,일자리,장애인복지도우미,"보건복지부가 '장애인들을 상대로 직업을 찾게 하는 중간단계'라는 답변은 현재의 장애인들과 미래의 예비 장애인들에게는 더 큰 낙심만 줄뿐입니다.\n장애를 가지고 일자리사업에 참여한 자들은 몸이 불편하니 일을 잘 해 낼 수 없을 것이라는 의도를 염두에 둔 것이라 보여 집니다.\n일에 대한 역량은 일처리를 잘 감당하는 사람마다 다르다고 여겨집니다.\n비록 장애를 가지고 있을지라도 일처리를 잘 해 낼 수 있는지...\n아니면 장애가 없음에도 일처리를 잘 처리해 내지 못하는지의 역량은 역설적으로, 다 같다고 생각합니다.\n현재 고공물가의 장애인복지의 적은 급여를 가지고는 생활의 많은 어려움을 겪을지라도,\n장애인일자리에 참여하여 일하시는 많은 장애자분들은 무기계약직에 대한 소망을 가지고 기다리고 있습니다.\n그것은 문재인 대통령의 공약을 듣고, 장애인으로서 살아가야 하는 어려움을 이해하고 직업에 대한 큰 고충을 해결해 주는 일자리와 장애인 복지라는 두 가지를 해결해 주신 바램을 이루는 공약이라 생각했기 때문입니다.\n사회에는 다방면으로 잘 할 수 있는 일들이 있음에도 장애인이이라는 이유로 일자리를 내어주는 회사가 극소수입니다.\n급여의 액수가 적어도 한 곳에서 최선을 다하여 일을 할 수 있도록 무기계약직으로 정책을 바꿔 주십시오.\n장애인일자리에 제한을 두는 답변은 문재인 정부가 대통령이 되었기에 실현해야 할 이유며\n공약입니다. 그러나 지금과 같은 답변은 공약도 지켜내지 못할 약속으로 장애인들의 표를 이용했다는 오해를 부를 것입니다.\n오히려 정부가 가장 약자들인 장애인들을 차별하지 않고\n장애가 없는 사람들과 같은 일자리 대우를 해 준다는 실천을 해야 할 시기라고 생각됩니다.\n전국 장애인행정도우미의 무기 계약직 전환 소식을 기다립니다."
339819,2018-08-13,2018-09-12,0,15,보건복지,국민을 위한 복지 가 아닌 복지을 위한 노예국민..,제목 그대로 국민을 위한 복지 가 아닌 복지를 가장한 노예국민 의 삶 을 거절한다.\n국민연금 의 처음 취지는 참 좋았습니다...\n선진국의 제도를 그대로 받아 들이면서 우여곡절도 많이 겪은거로 알고 있습니다.\n하지만 현재 의 국민연금은 훼손 되었습니다.\n이유가 너무 많아 일일이 다 열거도 못할 지경입니다.\n국가에서 국민의 삶과 연결되는 복지를 다 해결하지 못하는 차원에서 시작한 국민연금\n하지만 국민연금 을 운용하는 자들의 나테한 행정 과 방만한 경영으로 연금이라는 말 자체조차\n무색해 졌습니다.\n국민들의 삶은 점점 더 열악해지고 힘겨워 지는 작금의 현실에서\n더 걷고 납부 기간은 늘리며 혜택기간은 늦추는 방향으로 간다면 누가 납득을 하겠습니까.\n이건 부자들만의 연금이라는 말이 나올정도 입니다.\n모든 지표가 건강 이나 삶의 환경 수명나이 모든 면에서 서민들 과 부자의 차이는 큽니다.\n세계 어느나라 도 마찬 가지입니다.\n잘사는 사람들은 수명도 길지만 서민들은 수명도 짧기 때문입니다.\n또한 대한민국 이라는 나라의 환경 자체도 서민이 65세 까지 일 하며 국민연금을 납부하기\n힘든 시스템이 고착화 되어 있습니다.\n서민들이 삶이 버거워 병원조차 마음대로 가지 못하는 처참한 지경에서 68세 까지 살아 남아\n연금을 몇년이나 받겠습니까..\n이건 현실의 삶을 더 힘겹게만 하는 이중 고통의 복지제도 입니다.\n국민을 위한 연금이라는 미명하에 돈을 걷어서 기업들의 경영권 방어 와 투자실패 등\n납득하기 어려운 자금운영 을 해놓고 손실에 대한 책임은 없는 국민연금을 누가 납득 하겠습니까.\n이건 국민을 위한 복지 가 아닌 정부 와 기업의 경제 사기술 이란 생각 밖에 들지 않습니다.\n복지가 그 순 기능을 상실 했을때 는 이미 복지 가 아닌 것입니다.\n그러므로 국민연금은 폐지 또는 자율 가입이 가장 좋은 해결 방안 입니다.\n저는 폐지 를 적극 지지 합니다.
314877,2018-07-22,2018-08-21,0,23,정치개혁,국회의원 연봉,국회의원 연봉을 줄이고 그돈으로 최저임금을위한 소상공인 자영업자둘을도와주세요\n국회의원들 받는만큼일하시는분들도잇지만  아닌분들도 많은거같아요
463539,2018-12-08,2019-01-07,0,29,인권/성평등,KBS시청료 거부 합니다.,"국민의 동의와 절차도 없이, 강제로 수금(착취행위)하는\n공영방송의  국가안보를 위한 실정법이 엄연히 존재하건만\n공익과 대중성을 저해하는 방송사의 일탈 행위에\n정부는 묵묵부답의 동조성 책임 회피를 규탄합니다.\n따라서, 국민의 의사에 반하는 공사의 행태에\n시청료를 거부할수 았는 자유와 표현의 행동을 합시다.\n더이상 불안한 정국으로 치닫는 공영방송의 작태에\n철퇴를 가하여야 합니다."
125685,2018-02-02,2018-03-04,0,13,인권/성평등,대통령님!! 박상기 범부부장관을 파면 하십시요!!,"박상기 법무부장관을 파면하십시요!!\n문재인 대통령 각하!\n법 질서를 총괄하는 법무부 장관이 서지현 여검사의,\n성추행 사건을 신고 받고도 묵살하고 덮으려 햇다는 것은,\n실정법 위반 이전에 범무부 장관 자격을 이미 상실한 것입니다.\n만약 박상기 법무부 장관 자녀가,\n안태근 검사같은 성추행범에게 성추행 당햇다면,\n자신의 자녀가 그 치욕과 모멸감에서 8년이란 기나긴 세월을,\n어디 하소연 할길없이 홀로 고뇌와 고통속 몸부림 쳣다면,\n그러한 사실을 알게된 박상기 법무부장관이 그냥 묵살하고,\n덮고 은폐하기에 급급 하엿겟습니가?\n문재인 대통령 각하!\n적폐청산이란 이명박 박근혜 지난정권의 각종 실정법위반이나,\n비리비위 사건에 철퇴를 가하고 나라에 정의를 세우는 것만이,\n적폐청산이 아닙니다.\n문재인 대통령님이 국민을 위해 선택한 부하중에서,\n국민의 고통과 호소를 묵살하고 외면하는 불성실한 부하를,\n가차없이 경질하는 것도 적폐청산이며 진정으로 국민을 위하고,\n나라에 정의를 세우는 위대한 지도자의 강직한 책무 모습인것입니다.\n이미 국민들에게 들어나고 알려진 서지현 성추행 사건을,\n묵살하고 은폐하려한 박상기 법무부 장관을 경질하지 않을 경우,\n오직 국민만을 위해 노력하시는 정의롭고 겸손하신 문재인 대통령에,\n대한 좋은 인식 여론이 급속하게 추락할것이며,\n문재인 대통령도 별수없이 자신 식구나 보호하는.\n지난 역대 부패타락한 정권 지도자들과 같히 제왕적 대통령으로,\n오해 인식되어 엄청난 국민적 불신과 저항에 부딧칠 것입니다.\n문재인 대통령 각하!\n서지현 성추행 사건을 신고 받고도 덮고 묵살하려한,\n박상기 법무부 장관을 파면하십시오.\n그리고 국민들에게 신망받고 잇는 박영수 특검 같은 분들로,\n새롭게 법무부 장관에 발탁하십시오.\n서지형 여검사 성추행 사건은,\n어느 억울한 한 부녀자의 작은 사건 문제가 아닙니다.\n사건추이를 숨죽이고 지켜보는 대한민국 수많은 국민들과,\n대한민국 모든 여성들의 문제입니다.\n우병우 라인이라는 성추행범 안태근 라인의 부하들이,\n법무부 조직을 모두 장악하여 민간인으로 처음 법무부 장관에,\n발탁된 박상기 법무부 장관이 법무부를 관장하는되,\n성추행범 안태근 눈치를 살피지 않을 수 없엇을지 모름니다.\n그래서 서지현 여검사 성추행 사건을 신고 받고도 그냥 외면하고 눈감고,\n묵살하고 덮으려 햇을지 모름니다.\n그러나 이러한 법무부를 관장하기 위한 빙자로 부하들 눈치나 살피는,\n연약한 법무부 장관이라면 절대로 국가와 국민을 위한 정의로운 법무부,\n장관이 아닌 것입니다.\n아흔 아홉마리의 양도 소중하지만,\n잃어버린 단 한 마리의 고통당하는 연약한 양도 귀하게 여길줄 아는,\n지도자가 진정한 정의로운 참된 지도자인것입니다.\n문재인 대통령 각하!\n서지현 여검사 성추행 사건을 묵살하고 덮으려한,\n박상기 법무부 장관을 경질 파면 해임하십시오\n대한민국 국민들과 대통령 각하를 위한 일입니다.\n진실로 대한민국에 법과 정의를 세우고 지키는 일입니다."
476914,2018-12-23,2019-01-22,0,4,농산어촌,농어촌공사의 안일하고 무책임한 업무 이행,"이 글이 이곳의 취지에 맞는지 모르겠습니다.\n그러나 한 번 봐 주십시오.\n저 김 모모는\n2018년 1월\n전북 정읍 모처의\n사과 과수원 4.000평을 임차 하였습니다.\n그리고 계약을 농어촌공사라는 곳에서 하였습니다.\n공사라 하니 믿고 계약 하였습니다.\n생각지 못한 곳이라 계약 후 농어촌공사에 대한 검색을 해봤고, 우연히 농지은행이란 것이 있다는 것도 알았습니다.\n농지은행에는 임대차 과수원이 있더군요.\n깜짝 놀랄만한 일이었습니다.\n저는 평당 3,500원에 계약 했는데, 농지은행에는 보통 평당 1,000원 안팎이더군요.\n농지은행에서만 계약 하도록 법을 만들어 놓고, 수수료를 받도록 돼 있었습니다.\n그럼 임대차료에 대해서도 조정을 해줬어야 되는 것 기본상식 아닙니까?\n조정을 요구 하였습니다.\n그런데 지금에 와서는 당사자간의 거래이니 자기네는 책임이 없다고 무조건 임차료만 내랍니다.\n어제는 임차료가 연체되고 있다는 문자까지 왔습니다.\n돈이 남았다면 벌써 줘버리고 털어버렸을 겁니다만, 돈이 없습니다.\n결산을 해보자면, 2,000만여 원이 있던 통장에 잔고가 0이 되었고, 금융권에서 1,000만원의 대출을 받아 썼습니다.\n그리고 수익은 총 2,500만원입니다.\n귀농 인을 이런 식으로 우롱하는 지역의 지주와 그 토착세력들도 보통 문제가 아닌 것 같습니다.\n지금이라도 상식 수준, 농지은행의 임대물건에 준하는 수준으로 조정 해 준다면, 대출을 하더라도 즉시 지불 할 것입니다.\n귀농을 돈벌이로 생각 했던 것은 아닙니다.\n그렇지만 저런 자들에게 속아 어둑한 새벽 다섯 시부터 이슬에 젖어, 한여름 탈진을 해서 땅바닥에 누워 회복하기를 수없이 하면서, 돈 날리고 몸 망치고, 마음 상하고, 지금은 최저시급 아르바이트를 하고 있습니다.\n1년을 한 푼도 안 쓰고 모아도 저들에게 지불할 돈이 안됩니다.\n현실적인 수준, 상식적인 수준으로의 임차료 조정은 불가능 할까요?\n계약은 계약이니, 속은 자의 잘못이니 어쩔 수 없는 일인가요?\n귀농, 쉬운 일이 아닌데 너무 쉽게 생각하고, 생면부지의 되지 못한 자들을 농촌이라는 막연한 생각으로 쉽게 믿었습니다.\n답답…… 합니다."
391437,2018-09-27,2018-10-27,0,1,안전/환경,동부간선도로에 화장실 설치,"말도 안되는 소리일까 싶지만 저와 같은 경험을 한 분들이 있지 않을까 싶어 처음으로  청와대 사이트에 들어와 봅니다.\n매일 출퇴근 시간이면 동부간선도로는 꽉 막혀있습니다. 사실 동부간선도로 뿐만 아니라 내부순환도로, 분당수서간도로 외에 많은 도로들도 마찬가지 일텐데요. 매일 컨디션이 좋을 순 없고 차를 꼭 끌고 움직여야하는 사람들이 많을꺼라 생각됩니다. 버스운전자, 화물운송차량, 택배차량 등 등 꽉 막히는 도로를 가야만 하는 사람들도 있습니다.\n도로가 꽉 막혀있는 상황에서 갑자기 화장실이 급한경우에 화장실을 찾자니 근처 화장실이 어디있는지도 모르겠고 도로를 빠져나가자니 차들로 꽉 막혀있고 빠져나간다고 해서 화장실을 바로 갈 수 있다는 보장도 없는 마음에 참아보지만 용변이 급하니 운전하기가 힘들어져 이러다 사고가 나지는 않을까 싶은 경우가 있습니다.\n평소에 저는 운전을 할때도 도로에 운전이 험악하거나 급히 가려고 다른 차들에게 피해를 주는 차들을 보면서 저 사람 화장실이 많이 급한가보구나 하고 안쓰럽게 생각합니다. 저 또한 그런 경우가 많았구요.\n저의 바람은 동부간선도로나 내부순환도로 같은 도로에도 좋은 시설이 아니더라도 급한 볼일을 해결할 수 있는 화장실이 설치되었으면 합니다. 그것도 아니라면 근처 공공화장실 안내표지판이라도 설치가 되었으면 하는 바람입니다."
292939,2018-07-02,2018-08-01,0,9,보건복지,정신질환자에 의한 사고가 늘고 있습니다. 그들의 입원을 유지하게 해주세요. (정신건강보건법 개정),"2017년부터 정신건강보건법이 개성되어 수만명의 정신지환자들이 사회에 쏟아져 나온 것으로 알고 있습니다.\n최근 정신질환자에 의한 묻지마 범죄가 급격히 늘고 있습니다.\n이들로 인한 피해는 단순한 재산상의 문제가 아니라 일반시민들의 인명피해로 이어지는 경우가 많습니다.\n아무리 인권이 중요하다하지만, 정신질환자의 인권을 고려한답시고, 많은 일반시민들의 인권을 등한시해도 되는 것인지 의문입니다.\n또한, 정신질환자의 인권 측면에서도, 그들이 사회로 복귀했을때, 가족들로 부터 외면받고, 길거리로 나앉아 보호받지 못하면서 생기는 문제들이 많기 때문에, 병원 등 시설에서 챙겨주는 것이 더 인권존중이라고 생각합니다.\n정신질환자의 특성상 개인과 타인의 안전에 대한 적합한 판단을 못하기 때문에 입원이 필요한 것입니다.\n일부 잘못된 일부 인권론자의 피상적인 의견을 따라 현행 정신건강보건법으로 입원을 유지하지 못하게 강하게 규제한 것은 매우 잘못된 생각이라고 생각합니다.\n선량한 시민들의 안전을 위해 정신건강보건법을 입원에 수월한 방향으로 빠른 개정을 부탁드립니다.\n참고> ""정신과 입원 환자 2만 명, 보호 없이 거리로 나온다""\nhttp://www.kormedi.com/news/news/drug_dist/1223768_2906.html\n참고>\n""조현병 환자, 흉기 난동 잇따라…시민 '불안'""\nhttp://www.nocutnews.co.kr/news/4992451\n""이유없는 ‘묻지마 폭행’…‘조현병’때문?""\nhttp://news.kbs.co.kr/news/view.do?ncd=4000316&ref=A\n""정신질환자 범죄 늘고 있는데…관리체계는 ‘미흡’""\nhttp://www.yonhapnewstv.co.kr/MYH20180626004200038/?did=1825m"
55781,2017-12-01,2017-12-31,0,4,경제민주화,금융사 [ 은행.카드사.캐피탈.저축은행 ] 고금리 폭리 행위 ▶ 여러분의 참여를 바랍니다.,금융사[ 은행.카드사.캐피탈.저축은행 ] 고금리 폭리 행위\n청와대 국민청원 - 여러분의 참여를 바랍니다.\nSNS 많은 공유 부탁합니다.\n문재인 정부는 제일 우선으로 금융권 적폐청산을 해야할것입니다.\n금융권 고금리로 인하여 약자인 국민들은 죽음에까지 몰리게 되기에\n13년 연속 OECD 자살률 1위 나라 - OECD 10만명당 자살률 평균12명 한국 25.6명 2배이상\n국내 금융사 고금리 폭리로 인하여\n2017년 금융사 사업보고서 기준 영업익 & 순이익 25 ~ 30조원 정도 될거라 예상됩니다.\n글로벌 초저금리 시대에 어떻게 보면 국민들 주머니를 턴 행위라 말할수도 있을것입니다.\n국민 등쳐먹는 은행 카드사 금융권 고금리 폭리 관련 ● 매년 30조원이상\n국내\n금융사들 폭리행위 고금리로 폭리 취하는 행위 대하여\n금융사 조달 금리가 1 ~2% 인데 많게는 거의 30% 수준 대출 금리를 받고있습니다.\n은행.카드사.캐피탈.저축은행들\n가계대출 1400조원 돌파 2018년 국가예산 429조원\n글로벌 초저금리 시대에\n유럽 제로금리 일본 - 금리 미국1.25%한국 1.5%\n현 1.5% 금리인 상황에서도 4.5% 금리 일때와\n같은 고금리를 받을수 있게 되었는지 ( 당연히 금리인하가 되어야함에도 안되고 있는 현상 )\n이런 고금리 고착화 구조가 어떻게 만들어지게 되었는지 철저한 감사 후\n반드시 금융권 청문회 후 특검까지 한번은 있어야 그래야 금융권 적폐청산이 이루어질수있을것입니다.\n국내 금융사들이 너무나 편하게 폭리를 취할수 있게 만들어진 구조 타파시켜야\n문재인 정부에서 대부업.저축은행 4년뒤 20% 낮추기 했지만 - 너무 부족한 정책이란 점\n정부 예산 지원으로 서민 대출금리를 낮추기 보다는 금융사 금리를 실질적으로 낮추는 제도를 만들어야\n금융사에 금리 자율을 준건 서로 경쟁으로 금리를 낮추기 위함이였지 -\n금리 단합 형태로\n국민들 등쳐먹는 행위를 하라구 금융사 금리 자율을 준게 아니기에\n금융권 직원들 보너스 돈잔치\n금융권들이 초과이익성과금제도를 만들어서 더욱더 폭리 고금리 행위 고착화시켜\n국민들 지갑에서 갈취하는 수준의 고금리 폭리 취하고 있습니다.\n예) 5등급이하 카드사.캐피탈.저축은행 18 ~ 29% 수준의 고금리 형태\n▶ 금융권 유리하게 만든 현 신용등급체계 또한 빠르게 국민들을 위한 신용등급체계로 바꿔야 합니다.\n▶ 신용등급으로 금융권이 너무나 쉽게 폭리 취하는 형태 - 빠른 개선이 필요한 부분입니다.\n이게 날강도 수준이지\n특히 서민들 5등급이하 카드사.캐피탈.저축은행등 15 ~ 29% 대출 금리 폭리로 인하여\n죽음에 까지 몰리게 되는 국민들이 너무 많기에 - 또는 가정파괴되는 현상\n글로벌 초저금리로 인하여\n실질적으로 금융권 고금리를 낮추는 제도를 만들어야 함에도 불구하구\n금융권 폭리를 지원하는 국가예산 또한 최대한 줄이거나 없애야 합니다.\n금융권에 국가예산을 지원하면서\n내년 역시 10조원이상 미소금융.햇살론등 지원하게 된 배경등에 대하여도\n제대로 된 조사가 있어야 합니다.\n어떻게 금융권 편하게 고수익 창출을 할수있게 지원하는 예산배정을 하게되었는지 감사의 필요성\n금융권 직접적인 금리인하를 하게 만들어야함에도\n국가예산을 사용하면서 금융권 폭리를 고금리를 도와주구 있으니 - 누구에 의해서 이런 정책이 이루어지는건지\n관련글 ▶ 국민 등쳐먹는 은행 카드사 금융권 고금리 폭리 관련 ● 매년 30조원이상\nhttp://rada21.tistory.com/3786\n관련 기사 ▶ 청년 실업이 그들만의 문제가 아닌 까닭\nhttp://news.naver.com/main/read.nhn?mode=LSD&mid=shm&sid1=102&oid=032&aid=0002826468\n13년 연속 OECD 자살률 1위 나라입니다.\n2016년 OECD 10만명당 자살률 평균 12명 대한민국 25.6명 2배이상\n5등급이하 서민들 대상 1금융 ~2금융 폭리 금리로 인한 금융정책으로 인하여\n국민들 자살률 또한 높아졌다고 할수있을것입니다.\n국내 10 ~ 30대 사망원인 1위 자살입니다. 너무 살기 힘들어진 대한민국 청춘들\n실질적으로 금융사에서 직접 금리를 낮추는 정책을 만들어야 함에도\n국가 예산을 지원하는 서민 금융 정책으로 인하여 현 10조 지원중\n국가 예산으로 금융사 수익을 늘려주는 정책을 펼치고 있는것입니다.\n언제 쯤 국내 금융사 폭리가 사라질까요. 국내 금융사가 언제쯤 선진국 수준으로 개선 될까요?\n▶\n한국은행 2016년 부실 위험가구 126만3000가구 보유한 부채 186조7000억원 파악\n가처분소득의 40% 이상을 빚 갚는 데 쓰고 있는 고위험가구 31만가구 부채 62조원\n한국은행 대출금리 1%포인트 오를 경우\n고위험가구 수는 34만가구 보유 부채는 71조2000억원으로 증가예상\n◀
208412,2018-04-21,2018-05-21,0,8,농산어촌,적폐기업 농협을 해체해야합니다,농협은 에전부터 문제 많앗습니다 농민들 피땀흘리게 일한거 고스란히 떼먹고 시스템 사람 모두 적페의 모순중 하나입니다  자본금은 몇조넘게 가져도 고작 농협에서 일하는.게약직직원은 아직도 최저임금을 받고 심지어 공휴일까지 일을 시킵니다\n임원들은 수많은 연봉을 받고 그러케 오랫동안 다니면서 게약직직원은 최저임금에다ㅜ 고작 1년짜리도 아닌 6개월 심지어 3개월 게약 직 알바형식으러 두고 채용시스템도 적페의 모순중 하나입니다\n그리거 농민들한테끼지 폐를 끼치는 기업중하나입니다  그것도 아주 낡고 썩은  농협만의 특정 구조 때문이져\n이명박시절부터 말이.나왓지만 혁신할 생각을 전혀 없는게 농협입니다\n농협 해체  이거야말로 적페청산입니다
357857,2018-08-28,2018-09-27,0,1,일자리,채용검사에서 만성질환자에 대한 편견을 없애주세요,"안녕하세요. 만성신부전을 앓고 있는 30대 청년입니다.\n저는 만성질환을 가지고 있지만, 일상 생활에 아무 문제가 없습니다.\n하지만 건강한 사람들도 어려운 취업환경에서 취업이 너무 힘겼습니다.\n대통령님의 일자리 공약에서 공무원, 재단, 공기업등의 취업을 확대하고 있지만,\n공무원 채용검사에 만성질환자는 결격사유에 해당한다는 문구때문에\n저희 같은 만성질환자는 꿈도 꾸지 못하고 있습니다.\n청원 게시판을 보니 저와 같은 신부전 뿐만 아니라, 다른 만성질환자 분들과 색맹등\n일상생활에 전혀 지장이 없는데도 채용에 어려움을 겪는 일반 사람들이 많습니다.\n저희의 편견을 없애주세요.\n저희도 당당하게 공무원, 재단, 공기업등에서 저희의 능력을 펼칠 수 있는 기회를 부탁드립니다."
310127,2018-07-18,2018-08-17,0,25,육아/교육,문대통령님 동두천 어린이집 사고의 가해자들을 엄벌에 처해주세요,대통령님 4살배기 아기를 둔 아이엄마로써 안타깝고 걱정이 한가득입니다 이번 동두천어린이집사고는 정말있을수 없는 사고입니다 저희아이도 똑같은 차를 타고 다니지만 일단 기사분외에 선생님이 두분 타셔서 아이들을 맞이하고 내릴때도 데리고 내리십니다 도저히 과실이라고 고의성이 없었다고 볼수가 없습니다 선생님이 앞뒤로 한번만 보면 다 아는 크기의 차입니다 그리고 이건 선생님들이 없었거나 있었더라도 먼저내린경우에 생길수있는 상황일수밖에 없는것입니다 아이가 죽었습니다 이 나라의 미래를 이끌어갈 하나의 생명이 어처구니 없는 무책임한 선생들의 행동으로 져버렸습니다 이번에 강력한 처벌을 하지 않으면 또 발생할 일입니다 벌금이 아니라 강력한 처벌을 해주십시오 미국에는 아이들 부모가 차에 아이를 두고나왔을때 이런 일이 벌어져도 종신형까지도 가는걸 봤습니다 최고 15년형은 주어야한다고 생각합니다 제발 그렇게 해주십시오
474769,2018-12-20,2019-01-19,0,21,반려동물,문재인 대통령님 하야해주세요,제발. 박근혜 하야하길 바랄 때 보다 10101001010배는 더 간절합니다. 제발요 ㅠㅠ
496038,2019-01-14,2019-02-13,0,68,안전/환경,"중국발 미세먼지 대책이 없다면, 솔직히 말씀 해 주세요.",9살 딸아이 키우는 평범한 아빠 입니다.\n미세먼지 관련해서 국내 대책 말고는 없는거죠?\n대책이 없다면 그냥 이민을 가려고 해서요.\n저희 집안이 호흡기가 안좋아서 대한민국에서는\n살수가 없습니다.\n미세먼지 저감조치 같은거 말고요\n중국발 미세먼지는 대책이 없다면\n국민에게 솔직히 없다고 말씀 해 주세요.\n이민을 고려 하고 있는 국민들을 위해서\n꼭 부탁 드립니다.
344275,2018-08-16,2018-09-15,0,10,농산어촌,개고기 도축 합법화,개고기를 즐겨먹는 평범한 시민입니다.\n먹을때마다 느끼지만 도축과정이 위생적으로 이루어질까?\n한번쯤은 생각하고  먹습니다.정부관리하에 안전하게 억을수 있도록  개도축 합법화 부탁드립니다
141679,2018-02-18,2018-03-20,0,40,경제민주화,GM대우 정부지원 하지 말아주세요,현재 GM대우는 실업자수를 볼모로 지원을 요청중입니다\n거기에 한술더떠서 노조는 파업하려고 합니다! 일반중소기업이나 웬만한 회사는 연봉 4천 넘기가 힘듭니다\n진짜  주야간 일하고 토요일 일요일 특근 하고해야 세금 제하고 해야 간신히 넘을겁니다 현재 일반 생산근로자들의 현실입니다\n영세기업 근로자들은 더 안좋은게  현실입니다\n현재 자동차완성차 회사들 연봉이 얼마인지 아십니까? 왜 귀족노조라고 하는지 아십니까? 제가 알기론 GM대우도 귀족 노조로 알고있습니다 평균연봉이 7500을 넘는다고 알고 있습니다! 또한 경영진들도 경영을 너무 아니하게 해서 이렇게 군산폐쇄란 카드를 들고 나온겁니다!\n정말로  정상화를 위한다면 노조도 연봉삭감하고 경영진들도 자기네들 연봉줄이고 그렇게 해서 완성차 단가를 낮추고 좋은차를 내놓으면 소비자들도 박수를 칠겁니다\n엉뚱한 협력업체 단가나 낮추고 꼼수부려서 차량옵션  빼고 해서 단가 내리면 뭐하나요 동일옵션에 현대 기아 차가 더 저렴하니 현대 기아차 싫어도 구매하는겁니다  노사가 이런 노력도 없이\n정부지원안하면 철수라던지 폐쇄란 카드를 내놓고 노조는 연쇄파업한다하고 진짜 일반 서민으로서 저의 세금이 그런식으로 사용 한다는건 절대 반대합니다! 물론 지역경제나 실업자분들 때문에 고민이신건 알지만 이렇게 까지 오기까지는\n노조와 회사 경영이 문제가 있기때문 입니다!  저는 저의 세금이 GM대우를 지원하는데 사용하는것을 반대합니다
300468,2018-07-08,2018-08-07,0,42,미래,이게나라냐? 국회특별비폐지,얼마전에 국회특별비를 보고 놀랬습니다...세금을 물쓰듯이 펑펑 썼더라구요\n이게나라냐? 일도안하고 국민들을 화나게하는 국회의원 나라일하라고 제대로하라고 국민들이\n뽑아준겁니다 근데 지네뱃속만채울려고 바빴어요 특별비가뭡니까? 의원들아\n특수활동비입니다 좋은데 또는 정말필요로하는곳에쓰라고 있는거죠\n근데 나라일에쓰지않고 생활비 해외갈때 쓰라고는안했잖아요 물쓰듯이 펑펑 씁니까? 장난합니까?\n어디에썼는지 영수증도공개도안하고 뭐하자는겁니까?\n이게나라냐? 어이가없네....나라일안하고 대충하는 의원들에게 월급주지맙시다 아까워요\n나라일도 안하고 집안싸움 지겹네 의원인지 파이터인지 헷갈리네요\n정말필요하는법은 여야가나눠져 서로 싸우고 막말하고 단식하겠네 쇼하면서\n필요없는 법은 여야가합쳐서 잽싸게 통과시키고 한심하네요 의원들\n이게나라냐? 국민들은 능력이좋아서 세금을 꼬박꼬박내는줄압니까?\n힘들게일해서 내는겁니다...\n국회특별비 폐지
293659,2018-07-02,2018-08-01,0,95,안전/환경,난민피해  퍼왔습니다.,"본문으로 바로가기\n하단메뉴 바로가기\n메뉴\n국민청원 및 제안\n최신순\n추천순\n분야별 청원\n답변된 청원\n청원진행중\n난민은 제주도 뿐만아니라 대한민국 전체에서 줄여야 합니다.\n참여인원 : [ 71,265명 ]\n카테고리안전/환경 청원시작2018-06-22 청원마감2018-07-22 청원인twitter - ***\n청원시작\n청원진행중\n청원종료\n브리핑\n청원개요\n전국에서 특이나 지방에서 난민이 급증하고 있습니다.\n인도주의 좋습니다.\n저와 같은 일을 겪는다면, 제 마음을 조금이라고 이해하려고 하신다면\n난민을 받아드리지 않을 것 입니다.\n결론적으로 난민은 위험합니다.\n정부나 경찰은 현실적으로 아직도 정확한 국적을 정확히 파악하지 못하고 있을 것입니다.\n이집트인 이라고 하면 사실 막연하기 나름이죠\n그들이 전자여권을 이용하는 것도 아니고 조작은 얼마나 가능합니다.\n그 나라에 있을 때에도 무슨일을 하다가 넘어 왔는지 알지 못합니다\n범죄자였었는지 도둑이었는지 강도이었는지\n모든건 그들이 말하기 나름이니까요\n나는 예면에서 회계사를 했었다고 하면 그런 줄 압니다.\n그때도 그랬겠지요\n당시 범죄자의 나이는 20대였고 그 부인은 더 어렸을 겁니다.\n경찰은 또는 이민국은 남자가 회계사고 여자가 방송사에서 근무했었다는 이야기를 했는데\n곰곰히 생각해 보면 그 나이에 그 정도면\n그 나라에서 누가 생각하더라도 엘리트 또는 상위 직업과 사회적 지위를 가지고 있었을 겁니다.\n그랬다면 시기로 보았을때 우리나라까지 넘어오지 않아도 되었을 겁니다.\n범죄를 저지르고 나서는 아픈 어머니가 있다고 고국으로 가야한다고 했습니다.\n도대체 왜 온 것일까요?\n도대체 왜 받아드려준 것인가요?\n문재인 대통령님\n난민 신청을 하는 자들이 만들어 내는 범죄가 상당히 많습니다.\n그 중에는 저같이 강도살인을 당한 유가족이 될 수도 있는거구요.\n그 당시 범죄를 당하셨던 저의 아버지는 역대 대통령님들의 표창을 받을 정도로 국가 및 지역사회 발전을 위해서 힘써 오신 분이었습니다. 범행현장은 아버지가 홀몸어르신과 어려운 이웃을 위해 매년 수차례 불우이웃 돕기 성금을 내시며 일생동안 주변지인들에게 자식자랑, 손자손녀자랑으로 시간을 보내며 생활을 하시던 그런 공간이었습니다.\n그의 생활과 삶, 그리고 세월이 녹아있는 그 공간에서 끔찍한 사건이 발생했습니다.\n아마 협박을 했다면 아버지가 물건이나 현금이나 안 줬을리 없을 텐데 어찌 그리 한마디도 못하고 아무런 대처도 못하게 시계수리를 일부러 맡겨놓고 뒤에서 몰래 다가와 단칼에 목숨을 빼앗아갈 수가 있는지요. 목에 칼이 11센치가 들어갔습니다. CT상 9센치이나 부검결과 11센치로 확인되었습니다. 목 두께가 얼마나 되는지 아십니까?. 경찰은 부검결과 칼을 꼽은 다음 힘을 줘서 눌렀을 것이라 했습니다. 매우 잔인합니다. 담당 의사의 말로는 척추사이를 깨끗이 관통하여 절단된 상태라고 했습니다.\n어찌 그리 물건을 훔치기 위해서 사람의 목숨을 쉽게 해칠 수 있는지요. 아무것도 모르고 죽임을 당한 저희 아버지는 억울해서 어찌합니까?\n사건관련 조사를 했던 경찰에게서 가방에서 할랄식품이 발견되었다고 했습니다. 할랄식품은 이집트인들이 즐겨먹는 음식입니다. 그리고 피의자가 좋아하는 할랄식품을 판매하는 매장이 가까운 곳에 있어 지나가는 길에 범행현장을 자주 들러보았을 겁니다. 경주에는 그곳에서만 판매합니다. 자주 들러보며 아마도 손쉽게 범행이 가능할 꺼라 생각하고 계획했을 것으로 보입니다.\n그리고 검사, 변호인, 피의자가 밖에서 금을 보고 들어갔다고 계속해서 이야기를 하고 있는데, 밖에서는 보이지 않습니다. 바깥진열장에는 소금, 골동품 등이 전시되어 있었습니다. 입구쪽에도 빛 때문에 색이 바랠수 있어서 오후에 해가 질 때 즈음해서 외부에서 보일 수 있게 하기 때문에 오전이었던 범행시간에는 외부에서 보일 수가 없습니다.\n건강에 문제가 있는 분도 아니셨고 앞으로 얼마든지 더 사실 수 있는 분을 하루 아침에 돌아가시게 만든 겁니다. 아버지는 앞으로도 몇 십년은 더 사신다고 생각하셨고 앞으로 어떻게 살지에 대해 늘 고민하고 계획을 자식들에게 말씀하셨던 분입니다.\n살아가는데 있어서 돈은 필요하지만 중요한 것이 아니다 중요한 것은 사람이라고 주위에 어려운 사람 있으면 도와가면서 같이 살아야한다고 늘 강조하시던 아버지였습니다. 실제로 매년 연초와 연말에 항상 어려운 이웃을 위해 기부하셨습니다. 사건이 있기 5일전에도 불우이웃 돕기를 하셔서 뉴스에 나오기도 했습니다. 가게 맞은편에 경주에 정착하려는 베트남 부부가 있었는데 실제 정착할 수 있게 많이 도와주시기도 하셨습니다.\n저는 사건 이후로 무엇을 해도 즐거운 일이 없습니다. 무엇을 먹어도 맛있는 것도 없습니다. 한참 이쁜 때인 아이들을 보아도 아무일 없던 것처럼 이뻐해 주지도 못하고 아내에게 그리고 가족에게 다정하게 잘 챙겨주지도 못합니다.\n아버지가 영문도 모르고 그렇게 갑자기 무참히 죽임을 당했는데 제가 어찌 행복할 수가 있겠습니까. 남은 유족의 고통은 끝이 없습니다. 피의자는 이렇게 피해자뿐만 아니라 유가족들의 행복을 짓밟아놓았습니다.\n아이들이 아버지의 사진을 보면 아는 사람을 보듯이 손가락질을 하며 소리를 내는데 저는 가슴이 너무나 아픕니다. 그들에겐 하나뿐인 할아버지가 사라졌습니다. 아버지가 손자, 손녀, 외손녀도 매우 좋아하셨는데 너무 어릴때 돌아가셔서 제대로 된 재롱도 못보고 이렇게 가셨네요.\n당시에 손자는 태어난지 보름도 안되서 아버지의 품에 한 번도 안겨보지도 못했습니다.\n나중에 아이가 커서 할아버지는 어떻게 돌아가셨는지 물어온다면 저는 이 해맑은 아이들에게 뭐라고 대답을 해줘야할지 생각하면 벌써부터 가슴이 먹먹해져옵니다.\n저에게 유일하게 남은 부모님이셨던 아버지가 돌아가셨습니다. 그것도 질병이나 교통사고로 인해 돌아가신 것도 아니고 알지도 못하는 외국인에게 죽임을 당해서 돌아가시다니요. 저는 하늘이 무너진 것 같습니다.\n저는 당시 충격으로 인해 이명증상이 발생하여 고주파 난청 소견이 있는데, 치료 결과 더 이상 방법이 없다고 한 상태이며, 사람이 많은 곳에서 말을 잘 듣지 못하고 있습니다.\n누이와 제 동생도 의료법인에서 심리 상담을 받고 있으며, 동생은 사건이후 삶에 대한 의욕을 잃고 지방공무원직을 휴직하고 한국을 떠나 있는 상태입니다.\n피의자는 아버지를 강도 살인한 후에 2016년 2월에 이루어진 현장검증 및 수사과정에서 “I don't know""로 일관하는 모습을 보였습니다. 3월 2일 경주교도소에 근무했던 지인의 말을 들었을 때는 기억이 나지 않는다며 웃으며 이야기를 했었다 들었습니다. 지난 4월 25일 재판 그리고 6월 3일 이루어진 공판 준비 기일에서는 눈물을 흘리면서 반성하는 듯한 모습을 보였으나, 이는 2월, 3월 현장 검증 및 수사과정에서 ”I don't know""로 일관하던 모습 그리고 당시 경찰에서 들었던 것 등과는 매우 상반되는 모습을 보였습니다. 오늘 7월 11일에도 반성하는 듯한 모습을 보이며 배심원님들의 시선을 끌고 있습니다.\n우리 가족은 앞으로도 아픔을 가진채 계속 살아가야하나 이 범죄자는 내려진 형벌이 끝나면 본국으로 돌아가서 아무 일 없었던 듯이 살 수 있습니다.\n부디 엄중히 처벌을 통해 사회에 위악을 끼치는 이 자를 처벌해 주십시오.\n무엇보다 다시는 이런 일이 일어나서는 안 된다는 각성이 좀 필요할 것 같습니다. 국가가 최소한의 국민의 생명을 지켜줘야 할 의무가 있지 않습니까?\n누군가가 사망하면 그 이후 남은 가족은 아프고 슬픕니다. 사회적으로 이런 슬픔들은 언론에서 보여주지 않고 3-4분 만에 출동하여 효율적이고 신속하게 검거하는 쾌거만을 강조하는 것을 보도한 경찰과 언론은 아마 국민의 생명에는 안위가 없는 태도가 아닌가 하는 생각도 들었습니다. 이 자리를 빌어 만약 오늘의 사건을 보도한다면, 잔혹한 살인자와 이런 사건으로 고통받고 있는 피해자에 대한 이야기를 볼 수 있기를 기대합니다.\n제가 경험한 난민들은\n범죄를 저지르고 그들이 더 억울해하고\n살인을 저지르고도 그럴수 밖에 없었다는 뻔뻔한 이해할 수 없는 이야기를 하고\n남의 가족은 아랑곳하지않는 그것이 당연했습니다.\n사건의 진실을 더 알고자(공범 등)행동했을때는\n그들은 집단행동을 하려했고 무서웠습니다.\n살아온 가치관이 달라도 너무 다릅니다.\n인도주의적으로 한다면 적어도 최소한의 도덕심은 가지고 있는 사람을 받아야하는 게 아닌가 싶습니다.\n아마도 우리 눈에 제 눈에 이질감이 느껴지듯,\n그들 눈에도 이미 타국의 사람들은 이질감이 느껴질 것입니다.\n앞으로도 어떤일이 더 생길지 알수 없습니다.\n제주도 뿐만아니라 전국에서 난민들은 정리가 되어야 합니다.\n청원동의 71,265 명\n동의하기 댓글 입력\n동의합니다.\n동의\nnaver - *** 동의합니다.\nnaver - *** 동의합니다.\nnaver - *** 동의합니다.\nnaver - *** 동의합니다.\nfacebook - *** 동의합니다.\nnaver - *** 동의합니다.\nnaver - *** 동의합니다.\nnaver - *** 동의합니다.\nnaver - *** 동의합니다.\nnaver - *** 동의합니다.\n1 2 3 4 5 6 7 Next\n문재인 대통령 1주년 홈페이지 바로가기\n7월 2일「11시 50분 청와대입니다」52시간, 노동시간 단축을 맞는 청와대의 모습은?\n추천순 TOP 5\n1. 제주도 불법 난민 신청 문제에 따른 난민법, 무사증 입국, 난민신청허가 폐지/개헌 청원합니다.\n2. 개.고양이 식용종식 전동연(개를 가축에서 제외하라)\n3. 대구 동성로/서울 시청광장 퀴어행사(동성애축제)개최를 반대합니다.\n4. 귀화가 아닌 3년거주 외국인의 지방선거 선거참여 당장 철회해 주세요!\n5. 가해자들은 떳떳이 생활하고, 집단 성폭행 당한 피해자인 저희아이는 오히려 더 죄인같이 생활하고 있습니다. 미성년자 성폭행범 처벌을 더 강하하여 주세요.\n답변된 청원\n· 한나네 유기견보호소 폐쇄 반대\n· TV조선 종편 허가 취소\n· 어른들에게 성적 학대와 조롱을 당하고 있는 아이들을 구해주세요.\n· 광주 택시탑승 시비 집단폭행 사건 조사 및 처벌 요구 청원\n· 국회의원 위법사실 전수조사\n· 삼성증권 시스템 규제와 공매도 금지\n· 세월호 관련 청문회 위증한 조여옥 대위 징계바랍니다.\n오늘의 한장\n노동시간 단축 과로사회 탈출\n노동시간 단축 과로사회 탈출\n사이트맵\nCONTACT INFO\n(+82) 02-730-5800\n담당자 메일 : 메일보내기\n03048 서울특별시 종로구 청와대로 1 대통령 비서실\n개인정보처리방침저작권 정책사이트맵오시는 길\n해당 메일은 기능 장애 등 홈페이지 관련 문의만 접수합니다.\n청와대 및 정부에 대한 민원·제안 및 공익신고·고발 등은 국민신문고(www.epeople.go.kr)로 접수해주시길 부탁드립니다.\n© Office of the President. All rights reserved."
55524,2017-11-30,2017-12-30,0,0,행정,방송통신심의위원회 6개월동안  일안하는데,대통령님\n어떻게 생각하세요
504557,2019-01-23,2019-02-22,0,7,경제민주화,자동차보험료 요율조정 요청,"자동차 보험료 요율적용 방식을 변경해 주세요.\n지금은 보험사의 편의내지 편익위주로 일괄인상만 하여 손해율을 낮추고 있어서\n사고를 많이 내는 보험가입자는 상대적으로 적은 보험료를 내고, 수십년간 장기 무사고 보험가입자는 어느한도까지 요율이 내려가면 더이상 내려가지 않아\n상대적으로 많은 보험료를 부담해야 하는 구조이다.\n사고를 많이 내를 사람은 무슨 벼슬을 했기에 혜택을 받고,\n사고를 내지 않는 사람은 또 무슨 죄가 있어서 남의 손해율까지 책임져야 합니까?\n사고를 많이 내는사람은 보험보상으로 보험사에 손해를 많이 끼쳤으므로 더 많은 부담을 주어 사고를 줄이게 해야하고, 사고를 내지않고 장기간 보험료만 납부함으로써 보험사에 막대한 이익을 준 사람은 보험료를 대폭 낮추어서 사고를 예방하는 환경을 만들어야 한다\n수십년간 무사고 운전자에게 있어서 1년에 10만원도 사실살 아까운 보험료일 수 있는 것이다.\n자동차보험은 준조세적 성격으로 무조건 가입원칙이며, 가입하지 않으면 처벌이 따르는 부분도 있다.\n결론은 보험요율을 1,000%~5%(또는 인상과 인하의 한계를 철폐)까지 폭넓게 적용하여 무사고 운전자의 억울함을 줄이는 것이 합당하다고 봅니다.\n사고룰 줄이는 동기부여도 되고 ...\n무사고 운전자의 보험료를 대폭 인하할 수 있는 조건을 만들어 주세요."
160571,2018-03-07,2018-04-06,0,21,행정,적십자 회비 고지서 및개인 정보 제공 중단 요청,"적십자 회비 고지서가 매년 1만원씩 내라고 오는군요..\n것도 세금 고지서와 똑 같은 양식으로 .. 안내면 한해서 5번 이고 6번이고 보내는 군요 ,.\n무슨 독촉장도 아니고  내던지 말던지 개인의 의사 아닌가요?\n행안부에서 개인의 세대주 정보랑 주소를 적십자에게 제공하는거로 아는데\n지금 개인정보 보호법이 개정된거로 압니다. 적십자에게 제공하는 개인의 정보 당장 중지 시켜주세요\n그리고 세금 고지서 처럼 위장해서 보내는 적십자 회비 고지서 변경시켜 주세요 . 아직 시골어르신들은\n세금인줄 아시고. 일반 개인들도 세금인줄 착각 하는 분이 많습니다."
492843,2019-01-10,2019-02-09,0,29,교통/건축/국토,"""관광서를 못믿으면 대한민국을 떠나야지""","저는 제주시민으로써 제주시 건축과, 제주특별자치도 부패방지위원회,  제주파견 감사원직원 등에게\n왜 내가 호텔대표로부터 '관공서를 못믿으면 대한민국을 떠나라""는 말을 왜 들어야 했는지 문제제기합니다.\n또한 아래와 같이 문제의 특정지역부호세력 관광숙박호텔을 위해 공무원들이 저지른 각종 불법행위에 대해\n고발합니다.\n1. 수변경관지구를  관광숙박시설 부지로 불법 건축허가\n제주특별자치도도시계획조례 제43조(경관지구에서의 건축제한) 1항1목 별표27에 의거 수변경관지구에서는 관광숙박시설(관광호텔 등)을 건축할 수 없다고 명시됨에도 불구하고 제주시 건축과는 특정호텔 대지면적에 수변경관지구를 포함하여 건축허가를 해주었습니다.\n2. 불법적인 호텔개발행위 허가와 의제(인정)처리\n제주특별자치도 도시계획조례 제23조(개발행위허가의 규모)제2항에 의거, 각각의 용도지역의 개발행위의 규모에 관한 규정을 적용한다. 다만 개발행위허가의 대상인 토지의 총면적이 해당 토지가 걸쳐있는 용도지역 중 개발행위의 규모가 가장 큰 용도지역의 개발행위의 규모를 초과하여서는 아니된다고 명시되었습니다.\n호텔 부지는 345번지(대 347㎡), 345-11번지(전 1,667㎡), 345-2번지(전 1,091㎡) 총  3필지이었습니다.\n이 중 345번지와 345-11번지는 수변경관지구와 취락지구이면서 자연녹지지역,지하수자원특별관리구역입니다.\n제주시 건축과에서는 해당부지에 호텔건축이 불가하자, 345번지를 먼저 제2종근생시설로 허가처리한 다음 345-11과 345-2번지를 합쳐서 관광숙박시설로 개발행위허가 처리를 하였습니다.\n3. 불법 농지전용과 용도변경\n이 호텔은 법인소유로, 이 법인은 13년 6월28에 창립하였고, 13년 7월19일에 호텔부지를 제2종 근린생활시설로 바로 농지전용과 건축허가를 득한 후, 13년 8월14일 호텔부지 3필지 소유권을 취득하였습니다.\n그리고 이를 다시 회원모집과 자체분양이 가능한 상위시설군인 관광숙박호텔로 용도변경과 건축허가를 득하였습니다.\n그런데 이 회사 법인등기부등본에 기재된 목적은 농업과 전혀 상관없는 건설업, 식음료·다류 및 주류판매업, 관광숙박업, 부동산개발업, 부동산 임대 및 매매(분양)업 등입니다.\n이외에도 건폐율과 용적률 초과, 불법 지하층이면서 지하를 지상화함, 지상층수 위반, 대지안의 공지 위반, 정원면적 미달, 연면적 등 말 그대로 불법과 위법덩어리입니다.\n중요한 것은 위 위법사항들 모두가 근린생활시설에서 관광숙박시설로 인허가 의제처리되면서, 호텔부지가 ‘수변경관지구’임을 감췄다는 것입니다.\n즉 이 호텔 사업계획 승인서 1페이지 사업장 위치란에 용도를 ‘자연녹지와 취락지구’만 적혀있고, 5페이지 개발행위허가 협의 허가내역란에도 역시 ‘자연녹지와 취락지구’만 적혀있습니다.그리고 6페이지 농지전용허가 협의란에도 용도지역을 ‘자연녹지’라고만 적혀 있을 뿐입니다.\n즉 ‘눈가리고 아웅’한 것입니다.\n이런 무시한 불법행위를 저지른 건축과공무원들은 호텔이 준공될 때까지 “절차상 문제없다, 사용승인 신청이 접수되면 건축사협회에 사용검사를 의뢰하여 설계ㆍ감리자가 아닌 제3의 건축사가 현장검사 후 검사서류가 제출되어봐야 안다”는 답변을 해댔던 것입니다.\n본인들의 안전을 위해 지금까지도 묵인과 은폐, 호텔측 비호까지 하고 있습니다.\n특히 감사권한이 있는 감사원(광주사무소), 제주파견 감사원 직원조차도 불법 덩어리 관광숙박호텔을 위해 책임회피와 묵인으로 뺑뺑이식 감사(민원)처리를 하였습니다.\n이러한 중대한 위(불)법사안임에도 불구하고 결국 호텔은 아무런 걸림돌 없이 2016.12.20에 사용승인 되었고, 이를 완수한 공무원들은 국장이 되거나 팀장 또는 직급승진이 되었습니다.\n결국 이로 인한 피해는 오로지 사회적 약자만이 감수할 뿐이고, 저는 18년 4월 26일 호텔대표로부터 관공서를 못믿으면 대한민국을 떠나란 소리까지 들어야만 했습니다.\n국민여러분과 대통령님께 호소합니다.\n이렇게 본분을 잊은 채 지역소시민의 삶의 터전은 나몰라라하고, 지역부호세력의 관광숙박호텔을 위해선 온갖 불(위)법도 불사한 이 공무원들이 여전히 건축업무를 맡고 있는 있습니다.\n이들이 국민의 세금인 공무원연금 받을 자격과 공무수행이라는 지위가 필요합니까?\n1. 수변경관지구를 관광숙박시설의 부지로 건축허가\n제주특별자치도도시계획조례 제43조(경관지구에서의 건축제한) 1항1목 별표27에 의거 수변경관지구에서는 관광숙박시설(관광호텔 등)을 건축할 수 없다고 명시됨에도 불구하고 제주시 건축과는 이호텔 대지면적에 수변경관지구를 포함하여 건축허가를 해주었습니다.\n2. 불법적인 호텔개발행위 허가와 의제(인정)처리\n제주특별자치도 도시계획조례 제23조(개발행위허가의 규모)제2항에 의거, 각각의 용도지역의 개발행위의 규모에 관한 규정을 적용한다. 다만 개발행위허가의 대상인 토지의 총면적이 해당 토지가 걸쳐있는 용도지역 중 개발행위의 규모가 가장 큰 용도지역의 개발행위의 규모를 초과하여서는 아니된다고 명시되었습니다.\n호텔 부지는 345번지(대 347㎡), 345-11번지(전 1,667㎡), 345-2번지(전 1,091㎡) 총  3필지이었습니다.\n이 중 345번지와 345-11번지는 수변경관지구와 취락지구이면서 자연녹지지역,지하수자원특별관리구역입니다.\n제주시 건축과에서는 해당부지에 호텔건축이 불가하자, 345번지를 먼저 제2종근생시설로 허가처리한 다음 345-11과 345-2번지를 합쳐서 관광숙박시설로 개발행위허가 처리를 하였습니다.\n3. 불법 농지전용과 용도변경\n이 호텔은 법인소유로, 이 법인은 13년 6월28에 창립하였고, 13년 7월19일에 호텔부지를 제2종 근린생활시설로 바로 농지전용과 건축허가를 득한 후, 13년 8월14일 호텔부지 3필지 소유권을 취득하였습니다.\n그리고 이를 다시 회원모집과 자체분양이 가능한 상위시설군인 관광숙박호텔로 용도변경과 건축허가를 득하였습니다.\n그런데 이 회사 법인등기부등본에 기재된 목적은 농업과 전혀 상관없는 건설업, 식음료·다류 및 주류판매업, 관광숙박업, 부동산개발업, 부동산 임대 및 매매(분양)업 등입니다.\n이외에도 건폐율과 용적률 초과, 불법 지하층이면서 지하를 지상화함, 지상층수 위반, 대지안의 공지 위반, 정원면적 미달, 연면적 등 말 그대로 불법과 위법덩어리입니다.\n중요한 것은 위 위법사항들 모두가 근린생활시설에서 관광숙박시설로 인허가 의제처리되면서, 호텔부지가 ‘수변경관지구’임을 감췄다는 것입니다.\n즉 이 호텔 사업계획 승인서 1페이지 사업장 위치란에 용도를 ‘자연녹지와 취락지구’만 적혀있고, 5페이지 개발행위허가 협의 허가내역란에도 역시 ‘자연녹지와 취락지구’만 적혀있습니다.그리고 6페이지 농지전용허가 협의란에도 용도지역을 ‘자연녹지’라고만 적혀 있을 뿐입니다.\n즉 ‘눈가리고 아웅’한 것입니다.\n이런 무시한 불법행위를 저지른 건축과공무원들은 호텔이 준공될 때까지 “절차상 문제없다, 사용승인 신청이 접수되면 건축사협회에 사용검사를 의뢰하여 설계ㆍ감리자가 아닌 제3의 건축사가 현장검사 후 검사서류가 제출되어봐야 안다”는 답변을 해댔던 것입니다.\n본인들의 안전을 위해 지금까지도 묵인과 은폐, 호텔측 비호까지 하고 있습니다.\n특히 감사권한이 있는 감사원(광주사무소), 제주파견 감사원 직원조차도 불법 덩어리 관광숙박호텔을 위해 책임회피와 묵인으로 뺑뺑이식 감사(민원)처리를 하였습니다.\n이러한 중대한 위(불)법사안임에도 불구하고 결국 호텔은 아무런 걸림돌 없이 2016.12.20에 사용승인 되었고, 이를 완수한 공무원들은 국장이 되거나 팀장 또는 직급승진이 되었습니다.\n결국 이로 인한 피해는 오로지 사회적 약자만이 감수할 뿐이고, 저는 18년 4월 26일 호텔대표로부터 관공서를 못믿으면 대한민국을 떠나란 소리까지 들어야만 했습니다.\n국민여러분과 대통령님께 호소합니다.\n이렇게 본분을 잊은 채 지역소시민의 삶의 터전은 나몰라라하고, 지역부호세력의 관광숙박호텔을 위해선 온갖 불(위)법도 불사한 이 공무원들이 여전히 건축업무를 맡고 있는 있습니다.\n이들이 국민의 세금인 공무원연금 받을 자격과 공무수행이라는 지위가 필요합니까?"
106965,2018-01-21,2018-02-20,0,3,반려동물,경마장 없애라,지금 지하철인데\n경마장 끝났는지 수백명이 한번에 지하철에 탑승한다\n기침하고 자기내들끼리 싸우고 난리도아니다\n애들 교육적으로도 그렇고 정말안좋은거같아\n패쇄해야본다
481185,2018-12-28,2019-01-27,0,2,기타,독립유공자 등급제도 폐지,"2019년 달력 국가보훈처 탁상용 달력을 받아보고 급실망을 하고, 국가보훈처 보도를 통해 두 번 실망하였다.\n국가보훈처에서는 2001년부터 <이달의 독립운동가>를 선정하였고, 달력, 포스터 등을 제작하여 국민들에게 배포하고 있다.\n2019년 <이달의 독립운동가>도 달력, 보도 등을 통해 홍보하고 있다.\n국가보훈처에서 2019년 <이달의 독립운동가> 선정방식은“<이달의 독립운동가>로 선정되었던 314명을 대상으로 국민참여 조사 및 포상 훈격 월별 특성을 종합 고려해 「이달의 독립운동가」 선정위원회에서 최종 선정” 하였다고 발표했다.\n몇 달 전 국가보훈처에서 SNS 등에 2019년 <이달의 독립운동가>를 TV에서처럼 독립운동가를 대상으로 인기투표 한다는 것을 보고 이맛살을 찌푸리면서 국가보훈처에 항의를 한 기억이 난다. 그런데 그 항의에도 국가보훈처는 3.1운동 및 대한민국임시정부 100주년을 기념하는 취지라고 하면서 멈추지 않았다.\n2019년 <이달의 독립운동가>는 13명 선정되었다.\n“1월 유관순, 2월 김마리아, 3월 손병희, 4월 안창호, 5월 김규식.김순애, 6월 한용운, 7월 이동휘, 8월 김구, 9월 지청천, 10월 안중근, 11월 박은식, 12월 윤봉길”\n독립운동 하면 제일 먼저 떠오르고 잘 알려진 분들이 5월 2명을 제외하고 월별로 한분씩 들어간다. 이 분들은 발표와 같이 2001년부터 2018년까지 적어도 한 번 이상 이<이달의 독립운동가>로 선정되기도 할 뿐더라 너무나 잘 알려진 분들인데 다시 알려지는 그야말로 독립운동에도 빈익빈부익부가 존재하고 있는 것이다. (이분들을 펌훼하는 것이 아님을 말씀드립니다._)\n국가보훈처는 포상 훈격을 고려하여 선정했다고 한다.\n“1월 유관순(독립장), 2월 김마리아(독립장), 3월 손병희(대한민국장), 4월 안창호(대한민국장), 5월 김규식(대한민국장).김순애(독립장), 6월 한용운(대한민국장), 7월 이동휘(대통령장), 8월 김구(대한민국장), 9월 지청천(대통령장), 10월 안중근(대한민국장), 11월 박은식(대통령장), 12월 윤봉길(대한민국장)”\n2019년에 선정된 분들은 1등급 대한민국장 7명, 대통령장 3명, 독립장 3명이다. 독립유공자 건국훈장(1~5등급), 건국포장, 대통령표창으로 나눠지는데 높은 등급에 있는 분들만 선정했다는 얘기다.\n모든 독립운동가들이 자기 목숨을 걸고 이 나라의 독립을 위해 싸웠는데 우리나라는 이를 등급으로 나눈다. 과거로 돌아가서 독립운동가 분들에게 이 등급을 원하셨는가? 하는 질문을 드리면 “아니다”라고 말씀들을 하셨을 것이다. 결국 그 후손들이 만들어 낸 독립유공자 등급화에  아쉬움이 있지만, 이 사회는 더하여 <이달의 독립운동가>를 선정하는데도 높은 등급의 잘 알려진, 인기(?)있는 분들을 선정하고 있다. 100주년이라는 미명 아래......\n이는 지금 보여지는 일각일 뿐이다. 건국훈장만 보더라도 1~3등급과 4, 5등급은 본인이나 배우자, 유족 등에 보상금 등이 차등 적용된다. 사회적 측면 등 모든 분야에서 알게 모르게 차이가 있다. 하물며 독립운동가 기념식, 추모식 등에 대통령 화환은 대통령장 이상인 분들만 보내는 것으로 알고 있다.\n독립운동가들은 후세들에게 추앙받기 위해 죽음을 던지지 않았을 것이다.\n3.1운동과 임시정부 국무위원을 역임하신 독립운동가 운암김성숙선생(1898-1969, 독립장)이 말년 초근목피로 하루를 살아가고 있을 당시, 친지들이 ""그토록 독립운동을 했는데 고작 이렇게 식사도 변변히 못하고 약도 제대로 못쓴 채 돌아가셔야 되겠느냐"" 푸념하면 그는 이렇게 나무랬다고 한다.\n""무슨 상을 바라고 독립운동을 한 것 아니야.“\n현재 독립유공자로서 서훈을 받은 분은 총 15,123명(2018년 12월 현재)이다. 아직 발굴하지 못한 분들도 많이 남아있다.\n지금 정부에게 바란다.\n더 이상 독립지사들을 이런 달력에 올리는 것에서까지 차별하지 말고, 등급차별을 두지 말고 예우차별이 있으면 안 될 것이다. 알려진 분들은 계속 알려지고 알려지지 않은 분들은 묻히는 이 사회가 되서는 안될 것이다.\n따라서 독립운동가들의 높은 뜻을 올바로 기리고 선양하려면, 현재의 독립유공자의 등급제도를 폐지하는 사회적 논의를 진행해야 할 것이다."
166151,2018-03-14,2018-04-13,0,5,미래,다음 대통령은 전라도 출신 대통령으로!,뽑아야 한당께요! 호남민심이 모이면 못할것도 읍지라!\n호남을 믿어줍시요! 경재도 살려드리고 출산률도 높혀뿔꼬! 다 된당께요!\n호남이 은제 거짓말을 한 적이있냐거요! 믿음이 부족혀 그런것입니다!\n동의 함 쌔게 박아주시라요!!
499436,2019-01-18,2019-02-17,0,1,기타,대한민국 인터넷 커뮤니티 폐쇄 청원드립니다,네트워크의 발전으로 편리함에 비례해 악성댓글이 난무하는 부작용이 심각합니다 글을 작성하되 댓글 남길수 있는 시스템을 삭제했으면 좋겠습니다 타국 친구들이 한국의 댓글문화에 대해 얘기할때마다 챙피해서 얼굴을 들수 없을 지경입니다 사람이 사람을 겨냥해 악의를 가지고 언어로 폭력을 휘두르는데 왜 법이 무용지물로 제역할을 못하는지 이해가 가질 않습니다 칼로 사람을 찔러야만 살인인가요? 말로 비수를 만들어 찌르는 행위가 난무한데 왜 수수방관을 하고 계신가요 하루빨리 커뮤니티의 댓글문화를 삭제해주시길 간곡히 청원드립니다
261033,2018-06-03,2018-07-03,0,1,문화/예술/체육/언론,각 지역 체육중고등학교 구기 종목을 만들어 주십시오,호남 충북 충남 경북 경남 등등 강원 서울 인천 대전 대구 부산 경기 제주등  체육 중고등 학교에 구기 종목을 만들어 주십시오 예를 들어 호남 이면 전북체고나 전남체고에 구기종목 배구를 넣어  구지 외부 타지역 까지 않가고 호남에서 쉽게 운동을 할 수있고 불편함이 없이  할수 있지 않을 까 생각 합니다 또한 그리고 전남 스포츠인의  남학생의 대부분이 저와 같은 생각을 할것 같습니다 남자 배구부가 없어서 괜히 타지역 까지 나가게 됩니다 이렇게 되면 오히려 불편함과 더불어 자신의 꿈을 키울수 있느 올바르지 않는 방법이라고 생각합니다 . 제발 전남 지역에  남자 배구부 중고등부가 체중에 포함되게 도와주시고 또한 학생들의 배우고자 하는 스포츠 열정과 노력을 꼭 보아  이 청원 을 보신 여러분 윘지방만 구기종목 체중체고가 아님 아랫지방인 영호남에도 구기종목 체육중고등학교를  건립을 원합니다
360898,2018-08-31,2018-09-30,0,12,문화/예술/체육/언론,아시안 게임에 야구프로스포츠 선수참여금지 청원합니다.,"뭐 대놓고 병역브로커 하자는것인지.....합법이라하여 이렇게 대놓고 하는게 해도해도 너무 합니다. 우리나라는 아직 휴전 중인 나라입니다. 야구인들이 누구때문에 안전하게 거액의 돈을 벌면서 야구를 하는지 아는지 경각심도 없는것 같고. 무엇보다 군이란 자체를 기피대상 그 자체로 여기는것 같아 씁쓸한 것 같습니다. 다른 종목에 비해 몇나라 안하는 야구인데, 그것도 모자라 다른나라는 사회인 야구선수, 실업 야구선수들을 대리고 출전합니다. 근데  우리나라는 어떻습니까? 군대 안간 프로선수들 대거 대리고 갑니다. 실력이 부족한 선수, 올해는 무조건 현역병으로 입대를 해야 하는 선수들까지 대리고 가 대놓고 군면제 시키겠다는것 아닙니까? 국방의 의무가 무슨 애들 장난입니까? 이것이 대통령께서 말씀하신 기회는 공정한 것입니까? 국민연금 설계가 30년 전 것이라 수정이 불가피 하다면 올림픽 메달, 아시안게임 금메달 역시 50년이 지난 설계입니다. 수정할때가 되지 않겠습니까?"
380084,2018-09-14,2018-10-14,0,12,교통/건축/국토,주택임대등록완전폐지하고주택물량좀나오게해주세요,무주택 서민들은 주택이\n폭락 하길 기다리고\n잇습니다~~~
64931,2017-12-13,2018-01-12,0,3,저출산/고령화대책,고은맘카드,고은맘카드를 발급받고 사용처를 제대로알지못하는 산모들이 많이있읍니다\n정확한 사용처를 발급할때 알려주셨으면합니다\n그리고 사용처를 늘려주세요\n유아용품점에서도 쓸수있게 해주시면 더고맙겠습니다\n출산을 장려하려면 더 많은예산을 책정해서  소규모 유아용품점도 살수있고 서로윈윈하는 사회가 되고\n서로 아기낳는 나라가 될것입니다\n사용처를 많이 늘려주세요
397507,2018-10-04,2018-11-03,0,0,교통/건축/국토,토지보상이 제대로 이루어 지지 않아 공장 이전을 할 수가 없습니다,저는 화성시 정남면 보통리 753-2번지의 전태우 입니다\n제가 1996년 제조업을 시작하였습니다.\n처음 시작하는 사업이라 자본금이 넉넉치 않아 축사를 임대하여 월 30만원의 월세로 사업을 시작했습니다.\n차츰 회사를 키워나가 2002년에 화성 정남면 보통리에 논을 매수하여 우여곡절 끝에 처음으로 저의 공장을\n짓게 되었습니다.\n제조장으로 건물을 올리고 대지는 잡종지가 되어있었습니다.\n저는 제조업자라 부동산에는 무지하여 땅도 잡종지로 그대로 사용하여 현재에 이르렀습니다.\n그러나 피땀으로 만든 공장이 도로로 편입된다고 하니 참으로 막막 하였습니다.\n현 공장은 대지가 200평 조금 넘습니다만 도로로 편입되고 남는대지가 100평 남짓으로 줄어들게 되는데\n100평으로는 건축을 20평뿐이 못한다고 시청에서는 말하고 있습니다...\n공익 사업을 하시는데 저희가 일조를 하여야 하나 저희 도면을 보시면 아시겠지만 20평으로는 공장 운영자체가\n아예 불가능 합니다.\n그렇다고 보상되는 4억이라는 돈으로는 공장을 다시 사서 이전 할 수도 아예 없습니다.  4억 보상금에서\n세금도 엄청납니다.... 세후 남는 돈으로는 공장 구입 및 이전을 할 수 있는 금액이 아닙니다.\n보상처리 후 남는 100평은 아무런 쓸모 없는 땅으로 전락되고 맙니다...\n존경하는 대통령님 국민들을 위해 도로 사업을 하시는 것은 잘 알겠으나 국가 사업으로 인하여 피해보는\n국민을 발생치 않게 해 주십시오\n토지 보상금으로는 공장을 이전하는것이 불가한 금액이며\n남는 땅 100평에 건물 20평을 짓고서는 공장을 운영 할 수도 없습니다.\n하여 남는땅 100평도 보상 해 주시기 바랍니다.\n아니면 토지 보상금과 남는땅 100여평을  정부에 다 드릴테니\n지금과 같은 공장규모와 시설을 갖춘 공장을 구해 주십시오.\n지금 시청에서 도로 공사로 인하여 공장 비우라는 압박을 계속 해오고 있으나 보상은 제대로 이루어지고\n있지 않으니 어찌 해야 할 지 참으로 막막하여 글을 올려 봅니다.
331382,2018-08-07,2018-09-06,0,1,안전/환경,날씨가 더우면 닭에 살충제를 2~3회 이상 뿌려야 진드기가 없어진다고하는데요 요즘은 왜 살충제 검사결과른 국민께 알리지 않는지요,날씨가 더울때는 살충제를 더 많이 뿌려야한다는데요\n요즘은 농림부에서 닭 살충제  수치른  알려주지도 않고 언른도 입막음되었는지  조사 결과를 알려주않습니다 조속히 닭 살충제 수치가 검출결과른 알려주셨음 합니다 국민 건강을 위해서 꼭 부탁드립니다 닭이나 계란은 아이들이 정말 많이 먹습니다
371511,2018-09-08,2018-10-08,0,12,보건복지,강창일 의원은 전재산 국가에 기부하고 그딴 소리해라,자국민들은 비싼 의료비에 병원가기도 무서운데\n저 국회의원이라는 인간이 우리나라 의원이 맞기는 한가요?\n당신이 먼저 전재산 국가에 기부하고 그딴 소리하세요.\n자국민 착취로 외국인 지원해주는 헛소리 할려면 당신부터 전재산 국가에 기부하는 행동을 보여주세요.\n자국민 세금으로 생색만 내는 저 쓰레기 정치인들부터 싹다 청소하지 않으면\n자국민들은 앞으로 더 고통을 받을게 뻔합니다.\n다음 선거에 민주당 쓰레기들도 싹다 청소해야 합니다.\n자유한국당과 더불어 민주당 인간들도 싹다 청소하지 않으면\n자국민들은 세금만 계속 오르고 거지될게 뻔합니다.\n강창일 의원부터 솔선수범해서 전재산을 국가에 기부하세요.\n당신 전재산부터 꼭 국가에 기부해서 건강보험 재정에 도움이 될수 있도록 하세요.\n말로만 떠들지 말고 그렇게 불체자와 난민들을 위한다면 당신부터 먼저 전재산 국가에 기부해라 쓰레기야
215463,2018-04-30,2018-05-30,0,7,행정,국세는 신용키드로 납부시 수수료를 면제하라,지금은 국민 대부분이 신용카드를 현금처럼 사용하는게 현실이다.대부분이 카드를 쓰면서 수수료는 사용자가 직접 내지 않고 가맹점에서 내고 있는데 국세만은 납세자가 카드수수료 0.8%를 함께 납부를 해야 한다. 카드로 납부함으로쎠 납세 부담도 줄이고 연체를 안할려고 납세의 의무를 다하기 위함인데 지방세도 카드수수료를  안내는데 이런 원리라면 카드수수료는 가맹점이 내는게 아니라 사용자가 내어야 한다는 논리와 같다.왜 똑같은 수수료를 국세만 납세자가 내어야 하는지 궁금하다.솔직히 서민들이 나 영세업자들이 카드로 국세를 납부하는건데 수수료도 부담이 많이 된다.카드 국세납부 관련하여 국가는 현재 수수료 시스템의 형평성 차원과 서민을 위한다면 꼭 수수료는 없어져야 한다고 생각한다.
405851,2018-10-13,2018-11-12,0,17,문화/예술/체육/언론,방탄소년단 강제 해체의 대하여 적극 반대 합니다,방탄소년단 의 수많은 팬들중 한명인 아미입니다\n요즘 청와대 국민청원에  방탄소년단 강제해체 글이 많이 올라오는데  방탄소년단 해체 에 대해서  반대합니다  왜 방탄소년단이 해체를 해야 하나요?\nKP0P이 유명해졌는지 생각해보세요  만약 방탄소년단이 없었더라면  KPOP이 유명하지 않았을 것입니다 하지만 지금의 방탄소년단이 있기에  KPOP이 유명해졌을것이라 생각합니다  이렇게 방탄소년단이   대한민국 뿐만 아니라 해외 까지  KPOP을 퍼뜨리고 있는데  왜 해체를 해야 합니까?\n그리고  방탄소년단은 삶이 소외되서 힘든 아미의 삶의 버팀목같은 존재 입니다  만약 방탄소년단이 해체 된다 하면 이러한 아미는  더 삶이 소외되서 힘들것입니다\n제발 해체 하지 말아주세요
96701,2018-01-16,2018-02-15,0,3,교통/건축/국토,◈강남 부동산투기를 잡을려면 우선 2개만 조치하라!,"◈강남 부동산투기를 잡을려면 우선 2개만 조치하라!\n우리나라 가계부채의 대부분이 아파트 선 분양 때문에 발생된다.\n신규분양→집단대출→주택담보대출로 전환을 반복하면서 가계부채는 계속 증가된다.\n문제는 우리나라의 가계부채가 아파트 선 분양 때문에 계속 증가되는 구조로 되어있다는 것이다.\n일부 무지한 사람들은 집단대출이 차지하는 비중이 전체가계대출의 10%정도인 약100조원\n밖에 되지 않는다고 규제하지 말라고 주장한다.\n하나만 알고 둘은 모르는 아주 무지한 사람들이다.\n집단대출은 입주 시까지만 존재하고 입주 후 등기가 나오면 주택담보대출로 전환된다.\n집단대출이 없으면 주택담보대출은 증가되지 않는다.\n가계부채를 줄이기 위해서는 집단대출을 발생시키는 아파트 선 분양을 폐지해야 된다.\n노무현대통령은 부동산투기와 가계부채대책으로 아파트 후 분양을 재건축과 공공부문부터\n먼저 실시하게 했고, 점진적으로 민간부분으로 확대하도록 조치해 놓았다.\n그런데 정권이 바뀌자마자 이명박정부는 우리경제에 독이 되는 줄 모르고 이를 폐지했다.\n이명박정부에서 박근혜정부에 이르기까지 가계부채는 폭증하여 시한폭탄화 되고 말았다.\n정부는 주택경기를 부양하여 경제성장률을 끌어올리겠다는 망상을 버려야 된다.\n이는 국민들의 부채증가로 경기를 부양하겠다는 대 국민 사기극에 불과하다.\n입주 시 그 부작용이 바로 나타나게 되어 있다.\n주택은 이미 공급과잉 상태이고 가계부채는 곧 터지는 시한폭탄이다.\n아파트건설자금은 국민들을 볼모로 하는 집단대출이 아닌, 건설회사와 채권단의\n투자금융(펀드자금 포함)이 지분으로 출자하여 수익과 위험을 나누는 방식으로 바꿔야 된다.\n그래야만 건설회사와 채권단이 아파트건설에 대한 진행여부를 신중하게 결정하게 될 것이다.\n아파트 선 분양은 가계부채뿐만 아니라 부동산투기, 사기분양, 부실시공, 미분양물량의 할인분양\n등으로 많은 사회문제를 일으키고 있다.\n또한 선 분양은 건설회사가 집단대출을 볼모로 미래의 시장위험을 무지한 국민들에게 전과시키는\n파렴치한 행위로 문재인정부가 반드시 청산해야 할 적폐 중의 적폐이다.\n제도를 근본적으로 개혁하라!\n제도의 개혁 없는 땜질 식 처방만으로는 이 문제를 결코 풀 수 없다는 것을 알라!\n국민들을 볼모로 하는 낡은제도(아파트 선 분양=집단대출)를 폐지하고, 새로운 금융제도(아파트\n후 분양=채권단의 투자금융)를 개발하라!\n부처이기주 때문에 청와대가 직접 나서지 않고서는 재도를 근본적으로 개혁할 수 없다.\n청와대가 직접 나서라!\n지금 아파트 선 분양을 폐지하지 않는다면 이 시한폭탄은 현정부에서 반드시 터지게 되어,\n무지한 국민들은 미래의 시장위험에 미리 대처를 못하고 집단대출에 볼모되어 결국 파산하게 될 것이다.\n▶강남 부동산투기를 잡을려면,\n1. 재건축에 대하여 아파트 선 분양을 금지한다→분양권거래는 투기를 조장한다.\n2. 자사고, 특목고, 국제고 폐지에 대비하여 내신성적제도를 학종이 아닌 종전대로 환원한다."
2776,2017-09-04,2017-09-19,0,0,안전/환경,보호법 폐지하라  폐지하라,이게 누구를 위한 보호법 입니까..누구를 지키기 위한 법입니까.\n아이들 지키기 위한 법입니까..
233643,2018-05-15,2018-06-14,0,5,일자리,청년및중년일자리문제 조선족및외국사람들때문에줄어들고있습니다,조선족및외국사람들때문에줄어들고있습니다 대통령님 청년및중년일자리문제 조선족및외국사람들때문에줄어들고있습니다\n이거 아시는지요 일자리 문제는 조선족및외국사람들때문에 많이 줄어 들고 있습니다\n실태조사 해보셨는지요 공장 및공사장 서비스업종 다수가 조선족및 외국 글노자 분들 때문에 일자리가 많이 없는 겁니다\n조선족및외국글노자좀 줄여 주세요\n정말 일자리 구하기 힘드네요 실태조사해서 문제좀 해결해주세요 식당 서비스업종 건설현장 글로자가 조선족 외국인 동남아 분들 70프로이상됩니다\n대통령님께서 현장 점검해보시길바랍니다\n왜일자리가 줄어 드는지 파학좀 해보시길 바랍니다\n간절히 요청 드립니다 일자리 구하기 힘드네요 먹구살기힘드네요 한국사람들좀먹고살게해주세요
381323,2018-09-15,2018-10-15,0,1,행정,공무원의 부적절한 처신에 대하여,익산경찰서 부청문관은 개인 명의의 휴대전화의 카톡메인화면에 와이프가 운영하는 옷가게 사진을 올려 놓코 홍보하고 있습니다.\n국가공무원은 청렴하고 성실해야하고 겸직금지 및 영리행위 금지를 명문으로 규정하고 있습니다\n부청문관의 직위는 익산경찰서 소속직원의 비위를 조사하고 수사경찰의 불법적인 인권침해 방지를 위하여 중요한 자리 입니다.\n소속직원이 일처리를 잘못하거나 혹여 잘못할수도 있을 경우에 대비하여  와이프가 운영하는 가게에서 옷을 구입하는 방법으로 할 수 있을 것입니다.\n2018년 2월경에 우연히 부청문관의 카톡을 보게 되어 놀랐습니다.\n특히 고위공직자가 국가공무원법을 교모히 악용하고 있다고 생각합니다\n고위 공무원의 와이프가 하는 보험을 들어준다거나 자신의 애경사를 일반국민에게 적극적으로 알리는 것을 금지하고 있습니다\n현재도 옷가게 사진을 메인 화면으로 올려 놓코 있습니다\n제가 부청문관에게 메인카톡화면에 익산경찰의홍보나 보다 공익적인 내용 아니면 보통의 사람처럼 가족 인물 명언등\n교체를 요구하였습니다\n그러자 부청문관은 자기가 잘못한게 없으며 와이프가게를 돕는게 남편의로서 도리이며 미풍양속이라고 말을 하여 바꾸지 못하겠다고 하였습니다.\n서장님에게도 이 같은 사실을 말하였습니다\n서장님께서는 자기에게 의무없는 일을 시키지 말라고 하셨습니다.\n공직자의 자세와 태도 대한민국의 척도 입니다\n만약에 시장님이나 도지사 국회의원등 다른 기관장님이 와이프가 운영하는 옷가게 사진을 올려 놓코 아무문제 될께 없다고 하면 그 지역에 사는 시민들이 받을 자존심에 큰 상처와 모욕감을 주는 일이라고 생각합니다.\n부청문관의 홍보가 효가가 없다면 카톡메인화면에 올려 놓을 이유가 없다고 생각합니다.\n대한민국경찰 익산경찰의 명예가 실추 되지 않케 자신의 와이프가게를 홍보하는 일이 없도록 요청드립니다.
112128,2018-01-24,2018-02-23,0,2,육아/교육,아이들 급식카드? 개선좀 부탁드립니다,개선좀 해주세요 ㅠㅠ
135965,2018-02-10,2018-03-12,0,2,성장동력,국민 대 화합장으로 소통과 정책에교육 장으로,좋은것은\n장려하고\n나쁜것은 버리고\n배울것은 손주에게도 배워라\n모르면 묻고 배워라\n아는것은 안다고하고\n모르는것은  모른다고 해라\n그게 정치의기본이고\n백성은   하늘이다\n민심은 천심이다
27143,2017-11-08,2017-12-08,0,0,안전/환경,조두순 출소반대,영원히 못나오게 해야 됩니다.
54430,2017-11-29,2017-12-29,0,44,반려동물,동물은 재산이 아니라 생명입니다,"현재 우리나라에 유기동물들의 수가 얼마나 되는지 알고 계십니까? 이제는 유기동물의 수를 줄이기 위한 지금까지와는 다른 정책적 수단을 강구해야할 시점입니다.  2015년 농림수산식품부는 동물보호복지 실태조사를 토대로 8만 2100여 마리의 유기동물들이 있다고 발표했고 그 중에 1만6400 마리는 안락사 처분되었다고 알렸습니다.그리고 지자체는 유기동물의 처리를 위해 연간 130억 가까이 사용하고 있습니다. 이 비용은 절대 적은 비용이 아닙니다. 유기동물을 줄이기 위해선 사람들의 인식도 중요하지만 법을 바꿔야합니다. 학대받다가 구조된 동물이 치료가 필요한 상태라면 소유권을 주인에게서 국가가 뺏을 수 있어야 한다는 것, 또한 동물구조상황시 인명관련사고가 났을 때 출동이 늦어지거나 구조를 못하고 돌아가는 상황이 생길 수 있으니 동물구조와 치료만을 위한 119팀을 개설해야하는 것, 학대범에겐 과태료가 아닌 실형이 내려져야한다는것 등. 법 강화와 제정,개정이 필요합니다. 여러분은 생명을 다치게 하고 괴롭히는 죗값을 돈으로 해결 가능하다고 생각하십니까? 동물들은 말만 못할 뿐 우리처럼 감정을 느끼고 생각하고 아픔을 느낍니다. 법이 바뀌어야 인식도 바뀌고 좀 더 나은 세상을 만들 수 있습니다."
380597,2018-09-14,2018-10-14,0,22,기타,즉각적인 문재인 탄핵은 국민의 명령이다,분수에 벗어나는 과도한 복지정책으로 시행으로 성실히 세금을 납부하는 국민만 봉인 대한민국을 만들어 근로의욕을 저해하고 국가 재정을 파탄내어 후세에게 빛만 물려 주려는 문재인을 즉각 탄핵하여 줄것을 국민의 이름으로 청원함
163358,2018-03-10,2018-04-09,0,67,반려동물,동물보호법 강화,"안녕하세요. 제가 오늘 반려동물과 성관계를 한 사람들에 관한 글을 보았고, 어떤 분은 피가 흐르더라도 아무 조치를 취하지 않은 채 씻기기만 했다고 합니다. 이러한 글을 보고 동물 학대에 대해 청원을 해봐야겠다고 생각이 들었습니다. 같은 생명인데 말을 하지 못한다는 이유만으로 학대를 당하고 하다못해 동물과 성관계를 하는 사람을 보고 정말 화가 나 청원을 안 할 수가 없었습니다. 불 지르기, 생매장 하기, 성관계 하기 등 동물 학대가 너무 많이 일어나고 있는 걸 보고 너무하다고 생각이 들었습니다. 제발 학대가 줄어들 수 있게 법을 강하게 강화시켜주셨으면 좋겠습니다. 부탁드립니다."
349349,2018-08-21,2018-09-20,0,10,육아/교육,국비지원교육기관과 취업준비생생들의 생존을 위한 방안.,"현재 이루어지고 있는 취업을 위한 국비지원 프로세스는 아래와 같습니다.\n1단계 고용노동부(or 취성패) 적성검사를 포함한 상담을 진행하고\n2단계 일반내일배움카드와 취성패를 이용한 내일배움카드를 발급받아 국비지원교육을 지원받거나\n아니면\n3단계 바로 취업알선으로 이어지는 진행방법 입니다.\n여기서부터는 당연한 이야기를 해보겠습니다.\n1. 교육기관은 교육의 질을 높여서 교육생의 만족도 높여 교육을 진행하고 취업지원을 해야 합니다.\n2. 교육생은 본인이 결정한 과정에 최선을 다하고 열심히 교육에 참여해야 합니다.\n3. 고용노동부와 취업성공패키지 기관들은 정확한 상담을 통해 적성을 찾아주고 취업에 도움을 줘야 합니다.\n4. 심사평가원은 교육기관의 질을 높이고 높은 질의 차등을 두어 등급을 조정 합니다.\n위 내용처럼 이야기가 전계된다면 당연희 우리나라의 취업란은 없을 것 입니다.\n이제부터는 현실적인 문제점에 대해 이야기해 보겠습니다.\n양질의 교육수준이 준비되어있지 않거나 준비할 마음이 없는 부패한 교육기관들은 아직도 돈을 많이 벌고 떵떵거리면서 살고 있습니다.\n이러한 문제는 고스란히 교육생에게 전달 됩니다.\n통계상으로 교육생의 60%는 교육의 질이 떨어지거나 불만을 말한다고 합니다.\n그렇다면 나머지 40% 중 보통이다 와 좋은 교육이였다로 나뉜다면 좋은 교육이였다는 분명 20% 미만이였을 것이고 좋은 교육을 할 수 있는 교육기관들은 전국 교육기관들중 20% 내외 뿐이라는점 입니다.\n이러한 문제가 교육기관만의 문제일까요?\n아닙니다.\n이러한 문제는 고용노동부 와 심사평가원에 있습니다.\n교육기관을 평가하는 기준부터 교육기관을 평가하는 평가단들까지 평가지표와 평가수준이 많이 떨어지고 정확히 평가가 안된다는 점이며 모든부분을 문서로 판단 합니다.\n반면 나라를 운영하는 분들 뿐 아니라 교육지원정책 및 그것을 운영하는 기관들 모두 잘못된 방향으로 가고 있습니다.\n지역단위 수요적정성을 맞춰서 교육과정의 편성가능한 숫자를 배정해주던 방식에서 일괄 폐지하는것은 찬성하나 그로 인해서 상대적으로 늘어나버리는 많은 교육과정들로 인해 지원비용의 한계에 부딛치게 된다는 점을 알고 있으면서 해결하려고 하지도 않고 사전배정제(쿼터제)를 시행하여 내일배움카드 발급을 제한하겠다고 하는것은 잘못된 발상이라 생각합니다.\n물론 공식적으로 발표한 내용은 아니기 때문에 당사자들은 많은 예산이 지출되어 제한하는것이라 말씀하시겠지만 시기와 내용을 봐서는 그렇게 판단되지 않습니다.\n교육지원금액을 줄여서 나라정책에 맞춰 늘어난 교육기관들을 문닫게 하는것이 먼저가 아니라 교육기관을 심사하고 평가하는 기관들의 구조조정이 불가피하다고 보며 오히려 심사평가원의 예산을 삭감해야 한다고 생각합니다.\n오히려 현재 만들어져 있는 많은 교육기관들의 질을 높이는 과정과 효과적으로 운영할 수 있는 방법을 생각하는게 훨씬 효율적이고 좋은 판단이라 생각합니다.\n저 또한 교육기관을 운영하고 있지만 다른 교육기관들보다 기관 윤영기간이 짧고 아직 타성에 졌어있지 않기 때문에 감히 말씀드릴 수 있는 내용 입니다.\n이미 만들어져있는 인프라(교육기관)는 교육방향정책에 따라 움직이게 되어있으며 이러한 부패나 부도덕한 교육형태로 일부 반영되는것은 어떻게 보면 관리를 해줘야하는 국가 직속기관(고용노동부,심사평가원 등)의 방관에서 만들어진 산물이라고 봐야 합니다.\n무엇인가를 계속 평가하고 판단한다고 하지만 일부(60%) 부패한 교육기관들로 인해 교육의 질은 높아지지 않고 있으니 교육생들의 만족도가 낮게 나오는것 이라 판단되며 이것은 평가원에서 정확한 평가를 못한다는 증거 입니다.\n정리를 해보자면 현재상황에서 예산을 줄이는것은 교육기관의 폐업을 유도하는 것이며 교육생들의 교육참여 지수 및 그나마 유지하고 있는 취업률을 더욱 악화시키는 방법 입니다.\n교육기관의 선택은 교육생 자신에게 있어야하고 그러한 선택의 다양성을 높이기 위해 HRD.NET을 적극 활용하는 방법도 생각해봐주셨으면 합니다.\n교육의 질을 높일 수 있는 정확한 척도와 기준 뿐 아니라 평가를 할 수 있는 수준의 정부기관이 필요하며 이러한 부분이 개선된다면 앞에 나와있는 부패한 교육기관들은 서서히 줄어들고 교육의 질은 높아질 것 입니다.\n성실한 교육기관들과 부패한 교육기관들을 걸러낼 수 있는 능력을 가지셨으면 하며 단순히 정화능력처럼 살아남으면 좋은 교육기관이겠거니 라고 생각하고 지원금액가지고 장난치지 않았으면 합니다.\n나라의 세금이 나가는것이라 생각하며 한명한명에게 간절하고 절실하게 강의를 하고 있는 많은 교육기관들이 있습니다. 다만 대형 프렌차이즈 교육원이 아니고 덩치가 작다는 이유로 목소리가 크기 들리지 않는 부분이 있을것 입니다.\n대통령님께서는 많은 내용을 수용하셔야 하기 때문에 제가 올리는 목소리는 작게 들리실거라 생각합니다.\n하지만 두가지는 명심해 주셨으면 합니다.\n교육을 받고싶어하는 취준생들의 간절한 마음.\n진심으로 참다운 교육을 하고 싶어하는 사람들이 많이 남아있고 교육생을 위한 교육을 하고 있다는 사실을 . . ."
276733,2018-06-20,2018-07-20,0,1,농산어촌,국가사업으로 삶의 터전을 내놓아야 하는데 보상금이 현실성이 맞지않습니다.,안녕하십니까. 존경하는 대통령님~!\n저는 최근 경남 6곳에 시행되는 뉴딜사업으로 인해 저희 할머니집이 도시개발 사업에 소방용도로 부지로 포함되며 곧 새로운 삶의 터전을 알아봐야합니다. 그러나 뉴딜사업때문에 폭등한 주변 시세가 있는데 토지와 건물등의 보상 금액이 책정되어 지금의 비슷한 수준으로 집을 산다는건 현실적으로 불가능합니다. 보상이란 현재의 물가도 고려하여 배상되어야 하는거 아닌가요? 30년 넘게 살아온 터전이 도시개발로 당장 책정된 배상금을 받고 나가지않으면 법적으로 강제집행을 한다고 하니 늙으신 할머니와 할아버지의 새로운 삶의 터전을 구할 수 있는 정도의 보상금을 책정해주시길 청원합니다. 시내는 어림없고 시외지역도 보상금으론 불가능합니다. 30년을 개인의 사유지를 가지고 살다 갈곳이 없어 그렇다고 소득도 없는 노인들을 전세집을 구하기도 어렵고 참답답합니다. 보상금 인상을 부탁드립니다.
97633,2018-01-16,2018-02-15,0,1,경제민주화,최저임금  이후 롯데리아풍경 ㅋ,직원이 거의 파김치된거같더라구요.\n평일인데\n16.4프로 오르긴했지만.\n그리고 주문이 셀프라서\n40살이상 노인들 주문어려워해서\n제가 해줌.  주문못하고 멀뚱 멀뚱\n직원이너무바빠서 불러도안온다함.\n소비자는 서비스  제대로못받고\n직원들은 3명이할거2명이하니\n개힘듦.\nㅋ
479618,2018-12-26,2019-01-25,0,97,반려동물,전남여수시 불법개농장 운영 고발하려 합니다.,안녕하세요 전남여수시 소재 불법개농장 농장주를 고발하려 합니다. 얼마전에 인사이트신문에서 불법으로 운영하고있는 개농장이야기를 봤습니다. 아이들이 햇빛한줌 들어오지 않고 오물투성이인 열악한 상황에서 살고 있습니다. 실제로 지난10일 랄 체중이 7kg였던 리트리버가 구조된바 있습니다. 더이상 이런애들이 생기지 않게 불법으로 개농장을 운영하시는 분들 처벌 부탁드려요
142988,2018-02-20,2018-03-22,0,0,일자리,청년 일자리 창출,현재 20대 청년들이 일자리가 없거나 대부분이 비정규직입니다.\n특히 문과는 취업이 거의 불가능 할 정도입니다.\n제발 일자리 좀 늘려주세요. ..
175791,2018-03-26,2018-04-25,0,7,안전/환경,미세먼지 대책 이대로 괜찮은가?,"지금 현재 우리나라는 미세먼지로 골머리를 앓고 있습니다.\n위성사진을 아무리 봐도 우리나라에 문제가 아닌 중국발 미세먼지가 가장 큰 문제로 자리잡고 있습니다.\n그런데 정부는 미세먼지 저감대책 이랍시고 하는게 대중교통 이용하기? 마스크? 숯불고기 안먹기? 지금 뭐하시나요?\n공장 살수량 증가? 아니 초등학생도 위성사진만 봐도 미세먼지가 중국이나 몽골에서 날아오는게 보이는데\n뭐하고 계신건가요? 중국에 협조를 구하던 몽골에 협조를 구한던 해야되는거 아닌가요?\n지금 이정도 수준이면 노인분들이나 어린이들은 폐건강에 문제가 생깁니다. 며칠 마스크쓰고 다니세요가 아니라구요\n지금까지 정부에서 몽골,중국 황사 먼지나 미세먼지에 둔감하게 반응한 여파가 지금까지 온겁니다.\n이번 정부에 잘못이 아니라고 하고 싶겠지요. 지금까지 안했으니까요. 하지만 지금까지 쌓이고 쌓이다 이제 터져버린\n이 문제에 대해서 조속한 대책을 요구 합니다. 지금 우리나라는 가뭄이 심해서 봄과 가을엔 비도 안오고 있습니다.\n수돗물만 틀면 물이 콸콸 나오니 다들 둔감한데 비오면 미세먼지가 걷히겠지가 아닙니다. 비가 와도 중국공장들은 밤세 돌아가고 몽골 사막에 모래바람은 매일 불어옵니다. 경제민주화 청년실업 문제도 심각하지만\n우리 어린이들이 살 환경도 중요하다고 생각합니다."
297958,2018-07-06,2018-08-05,0,1,미래,청년 나이제한,안녕하세요. 대통령님! 만 몇세 미만이란걸 없애주세요. 이번 청년우대통장이 나온다는데 전 83년 7월 생일이라 가입 조건이 안되겠네요. 근데 누구는 8월 9월 생일이라 가입 조건이 될텐데 좀 웃기지 않나요? 이건 진짜 그냥 웃기기만해요. 이런거 바꿔주면 안되요?
250213,2018-05-29,2018-06-28,0,7,보건복지,궁금합니다. 대통령님께 북한과 대한민국 중 어디가 중요합니까 ?,"길거리를 보면 아직도 폐지주우면서 하루에 몇천원 벌려고 고생하시는 할머니 할아버지들  엄청 많습니다.\n또한 가난해서 1400원 없어서 도둑질한 20대 청년도 있고요\n근데 대통령님은 북한이 뭐가 그렇게 중요해서 몇 조원이나 퍼 줄 생각 하고 계셔요 ?\n천안함피격, 연평도 도발 그 살인마 독재자 김정은에 목매면서 구걸하는 이유를 도대체 모르겠네요\n북한이랑 사이좋으면 물론 좋습니다. 그러나 대한민국 복지가 우선 아닐까요 ?"
69811,2017-12-19,2018-01-18,0,2,외교/통일/국방,군복무단축,대통령님 공약에 군대복무 단축이라고  하셨는데 도대체 언제쯤 시행되는지 .... 빠른시일 내에 단축되어 젊은  청년들이 사회와 학교로 돌려보내주셨으면 좋겠습니다
385188,2018-09-19,2018-10-19,0,123,행정,"아무 죄 없는 사람들이 고소,고발과 죽임을 당했습니다.","마치 영화나 드라마의 소재같은 일이 저희 아파트(부산시 서구 동대신동 구덕로350,문화아파트)에서 벌어지고 있습니다.또 범죄집단같이 한 사람으로 인하여 아파트전체가 이 사람의 교묘하고 악질적인 행위에 아무도 말 못하고 다 놀아나고 있고, 이사람의 불법,위반된 행위를 구청이나 소방서등 관계기관에 알렸지만 별로 소용이 없는 실정입니다.\n현 입주자대표회의에서 이사람의 불법적인 행적을 밝혀내어 자신이 잘못한점,아파트주민들을 농락한 점을 바로 해 놓으라고 수십번 말했지만 그 사람과 그 무리들의 적반하장식 반대와 권모술수에 막혀 하나도 고쳐지지 않고 있습니다.  오히려 그들은 현 입주자대표들의 적법한 아파트공사에 대한 예산집행을 마치 비리가 있는것처럼 소문을 내고,법적인,공식적인 아무런 권한도 없는 그들은 아파트주민들에게 설명도 없이 저희들(입주자대표회의)의 고소,고발용 서명을 강요하였습니다. 결국 그들은 경찰에 아무 근거도 없는 고소를 하여 현 대표중 한 분이 경찰조사를 받고 3일만에 극심한 스트레스와 우울감으로 시달리다 쇼크사로 사망한 일이 벌어졌습니다.   지금 아파트나 구청등 관공서에는 억울하게 돌아가신 분이 마치 업체에 뒷돈을 받아먹고 경찰조사의 압박에 자살했다는 소문이 여기 저기 퍼져 있습니다. 누가 소문을 퍼트렸는가는 누구나 다 알지 않겠습니까!?\n현재 그들중의 중심에 있는 사람은 1층상가를 가지고 있는데 약 8년전에 이 아파트상가에 입주하면서 자기 마음대로 불법,위반 건축을  하였고 주민들의 공용통로(공유부지)를 막아 주민들이 통행을 할수 없게 만들었습니다.\n저희들은 법원에 소송을 할려고 해도 그것도 못하게 하고 있습니다. 저희들은 저들의 만행이 언제까지 이어질지, 그 사람이 어떤이유에서인지,또 그의 뒤에 어떤힘을 믿고 그러한 악행을 스스럼없이 하는지 요즘같은 세상에 아직도 이러한 일이 있을수 있는지 알리고 싶어서 이렇게 호소합니다.   아울러 관계기관을 철저히 조사하여 어떠한 유착관계가 있는지 한 점의 의문점이 없이 밝혀지길 바랍니다."
397644,2018-10-04,2018-11-03,0,7,교통/건축/국토,LH 주택청약 어떻게 하는 건가요?,LH 주택 청약 어떻게 하는 건가요?\n어떤 주택이 어떤 조건으로 언제 나오는지 알수 있나요?\n나의 조건은 1순위 2순위 3순위 어디에 해당하나요?\n언제 LH주택 청약을 해야 하나요?\n집이 없는 나는 어떤 조건을 만족해야 LH 주택에 입주 할 수 있는 건가요?\n청약통장은 왜 필요한가요?\n나의 개인정보는 왜 필요 한가요?\n당신은 LH의 청약 시스템을 어느정도 이해하고 있나요?\n난 하나도 모르겠습니다.\n이렇게 어려운 청약은 처음 봅니다.\n정작 집이 꼭 필요한 사람에게 배당은 되는 건가요?\n올해만 두번 청약 했다 두번 탈락 했습니다.\n이유요?\n잘 모르겠습니다.\n첫번째는 자격이 안된다 했고 이번엔 순위가 안된다 했고\n무엇이 문제 일까요?\n당첨 되었다고 서류 보내라 해서 보냈더니\n오늘 연락이 와서는 순위가 안된다내요?\n주소가 인근 지역이 아니데 순위를 잘 못 넣었고\n가족관계에서 청약 평형대가 아니라내요.\n이해가 가시나요?\nLH 주택 청약 어떻게 해야 하나요?\n정작 집 필요한 사람에게\n이런저런 이유와 서류와 심사와 조건을 달아\n탈락시키는 LH\n이해 가시나요?\n어떻게 청약을 해야 하는 건가요?\n알려주세요.
147306,2018-02-22,2018-03-24,0,32,반려동물,동물학대에 대한 형량을 높여주세요,동물도 한 생명인데 동물학대에 대한처벌이 너무 가볍다고 생각합니다. 벌금형량이 너무 낮고 그래서 유기견을 발견해도 버린사람을 찾을때도 거쳐야할 과정이 너무복잡하고 많습니다.\n동물보호에 대한 법의형량을 높여주세요
207407,2018-04-20,2018-05-20,0,8,문화/예술/체육/언론,"네이버,다음등 포털사이트의 댓글달기시스템을 없애주세요.","요즘 포털사이트가 댓글조작논란으로 아주 시끄럽습니다.\n또한 특정한 개인을 향한 마녀사냥식 댓글들도 자주 접하게 됩니다.\n포털사이트의 댓글달기/좋아요/화나요등의 관심표현 기능이  순수한 의견제시가 아니라,\n여론조작이나 선동,막무가내식 인신공격등등으로 사용됩니다.\n이런 댓글달기등의 기능이 없다면,\n이런 병폐도 사라질 것이라 생각됩니다.\n댓글달기 기능을 없애고, 순수 검색기능이나 정보를 얻는 곳으로\n우리나라의 포털사이트가 바뀌길 간절히 바랍니다."
258274,2018-06-01,2018-07-01,0,0,기타,조선 총독부,1900년대쯤에 철거한 조선총독부를 다시 복원하여 학생들의 교육용 목적으로 쓰엿으면 좋겟습니다 그냥 철거돼기에는 역사적가치도 그렇고 중요한 것이 많기 때문에 조선총독부를 서대문 형무소 옆에 장소같은곳에 다시 복원햇으면 합니다
83637,2018-01-11,2018-02-10,0,0,경제민주화,의료수가를 좀 인상 해주시기 바랍니다.,"내년에 병원을 개업하려고 하는데, 최저 임금이 올라서 도저히 개업을 할수가 없습니다.\n지금 직장은 올해 병원이 무지 어렵다고, 임금은 동결이고 퇴직한 의사 후임을 구하지 않고 있어서\n7명이 할일을 5명이 하고 있어서 무지 힘듭니다.\n그렇다고 나가서 개업을 하기에는 물가가 너무나도 오르고\n최저 임금이 너무나도 많이\n올라서 개업을 할수도 없구요.\n전문직인 의사가 이렇게 먹고 살기가 힘드니\n정말 헬조선이네요.\n이게 나랍니까"
191041,2018-04-08,2018-05-08,0,75,기타,삼성증권&공매도 국민청원,증권 대차거래 및 공매도 로 인하여 개인 투자자는 피눈물을 흘리고 있습니다\n주식이 없는데도 유령 주식을 거래할수 있도록 되어있는 우리나라 금융 시스템을 신속히 폐지 되도록 조치바랍니다.
118908,2018-01-28,2018-02-27,0,4,저출산/고령화대책,저출산대책? 출산비용 좀 낮춰주세요.,"안녕하세요.\n출산관련 정책 만드시는 분이 출산경험이 있고, 비용이 얼마드는지 조사해보셨는지 모르겠지만,\n산부인과 출산비만 최소100만원 입니다.\n고운맘카드로 일단 커버 불가능하고요,,\n산부인과는 실비보험도 안됩니다.\n25개월 1명의 아이와 9개월 태아가 있는 아빠인데요,\n저출산대책 하시는데 실제 애기낳으려면\n그냥비용만 5백은 훌쩍넘습니다..\n이러면서 애기를 낳으라고 정책을 만드시는건가요?\n육아비용은 계산하기도 싫습니다, 너무비싸서요..\n다른건 둘째치고 육아비용은 학원안보내고 교과서로만 공부시킬테니.\n제발 출산비용좀 어떻게 해결해주세요,\n저야 회사원이니 어찌저찌 계산한다지만,\n애기낳는것자체가 힘드신분들도 많을겁니다.\n초음파 방문당 3만,\n자연분만 40만, 제왕절개 100만,\n애기낳는 가격을 줄여주는게 출산율 상승에 도움이되지 않을까 싶네요!\n저도 군대만기전역했지만 국방비 미사일,전투기 사는거? 중요하시겠죠 . 나라지키겠다는데,\n하지만 이런거 요즘같은 시대엔 어차피 전쟁나면 다죽는데,\n산부인과 샘플링 및 방문하셔서 애기낳을때까지 출산비용 조사확실히 해봐주시고\n출산비용이나 좀 줄여주십시요."
107325,2018-01-21,2018-02-20,0,12,성장동력,가상화폐간..도대체 국민들을 아이들 수준으로 알고 시키는대로따라와라 그건가요?,국민들을 얘들 수준으로 낮게 보고 정책하는대로 따라오기만 해라 그건가요?\n기본적으로 가상화폐 규제가 있는 정책은 타당하다고 봅니다. 그런데 20일에서 30일로 미루더니 이제 신규가입은 아예 하릴없이 미뤄버린건  어른이 아이 다루듯이 억압하며 내말이 전부이니  너희들은 그냥 아무말없이 따라와라 그건가요?  소통을 그렇게 강조하시더니 왜이리 억압적인 정부가 되어가는지..사람들의 분노가 한계점에 와 있습니다.  그사실이 대통령님께 전달이 되는지 중간에 걸러지는지 알 수가 없네요..\n지금 국민을 대상으로 장난하자는 것도 아니고 일반 생활에서도 약속이 얼마나 중요한데..무조건 정부에서 정한 바대로 하라는 게 민주주의 국가에서 일어나는 일인지 정말 해외뉴스에  나올 일입니다.\n기회가 공평해야지요?  당연한 말이죠.\n그러니 지금 가입된 사람들뿐 아니라 새로운 분들에게도 30일 실명제 전환에 맞춰 가입을하게 해주십시오.
78293,2018-01-02,2018-02-01,0,8,반려동물,불법 강아지공장 퇴출,강아지공장 퇴출을 청원합니다. 강아지공장은 비위생적이고 좁은 케이지 안에 모견들을 가두고 혹사시켜 마치 공장처럼 강아지들을 생산합니다. 발정유도제 투여는 물론 가축용 기구로 강제로 임신을 시켜서 죽을때까지 계속 해서 새끼를 낳게 만들고 칩이 내장되어있는 길잃은 강아지들도 가리지않고 데려간다고 하더군요. 이런 반인륜적인 동물학대 이제는 뿌리뽑아야만 합니다. 당장 번식장 자체를 전부 없애지는 못하더라도 미국처럼 번식장 개들도 수의사가 정기적으로 검진하는것을 의무화하고 허가받은 번식장 또한 관리가 부실할 경우 운영중단 조치가 반드시 필요합니다. 더 이상 아픈 동물들이 생겨나지 않도록 지켜주세요.
76465,2017-12-29,2018-01-28,0,2,교통/건축/국토,음주운전 사면,음주운전 했던 사람들이 다시 거리에 나온다고 생각하니 못걸어 다니겟네요..
176447,2018-03-26,2018-04-25,0,1,정치개혁,쓰레기장  철거   요청(국회의사당),운영비용 많이  들고  할 일  없어서\n쓰레기냄새만  풍기는 국회의사당 철거해  주시기 바랍니다. 쓰레기장  내부의  운영인력(국회의원)도  모두 해고시키고   철거한 자리에   불쌍한  유기견  키울  수  있는  시설을 설치했으면  좋겠습니다.
456565,2018-11-30,2018-12-30,0,11,행정,담뱃값 부담에 죽어나가는 서민들을 위해 저렴한 서민담배를 만들어 주십시오.,"안녕하십니까?\n저는 하루 한 갑 반의 담배를 피우는 애연가인 30대 남성입니다.\n다름이 아니고 4500~5000원하는 담뱃값이 너무 부담이서 청원을 하게 되었습니다.\n담배를 끊으라고 하지만 복잡하고 경쟁이 치열한 현대사회에서 담배를 끊기란 쉽지가 않은 일입니다.\n하루 한 갑 반의 담배를 피우는 입장에서 답뱃값부담이 너무나 심합니다.\n한달에 200만원 남짓한 월급에서 담뱃값으로 지출되는 비율은 상상을 초월합니다.\n담뱃값을 내려주시든지 아니면 저렴한 서민담배를 만들어 주십시오.\n비싼 담뱃값이 세금이 저희같은 서민들에게는 큰 부담이 됩니다.\n최저임금과 담뱃값의 형평성과 비율을 선진국과 비교해도 우리나라에 사는 서민들에게는 엄청난 부담이 됩니다.\n담배라는 1급마약을 정부가 권장했고 지금은 금연하라고 하지만, 흡연자들은 금연하기도 어려운 실정입니다.\n부디 담뱃값을 인하하든지 저렴한 서민담배를 만들어 주시어 궁핍한 서민들의 부담을 줄일 수 있도록 간곡히 청원합니다.\n감사합니다."
292640,2018-07-01,2018-07-31,0,5,미래,법 관련개정,"미래의 우리아이들 대통령님 손자들 국회의원들 손자 자식들을 위해 강간,성폭행,살인,외국인 체류등에 대한 법률좀 강화해주셨으면합니다. 국민 세금으로 먹고살고 부정부패에 시들리는 세상에서 벗어나가고싶습니다.요즘 세상 너무힘들고 무섭습니닼"
38822,2017-11-11,2017-12-11,0,0,정치개혁,이명박 출국금지 부탁합니다.,이명박 출국금지 부탁합니다.
332084,2018-08-07,2018-09-06,0,11,반려동물,"반려동물의 공공시설물, 쇼핑몰 등 제한조치 바랍니다.","애완인 인구가 많아지고 있는 추세라는 것은 국민 누구나  인지하고 있는 사실입니다.\n그.러.나.\n애완인들의 애완동물이지, 모두의 애완동물은 아닙니다.\n동물을 아끼고, 사랑하는 것을 떠나\n더운 여름날 실내로 유입되는 애완동물은 주변사람들을 찡그리게 만듭니다.\n애완동물을 서로 뽑내기라도 하듯이 대형 쇼핑몰에는 3~4마리,큰 개 등등 애완인들은 자기들만의 애완동물을 끌고 나옵니다. 현재 그들이 있는 곳이 공공 시설물인지를 망각한채로요.\n공공시설물에 기본적으로 애완동물 출입금지, 제한조치를 해주셨으면 합니다.\n사람들의 절제없는 자유는 주변인들에게 불편함과 불쾌함을 준다는 것을 알려주시기  바랍니다."
45993,2017-11-18,2017-12-18,0,6,교통/건축/국토,이륜차주차 어디에해야하나요?주차장만들어주세요,출퇴근거리 30분되는 곳을 다니는 직장인입니다.\n대중교통을 이용하면 돌아가는 차편뿐이라 1시간20분정도 걸립니다.\n그래서 이륜차를 이용하고있습니다\n하지만 자동차주차장에선 받아주지않고 자전거는 인도에 주차공간이 마련되어있는데\n이륜차는 어디에 주차해야되나요?\n자전거도 법적으론 이륜차인데 같이세우려고하면\n인도주행에 단속되고...\n우리나라는 이륜차에 너무 불평등한 제약과 인식이 많은것같습니다.\n주차공간이 없어서 인도구석에 세우다가 인도주행으로 벌금까지 냈습니다.\n자전거처럼이든 자동차처럼이든 주차공간이 마련되어야하지않나 싶습니다.\n경차우대보다 이륜차우대가 되어야 1인교통수단에\n화석연료절약이 되지않나 하는생각도 듭니다.\n주차공간 꼭 부탁드립니다
1822,2017-09-03,2017-12-02,0,6,반려동물,반려동물 의료보험..,반려동물과 같이사는분들은 공감하실겁니다.\n반려동물 의료보험이 생겻슴 좋겟네요.
272499,2018-06-16,2018-07-16,0,26,미래,불법체류자 살인 성폭행 우리나라를 안전불감지대를 만드는데. 왜 솜방망이 단속하나요,불법체류자가 많으면 그만큼 범죄가 무성할겁니다\n그사람의 행적이 있어야 잡을수 있는데 아무것도 없으면 수사는 오리무중 일거라고 생각되네요\n자국민이 잘사는 나라를 만들어야지 불법자들이 잘사는 지금 우리나라를 만드시나요\n너무 불법자에게 관대한 우리나라법\n자국민에겐 엄격하게 적용하고 일자리를 불법자에게\n내어주는 우리나라 정부너무 훌륭하십니다.\n아직 선진국으로 가기엔 먼 우리나라지만\n작게나마. 이거라도 고쳐쓰는 하는 마음에 우리나라\n국민으로써 이 글 올려봅니다.
449553,2018-11-22,2018-12-22,0,11,농산어촌,울진군 후포리 노점상을 꼭 철거  해야만 하나요?,안녕하세요.\n울진군  후포리에서 노점상을 하는 이금학입니다.\n저희는 몇십년을 장사했는데 갑자기 통보를 받았어 2018년 10월 30일날 강제 철거 했습니다.\n저희는 생계가 일어씁니다. 문대통령님께서 저희 일자리를 마련하는데 도움을 주셔스면 합니다.\n대통령님  저희좀 살려주세요.\n저희도 갑자기 철거 하는 바라에 생계가 힘들어 졌습니다.\n후포판장 노점상 좀 도와주세요. 우리의 생계를 보장 해주세요.\n저소득층도 대한민국 국민입니다.\n없는 사람들을 외면 하지 말아주세요.
88127,2018-01-11,2018-02-10,0,0,성장동력,문재인정부는 선량한 가상화폐투자자를  도박꾼으로  몰지마라,문재인 정부를 찍었더니 이건 완전히 선량한 서민등에 비수를 꽂네.\n왜 도박인지 설명해보시요.\n그리고 문재인정부가 가상화폐에 대해서 도와준적 있나요.\n방해만 놓고.\n4차산업혁명. 블록체인 연구해서 내책임하에 투자하는데 도박이라니.\n당장 법무장관. 금감원장 목을 짜르시요.\n이제 문빠에서 나의 적으로 간주합니다.
164194,2018-03-11,2018-04-10,0,14,육아/교육,정시를 확대해주세요.,"(저의 본명은 김산이고, 김태산은 가명입니다.)\n존경하는 문재인 대통령님\n수능에서 정시를 확대해 주세요.\n학생부종합전형은 금수저 전형이고, 돈없는 사람은 대학도 못 가는 시대가 되어버렸습니다.\n학생들에게 꿈과 희망을 주기 위해서라도 정시를 확대해 주세요."
298536,2018-07-06,2018-08-05,0,6,기타,부동산중계수수료,안녕하세요...\n매일 청원 글만보다 직접 글을 남기게 되었습니다..\n생각할수록 화가나고 제자신이 답답합니다..\n저는 시골에서 거주중 입니다.  집은  제명의로 되어 있고  땅 주인은 다른분 이십니다..\n몇일전  처음보는분이 오셔서 땅내놓아으니  집을 빼라는겁니다.. 제명의로 되어있고 등기도 등록  되어있는대도 요\n어이가없고  화도나고   땅주인도아니고  중계 업자 인듯 합니다..\n그런대 동네분들께 여쭈어보니  중계업자도 아니고 그냥 동네분이신대  불법중계하고 수수료 받으시는듯 합니다..\n시골은 원레  동네분이 사업자도 안대고 중계를 한답니다..\n수수료는  법정수수료 이상  내야한다고 했고  불법아니냐  중계업자도 아니잖아요 이러니  그런식이면  시골에 거주 못한다 하십니다..  법정수수료도 어이가 없지만  영수증도 때줄수없다 집을 팔던지 가격정해서 전화 하라고 하시네요..\n고민고민 하다  집을팔기로하고  새로운집을 땅과 같이구매하려  동네 부동산에 문의를 드렸습니다..\n그런대 사업자를 내고 중계업을 하시는분도  법정수수료 는 안되고 더주면 구해준다고 하십니다..1억3천  에 집을 소개를 하셨는대 .. 집을 보니 너무 비싼듯하여  너무비싸네요  말씀을 드렸는대   아는분집이고  비싸게 팔아야 한다고 하시네요..\n나중에 집내놓으면 비싸게 받아 주신다고 하시는대  짜증만나고 화만 납니다..\n돈이 부족하여 말씀 드렸습니다.. 100만원 깍아볼태니  수수료나 더달라고 하십니다..\n제가 원하는건 하나입니다... 법정수수료를  무시하는경우는   금매로  빨리 처분 하고자 할때  협의하에 이뤄지는게 맞다고 봅니다.. 신고할수있는  ..  제가 신고를하려해도  시골 동네 다보니 다른지역으로 이사를  가지않는 이상  어렵습니다.. 시골의 관행이라고만 하시는대  다른부동산도 마찬 가지 입니다..  팔 사람은 1억에 내놓았는대  부동산은 수수료 더받으려  1억 을 넘게  내놓으시고  주인이 수수료를  비싸게팔아서 가져가라 고 했다는대  시골 은 법이 필요없는 동네인가요?  아니면 알면서도 신고가 들어오는대도  나라에서 관심이 없는건가요?\n제발 가난하고 집없는사람 편하게 살수있게 부동산 불법거래 좀 잡아주세요...시골동네 분들께  물어만봐도  다들 광행인줄알고  손해 보시면서 구매 하십니다..  자주가는 슈퍼 아주머니는 천오백이나 비싸게 구매 하셨다고 억울해 하시고 ..\n조용히 살려고 시골에 자리잡았는대   다시 경기도로 이사 갑니다..\n그놈에 관행좀 잡아주세요 부동산업자들  단합  법정수수료 무시   사업자 안내고 중계업 하는분들  조치가 필요합니다..\n답답하여 청원은 드렸으나 고처질거란 기대는  잘 모르겠습니다.. 정권이 바뀌어도 관행은 안바뀌더라구요  .이글을보시는분들계  당부 드립니다  시골오지마세요  공기좋은시골 사람좋은시골은 옛말 입니다..칼만 안들었지 날강도  입니다.. 수고하세요
76798,2017-12-29,2018-01-28,0,1,경제민주화,대한민국의 주인은 국민입니다!,"헌법 제 1조 1항 대한민국은 민주공화국이다.\n헌법 제 1조 2항 대한민국의 주권은 국민에게 있고, 모든 권력은 국민으로 부터 나온다.\n우리 이웃나라 일본과 경제대국 미국, 그리고 중국 등 소위 선진국이라 불리는 나라들은 비트코인 및 알트코인 투자로\n국민들에게 부를 쌓아주고 경제활성화를 꾀하고 있습니다.\n그런데 '가상화페는 투기다' '가상화폐 거래소를 폐쇠하겠다'같은 선동적인 문장을 써가며 국민들에게 공포심을\n심어주고 은행들에게는 철퇴를 가하겠다고 반협박식으로 신규계좌를 만들지 못하게 하는것은 그야말로 공산주의적\n마인드가 아닌가 싶습니다.\n제가 경제전문가는 아니지만 비트코인 및 알트코인 투자가 활성화 되고 실제로 사용되기 시작하면 그때는 투자하고\n싶어도 투자할 수 없을정도로 규모가 커져있을텐데 다시 한번 생각해 주시면 좋을 것 같습니다.\n또한 지금 원화를 거래할때 세금을 내는지요?\n'경제 대한민국' '선진 대한민국'을 외치는 5,60대들 정치인들은 국민들이 진정으로 무엇을 원하는지 다시 한번\n생각해봐야 되지 않나 생각합니다.\n감사합니다."
298740,2018-07-06,2018-08-05,0,44,인권/성평등,관악산 여고생 집단 폭행 가해자들에게 싱가포르처럼 태형으로 다스려 주십시오,"관악산 여고생 집단 폭행 가해자들에게 싱가포르처럼 태형(싱가포르에선 여자에겐 없다지만)으로 엄히 다스려 주십시오.\n차례차례로 줄세워서 엉덩이에 태형 30대를 때려주십시오. 앞에 애 맞는 거 보면서 자기들의 잘못의 결과가 어떻게 되는지 눈꼽만큼이라도 알 수 있다면 그자리에서 오줌을 지리겠지요.\n우리나라는 범죄자들을 위한 나라인가요? 범죄자의 천국, 범죄자의 지상낙원인가요?\n왜 법을 지키고 착하게 사는 사람들이 항상 피해를 봐야 되나요?\n법을 비웃고 나라를 비웃는 무법자들에게 법의 나라 선진국 싱가프로처럼 우리나라는 비록 개후진국 미개한 나라지만 본답아서 태형으로 엄히 다스려서 이런 극악무도한 범죄자들이 백주에 처웃으며 돌아다니는 일이 없도록 못하겠어요?\n이게 나랍니까?\n이게 최선이에요? 이럴려고 대통령 해요?"
237840,2018-05-20,2018-06-19,0,10,인권/성평등,무방비하게 발생되는 무고의 처벌을 강화시켜주세요,"현재 나라에 미투열풍이 불고 있습니다. 그에따라 수많은 피해자들과 가해자들이 나오고 있습니다. 성범죄를 저지른 사람, 처벌 받아야지요. 하지만 대한민국은 단지 성범죄로 고소를 당한 것 하나많으로도 잃을 것이 너무나도 많은 나라입니다. 죄가 없다고 밝혀진 이후엔 이미 한 사람의 인생은 땅에 쳐밖혀 있고요. 그러나 한 사람의 인생을 망치는 이런 고소의 리스크가 단돈 몇십만원의 벌금이라는게 말이 된다고 생각합니까? 우리나라 성추행 성희롱등의 형사 입건의 무고률 무려 50퍼센트 이상이라고 합니다. 경찰수사가 여성의 위주로 여성의 증언을 토대로 수사되기까지 하는데도 무려 50퍼센트 이상입니다. 더 이상 이러한 꽃뱀 등의 무고한 남성이 피해자가 되는 것을 방지하기 위해선 무고죄 처벌 강화가 심각합니다. 무고죄 처벌을 당사자가 유죄일 시 받는 처벌과 동일하게 되도록 바꿔주십시오."
147252,2018-02-22,2018-03-24,0,2,경제민주화,대학생 연체자를 도와주세요.,"한부모 가정에서 혼자 대학 4년을 생활 하다보니 부족한 돈을 대출을 받고 하다보니 결국 연체자가 되었습니다.\n연체가 한번되면 모든 원금을 갚아야하는데 그것은 불가능합니다. 그러다 보면 연체가 다시 되고 또 되고 그러다보면 급한불을 끈다고 또 대출을 하고 악순환의 반복입니다.\n하지만 연체해결을 해 줄수 있는 정책는 개인회생, 프리워크아웃, 개인워크아웃, 파산신청입니다.\n프리워크아웃을 신청 후 기각이 되면 3개월안 개인워크, 프리워크를 신청하지 못하고 개인회생은 기초생계비 100만원 이상의 월급을 받아야 신청이 가능합니다. 대학생인 지금 100만원의 월급을 채 받지 못하고 일을하지만 빚을 꼭 갚고싶습니다.\n빚을 꼭 갚고싶지만 지금 있는 제도들이 저에게 맞지않을땐 정말 극단적인 결말이 생각되어 앞이 깜깜합니다.\n빚을 갚고싶지만 까다로운 선정에 결국 무너지는 사람들을 위해 턱이 좀 낮은 제도를 한번만 생각해주세요.\n연체자들도 빚을 꼭 갚고싶습니다."
57540,2017-12-03,2018-01-02,0,4,보건복지,나란 여자도 행복추구권이 있어요,안녕하세요?대통령님!!!\n저는 법적으로 여자라고 생각하는데 성전환수술과 성별정정을 준비하고있어서 행복하지가 않아요\n저는모든여자의 인권개선이 이루어져야한다고봐요\n저란여자에대한 인권도 개선돼야합니다 여자로 본인인증이 안되는 저는 매일 사는게 불편합니다\n남자나트랜스젠더같은 다른존재로 본인인증이돼고 나는본인인증이안돼서 병원에서 정상적인 소견서나진단서 를 받을수가없어서 불편했어요\n네 한국인남여는저의이런고통을이해하지못할것이에요\n한국사회남여는 저같은여자는거들떠도보지않습니다 나는\n숨기고살아야한다고 모두가저한테 피가나게 돌을던집니다\n종종 나는 한국음식을잘먹는외국인같아요\n나에겐 이나라사람임을 증명할서류한장없어요\n고립무원의 처지에놓여 남여강자들사이에섞이지못한채\n살아가게됐습니다\n저에게 보건복지부에서 성전환수술치료와 여성화치료비를 꼭지원해서\n성별정정을마치고 한명의 여자로 행복추구할수있게 도와줘야합니다
215613,2018-04-30,2018-05-30,0,3,행정,근로자의 날 없애주세요,근로자의날 누구는 쉬고 누구는 못쉬고\n못쉬는사람 세금 덜 걷는것도 아니고 쉬는사람 세금 더 걷는것도 아닌데  이런 차별적인 날은 없애든가 법을 제대로 좀 만들어서 법제화를 해야합니다\n국회의원이든 정부든 법 제대로 관리못하고 못만들거면 이런 차별적인 날은 차리리없애는게 좋습니다
367244,2018-09-05,2018-10-05,0,16,교통/건축/국토,1가구 2주택 이상 과세 강화해주세요.,"서울, 수도권 집값 잡으려면\n1가구 2주택 이상은 세금 무서워서 집   팔아야 할 정도로 세금 부담 시켜야 집값 내려 갑니다.\n집은 부족하지 않습니다.\n그린벨트 풀어 집 더 짓는건 오판입니다.후세대에 죄 짓는 겁니다.\n돌이킬수 없어요.\n다주택자 과세 대폭 늘려주세요.\n국토부의 다주택자 공무원들이 세금 올리는거 꺼려하는거 같습니다."
143480,2018-02-20,2018-03-22,0,29,문화/예술/체육/언론,선수자격박탈 요청,박지우와 김보름 선수 자격 박탈 및 스케이팅 코치진 자격 박탈 을 요청합니다
144781,2018-02-21,2018-03-23,0,11,문화/예술/체육/언론,"김보름, 박지우 선수의 자격박탈과 적폐 빙상연맹의 엄중 처벌을 청원합니다",스포츠 정신을 망각한 선수들은 국가 대표 자격이 없으므로 국대 자격을  박탈함이 마땅합니다
387668,2018-09-22,2018-10-22,0,0,인권/성평등,노동운동 벌금 전과기록 삭제건,87년 대우조선 노동조합 결성  당시\n배고파 못살겠다  외치며  소요했던  과거의\n흔적이  경창청에 아직도 남아 있어\n나이 63세에 재취에 어려움이 있 습니다.\n요즘은 인터넷에 공개되어 있어\n민증 번호만 있으면 조회가 가능 합니다\n노대통시절 삭제 해준다는 소식을 접했는데\n정년 퇴임후 인터넷 조회를 해보니 기록이\n남아 있습니다.\n신속히 해결해 주시면 감사하겠읍니다.
176438,2018-03-26,2018-04-25,0,4,저출산/고령화대책,다자녀 전용 전세대출,"대부분의 다자녀가정은 아이들 키우는 동안 주택 구입은 꿈도 꾸기 어렵습니다.\n신혼부부전용전세대출처럼 다자녀전용전세대출이라도 만들어주십시오.\n의,식,주에서 의,식은 없으면 없는 대로 조금씩 먹고 안  사입고 산다 해도 주는 해결하기 넘 힘드네요ㅠ\n금리 우대를 소득 분위로 차등하여 해 주면 좋겠습니다.\n평수 제한도 늘려주시구요ㅠ\n형편대로 자녀를 낳는 것은 아닙니다.\n대부분의 다자녀 가정은 형편이 좋든 나쁘든 낳아 키웁니다.\n가장 기본적인 삶을 살 수 있도록 힘써주시길 부탁드립니다."
187923,2018-04-06,2018-05-06,0,1,경제민주화,부당한 판결을 어찌할까요?,"대리점이란 사업이 종속적 거래의 앵벌이 처지란 것을 몰랐습니다.\n지속적 사업의 유지를 위해서 갑의 협박과 갈취가 존재하고, 일방적 정산 까지 거래관계를 따질 수도 없이 본사의 출고가로 알고 정산 처리했으며, 해마다 재고에 대한 미납금을 1년단위로 안고 유지합니다.\n따라서 대리점은 미수금을 안고, 해마다 계약을 협박 받으며, 대리점을 유지합니다.\n본 사건은 총판이 계약 당사자를 자칭하고, ""해지""통지를 계약 사항을 악용해서 동시에 해지된다는 통지였으며, 신규총판이라는 사업자를 내세워서 ""계약을 원하는 경우에 상담후에 결정한다""는 안내문을 보내오고, 당일 선별한 대리점은 계약을 거부한다는 것으로 법적 조치라는 소송을 야기했습니다.\n결과는 상표권자로 둔갑한 본사가 "" 총판의 해지""통지가 있었다는 사실만으로 모조리 ""해지""되었다는 판결입니다.\n오로지간판 철거를 목적으로 했다는 것이며, 본안 소송은 피고의 요구에 마지 못해서 했다는 갑질 판결을 만들었습니다.\n갑질도 정도지!  소송대리인 재판부의 결탁적 처리 아니고는 있을 수 없는 판결입니다.  법대로 할수 있는 힘이 없습니다."
485841,2019-01-03,2019-02-02,0,11,미래,저희나라가 게임의 종주국이라는 명예를 지켜주세요,"지금 넥슨이 중국 게임업계 텐센트 넷이즈 아니면 미국 ea게임즈에 매각된다는 뉴스가 나오고 있습니다.\n저도 넥슨의 게임들을 즐겨하는 입장에서 안타깝습니다.게임에돈을쓰는것(현질)을 유도하는 시스템 빼면 나머지는 카트라이더,피파온라인4등의 흥행요소들이있는 넥슨게임들인데 특히 카트라이더는 잘되려는 중인데 중국이나 미국게임업계에넘어간다면 운영방식이 바뀌어 한국 유저들을 위한 서비스는 줄어들수 있습니다.\n그것만이아니라 저희나라는 게임의 종주국입니다 하지만 nexon이라는 회사는 저희나라의 대표적인 게임회사들 중 하나입니다.그회사가 중국업계나 미국업계에 넘어가게된다면 게임 종주국이라는 명예가 계속 이어질수있을까요?\n그리고 만약 다른나라에 넥슨이 넘어가지않더라도 좋지않은 징조입니다.병에걸려 죽을뻔했는데 좋은건아니잖아요?\n그러니 제발 정부차원에서 저희나라의 업체는 지켜주세요 부탁드립니다.\n제발 넥슨이 최소한 우리나라 업계에넘어가게라도 해주십쇼.얼마나 힘들면 회사에 자부심이 있을텐데 전지분을 내놓았겠습니까.게임에 대한 정책들을 우리나라 회사들을 위한 정책으로 바꾸어주세요.부탁드립니다."
225005,2018-05-06,2018-06-05,0,3,보건복지,불쌍한 기초수급 노인들..여기들좀 동참해주세요!,관심좀 가져주세요
405725,2018-10-13,2018-11-12,0,7,일자리,고개숙인여당,공공일자리도다 민간기업  일자리 창출에 연구하세요 여당이라고 자만하지말고 더 자숙하면 국민이 뭘 원하는지 현장에 나가 파악하세요
478536,2018-12-25,2019-01-24,0,8,보건복지,국민연금 제도 불공정.   폐지 주장.,"국민연금에 가입하지 않은 사람은 월 소득 환산액이 106만원 되어도 기초 연금을 전액 받을수 있습니다.\n(106만원을 초과 하여도  ->131만원 까지는 범위내에서 기초연금 지급  -> 131만원 한도는 매년 상향 조정됨)\n국민연금에 11년이상 가입한 사람은 기타 다른 소득이 전혀 없어도 수령액이 375,000원만 초과하면 기초연금을\n감액하여 지급합니다.\n이는 국민연금 가입자에 대한 분명한 역차별이고, 가입하지 않은사람 대비 소득역전 현상이 발생하게 됩니다.\n국민연금에 가입하지 않은 사람보다 소득이 적어도  단지, 국민연금에 장기 가입했다는 사유로 기초연금을 감액\n하는 제도는 아주 불공정 합니다.\n현재 국민연금 가입자중 저소득층에 해당하는 사람은 11 -20년 가입후 받을수 있는 연금 수령액이 아주 미미합니다.\n국민연금 소득 대체율 40% 제도가 유지되고, 기초연금이 40만원으로 인상된다면  이런 현상은 더욱 심화될 것이고\n차라리 국민연금에 가입하지 말고, 기초연금 전액 받는게 유리하다는 생각을 하게 됩니다.\n특정 계층을 두둔하는게 아니고 불공정한 제도부터 폐지 개선하여 정책에 대한 불신이 없게끔 노력하세요."
384494,2018-09-18,2018-10-18,0,9,육아/교육,여성가족부..가정법원판사님들...,왜  아직 그대로입니까!\n실효성이 없는 대안만 있을뿐입니다\n양육비 대안 추진 언제쯤됩니까?\n한달만 이행명령  안지켜도 감치라더니 왜 가정법원에선\n계속 연기연기 속행입니까?\n누굴 위한 법원입니까!\n양육비 미지급부모는 아동학대죄 아닙니까!\n판사재량이라지만   이건 아니지않습니까!\n외제차 굴리고다니고 하는사업 잘되서 등따시고 배부르면서\n자식 양육비 안주는 놈들을 위한 법원입니까!\n우리나라가 무슨 선진국입니까!\n이렇게 모든게 썩어빠졌는데..\n이민가고싶습니다..이렇게 제도가 엉망진창인데  애를\n더 낳으라구요? 있는애들이라도 잘 크게해주세요\n가정법원판사님들...아동학대죄   감치하는거 당연힙니다\n누굴위한 법원인지..뭡니까
488015,2019-01-05,2019-02-04,0,4,일자리,비자는뭐하러만들었냐?,"불체자가얼만대? 관광비자로들어와서 일하는 외노자들이 얼만대?\n우리나라입국할때 비자발급하는거,,,뭐하러만들었냐?\n그냥다 없애라,,\n불법이던,관광을방자한,일자리던,,하나도 관리도 안하면서,,,뭐하러비자라는 제도를만들었냐?\n그냥 중국,인도 동남아,러시안,,다 입국시켜라,,\n어차피 지금 외노자들로인해 굶어죽게생긴거,,,다 입국시켜서,다 같이 굶어죽자,,\n정치하는 사람들도 수입하고,,판사 검사 의사 전부 수입해라,,\n자기들밥그릇 탄탄하다고,,너무 무관심한거아니냐?\n아니면 그좋아하는 중국에 합병시키던가?"
346089,2018-08-18,2018-09-17,0,3,안전/환경,조영남  현대미술 관행  좋아하십니다  꼭  독선과 독재같은  문 정권  같습니다,인간이 인간다워야  사람이지
307697,2018-07-16,2018-08-15,0,31,정치개혁,청와대 비서진이 500명 육박...,이렇게 많은 분들 뭐하는 사람들인가요?\n국회의원하고 차이점이 뭐예요?\n세비는 어떤돈으로 지급되나요?\n현재 우리나라는 이런저런일로\n국민의 뜻과달리 국민혈세가 다른방향으로 흐르고있는거 같네요 ..\n안타까워요
514362,2019-02-01,2019-03-03,0,1,기타,문재인 대통령님께 바라는 소방관을 꿈꾸는 청년,진심으로 친애하는 문재인 대통령님께\n안녕하십니까\n저는 소방관을 준비하고 있는 청년입니다.\n대통령님께 간곡한 청이있어서\n연락드립니다~ 보실거라 꼭 믿습니다.\n저는 공무원이 되고싶어서 소방관이 되려는 것이 아닙니다. 저는 오직 소방관이 되고싶어서 소방관들을 지켜주고 싶어서 우리나라 안전에 기여하고 싶고 국민의식을 높이고 싶고 국민들을  지켜주고 싶어서  위롭고 따듯하게 살고 싶은 진심이 담긴 사람입니다.\n이게 진심이 아니라면  저는 대통령님이 국민분들이 소방관을 시켜주신다는 가정하에 약속할수도 있습니다 제가 생활하는 돈이외에  바라지도 않으며 안주셔도 생활만하는 고정금을 계속 준다해도 할것입니다\n지위 이런것도 안바라며 주지않아도 할것입니다.\n다만  저는  소방관이 되면 소방관으로써 정치쪽이나 옴브즈맨 제도에 의해  정의롭게  일해보고도 싶고 그런생각도 가지고 준비중입니다. 많이 배우고 노력해야겠지만  큰꿈입니다. 물론  정치쪽은  온전히 국민들의 안전의식 국민들을 위한  소방관을 위한 길을 걷고 싶고  최종은   조금이라도 좋은세상을 만들고  그걸 아이들과 후손들에게 물려주고 싶은  한사람이며 하늘에 맹세코 진심입니다\n그런데  주로 소방관 필기시험은 다른 공무원 시험보다  필기시험 난이도가 낮다고들 합니다. 그러나 그렇지 않습니다.비슷하며  또한 체력이 너무 힘들고 어렵고 저희는  둘다 병행을 해야합니다\n주로 소방관 공시생들은  공부를 안해오던 못하던 사람들이 많습니다  저 역시도 그렇습니다.나이 때문에 어린친구들 따라가기도 버겁고 암기에대한 휘발성이  때문에 일년을 준비하고 낙오해 다시 재도전중입니다.  핑계라면 핑계인건  알고있습니다.저는 요즘 하루에 4시간 씩  자고 있습니다. 너무너무 소방관이 하고싶습니다  위험하고 어렵다는 그일을 생명을 내놓고라도 하고싶습니다  그런데  공무원 시험  소방관 시험  필기도 실기 체력시험도  넘 엄격해집니다. 필기는 난이도가 다른 직렬과 거의 다를바없고 체력시험은 무조건 파울만 줍니다. 꼭 떨어트리려는 시험 같기만 합니다.소방관은 생명을 걸고 임하는 직업입니다.\n물런 너무 쉽다면  다하고싶다고 하겠지요 저도 그건 원치 않습니다  그러나 부디  저같이 오직 소방관을 위해  일하고 싶은 사람들도 헤아려 주시고 부디  시험에  조금만 관심을 가지고  너무 떨어트리는 시험이 되지않게  대통령님이 도와주세요 꼭 부탁드립니다\n저같은 소방관을 꿈꾸는 많은 이들을 대표해서  청합니다   부디 관심을 더 가져주시고  한번만  힘써주세요  제가 말한 모든것은 진심으로 거짓없는 마음입니다  도와주십시요
127865,2018-02-05,2018-03-07,0,8,문화/예술/체육/언론,제발 쓰레기같은 언론 좀 어떻게 해주세요.,진짜 요즘 일부 언론 너무나 심합니다.\n아무리 언론의 자유가 중요하다지만.\n기득권 세력에 빌붙어 지들 좋을때로 마음대로 사실을 왜곡하고 날조하고\n아직도 철지난 색깔론 공격에\n일부 야당의 나팔수같은 기레기들때문에 정말 진저리가 쳐집니다.\n왜 저런 쓰레기같은 언론을 가만 놔두나요.\n저건 손 볼 필요가 있다고 봅니다.\n제발 좀 점잖게만 있지 마시고. 제발 좀...
316695,2018-07-23,2018-08-22,0,2,외교/통일/국방,국군장별 두발체제 완화,"안녕하세요. 대통령님\n장병들 두발체제를 완화시켰으면 해서 이렇게 청원을 올려봅니다.\n옛날에야 전시이고 육탄전이 많아 스포츠컷, 3cm두발규제를 이해하지만\n시대가 휴전이고 또 육탄전이 거의없을 지금\n평화를 논하고있는 지금\n장병들을 두발에 약간에 자유를 주었으면 합니다.\n단정하고 깔끔하게만 하면 굳이 3cm규제를 두지않아도 될것같습니다.\n물론 청원으로 쓰기에는 어이없는 글이지만\n장병들에게 약간의 숨통을  트여줬음해서 이렇게 글을 올려봅니다.\n늘 사람 그리고 인권이 먼저되는 대한민국을 위해 노력해주셔서\n감사합니다."
430420,2018-11-03,2018-12-03,0,12,기타,잘못된 법은 바로잡아야합니다.,기사를 읽고 너무 마음이 아프고 분합니다.\n남들 자는 시간에 폐지를 주워야하는 현실도 슬픈데 모르는 사람한테 30분가량이나 맞다가 죽다니요.\n얼마나 맞아야 죽는걸까요?정말 끔찍합니다.\n그리고 술 마시고 기억이 나지않는다는 이유로 폭행치사라니..\n사람이 죽었습니다.폭행치사가 아니라 살인입니다.\n우리나라는 왜 정신질환 약이나 술만 마시면 죄가 감형이 되는겁니까?\n오히려 위협적인 이유로 가중처벌이 되어야한다고 봅니다.\n예를들어 몇대 때리고 준비해둔 술 드리킹하면 심신미약으로 벌금 좀 내고 집에 가면 되는겁니까?\n이런 사람들이 징역을 짧게 살고 나오면 세상은 어떻게 되는겁니까?두렵네요\n모든것이 바뀌어가고 있습니다.그중 잘못된..바꿔야할 법도 하루속히 바꿔지길 바랍니다.
48153,2017-11-22,2017-12-22,0,0,보건복지,"권역외상센터 (이국종 교수님) 추가적, 제도적, 환경적, 인력 지원","권역외상센터 (이국종 교수님) 추가적, 제도적, 환경적, 인력 지원"
63176,2017-12-10,2018-01-09,0,2,육아/교육,수능영어평가 난이도 내려주세요.,"매년 우리나라 고등학교3학년 학생들은 수학능력평가를 치르는데요. 여러과목을 하지만 영어가 크게 문제가 있다고 생각합니다. 영어를 주언어로 쓰는 외국인들도 읽기도 힘들고,이해가 되지않고 심지어 읽는동안에 따분하기까지 하는 지문에 무슨 영어입니까? 아무말붙이기죠. 이런한 상황에도 다 늙은 교육청의 간부들은 아직도 이런걸 고집부리며 난이도을 올리며 학생들을 괴롭히죠.그러나  '영어'라는 '언어' 목적자체가  소통을 위한 것이지 이런 말같지도 않은 문제를 만들라고 만든게 아닙니다. 제발 이런 영어문제를 수능에다가 넣지마세요. 고3 수험생들은 이런걸 이겨내고 만점을 받은사람도 있겠지만 분명한건 이런건 꼭 고쳐야합니다. 부탁합니다. 국민여러분,대통령님..."
245746,2018-05-27,2018-06-26,0,9,안전/환경,정읍 70대노인 집단폭행. 신뢰할수 없는 정읍경찰,집단폭행을 당한 저의 아버지 사건을 아들인제가 너무나 억울한 심정으로 청원 합니다.\n사건은 지난해 7월 22일 정읍시 태인면 소재 시골마을 산속에서 6명으로부터 일방적으로 집단폭행을 당한 사건 입니다.\n무더운여름 40여분동안 가해자 6명으로부터 결박을 당했으며 그중엔 삽과.괭이를든 사람도 있었고 항거불능 상태에서 감금과.폭언.집단폭행이 발생하였 습니다.\n이사건으로 인하여 저의 아버지께선 어께에 타박상과. 전치3주의 진단과치료를 받으며 외상후 스트레스중후군. 그리고 이명까지 발생하여 1년이 다 돼어가는 지금까지 고통을 참아내고 계십니다.\n올해 저의 아버지께선 78세 이십니다.\n농사꾼으로태어나 좋은세상한번 못살아보시고 지금껏 고생만 하시다가 77세에 나이에 저런봉변을 당한  아버지를 보면 저의 가족들은 가슴이 미어집니다.\n그보다 더더욱 저의 아버지와 가족들을 억울하게 하는것은 정읍경찰의 사건조사과정과 처분내용입니다.\n저의 아버지께선 이사건으로 3번의 경찰조사와.대질신문. 거짓말탐지기조사. 총5회에 조사를 받았 습니다.\n피해자가 이렇게 많은 조사를 받아야하며 사실관계를 피해자가 모두 밝혀내고 증명해야  돼는일이 참 힘들었 습니다.\n현재 이사건은 1명은 특수협박.  5명은 불기소(혐의없음) 으로 정읍 지검에 송치 돼었습니다.\n6명 그들로부터 집단폭행을 당해.3주의 진단과치료. 거짓말탐지기 진실. 그리고 증인의 증언도 있었습니다.\n그런데 왜. 5명은 혐의가 없다는건지. 도저히 이해가 가지않고 경찰의 봐주기 수사로 밖엔 생각이 들지 않습니다.\n제글을 읽어주신 여러분에 생각은 어떠십니까...\n이게 온당한 처분이라고 생각이 드십니까..?\n아직은 수사과정에 있습니다.\n검찰수사 과정에서 진실이 묻히지않고 밝혀지길 바라는 마음 뿐입니다.\n남북화해와 협력에 온정성을 쏟는 대통령님과 청와대 관계자 여러분 남북관계 정말 중요하지만.\n지금 이시간에도 민생에서는 이러한 불합리한 일들이 벌어지고 있답니다.\n이사건을 관심있게 살펴봐주시고 .\n피해자가 억울하지않고. 두번울지않게 철저한 수사부탁드립니다.
365159,2018-09-03,2018-10-03,0,19,교통/건축/국토,정부의 부동산 중개 시스템 도입,"정부차원의 부동산 중개 시스템 도입을 청원합니다.\n부동산 가격 폭등에 따라 부동산 중개수수료도 덩달아 높아지고,\n이사한번 가면 한달 월급을 중개수수료로 지출하는 시대입니다.\n부동산 중개인은 좋은 물건 중개에 신경쓰는 것이 아니라,\n부동산 가격을 올려서 높은 수수료를 받는데 신경을 쓰고 있습니다.\n부동산 매매 시 부동산 중개인이 필요한 이유는\n거래 당사자간에 서로 알지 못하는 관계로 중개인이 보험의 역할을 하는 것 뿐입니다.\n만약 부동산 중개 시스템 도입으로 정부가 보험의 역할을 한다면\n실거래가가 자동으로 파악되며 거래 당사자간에도 수수료 부담없이 매매를 할 수 있습니다.\n물론 중개업자의 매매가 조작은 자동으로 없어질 것입니다.\n다만 부동산 중개업자의 반발이 있을 것이지만\n중개업자들을 준 공무원 형태로 중개시스템 관리를 하도록 고용하면 될 것입니다.\n준 공무원 수준의 고용도 반발할 정도라면 엄청난 수입을 벌고 있던가, 탈세등의 문제가 숨어 있을 것입니다.\n이런 문제는 세무조사를 통해서 해결할 수 있습니다.\n기술적으로 부동산 중개시스템 도입이 어렵다고 생각되지는 않습니다.\n정부에서 이런 생각을 하지 않았다고도 생각하지 않습니다.\n다만, 부동산 중개업자들의 반발이 걱정될 수는 있습니다.\n기성세대에게도 문제이지만, 많은 젊은이들이 집을 구하기 힘들어 결혼을 포기하고 있습니다.\n결혼을 하지 않으니 출산율이 낮아지고 국가의 미래가 위험해 보입니다.\n일부 이익단체의 반발과 국가의 미래 중에 어떤 것이 중요하겠습니까?\n당장 도입과 시행이 어렵더라도 장기적으로는 가야할 길이라고 생각합니다.\n국가가 관리하는 부동산 중개시스템 도입을 청원합니다."
227291,2018-05-08,2018-06-07,0,72,육아/교육,홍준표. 조원진. 김성태. 김진태 부모 처벌해주세요,홍준표 조원진 김성태 김진태 등등\n어릴적 가정교육 및 인성교육을 소홀히 한 이들의 부모를 처벌해 주세요
433952,2018-11-06,2018-12-06,0,4,보건복지,국민연금.기초연금.장애인연금기초급여액매년1월달마다소비자물가상승에따라인상해주세요,공무원연금.군인연금은매년1월달마다소비자물가상승에따라인상되는데 왜 국민연금.기초연금.장애인연금기초급여액매년1월달마다소비자물가상승에따라인상안되나요?  국민연금.기초연금.장애인연금기초급여액매년4월달아닌~매년1월달마다소비자물가상승에따라인상될수있도록개선시켜 주세요.건의합니다
120804,2018-01-29,2018-02-28,0,81,정치개혁,국회의원 최저시급,저도 동의합니다
151930,2018-02-26,2018-03-28,0,0,농산어촌,집수리,2000만원후원해주세요\n집수리하게\n지붕석가레썩어부러줘서\n돈있어야만\n문화제청지원받을수있어요
71980,2017-12-23,2018-01-22,0,0,안전/환경,"안전사고 앞에 너, 나 없습니다. 정부의 발빠른 대책마련과 강력한 시행령이 필요합니다.","제천 화재를 보고 생각합니다.\n세월호가 침몰했을 때 그 아픔과 슬픔을.\n가만히 있으라고 해서 가만히 있을 수밖에 없었던 많은 학생들과 그 아이들을 구하다 스러져간 어른들.\n대피하라는 이야기조차 듣지 못하고 탕 안에 있다가 유독가스에 목숨을 잃은 평범한 시민들.\n살 수 있는 사람이 허무하게 죽어가는 현실은 당장 내일이라도 내가 그 대상이 될 수 있다는 사실이기도 하기에 슬프기도, 섬칫하기도 합니다.\n우리는 현실을 바꿀 수 있습니다.\n안전관련 법안을 보다 강력하게 개정하고 대피훈련 교육예산을 지원하는 것으로 그 물꼬를 틀 수 있습니다.\n1.\n이번 제천 사고를 보니 해당 건물주 및 부속 시설 종업원들은 안전교육을 받지 않았고 사실상 그 시설에 방문한 방문객과 다를 바 없는 안전상식을 지닌 사람들로 보입니다. 갑작스러운 화재상황에 방문객과 시설 관계자(임대인, 임차인, 임차인의 종업원 모두) 모두 패닉에 빠져 최소한의 구명활동(화재발생알림)도 제대로 수행하지 못한 것으로 보입니다. 정상영업중인 모든 생활/문화시설은 시설 관계자 전원이 의무 안전교육 수료 후 안전증을 발급받아야 정상운영 가능하도록 시행령을 내려주세요. 안전증은 소방방재청의 전문교육관을 통해 재난안전에 관련한 의무실습교육을 8시간 들어야 취득할 수 있도록 하며, 1년 단위로 면허갱신을 위해 교육 8시간을 재수강함을 전제로 했으면 좋겠습니다.\n2.\n안내방송시설, 대피시설 등 소방관계시설을 제대로 관리하지 않고 방치하는 건물 및 사업장은 적발빈도와 위반사항의 경중, 계도 후 조치여부에 따라 최하 1년 이상의 임대 및 영업정지, 최대 시설폐쇄까지도 가능하도록 강력히 제재하는 시행령을  내려주세요. 큰 사고가 발생하지 않더라도 적발만으로도 영업이 중지될 수 있다는 위기감이 있어야 관계자들의 적극적이고 즉각적인 개선도 따르리라고 봅니다.\n3.\n소방관들은 인력의 문제와 관할권의 문제, 장비 노후화의 문제로 고통받고 있습니다. 이 문제들은 정부가 지자체와 협의하여 소방관의 국가직 전환을 서둘러야만 하는 결정적인 이유입니다. 각 권역별 소방기구를 개설하고 면밀히 실태조사한 뒤 권역별 평균점을 맞추어 전체 소방청이 점진적으로 발전해 나가는 것이 가장 이상적이라고 생각합니다.\n이번 삭감된 예산안으로 인해 소방관 증원이 실질적으로 얼마나 이루어질 지 모르겠습니다만, 현재 소방인력의 사정을 들어보면 신규인력이 100% 충원되기만을 손 놓고 기다릴 수 없는 상황일 것입니다. 소방차가 13대인데 그 차를 다 끌고 나올 인력이 안 된다, 심지어 화재출동 시 한 차에 2인 이상이 탑승하는 경우조차 매우 드물다는 인터뷰까지 나올 정도니까요. 따라서, 총 소방인력을 집계한 뒤 인구대비 & 화재발생건수대비로 재배치하고, 대형화재로 판단할 경우 권역별 소방기구에서 화재지 인근 소방서들을 시도경계, 관할구분 없이 출동시킬 수 있도록 해야합니다.\n※\n불법주차된 차량들로 인해 현장진입까지 30여분이 소요됐다는 인터뷰를 보았습니다. 불법주차차량을 원망하고 성토하는 글들이 넘쳐나고, 소방차가 불법주차 차량을 밀어버려도 책임지지 않는 법을 제정해야 한다는 목소리도 있습니다. 저도 심정적으로 동감하는 부분이 있습니다. 그런데, 정부에서 한 번 생각해보아야 합니다. 꾸준한 단속에도 왜 불법주차는 근절되지 않는가? 하는 점 말입니다.\n서민들이 거주하는 구옥주택 밀집지역이나 원룸촌 등은 불법주차의 온상입니다. 새로 짓는 건물들은 1가구 1차량 주차가 가능하도록 강제되나, 재개발 예정지 같이 골목정비조차 제대로 되지 못한 곳에서는 불법주차 때문에 이웃간 다툼도 빈번합니다. 월 요금이 공영주차장에 비해 비싸더라도 차를 댈 곳만 있었으면 좋겠다는 시민들이 많지만 시군구 차원에서의 해결방법은 자투리 공간에 거주자 우선구역을 지정한다든지, 시군구청 주차장을 개방하는 정도로 제한되어 있습니다. 국가에서 정책적으로 해결할 수 있는 부분은 없는 것인가요? 막대한 예산을 지원하기를 바라는 것이 아닙니다. 다만, 이 문제를 공론화하여 시민들로부터 아이디어를 수렴하든지, 정부와 지자체 간에 대안을 찾는 노력을 지속하든지 해야 하는게 건강한 사회 아닌가 생각합니다.\n2001년 서울 홍제동에서는 잊을 수 없는 화재사건이 있었습니다. 불에 탄 건물잔해가 무너져 소방관 6명이 깔리는 대참극이었습니다. 소방관들을 구조하기 위해 포크레인이 현장에 꼭 들어와야 했지만 주택가 골목을 점거한 불법주정차차량 때문에 들어오지 못했고, 결국 구조의 골든타임을 놓쳐버렸지요. 아까운 6명의 생명을 잃고 우리는 많이도 슬퍼했습니다. 불법주정차를 성토하기도 했습니다. 그런데 2018년을 맞이하고 있는 우리는 아직도 그 시간에 멈춰있는 것 같습니다. 주차공간이 없으면 차를 사지 말라, 불법주정차하면 벌금을 물리겠다, 얼르고 달래지만 근 20년 째 아무 실효도 거두지 못한 채 말입니다.\n제도적 개선을 위해, 시민의 생명과 안전을 위해 치열하게 고민하는 정부가 되어주세요.\n긴 글 읽어주셔서 감사합니다."
111834,2018-01-24,2018-02-23,0,4,성장동력,코스닥 투기 과열 심각합니다..입출금제한 해주세요.,코스닥 일봉챠트 보세요\n심각한 과열과 투기장으로 변질 되었습니다..\n피해보는 개미 없도록 은행 입출금제한 및  코스닥폐쇄해주세요\n도박판 되었습니다..\n근데1가지 궁금한게 있는데요\n피해보는 개미 없도록  폐쇄하면...  현재 매매하는 개미는 피해보고 ..차후 고점에 신규입성할지 모를 미래의 개미는 피해 안보는건가요?
492737,2019-01-10,2019-02-09,0,1,인권/성평등,양심적 병역거부자의 양심을 게임 사이트에 접속을 했다는 이유로 차별하는,"양심적 병역거부자의 양심을 게임 사이트에 접속을 했다는 이유로 차별하는 인권침해에 대해서 답변해주세요.\n양심적 병역거부를 실시하고 있는 대다수의 나라에서, 게임을 접속 했다는 이유로 한 개인의 양심을 판단하는 기준은 적절하지 않을뿐만 아니라, 개인의 사생활과 인권을 침해하는 것입니다.\n법무부의 기준은 한 개인의 양심을 잘못된 기준으로 판단하는 인권침해의 요소가 다분히 있습니다. 더 넓게 개개인의 양심을 보호해야 되고, 보호 받을 권리가 존재 하는데 잘못된 법무부의 지침입니다.\n국방의 의무를 다한 사람으로써, 한 시민으로써. 인권이 하나둘씩 추락하는것에 대해서 목소리를 내지 않는것은 양심을 갖은 소시민의 역할이 아니라고 생각해서 글을 남깁니다."
399499,2018-10-06,2018-11-05,0,46,행정,임대사업자의 권리는 없는건가요?,"수십년 일한 결실로 건물주가 되면 죄인입니까?\n요즘 상가건물의 공실률이 얼마나 되는지 아시겠지만\n대부분 입대사업자들의 수입은 정말 대출이자와 유지비 각종세금을 내다보면 남는돈이 얼마되지 않습니다.\n요즘같은 불경기에 공실 기간이 점점 늘어나고 임대료는 끝없이 내려가는 실정에 경기가 회복되기만\n기다리며 반년,일년 임대료 무료로 임차해 공실만 맊으려 울며겨자 먹기로 임대합니다.\n개인재산이자 전재산인 임대건물의 수입으로 내라는\n세금 다내고 건물유지보수하고 대출이자 내다보면 어떤때는 손해난는게 한두해가 아닙니다.\n이런 임대사업자들의 애환은 전혀 생각않고 일부 국회의원들이 본인들 인기만 생각해서 생각없이 사회적 이슈가된 단적인 상황만 보고 법안을 발의해 통과시키는게 잘하는일인가요?\n개인재산의 권리는 임대사업자라는 이유만으로 박탈해도 아무 문제없는건가요?\n국회의원이라면 근본적 문제인 본인 지역구의 지역경제발전을 위해 일할 생각해야지 문제 떠넘기려 방패막이로 임대사업자를 앞에 세우는것이 국민의 세금으로 월급받는 사람들이 할일은 아니라 봅니다.\n여유가 있는 사업자는 기대 임대료에 맞는 임차인 구해질때까지 공실로 두면 되겠지만 급해서 싼가격에 아무 임차인에게 임대를 해줘야하는 건물주는\n만약 한 임차인때문에 나머지가 임대안되어 손해를 보고 있다면 나라에서는 어떻게 보상하실건가요?\n현실적인 임대료 상한비율과 임차기간 보장은 이해할수있을지 몰라도 일방적으로 임대인만 불합리한 법률개정은 재검토해야 한다고 생각합니다.\n상위 몇프로 빼곤 대부분의 임대사업자는 임대수입이 한가정의 생활비 전부임을 생각해주시기 바랍니다.\n임대인도 임차인과 마찮가지로 이나라의 국민입니다."
139315,2018-02-14,2018-03-16,0,3,농산어촌,"농,축,임,수산업협동조합의 기능을 분명히 정립시켜 개혁해 주십시오!","날이 갈수록 발전과 변혁은 쇠퇴하고 있는 현실이 너무나 애처롭습니다.도농의 격차는 하늘과 땅의 차이처럼 멀어져 가고 도시와 근교의 신도시만 비대해 가며 농,산,어촌은 갈수록 피폐해 가는 현실이 미래를 더욱 어둡게 만들고 있습니다.고령화의 급속한 확대,영육아의 인구절벽,초등교육장인 분교폐교,의료시설미흡,도저히 희망이 안보입니다.\n그 중의 가장 효력을 빌휘하지 못하는 기능이 협동조합의 역할이라 봅니다.\n왜 도심 중심지에 농협이란 조직이 큰 자리를 차지하고 있는지~~도저히 이해가 가지 않습니다.\n그리고 왜, 협동조합들이 금융의 돈돌이에 혈안이 되어 선량한 서민들을 스스럼 없이 망가뜨리고 있는지?\n협동조합의 기능은 적절한 장소에, 적절한 기능을 하여야 제역할을 다 할 수 있는데 기능은 고사하고 조직의 배만 불리고 자기들 이득만 취하고 있으니 지역의 발전은 고사하고 아무런 효과를 발휘하지 못하고 있는 현실입니다.\n정부의 단호한 처방을 고대합니다."
96967,2018-01-16,2018-02-15,0,4,성장동력,청년들이 돈버는꼴 못보겠다. 30년 일해서 기성세대 보유하고 있는 부동산 가격더 올려줘라,결국 이건가요?
167721,2018-03-16,2018-04-15,0,5,일자리,청년내일채움공제 5인미만 사업장도 하게 해주세요!!!,병원은 대다수 5인 미만 사업장이 많은데 근로자 4명에 원장 1명으로 연차 월차 없고 근로자로서의 권리에 배재되어있습니다.\n병원 뿐 아니라 대다수 5인미만 사업장에서는 사장의 노예로 살라는 말씀입니까?\n이러한 정책이 발표 될 때마다 적용 받지 못하는 사각지대에서 상대적 박탈감을 느낍니다.\n졸업 후 한번도 쉬지도 못하고 일해왔는데 그럼에도 불구하고 5인미만이라 적용이 안되서 다른 근로자들은 3천만원씩 가져갈때 아무것도 없이 노동의 댓가가 오지 않는게 말이 됩니까?\n대기업도 아니고 중소여도 박봉에 시달리며 저런 격차까지 생긴다면 일할 필요가 뭐가있습니까? 일자리를 옮겨야 하나요?\n그러면 5인미만에서 일하는 사람은 없어져야 마땅한가요?\n정책 취지는 좋은데 개선되어야한다고 생각합니다.\n적용범위를 5인미만 사업장까지 넓혀주세요
267683,2018-06-10,2018-07-10,0,42,외교/통일/국방,베를린장벽 회손한 가짜아티스트 처벌을 원합니다.,2005년도 독일에서 서울시에 기증한 베를린장벽이\n“ hideyesterryj”라는 인스타 계정을 가진 유저에 의해\n훼손되었습니다.  장벽의 훼손도를 보면 동독과 서독의\n분단의 역사가 구분할수없을 정도로 무차별적 훼손이 이루어졌으며 현재 평화통일의 기원이 될수있는 장벽을 훼손함으로서 평화통일을 방해하고자하는 목적이 내포되어있는것으로 보입니다. 그리고 이러한 귀중한 자산을 재대로 관리하지 않은 서울시의 문제도 있으며\n이러한 장벽의 훼손을 방치할 경우 차후 단체나 개인등이 작품의 기증을 더 이상 안할 가능성이 크며 이 일을 방치할경우 서울시의 위상은 더욱 떨어지며 타 국가에서 평화통일의 상징을 기증하였는데 이것을 이렇게 관리함으로서 차후 서울시 더 크게 보면 대한민국 자체의 위상이 떨어질수도 있는것입니다.\n앞으로 북미 정상회담도있고 시국이 지금 평화통일이 될수도있고 각각의 다른체제로 갈수도있지만 그래도 이러한 사소한일 하나하나가 차후 큰영향을 미칠수있음을 알아주시고 앞서 언급한 인스타계정을 가진 사람을 처벌해주시고 이러한 일이 앞으로 더이상 일어나지 않게 관리를 제대로 해주세요.
296555,2018-07-05,2018-08-04,0,4,저출산/고령화대책,4인가족기준,"저희는 아이가 3명입니다.\n여행을 다니면서도 이해할 수 없는 부분이 있습니다.\n아이를 많이 낳으라면서 모든 호텔들은 4인가족 기준이며, 그 이상은 들어갈 수 없거나 추가요금을 내야합니다.\n4인가족 기준이 너무나 불편하고 사실상 이해가 되지 않습니다."
444849,2018-11-17,2018-12-17,0,0,일자리,오피스텔이 개인사업자를 왜면합니다.,기가막혀서 글을 올립니다.\n프리랜서로 오피스텔에서 개인사업합니다.\n규제개혁은 말뿐이고 헛소리 입니다.\n오피스텔이 무엇인가요.\n말그대로 사무도 가능하고 잠자리도 가능한곳 아닌가요.\n그런데 오피스텔에서 개인사업자를 외면합니다.\n세금이 많이나온다네요.\n머 이런나라가 다 있나요.\n그러면 오피스텔은 잠만자고 투기꾼들 돈벌어주는데인가요.\n나라가 미쳤어요.\n별 쓸데없는데다 이상한거 붙여서 오피스텔에서 개인사업을 할수가없어요.\n머 이상한 성매매하는것들 못하게하려고 개인사업자들도 피해보는건가요.\n일거리도 없어서 힘든데 쓸데없는것때문에 더 힘드네요.\n제발 입으로만 규제개혁 조잘대지말고 국민들이 멀 원하는지 제대로 정책을 폐세요.\n오피스텔에서 사업을 못하게 막는거 이게 먼가요.\n참으로 한심한 나라 입니다.
136006,2018-02-10,2018-03-12,0,1,농산어촌,혁신행정을 거부하는 농림축산식품부의 유기질보조지원정책,"-AGRIX비료생산품질관리시스템은 구태의 탁상행성이다-\n1.정부의 많은 발전을 소망합니다.\n2. 정부의 유기질비료보조지원사업을 환영합니다.\n3. 정부의 AGRIX(농림사업정보시스템)에 비료품질관리시스템 적용은 다음과 같은 모순점을 갖기에 폐지를 주장합니다.\n우선 비료관리법부터 소개하고 모순된 점을 설명하겠습니다.(agrix의 유기질비료생산관리시스템은 구태의 탁상행정 근거)\n1)비료관리법의 목적은 비료의 품질을 보존하여 가격안정을 통한 농업생산력 유지와 증진시켜 농업환경(자원순환농업)을 보호함으로 적시하고 있습니다.\n2)비료관리법의 적용을 받는 유기질비료의 원료는 인간생활 영위과정(식품제조,축산,농업,임업,어업,음식물포함)에 나오는 부산물(폐기물)이 대부분입니다.\n3)유기질비료의 제조는 인간생활의 영위과정에서 발생하는 부산물(폐기물)을 건조, 발효와 혼합, 분쇄, 여과, 포장하는 공정을 거쳐, 유해물질을 최소화, 유용물질은 최대화하는 것입니다.\n4)유기질비료의 보조지원은 농업생산자인 농민에게 작목별, 영농규모에 따라 그 량이 배정됩니다. 그 금액은 20kg1포 1900원(혼합유박,혼합유기질,유기복비)와 1600원(가축분퇴비,퇴비)으로 환산하여 보조금액이 배정됩니다.이는 농협으오 위탁관리 지원됩니다.\n*따라서 유기질보조지원은 정부(1300-1000원)와 지자체(600원)에서 농업활동을 하는 농민에게 지급되는 것이기에 유기질비료생산업체는 사업의 주체도 대상자도 아닙니다.\n5)AGRIX(농림사업정보시스템)은 정부와 사업대상자인 농민과 소통하는 시스템입니다.\n6)AGRIX의 비료관리시스템의 강제 적용은 발효과정을 수반하지 않는 혼합유박과 혼합유기질과 유기복합비료는 억지 적용을 할 수 있겠지만, 발효과정을 통해 비료가 제조되는 부숙유기질비료(가축분퇴비, 퇴비)는 원천적으로 아주 불가능합니다.\n그 이유는 다음과 같습니다,\n(1)부숙유기질(가축분퇴비,퇴비)은 원료의 배합비와 제품의 공정규격의 품질규정은 별개입니다.\n주원료는 폐기물(가축분뇨, 동식물성잔사, 음식물 등 부산물)이며, 부원료는 톱밥,왕겨, 수피,버섯폐배지 등입니다.\n*이를 혼합하여 발효시켜서 제품이 되기에, 당초 폐기물이 발효 후에 비료라는 상품이 됩니다.이 과정에는 주원료의 물리적 특성과 상태, 부재료의 상태와 양 , 발효기간, 생산업체의 공간과 시설, 기술능력 등등의 여러 가지 가변적인 요소가 엄청나게 많이 적용됩니다.\n*원료의 사용도 비료생산업에 등록된 배합비율에 따라 투입될 수 없을 뿐더러, 꼭 그렇게 배합비율에 따라 제조한다고 제품의 성분이 그렇게 나오는 것이 아닙니다. 그렇기 때문에 원료의 배합비율을 정하는 것은 아무런 의미가 없습니다. 단지 생산업체의 홍보 정도의 의미이지 ,비료제품의 질과는 상관이 없습니다.\n*획일적인 부숙기간 15일, 후숙기간 60일이상 적용도 아무런 의미도 없습니다. 원료 반입상태와 구성물질, 생산시설의 조건,기술능력 등에 따라 다르며, 또 공정규격에 부숙도와 c/n비 등등의 기준을 적용 받기에 무의미한, 불필요한 행정 규제에 지나지 않습니다.\n*사용원료는 폐기물이지만 발효과정을 거친 후는 비료라는 상품으로 변화되는 것이 가축분퇴비, 퇴비입니다. 제품인 비료를 분석하여 원료구성비를 절대 입증할 수 없습니다. 이는 열역학 제2법칙(엔트로피법칙)을 적용받기 때문입니다.\n*원료의 사용문제도 비료관리법에서 명시하는 <사용 가능한 원료>가 정답입니다.\n(2)부숙유기질비료는 식품이 아니기에 병원성미생물(0-157, 살모렐라), 농약검출 항목은 폐지되어야합니다.\n*가축분퇴비,퇴비는 식품이 아닙니다. 토양에 영양을 주어 식물을 성장토록하기에 기존 토양에는 병원성미생물도 아주 많을 뿐만아니라 농업에는 농약도 필요합니다. 사람과 가축도 병들면 약으로 치료하는 것과 꼭 같은 이치입니다.\n(3)똑 같은 유기질비료지원을 받고 같은 농업행위에 사용되어지는 혼합유박, 혼합유기질, 유기복합은 부숙도문제, 병원성미생물문제, 농약검출문제가 적용되지 않습니다.\n*이는 유기질비료보조지원에 있어서 형평성의 원칙에 상반됩니다.\n7)위의 내용으로 보아 알 수 있듯이, AGRIX의 비료품질관리시스템은 국가예산, 인력, 시간낭비만 결과하는 구태의 탁상행정시스템이기에 당장 폐지하는 것이 마땅합니다.\n4.정부에서는 우리 미래의 농업, 농촌 더 나아가서 국가의 미래성장산업으로 유지, 발전시키기 위해서 정부유기질비료지원사업 확대를 요청합니다. 이를 위해서 다음과 같은 사항을 유념하여 제도화 할 것도 희망합니다.\n*농업현실에서 부족하지 않은 지, 지자체에서는 이를 전용하지는 않은지, 농협에서는 유용하지 않은 지,\n*농협(축협,품목농협포함)에서의 유기질비료 생산과 판매는 불공정한 행위가 아닌 지, 농협(품목농협포함)의 유기질비료공장설립에 막대한 정부예산 지원은 과연 합리적인지.\n5. 정부의 혁신적인 농업행정을 기대합니다.\n지금 우리의 농업과 농촌현실에서는 드론, 6차산업, AI(인공지능) 등 혁신적인 시스템이 적용되고 있습니다. 정부의 유기질비료 지원사업정책도 농업인에게 편리하고, 충분하게, 신속하게 전달되도록 힘써 주실 것을 거듭 당부 드립니다.\n부디 정부의 유기질비료지원정책이 농업과 농민,농촌에 아주 유용하게 현실화 될 수 있도록 하는데 있어 부족함이 없도록 최선을 다해주시기를 희망합니다."
297729,2018-07-06,2018-08-05,0,564,저출산/고령화대책,저출산에 난임지원이 없나요?,저는 난임부부입니다.\n어제 저출산지원 대책을 보고 한숨이 나왔습니다.\n작년12월에 시험관1차를 하고 2차를 진행할까 하고 있는상황입니다.\n하지만 돈이 문제입니다.\n의료보험에서 지원이 나온다고 해도 기본 2~3백은 가지고 있어야 되는데\n생활이 힘들다보니 이또한 힘들어서 1차때는 주말알바를 하면서 돈을모아서 진행했습니다.\n주말알바하면 괜찮겠지는 저의 많은 착각이였습니다.\n난자가 크는 상태를 봐야되어서 병원에 자주가는거는 알고 있었지만 사람맘대로 할수있는 부분이 아니라서\n주말에도 병원에 가야 되었고 이식일이 금요일이 되어서 이식하고 일을해야 되었습니다.\n눈치도 보이고 해도 이제는 일을 그만두고 준비를 하는데 돈이 문제입니다.\n늦은 결혼이라서 미룰수는 없는데 그렇다고 무턱대고 진행하다보면 빛더미에 오를수도 있을거 같고\n남편과 많은애기를 하다가 포기하자고 하는 남편에게 2차만 진행하고 안되면 포기하자고 했습니다.\n저같은 부부가 저만 있지는 않을듯합니다.\n아기가 가지고 싶어도 돈땜에 시험관을 포기하는 부부들에게 지금 저출산 지원을 한다면\n돈걱정안하고 맘편히 몸조리만 하면 되니 임신성공률도 올라갈수 있습니다.\n출산률은 분명히 올라갑니다.\n담당자들이 난임병원에 한번이라도 가셔서 하루정도 대기실에 있어보시면 아가를 기다리는 난임부부들이 얼마나\n많은지 보실수 있을겁니다. 그분들의 희망과 눈물 자책을 이해하신다면\n저출산에서 난임부부들을 배제하지는 못하실겁니다.
23580,2017-10-25,2017-11-24,0,1,인권/성평등,만나이일상화를 통한 나이체계일원화,"현재 한국은 만나이가 공식나이입니다.\n모든 법적,행정적 절차에서 국가 공식나이인 만나이를 적용하고있는데 문제는 일상생활에서 만나이를 쓰고있지않다는것입니다.\n굳이 나이체계를 나눠서 사용할필요가 없다고 봅니다.\n한국식나이가 사실은 고대 중국에서 쓰이던 셈법인데 그 종주국마저도 비합리적이라는 이유로 버린것인데 한국에서는 그걸 전통이라고 하는게 말이안되는것입니다. 백번양보해서 한국에서 계속 쓰이고있으니 전통이 맞을수도있지만 전통이라는것은 언제나 변할수있습니다.\n세월이흐르고 시대가 변하면 아무리 전통이라 하더라도 그 모습이 조금씩변하거나 없어지는것은 너무나도 당연한것입니다. 더군다나 현대사회는 융통성과 유연성 그리고 실리가 중요시되는 사회입니다.\n오히려 한국식나이셈법 때문에 나이따지는 문화가 더욱 심해지고 불필요한 논쟁이 발생한다고 생각합니다.\n더군다나 11월,12월생같이 생일이 늦은 사람들은 철저하게 생일이 무시되기때문에 오히려 손해를 보고있습니다.\n정년이 60세인 회사가있는데 만약 정년나이를 만나이가 아니라 한국나이로 따진다면\n1958년생들이 퇴직을 하게됩니다. 그런데 1958년1월생과 1958년12월생은 거의 1년차이가 나는데 연도로 끊어서 퇴직을 같이하는게 불공평한거 아닙니까?\n1월생은 1년을 더 일할수있는 반면 12월생들은 생일이 늦어서 손해를 보는것입니다. 그래서 법적나이인 만나이를 쓰는거아닙니까.\n그리고 12월31일생이 태어나자마자 2살이 된다는건 어떤 이유로도 설명이 되지않습니다.\n12월31일생이 같은해 1월1일생과 동갑이고\n다음해 1월1일생과 1살차이가 난다는건 말이 안되는것입니다.\n이러한 이유때문에 영유아기 아이를 둔 부모님들은 아이들의 나이를 1살이라고 말하지않고 개월수로 따져서 말합니다.\n이러한 이유가 한국식나이 자체가 불합리한점이 있기때문이지않겠습니까?\n모든 기념일은 만으로 따지는것이 정확하고 익숙한것이라 생각하면서 사람나이는 왜 그렇게 생각하지않는지 답답할뿐입니다.\n그리고 나이는 자기 생일에만 올라가는것인데 1월1일에 나이먹는다고 생각하면 전국민 생일이 1월1일인거고 각자 생일은 의미가없는것입니다.\n생일의 진정한 의미를 잘 생각해보십시오.\n한국식나이셈법은 전세계에서 한국에서만 쓰이고 있는데 비효율적이고 불합리하고 오히려 1,2살 가지고 위아래를따지다보니 한국사회에서 갑질문화가 심해지고 유연한사고를 방해한다고 생각합니다.\n그리고 결정적으로 나이를 한가지로 통일해야지 법적나이,일상생활나이 이렇게 나이체계가 나누어진다는것이  비효율적입니다.\n더군다나 일상생활에서 따지는 한국나이는  모든 서류에서 인정받지 못하고 법적효력이 없습니다.\n모든 서류처리과정에서 만나이만 인정하는데 굳이 일상생활에서 한국나이셈법을 유지할 필요가 없다고 보여집니다.\n포털사이트에 '만나이'라고 검색하면 만나이계산기가 나옵니다. 평소 만나이를 일상생활에서 쓰고있지않다보니 사람들이 정확한 자신의 나이를 모르고있다는 것을 방증하고있습니다.\n1962년부터 한국의 공식나이는 만나이라고 공표하였습니다. 그당시 정부에서 홍보를 했었지만 국민들의 인식이 아직까지 바뀌지 못하고 현재 세는나이 혼용체제가 지금까지 이어오고있습니다. 그 당시 적극적으로 홍보를 하고 사용을 권장했더라면 충분히 만나이가 사용되었을텐데하는 아쉬운 마음이 들기도하지만 지금부터라도 국가에서 적극적으로  만나이 사용을 홍보해야한다고 생각합니다.\n나이체계에 대한 인식을 바꿔야한다는 관련 뉴스를 첨부했는데  많은 사람들이 나이체계를 고쳐야한다고 말하고있습니다.\n일부사람들은 만나이로 나이가 1,2살 어려지는데 집착한다고 볼수도 있겠지만 그냥 본래 자신의 나이를 찾고, 법적 행정적 나이를 일상생활에서 통일한다는 점에서 큰 의의가 있습니다.\n유독 한국이 나이압박이 심한데 만나이 일상화를 통해 유연한 사고를 하기를 바라는 마음이 큽니다.\n모든 분들이 공감하실텐데 특히 청년층은 취업마지노선이라는것이 존재합니다.\n취업준비에 열을 올리고있는 상황에서 무조건 한국나이로 생각해서 내가 몇살인데 취업이될까? 하는 불안한 마음을 가진 사람들도 많습니다.\n미래를 준비하는 입장에서 만나이사용이 일상화돼서\n1,2년 정도 시간적여유가 있다고 생각하는것과 쫓기듯이 생각하는것은 큰 차이가 있습니다.\n청년층뿐만아니라 중장년층 또한 '내 나이가 몇인데..' '이 나이에 뭘하나?'와 같이 생각하지않고 조금 더 여유로운 마음을 가지게 될 것입니다.\n실제로 마음의 시계라는것이 긍정적인 효과를 가져온다는 연구결과도 있습니다.\n미국 하버드 대학의 엘렌 랭어 교수는 1979년 ‘시계 거꾸로 돌리기’ 연구를 하였다. 그는 마음의 시계를 거꾸로 돌린다면 몸의 시계도 거꾸로 돌릴 수 있지 않을까 하는 가설을 세우고 실험에 들어갔다. 이 연구에서 그는 8명의 노인을 선정하여 20년 전의 환경에서 생활하게 함으로써 그들의 나이와 지능 등을 50대 수준으로 변화시켰다.\n2012년 10월 한국에서도 이 실험을 진행했는데\n실제로 참가자들은 청력,악력,유연성등 신체기능에서 현저한 개선을 보였고 마음 상태에 따라 건강과 노화가 영향을 받는다는 것이 증명된것입니다. 이렇듯 스스로 늙었다고 나이가 많다고 생각하는 정신적 노화 자체가 사람에게 좋지않은 영향을 미친다는것이 밝혀졌습니다.\n한국식나이세기가 모순이 많고 비합리적이기도 하지만 결정적으로 사람을 정신적으로 빨리 늙게만든다고 생각합니다. 본인나이보다 1살,2살 나이를 더먹고사는셈인데 좋은 영향이 있을리없죠\n30살과 28살의 마음가짐이나 부담감은 차이가 날수밖에 없는것이죠\n그리고 한국은 이렇듯 나이자체로 위아래를 나누고 나이의식을 심하게해서 사회적으로도 문제입니다.\n무슨 일을 하려고 해도 나이라는 장벽에 막힐때도 많습니다. 한국식나이셈법만 고집해서 위아래나누고 윗사람 대접받고싶어했던 분들이 만들어낸 현상인거죠. 결국 자기발등 자기가찍은셈이 된거라고 생각합니다.\n그 예로 한국에서 비행기를타면 나이가 젊은\n승무원들밖에없지만 외국에서 비행기타면 나이에 상관없이 승무원일을 하고있다는걸 알 수있습니다.\n그리고 한참 경제생활 할 나이에 이른 퇴직하신분들은 그 경력을 되살려 재취업하기란 참 어렵습니다. 그 이유가 나이때문인거죠\n경력은 많고 아는것도 많지만 결국 나이가 많아 같이 일하기 불편해서 꺼려하는 경우도 많죠.\n이렇듯 한국사회는 너무 나이를 따지는것이 심각하다고 생각합니다.\n사람은 1명인데 나이는 한국나이,만나이,연나이 3가지라니 이게 말이안되는것입니다. 이렇게 정확하게 자신의 나이를 인지하지못하기때문에\n커뮤니케션에 있어서 불필요한 사회적비용과 에너지낭비가 발생하는것입니다.\n물론 아직 만나이가 어색한 분들은 만나이로 따지면 생일에 따라 언니,형 호칭이 달라진다고 생각하실수도 있으시겠지만 생일에 따라 나이가 달라지니 나이를 따지는 것 자체가 무의미해지고 나이를 심하게 따질 필요가 없어지는 것 입니다.\n사람들사이에서 무조건 나이따지고 나이로 갑질하려고 하지말고  서로 인간 대 인간으로 존중하고 예의를 갖추는 자세가 필요하다고 생각합니다. 그렇게 갑질문화 꼰대 싫어하시면서 한국나이만을 따진다는것도 모순이지 않습니까?\n저런 갑질,꼰대문화자체가 한국식나이셈법에서 파생된것이라고 생각합니다.\n이제 정부차원에서 일상생활에서 만나이사용을 적극적으로 권장하는 캠페인을 벌이고 이를통해 나이체계를 한가지로 통일했으면 좋겠습니다.\n도로명주소도 그렇게 홍보해서 이제 자리를 잡았으니 분명 만나이 일상화를 통한 나이체계 일원화를 적극적으로 홍보한다면 분명히 효과과 나타날것입니다.\n만나이 일상화를 통해 우리 사회가 사람을 나이로 옭아매는 습관은 버리고 융통성있고 유연한 사회가 되길 진심으로 바랍니다."
323156,2018-07-29,2018-08-28,0,15,경제민주화,은행들 이자놀이에 국민들만 죽어난다. 우유부단힌  관료 김동연부총리 알고있나?,"국내 시중은행들은 앉아서 이자따먹는다 정신이 없다. 이자놀이로 연간 8~9조원을 번다. 서민과 자영업,중소기업은 은행고리대로 죽을 맛있데,\n우유부단한 관료기질의 김동연부총리는 먼 혁신을 할 생각도 개혁을 추진할 능력도 없다. 그냥 좋은 공무원.\nIMF때 국민세금으로 은행과 대기업 살려놨더니 이제는 국민들 등쳐서 호가호식한다.\n대통령은 경제 문외한이라지만 이 경제 문제로 레임덕 바로 올거다.\n경제개혁하라 촛불들었더만 쇼만하고 실체없는 성장만 부르짓고  야튼 정신차려라.\n탁현민 쇼정치는 이제 그만하자. 그런 감성정치는 이제됐고 실체적 개혁해라.\n부동산세재개혁,집값하향안정,교육개혁통한 사교육비절감,성장주도경제개혁,정치개혁"
3013,2017-09-04,2017-12-03,0,0,미래,소년법 폐지를 청원합니다,"요즘 청소년들은 법의 보호아래 있으면서도 그 법을 악용할 만큼 세상을 모르지 않습니다.\n물론 그릇된 교육과 영향들이 청소년들을 안좋은 길로 빠지게 하지만,\n이미 그것은 부모와 교사의 손으로 해결되지 않는 것은 청소년 기를 지나온 사람으로서 충분히 알고 있습니다.\n오히려 청소년이라도 잘못을 저지르면 그에 합당한 벌을 받는다는 것을\n일찍 깨우치게 하는 것이 바람직하다고 생각합니다.\n국가의 위기를 올바르게 판단할 수 있었던 것 처럼 청소년은 마냥 어리고 사리분별 못하는 아이들이 아닙니다.\n소년법을 폐지해주세요."
387387,2018-09-21,2018-10-21,0,17,교통/건축/국토,몇천만원 내린게 9.13대책 효과라 생각하시나요? 대치동 은마는 아직도 19억이고 아크로리버는 가격변동이 없습니다,서울주변만 신도시 만들어\n서울집값 더 올려놓지말고\n지방에 분양가이하로 넘치는 집들\n사람들이 내려와 살게 해주세요
297692,2018-07-06,2018-08-05,0,0,교통/건축/국토,아우디의 파렴치함을 고발 합니다,"계속 3년간 아우디 A3 1600CC 차량 이상으로 엔진 꺼짐으로 인해 환불도 될 수 있는 상황을 환불도 해주지 않고 강요적 심리 압박으로 교환으로 하게 만든 아우디 태안 모터스는 교환 후 돈을 더 지불하고 2000CC 교환차량이 밋션 소리로 인한 소리가 더욱 커지면서 문제 제기와 다시는 안 타겠다며 환불을 얘기 했고\n진단도 못하고 시간을 끌며 겨우 소리 증상이 커지고 하니 일년이 되서야 인정하듯 하면서 또 시간을 끌고 대여 차량도 강제적으로 차를 해결도 손도 안보고 강제 반납 요구와 무작정 출고로 인한 불안정한 차량 계속 끌게 하였고 그로 인한 스트레스 새차를 사고도 피해를 입고 돈도 되돌려 받지못하고 있습니다.\n이리저리 돌려가면서 업체를 시간 끌기만 하고 가지고 놀았습니다.\n두 번이나 차랑 고장 결함이 나타나 호소를 하고 정식 처리 제 의사는 묵살 한 채 자신들을 위주로 차를 처리 해 주지 않고 심리강요적으로 처리 했습니다 .\n차는 한국 소비자원은 차를 잘 보지도 못하고 대충 하며 교수들도 비상식적인 얼굴 말투로 일을 처리를 자신들 끼리 아우디와 먼저 얘기후 말 바꾸기를 하며 시간을 지체 하였고 공정거래위원회 또한 적극적이지 않은 처리로 서로들 법조항만 따지듯 기회를 삼아 결론을 짖고 서로 미루기하다 그렇게 처리 하는 인권무시 및 처리 기피로 인한 피해를 호소 하고 있습니다 .\n차는 애초부터 심해 질것이다라고 말했고 그것을 알면서도 무시한 태안 모터스를 인권,인격 무시 및 불량차 처리 기피 책임 회피로 고발 하고자하며 차는 소리가 더 커지고 새차 받을 시부터 잔고장이 이로 말 할수 없이 나고 기록도 있으며 주유구커버도 안 열리는 불편함과 챙피를 당하며 현재는 최근 엔진 스타트 모터가 급 추운시 꺼지는 증상이 두 번이나 갑자기 발생 하였다는 점 입니다 .\n하지만 태안 모터스는 들은 척 도 하지 않으며 정말 이로 말 할수 없어 불쾌하며 무시로 인한 차를 타고 싶지도 돈을 돌려 받고 끝내고 싶습니다 ,\n어떠한 친절한 정확한 차량 진단도 한번도 받지 못하고 행동 ,태도 ,말투,표정들 전 직원이 저를 치욕적으로 처다보며 더 사람 묵살을 아우디 끼리 그러고 아우디 코리아 또한 계속 아우디 고객지원센터로 전화를 했지만 무시해 버렸습니다 .\n이 잘못된 A3 차량과 아우디를 제 일을 바로 잡고 처리 해주십시오\n거짓 하나 없이 맹세 하며 저는 이 3년동안 인권, 인격 침해와 챙피를 사과를 받고 그냥 환불만 받고 제 3년을 피해를 보고 스트레스에 시달려 살았습니다.\n아우디와 끝내 주십시요 그리고 아우디 태안모터스 업체를 판매 및 영업도 정지 시켜 주십시오 아우디 코리아도 업무 정지 경고 내려 주십시요.\n담당자들 업무 미처리 기피 책임 물어 주십시요\n저는 여자혼자 3년동안 피해입고 주변 또한 근심과 걱정으로 피해를 준 아우디와 정식으로 처리와 사과를 바랍니다 .\n시간을 고만 끌고 처리 바랍니다 .\n일부러 더 시간 지체와 시간 끌기수법에 화가 납니다 .\n태도와 말투 억양 인성 CS 모두 불성실하며 불쾌하고 화가났으며 차를 판 이영석 딜러 그리고 팀장은 행동 말 그리고 지점장 까지 고객을 장난치듯 노는 비 인격적 말 장난을 하였고 그로 인해 더더욱 환불 요청을 했으나 아우디나 판매사 태안모터는 환불을 막거나 해 주지않아 1600CC가 또 그럴 것 같아 돈을 더 현금 지불하고 울며 겨자 먹기로 2000CC A3 다시 구입을 했습니다 .\n아우디를 다시 타고 싶지 않았으나 환불 가능한 임시 넘버 차량인데도 자신들 손해만 본다고 하며 절대 않해주는 것이 었습니다 .\n그리하여 2000CC차를 받고 차에 악세사리 지갑이 차에 비치도어있었으나 전 1600CC에는 없었으며 이상한 의문이 남았고 차량을 무턱 가져와 차량 옵션 및 아무런 설명도 없이 차를 가져온거 아니겠습니까\n타면서 이 차량 또한 문제가 발생 하기 시작했습니다 .\n차량의 네비게이션이 올라 오면서 작동이 되야 정상 .\n하지만 네비게이션이 까맣게 꺼져 나오지가 않는 일이 많았고\n시동을 껏다 켜서 출발하는 일이 발생했습니다 .\n또한 엑셀의 저속 0~10~30 저속 주행시 기어 변속인지 모르겠으나 엑셀을 밝을 때마다 꺽 꺽 하는 소리와 떠는 이상한 소리가 발생 하였습니다 .\n이 문제로 계속해서 수원서비스 센터 고진 모터스를 들어갔고 예약과 시간을 허비 차량을 맞기고 못 타면서 고진 모터스는 증상이 안 난다는 이유로 출고 시키며 저는 애를 먹고 그렇게 반복적인 이상을 얘기해도 이상한 사람보듯 불쾌 했으며\n계속 이 문제를 제기 했고 그게 일년이 다 되 가며\n소리와 증상은 나아지질 않고 소리가 더 커지며\n엑셀이 망가져 사고나 죽을 까봐 불안하게 타고 있으며 차의 부속품 들도 이리저리 교환하고 새차가 난리가 아니였습니다 .\n그리하여 동영상을 찍었고 안 믿고 사람 인격을 무시하듯 행동들 하여\n동영상을 첨부하고 꺼지는 증상이 맨날 아니나 자주 발생 그리고 소리를 들어보면 꺽꺽 소리나는 소리가 엑셀의 소리 입니다 .\n저는 구입때 부터 지금 일년 반 까지 제기 했으나 무성의한 서비스와 지연으로 인해\n재대로 편의상의 차를 타보지 않고 고생만 했습니다 .\n또한 주유소에서 주유구 가 안 열여 여러 직원들과 해도 않되고 껏다 켜도 않 되어 증상이 더 발생하고 오작동이 나고 있습니다\n저는 그리하여 차 출고한 태안 모터스와 아우디 본사 수원서비스 센터 팀장 고객지원서비스 팀장의 장난과 말로 장난을 고만 했으면 하고 또한 일년 반동안 시간은 아우디에서 시간을 끌었기에 저는 더이상 이 차를 탈 생각도 처음 의사와 같이 없었고\n자신들의 이기심으로 교환만 으로 하고 저는 손해를 보고 있습니다 .\n차량 환불을 강력 원합니다 .\n그리고 난 후 소비자원 수원센터 에서 만난 후 이제야 소리가 난다고 인정 했습니다 .\n새차를 구입 하고 난후 일년이 지난후에야 이제서야 소리 난다고 제가 증상을 잡아 말해주어서야 난다고 인정하는 것이었고 동영상과 첨부.\n더 파렴치한건 자신들의 처리와 소리의 증상을 인정하지않고\n또 다시 핑계의 번복 원래 그렇다는 것이 라고 또 다시 거짓을 말합니다 .\n그리하여 차를 가지고 와 다같이 소리를 듣고자 승차 하였습니다 .\n고객의 차 또한 승낙도 없이 견인해서 온 것이아니라 차를 몰고 온것 아니겠습니까 ?\n서비스나 기본도 않되어 있으며 저는 제 차를 타라 준것도 아니며\n차를 끌고 오고 차량의 차주의 승낙없이 차를 몰고 다니며 이 또한 핑계를 대고 있습니다.\n또한 차를 시승 후 고개지원센터의 모르는 사람이 나와 차량 담당이라며 자격증도 없는 사람이 차를 탑승 또한 농락하는 행동 과 말들 무려 4명이 탑승 소리가 나는 데도 소비자원 모르는 사람은 차를 알지도 못하면서 소리가 나도 계속 고속도로를 달리라고 협박 하며 겁을 주었고\n그리하여 다시 소비자원으로 돌아가 내려서 소리들 었냐고 같이 온 아버지와 말을 하였습니다\n정비사도 급하게 제가 운전을 하여 화가나 내려 말을 하니 정비사도 소리가 난다 라고 솔직히 얘기했으며 동의하에 “녹음 합니다 ”라고 하니 다시 “소리는 나나 원래 그렇습니다” 라고 조금한 소리로 얘기하는 것이며 탑승자 모두 소리를 들었다고 말 하였습니다 .\n아우디 고객센터에서 나온 사람은 차를 몰지도 알지도 못하면서 대여 해준 차량의 차도 타보지도 않고 이상 없다는 능력이 없으며 핑계와 무주건 않된다는 이제는 소리 안난다 하다 소리난다 하다 원래 그렇다 하다 미션이라 하다 난리가 아닙니다 !\n정비사 또한 다름 정비사 사업체 사장들또한 이상 있는것이라 하였으며\n이제는 처음에 밋션 이라 말 했을땐 듣지도 않은 사람들이 이제는 밋션 유격이 부품이 그렇다고 하며 또 이상 없다는게 말이 됩니까 이상있는것입니다 .\n기계가 안고쳐지는게 어디있습니까? 사고차도 정상으로 옵니다. 이게 말이라고 사기칩니까!\n이상이며 결함이며 고쳐지지 않는 부분 이기에 더 이상 시간 끌지 말고 깨끗이 인정하여 문제 처리 바랍니다.\n인정 바랍니다! 아우디 차량에 큰 실망과 다시는 구입하고 싶지 않습니다 .\n아우디는 더 이상 차량으로 사기치지 않기를 강력히 바라며 신속히 처리 바랍니다 !\n​\n라고 올리면 신문고 등 여러 소비자원​까지 말했으나 소비자원도 아우디쪽으로 기울여 자격증도 없는 사람이 나와 여자인 제가 운전을 하고 4명의 남자 담당들과 운전시행을 하며 소리났지만 소비자원 사람은 계속 고속도로만 달리라고 위협과 소리를 높여 모욕적이게 말을 하였습니다.\n이해할 수 없는 오히려 소리가 다 난다고 했지만  우기는 어처구니없는 말장난으로  화가 나고 인정하지않고 모든걸 증상을 직접 잡아 가르켜 주고 잡아줘도인정 하지 않는 뻔뻔함과 사기치듯 편을 가르듯이 위협하여 오히려 소비자원 담당자는 해결은 할 생각도 없이  싸움을 불러 일으켜 소비자원과 언쟁이 있었습니다 .\n이 모든 처리는 불공평 하며 인정 않하는 아우디 코리아의 갑질의 고객을 가지고 농락 합니다 .\n이에 모든 사실을 토대로 맹세하며 거짓 하나 없이 올립니다 .​\n자료파일 동영상도 가지고 있으며 이를 제출도 해주 었습니다 .\n아우디토리아의 문제의 해결을 회피 수습을 않하며\n아우디 서비스 센터 수원고진 모터스는 팀장 및 직원은 미흡하며 오히려 내용 증명을 대차를 티고 있는 고객에게 보낸다며 법적으로 협박과\n딜러사 태안모터스는 차량을 불량들을 2 번이나 판매하며 인성교육도  관리인지점장 ,관리책임자는 ​싸구려의 어조로 말을 막하곤 하였습니다 .\n​\n아우디의 갑질들을 고발합니다 .​\n​\n아우디 업무 처리 과실 및 차량계약서 위반 .\n아우디 일산 태안 딜러사\n하자 있는 차량 2대 판매 출고 적절 대처 부적절 안내 처리 미흡.\n1. A3 1600CC 차량 엔진 꺼짐 차량 판매 .\n2. 출고 한달 않될 시점 환불 가능하나 환불 요청 .\n3. 자신들의 피해라 교환 처리로 만 처리 .\n4. 환불 시기에 맞는 시기임에도 환불 처리 거절 함 .\n5. 돈을 더 현금 지급을 하고 신뢰 억지로 2000CC 차량 교환됨 .\n6. 교환시 차량 옵션사항 및 차량 설명 상태 등 설명 안내 없이 무시한 채 차량 구입자의        차량 검토 확인 없이 진행 .\n차량 무작위로 자신들에게만 맞춰 가져왔으며 차량 계약서도 하지 않고 자신들이 쓴 것만     싸인 하라며 않하면 차도 교환 않 된다고 협박 하고 강요 당하였습니다.\n차량 구입 하는 고객 의사 무시됨 .\n7. 무작정 현재 차량으로 계약하라고 서두름 .\n8. 차량 설명 절차 없이 포장 뜯지 말란 말도 무시된 채 썬팅 및 포장 다 뜯겨 직접 끌고      온다는 말에 차 견인 해서 오라고 함 .\n9. 어떠한 말 도 못한 채 차량 교환 하기에만 바빠 빨리 진행 됨.\n10. 차량 받고 난 뒤 네비게이션 오작동 (시동시 네비게이션 안 올라옴 , 네비 화면 비정상      켜지지 않음 .)\n11. 소리 더 커질 시 동시 헤드램프 우측 나감 .\n주유구 커버 안열림,주유 못함  (주유소에서) 사실 확인서 있음 .\n12. 소리 덜컥 소리난는 증상 발생시 소리가 커지면서 발생함 .\n13.현재 2018년 소리와 덜먹 불안정증상을 더하고 치근 엔진 스타트 모터 4버너 이상 꺼졌습니다.\n또한 태안 담당자라는 대표 위임장은 받았다는 사람은 말만 하고 처리는 않하고 어디론가 께속 통화만하며 차도 수원고진에 와서도 보지도 않고 저한테 다 하라고 하며 말도 않되는 사람의 상식을 깨는 말을 하고 이상한 말만 하고 갔습니다 .\n또한 개포서비스 직원들은 반말을 하며 그 위임장 담당과같이 전화를 안받고 욕을 하고 반말을 하고 전화를 안받고 전화기를 들고 말도 않하고 고객알기를 장난으로 집단으로 하고 있는 지금 2018년 더 집단적으로 아우디는 피해와 집단 모욕 처리 기피 처리 않하고 강요만 계속 고집 부리고 제 차를 직접 나와 죄책감도 없이 처리 않하고 있습니다 .\n수원 고진 AS 센터\n1. 업무 과실 미흡 증명 : 센터 방문시 부품 교환시 일 에도 새제품이 찢겨진 채  (조수석     바닥시트) 찢겨진 시트 그냥 출고 .\n재방문 다시 수리 ,사과 한마디 않함 .\n2. 차량 소리 나는 것과 네비게이션 오작동 증상 계속 못 잡음 .\n3. 출고와 입고 반복 시 임에도 증상 못 잡고 빨리 출고 됨 .\n4. 이상 없다는 말만 되풀이와 정상이라는 비아냥 거리는 말과 태도.\n5. 시간 경과시 증상 더 커짐 으로 직접 현장 녹음.\n소리 및 네비 현상 비 작동 동영상 제출.\n직접 고객이 증상 잡고 차장 표정 CS 않된 채 응대.\n보여주고나서야 증상 인정 .(직접 증상 확인 시킨 동영상 자료 첨부.)\n6. 증상 못 잡고 오히려 정상 이라고 업무 대충한 사실을 덮은 채 소리는 나나 정상이라는\n말만 또 되풀이 핑계로 출고를 시킴 .\n7.  그 동시 오작동 난 차량을 계속 이상 없다며 사람 무시와 인격 모욕을 줌 .\n8.  정비도 제대로 하지 아니한 자 들이 거짓된 증언과 말로 상당히 불쾌하며 더 화가 남 .\n9. 업무 처리 부족 업무 과실 미인정 업무 대응 부적절 담당자 말투 언성 사람 비화 무시      CS조차 거짓으로 응대 .\n10. 고진 본사와 소비자원과 부적절 한 처리 인격 무시 (증상 확인 시 예고없이 차량 반납      위협 , 협박, 겁박 으로 무작정 못 가게 막음, 타박상 및 나가기 위해 정당성 대응 함.)\n(사진 자료 첨부.)\n일년 넘게 차량 입고 되어 어느 손도 안 쓰고 방치한 고진  AS 센터 부적절 일처리와      거짓 발언 ,미흡 처리로 인한 피해와 정신적 피해 일상생활 못함 .\n아무것도 하지 않은 채 자료 입증 에도 말로만 거짓말만 하고 있음 .\n폭행, 감금 , 상해 , 강요, 협박을 받고 성추행까지 당하면서도 웃고 있었으며 사건 고소      하였습니다 .\n그러함에도 사과 한마디 없고 차량 방치한 채 출고 차를 고치지도 않고  내보냈으며 담당    차장이 나중에 아우디 코리아가 시키고 다 알고 있는 사실이라며 자신이 못다닐까봐 사실을    말 못하고 차량 자신 같으면 처리 해 줄 것이라며 얘기하고 실토도 한 사실이 있습니다 .\n고객지원센터\n1. 담당 회사들 전달 사항 처리 전화 미흡.\n2. 아우디 코리아 방문시 고객센터 팀장 조차 업무 처리 미흡으로 주소 발송 못 받은 결과     약속 날짜 지연 됨 . 이것으로부터도 아우디 담당자들의 인정은 커녕 또 고객 핑계만 대     는 담당자들의 뻔뻔함에 수치 스러움 .\n“사실대로 실수 인정 합니다 “라고 반성 기생 들은적 한번도 없음.\n고객에게 똑같이 반말 억양,언성 높아짐 .\nCS 교육 응대 절대 미흡 .\n팀장 또한 말 대처 장난으로 말 하며 일의 처리를 하지 못함 .\n* 태안 딜러사 관계자들  (업무 회피 . 처리 미루기.)\n당시 판매딜러 이영석 (010-2668-0402)\n당시 팀장       (010-7473-0625)\n지점장 및 현재 지점장 (010-3797-8562) 연락 조치 바람 요청 계속 했으나\n받지도 아니하며 문자도 연락도 않옴 .\n책임 회피.\n현재 차 수리도 보지도 않고 도망간 양왕종 차장 010-2846-1468 서울시 강남구 논현로 18길 9 ㈜태안 모터스\n* 수원 고진 AS 센터\n차장 (031-289-6302) 고객 우롱 및 장난으로 받고 시간만 2년 가도록게 지연 방치 시킨                         당사자.\n본사 팀장 (010-9881-8306) 및 당시 난리 친 사람 협박 , 겁박, 강제 처리함 .\n(경찰서 수사관 수원 남부서 수사과 접수 되있음 경고 초지 함. )\n* 고객지원센터\n팀장\n한국소비자원 교수들 .\n일반스캐너로만 소리만 간단히 몇 분도 안 걸린 처리로 석사출신 박사가 소비자 우롱 장난쳤으며 연기만 함 .\n또다른 교수도 옷도 이상하게 입고 가만히 있다만 감.\n한국소비자원센터 소비자 농락 .우롱 처리 기피 서면 장난을 고발합니다 .\n(본 소비자센터는 법적 효력 없으며 소비자 속임. 참고자료 첨부 교통부.)\n대차  혐박,겁박, 강제 처리 상황에서도 같이 협조함 .\n이유: 소비자센터는 장소 수원고진 AS센터로 오라고 계속 강요했음 .\n불쾌해 가고 싶지 않았음 에도 자신들 에게 맞추어 진행 .\n한국소자원은 신문고 민원제기로 시간 지체가 계속 한 자료가 있으며\n수원한국소비자원은 당시 차를 보러 나왔을시 아우디 편을 들고 먼저 자신들이 만나 얘기하고 아우디앞에서 모욕과 수치 와 망신을 주고 차를 제가 직접 끌고 확인 하러 남자 4과 옆에는 한국소비자원담당 뒤에는 또다른 담당 ,아우디 관계자 , 정비사가 타고 있는데 자료는 읽지도 않고 고속도로 달리라고 소리가 나는 것을 확인 시켰는데 고속도로 달리라고 언성을 높이고 면박을 주어 저는 아버지가 기다리는 곳으로 갔더니 아버지를 밀치기도 하고 자격증도 없는사람이 판단을 하겠다고 나왔으며 이거 처리 이상하게 쇼를 하고 막 하는것아닙니까 그래서 아우디 앞에서 모라하고  저희를 길에서 모욕 했습니다 .\n또한 수원 고진 모터스 나왔을시도 교수와 나왔는데 이미 자신들 끼리 얘기된 것 처럼 얘기하다 맞는 얘기를 하니 들은 척 하다가 차도 그냥 소리만 듣고 제대로 하지 않고 해결 될 것처럼 말하고 가서는 시간 한참 지난 뒤 말이 바뀌며 서면으로도 이상하게 쓰고 그래서 더 피해가 됬고 해결이 된 것이 아니라 더 피해 당했습니다 ,\n또한 개포서비스 나왔을때도 처리는 않하고 서로 또 같이 만나 같이 나와 대충 하고 비웃어대듯이 행동하며 차도 제대로 보지 않고 아우디에게 말도 못하고 눈치만 보는 한국소비자원에게 너무 화가 났으며 해결 될것처럼 하고 가더니 또 시간 지키지 않고 말이 바뀌고 나몰라라 또 다시 처리 기피 마무리를 자신들끼리 마무리하는  것입니다 ,\n이게 정식 처리도 아니며 불공정하고 업무를 대충하고 정말 화가나며 사과 받고 싶습니다 .\n그리하여 한국소비자원과 감사실 공정거래 위원회 와 감사실 다 요청해도 자신들 일 아이라며 돌리고 돌리며 이거 뭐하러 일들 하는 건지 참 처리가 정확하지않고 일을 이상하게 하는 담당자들을 사실 실토하며 고발 합니다 .\n바로 잡아 주십시오 제가 이렇게 당하고 이상한 처리와 수작과 작정들로 당하기만하고 일도 제대로들 하지 않고 담당자들 처리 고발 바라며 제 피해의 사고와 처리 바라는 바이며\n현재 2018년 리콜 센터에서 A3 결함 확인서와그로 인해 센터 방문하여 교체 바란다는 우편이 왔습니다.\n저는 처음부터 이차를 고장과 이상 있는 결함차라고 외쳤지만 그 무능력한 담당자들과 수작들로 저는 억울함과 묵살과 처리 못 받고 여자라고 무시당하고 정말 큰 피해자입니다 .\n이들을 바로 잡아주시고 처벌 하여 주시고 저도 제 생활 3년 이상 피해를 바로 잡아 살게 해 주십시오 .\n적극 나서서 할것ㅁ이며 증거자료와 자료는 많습니다 .\n제가 거짓이 아니라는 몇 자료 먼저 보내드리겠습니다 .\n거짓 하나없고 사실이며 정말 잘못되고 있는 아우디와 한국소비자원, 공정거래위원회,국토 교통부 고발 합니다 .\n사업자들 관리하는 의원들 또한 알고 있는지 알면서 방치 하는건지 의원들 잘못 하고 있는것도 문제입니다 .\n진짜 죽고 싶습니다 . 거짓말들과 처리않하고 저는 피해만 입고 해결 하여 정상적인 삶을 살고 싶습니다 .\n아직도 가만히 있고 기피하고 A/S 거부에 전호도 없고 예약도 거부하고 말가지고 장난하며 사기 치고 사죄한번 않하고 여자라 무시하고 혐박 폭행 감금 및 여러 가지 죄를 저지름에도 관계자들은 사업자인 아우디 편들기고 책임과 의무들을 않합니다 한국소비자원 공정거래위원회 국토교통부 다 미루기며 일들 을 않하며 처리 해주지 않습니다 자신들일을 나서서하지않으며 차는 계속 고장이나고 증거인 차를 팔수도 없고 이러한  범죄적인것을 두고 못보며 계속 이러한 아우디 범죄행위를 피해자가 계속 발생했으며 저도 그러하여 열심히 꿈을 돈을 모아 산 차로 인해 제 인생까지 피해와 죽이려고 작정 했습니다 ,\n꼭 공개하여 다시는 이러지않게 외제차및 아우디를 고발 하여 여러 국민과담당자들을 혼내야 바른 사회와 질서가 되지않겠습니다 ,\n저도 이피해를 입고 감추고 나살겠다고 해결 못하고 피하고 싶지않습니다 .\n자료 충분하니 고발 해 주십시요 적극 동참 하겠습니다 ."
27925,2017-11-08,2017-12-08,0,0,인권/성평등,조두순 출소 반대합니다!,어린 아이에게 지울 수 없는 상처를 준 악한 죄인입니다.\n재심판을 받도록 해야 합니다.
298393,2018-07-06,2018-08-05,0,24,행정,4대강 공로자 훈장 취소,100여명에 달하는 4대강 공로자 훈장 취소해야 합니다.\n왜냐하면 공로가 없습니다.\n공로가 있습니까?
173135,2018-03-23,2018-04-22,0,1,외교/통일/국방,나치관련 문양 착용 및 학술목적외 사용자에 대한 처벌요청,"오늘 제가 학교식당서 밥먹다가 나치 완장을 찬 어느 멍청이를 보고 글올립니다.\n금년도부터 국내 모든 장소에서 학술목적외 나치 관련 문양의 사용을 금지하고, 나치 관련 의복을 코스튬 플레이 관련 행사참여 및 영상물 제작 제작외의 목적으로 착용하는것을 금지하는 법안을 발의했으면 합니다.\n금지 품목은 하켄크로이츠(나치문양, 갈고리십자가), SS(슈츠스타펠) 룬문자, 하켄크로이츠 위에 앉은 독수리, 히틀러 제복 등\n제한 품목은 독일군복(상기 행사 및 영상물 제작에만 사용. 이하 모두 같음.), 독일군모, 독일군화, 일부 훈장 등입니다.\n위반시 징역 10년이상에 처해야 한다고 생각합니다.(독일이 징역형에 처하듯이!)"
404411,2018-10-11,2018-11-10,0,2,일자리,입사한 회사에 외내국인 구타 및 가혹행위 부조리 폭언욕설 쉬는시간 미준수,"2018년 8월24일 새직장으로 입사후 생전보지못한 광경을 보았습니다\n신00반장(44)은 하루 출근해서 퇴근할때까지 작업자들을 상상할수없을정도로 가혹행위 부조리, 폭언욕설, 윽박질, 인종차별 등 끊임없이 하고 작업자들을 지치게 만들었다\n먼저 전작업자 김00(34) 10개월동안 회사에 근무를 하며 구타 및 가혹행위를 매일 당해왔다며\n퇴사할때까지 윽박질과 구타를 당하며 지내왔다. 나는 입사후 5일간 같이 일해왔지만 내눈으로 목격한데로는 지게차를 타고 제품을 작업다이로 올리는중 신반장은 김작업자에게 소리를 지르며 ""뭐하노!!! 똑바로 안하나!!!"" 며 달려가 주먹으로 옆구리를 때리고 안전모착용한채로 때리는등 모습을 자주 보여줬었다\n같이 일했던 동료 박00(37)는 매일매일 신반장이 욕하고 때리고 윽박질하는것을 김00씨가 항상 참아왔다며 이야기를 했었다 그만두기 전까지 신반장은 새로들어온 사원들에게 김00과 박00를 가리키며 ""쟤들 닮지마라""라며 말을 하곤했었다.\n두번째 파키스탄외국인 이남(30)은 회사에 일한지 1년이 되가며 신반장에게 끊임없이 구타와 윽박질 폭언욕설을 당하며 다녔다 신반장은 소통이 어려운 외국인상대로 일을 제대로 못하면 욕하는등 머리를 때리고 무릎으로 차는등  한국말로 ""대가리 안돌아가냐?"" 라며 이남씨에게 모욕을 하며 괴롭혔고 식당에서 밥을 먹을때 파키스탄작업자들끼리 앉아서 밥을 먹는모습을 보며 ""파키스탄 보기싫다"" 는 등 인종차별적인 말과 무시를 하며 나를 보면서 ""니는 쟤처럼 일하지마라"" 라며 황당한 말들을 하곤했다\n일을 하면서 매일매일 욕먹고 구타를 당한 이남은 끝내 못견디고 회사를 나가버렸다\n사장님은 회사를 나간 이남이를 여러번 연락해 복귀를 강조를 했었고 이남이에 말로는 그만둔다고 의사를 던졌지만 사장님에 끊임없는부름으로 결국엔 회사에 다시 복귀하게되었고 다시 일을 같이 시작하였지만\n며칠안가 신반장은 다시 이남이를 욕하고 윽박질을 하며 괴롭혔다\n세번째 박00작업자(37)은 회사를 다니다 하루는 아이들이(가족) 아프다며 하루를 쉰다고 신반장에게 이야기를 했으나 신반장은 ""아이가 아프네 니가 무슨상관인데?"" 라며 이해할수없다는듯이 물었고 박00씨는 ""아이들이 아프니깐 돌볼 어른이 있어야 되지않냐""고 말하자 신반장은 ""내가 애 있었으면 니처럼 안그랬다""라며 말을 하며 박00씨를 당황시키기만 했다고한다\n신반장은 평소에 근무시간 쉬는시간 점심시간 준수를 안지키며 쉬는시간이 끝나지도 않았는데도\n혼자 작업다이로 올라가 일을 할준비를하며 밖에서 아직쉬고있는 작업자들을 부르며 ""안들어고 뭐하노!!! 시간됐는데!!!!"" ""느그들은 내가 불렀는데 들어오지도 않고 놀고있노?"" 말하는등 꾸며내며 작업자들은 들은적도없어 ""아직 쉬는시간이 끝나지도 않았는데 벌써 작업시작합니까?"" 물으면 신반장은 "" 내가 시작했으면 시작한줄알고 들어와 일해야될거아니가!!!"" 말하며 화를 내고\n야간을 할때면 23시 40-45분쯤 자기가 하던일을 다른작업자에게 시켜놓고 혼자 나가고 작업자들은 24시가 되어 밥먹으러 식당으로 올라가 신반장이 혼자 밥을 먹고 있는모습을 매일 보았으며\n아침밥을 먹고 7시까지 쉬고 나오면 신반장은 회사앞에서 서성이면서 택시를 기다리며 말도없이 퇴근하는등 출근할때나 퇴근할때나 작업자들과 얼굴 마주치지도않고 일을 시작하고 퇴근하고\n작업자들이 작업을 끝내놓고 잠깐쉬는동안 신반장은 작업자들에게 ""가만있지말고 움직여서 일해라!!!"" 라며 작업자들을 억지로 일을 시키고 점심시간은 12시20분부터 13시20분까지 쉬는걸로 알고있으나 12시30분까지 일하고 13시에 내려와 작업을 시작하는등 매일매일 틀리며 밥을먹고나면 20분만 쉴때도 있고 15분만 쉴때도 있었다 최근 나는 쉬는시간과 점심시간을 체크를 한적있다\n10월9일 10:05~10:14(정상적으로 10:00~10:10)\n10월8일 12:30~12:57(정상적으로 12:20~13:20)\n주간을 할때면 사장님도 현장에서 같이 일을하신다\n지금까지 일해오면서 위와같이 반복적인 구타와 가혹행위 부조리 쉬는시간 미준수를 한다는것을\n사장님도 알것같은데 알면서 모르는척하는건지 아님 정말 못봐서 모르는건지 알수가 없다\n지금까지 사회생활을 해오면서 이런 실태까지 일어난 적은 없었던것같다 정말 최악이고 매일지옥같다\n주변에 같이 있는 다른관리자들은 이런상황들을 매일보면서도 그누구도 정의하는사람이 한명도 없다는게 정말 화나고 지친다..\n누가좀 도와주었으면하는바램이 정말절실합니다..\n[근로계약서없이 수습기간 7000원]\n부산주공내 2공자 협력업체 보성산업에 다니는 저는\n8월24일 입사해 9월30일까지 한달 수습기간동안 근로계약서를 쓰지않은채로 시급 7000원을 받아서 일하고 있습니다"
449891,2018-11-22,2018-12-22,0,6,미래,종교의 자유에 제한을 걸어주세요.,"21세기에 종교가 영형력을 행사하는게 맞다고 생각합니까?\n십자군과 20세기 제국주의 시대도 아니고..\n서양 국가들은 완화가 되는 거 같은데\n우리나라하고 이슬람만 종교에 집착하는 거 같습니다.\n민주당 대표 후보였던 사람은 자기 종교를 위해\n세금 정책에 반대하고 있고\n법원은 사이비의 대체 복무에 손들어줬습니다.\n과학이 더 발전해가는 21세기에서는\n종교는 옅어지고 약해져야합니다.\n그리고 평등하게 세금을 일반기업과 같이 물어야합니다\n세무조사도 하구요.\n그걸 어길시 똑같이 벌금 및 대표 구속,\n폐업 시켜야합니다.\n우리나라는 왜 역행을 하는지 모르겟습니다.\n종교의 영향이 점점 커져 국가위에 있습니다.\n대통령위에 성직자가 있는 이란을 닮아 간다고 생각합니다.\n세계 4대종교만 인정하고,\n나머지 사이비는 없애야합니다.\n그리고 혜택을 줄이고 종교도 세금을 받아야합니다.\n21세기에 종교에 끌려다니지 마십시오."
118933,2018-01-28,2018-02-27,0,827,반려동물,1월28일sbs동물농장에 방영된 옥상에 방치한 개 견주강력처벌부탁드립니다,1월28일sbs동물농장에 방영된 옥상에 방치한 개가 소개되었습니다. 강력한처벌부탁드립니다
418401,2018-10-24,2018-11-23,0,3,농산어촌,농업용도로의 신속한 원상복구를 청원합니다.,"저는 ""나주시 금천면 월산리 526번지""에 농작물을 재배하는 사람입니다.\n다름이 아니라\n""나주시 금천면 월산리 818-2번지""는 농업용도로로서 국유지임에도 불구하고\n인근 농지인\n""나주시 금천면 월산리 530번지"" 소유주와\n""나주시 금천면 월산리 525번지"" 소유주께서\n현재 기존 농업용도로(818-2번지)를 침범하여 농지로 이용하고 있어서\n제 농지 526번지 등 5필지는 농사에 필요한 진입로가 없어진 상태입니다.\n이전까지는 정확한 경계측량을 하지않은 상태에서 현황상의 도로(528번지: 사유지)가 있어서\n그 도로가 818-2번지 도로로 인식하여 수년간 당연하게 통행하였으나,\n금년초에 528번지 소유주가 경계측량하고 복토를하여 사용하던 도로가 없어진 상태입니다.\n그렇다면 당연하게 등기부상 도로(818-2번지)가 원상복구 되어야하지 않겠습니까?\n하여 나주시청에 민원을 제기하였으나 기존 도로가 사용하지 않아 용도폐지하였다고하는데\n실질적으로 용도폐지 처리에 대한 내역이 없습니다.\n농로가 없어진 관계로 농기계 출입이 불가능하여\n금년도 농사를 못하고 포기한 상태로 있는 실정으로 신속한 원상복구가 필요합니다.\n원상복구는 구분만으로는 안되고 기존과 같이 도로의 기능을 할 수 있도록\n다지기 등을 하여 농기계 출입이 가능하도록 복구가 필요합니다.\n===============================================================\n참고로\n제가 3월20일 나주시에 민원신청을 하여 3월27일 답변을 받았으나,\n지금까지 진입도로가 원상복구되지않아 사유지를 통과하여야하고 작물이 있으면 다닐수가 없고\n농사 자재를 운반하는데도 힘들고 농삿일하는데 애로사항이 한두가지가 아닙니다.\n민원에 대한 답변에는 국유지를 사인이 오랜기간 무단점유하였다고 도로의 기능이 상실되었다고 하는데\n그럼 국유지는 누구라도 오랬동안 무단점유하면 사유지로 사용이 가능한지 궁금합니다.\n그리고\n답변에서 국유재산법 제40조 같은법 시행령 제37조 제1항에 따르면\n""행정재산이 행정목적으로 사용되지 아니하게된 경우나 행정재산으로 사용하기로 결정한 날로부터\n5년이 지난날까지 행정재산으로 사용되지 아니한 경우 행정재산의 용도를 폐지한다""라고 규정되어 있다고\n주장하시는데,\n이 건은 행정재산으로 사용되지 아니한 것이 아니고 현황상의 도로가 있어서 그 도로(528번지)를 이용하여\n불편함이 었었기 때문에 민원이 야기되지 않았지만,\n현재 현황상 도로가 패쇄된 상태에서는 등기부상 도로(818-2번지)의 원상복구는 반드시 필요합니다.\n그리고 나주시청의 담당자분께서는 예산이 부족해서 힘들다고만 하는데\n해당 농로는 길이 50m ~70m, 폭 3m 정도로 많은 예산이 필요하지 않을것 같은데\n정말 답답합니다."
359490,2018-08-30,2018-09-29,0,37,정치개혁,문재인 탄핵을 청원합니다.,"통계청장 바꾸니 슬슬 나오는 이상한 결과들은 시작입니다.\n정부는 지금 국민의 경제파판을 인정하지 않고, 또 다른 조작에 들어갔습니다.\n핑계도 많고, 인정도 안하는 문재인 정부는 도대체 누구를 위한 정치를 하는 것인지 궁금합니다.\n뭐 하나라도 나아진 것이 있어야 수궁하고, 각자의 일을 하겠지만,  경제가 어려워지니\n일거리도 없고, 죽을 시간만을 기다리는 사형수의 심정과 다를 것도 없습니다.\n국민은 압니다.\n최저임금이 불러온 결과를, 아무리 감추려해도 나라도 압니다.\n더 늦기전에 국민의 힘을 모으지 않는다면, 모든 정보는 거짓으로 변해서 우리에게\n돌아올 것입니다.\n문재인을 뽑아서 진심으로 국민께 부끄럽고, 사죄드립니다.\n저도 문재인의 공약인 임금인상률이 통과 될 것이라고는 상상도 못했습니다.\n너무나 터무니 없는 선심성 공략이고 생각만 했습니다.\n하지만 지금은 현실이 되어 국민이 죽어가는데 저도 한몫을 했으니, 이제는\n저라도 잘못된 판단이라는 것을 어떻게 하든 알리고, 더이상의 피해가 없었으면 하는 바람입니다."
445778,2018-11-18,2018-12-18,0,11,인권/성평등,저는 억울합니다.,"저는 이분(피해자라는 사람 )을 페이스북 오픈채팅방에서 알게 되었고 술집에서 나와 저의 승용차에 승차한 때에 처음 보았습니다. ""술집에서 술을 마시고 있었다""라는 말에 저는 이분을 성인으로 생각 하고있었고 집에 데려다주기 위해 근처 까지 갔지만 바다가 보고싶다는 말에 등대가 있는 바다로 향하게 되었습니다. 등대에 도착하여 승차를 하고 걸을때 이분 께서 먼저 저의 저에게 안기는등 스킨쉽을 하였습니다.돌아가던중 스킨쉽이 진전되어 성행위까진 하게되 었습니다. 결코 강압에 의한 성폭행이 아니였습니다.\n이후 이분의 행동은 저를 당황 하게 만들었습니다. 고소를 하기 전에 ""어른들이 알지 못하게 합의금을 주면 없던일로 하겠다""고 하면서 이메일로 일방적으로 작성한 합의서를 주며 자신이 성폭행을 당행으니 돈을 달라는 요구를 하였고\n요구를 들어주지 않자 고소를 하였습니다.이분의 아버지는 전화로 1억원을 요구하였고 카톡으로 저의 차량을 추적한 차량 사진,5만원권 돈뭉치사진을 보내면서 가만두지않겠다고 하고 있습니다.\n이분은 국민청원에서 경찰이 가해자의 편의를 봐주며 자신을 꽃뱀으로 결정지으려 한다고 주장하고 있습니다.\n저의 차량에 있는 블랙박스메모리 카드는 전후방 진행상황이 기록되고 3일이 지나면 용량초과로 자동으로 지워지는 모델로 대부분 차량블랙박스의 기능과 같습니다. 성폭행 혐의를 벗어나기위해 메모리 카드 복원을 시도하였으나.불가능하다고 나와서 임의제출에 응하기위해 최대한 빨리 메모리 카드를 제출 하였으며 제가 증거를 삭제하고 뒤느게 제출한 것이 아닙니다.\n제에게 전과가 있는것은 사실이지만 제가 이분께 전과가 있다고 말을 한적이 없습니다.\n그럼에도 이분은 제가 전과가 있다는 사실을 알고 있고 제 뒷조사까지 하면서 돈을 위한 합의를 요구하다 고소를 하고 사실과 다른 내용으로 국민청원을 하고있습니다.\n저는 이분에게 성폭행을 가하지 않았으며 서로 의사가 합치되어 성행위을 하였고 이분의 고소에 대하여 진실을 밝히기 위해 수사기관에서 조사를 받으며 하루하루 고통스럽게 생활하고 있습니다.\n이분의 일방적인 주장보다 공평한 시각으로 이 사건을 바라봐 주셨으면 합니다."
418175,2018-10-24,2018-11-23,0,3,행정,퇴직금 중도인출 조건 (조합원아파트 구입),"현행, 직장인 퇴직금 중간 인출 조건중에서  무주택자 주택구입을 위해서 중간인출이 가능하다고 되어 있습니다. 하지만 이것도 일반적인 주택 구입에만 한정되어 있어 조합원 아파트 분양시에는 차후 사업승인후에만 가능하다고 하여 거절당했습니다.\n퇴직금 중간인출 조건을 설정한 취지는 주택구입을 위해서 필요한 자금을 받기 위한것으로 이해했는데 너무 형식적으로만 한정되어 있더군요\n조합 아파트 구입을 위해서는 조합원에 가입하고 조합원 인가 설립과 아파트 사업 승인을 받기 위해서는 크게 1년가량의 시간이 필요합니다.\n하지만 조합원 가입시에 구입하고자 하는 아파트의 계약급을 지불해야 하는데...상기와 같은 취지라면 조합원 가입계약서와 아파트 계약급 증서만 갖추면 퇴직금 중도 인출이 가능해야 하지 않은가요?\n아래 내용은 관련은행에서 거절한 내용을 퍼온 글이오니 참조하시고 도움 부탁드립니다.\n-모 은행에서 퇴직금 중도인출 거절한 사유\n주택조합진행건으로 조합원 중도인출시에는 (1) 조합원가입계약서, (2) 주택설립인가필증, (3) 사업계획승인서 3개가 모두필요하다고 하니 보완부탁드립니다. 조합원 가입계약서는 이미 제출하신서류에 첨부되어져있으니 위에 2,3번만 보완해주시면되실것 같습니다."
287602,2018-06-28,2018-07-28,0,1,문화/예술/체육/언론,현우형 발롱도르주세요,현우형 발롱도르주세요
468786,2018-12-14,2019-01-13,0,1,행정,금오 박찬구 또 삼오 법칙 적용. 판사가 문제다,"또다시, 지긋지긋한 재벌들에 대한 삼오 법칙\n재벌들의 비리가 중단되지 않는 것은,\n판사들의 재벌 봐주기 판결이 중단되지 않기 때문이다.\n대한민국을 망치는 것은 판사들이라는 논리도 무리가 아니다.\n좋은 머리로 고작 하는 것이 재벌 봐주기라니.\n자세히 살펴보면, 재벌들에 대한 형량은 일반인에게 가해지는 형량보다 새털처럼 가볍다.\n가벼운 것을 아예 집행유예로 풀어주니,\n재벌로부터는 독립되어 있지 않는 사법부가, 정치독립을 외치는 것보다 더 큰 개그는 없다.\n뻔순 뻔돌들, 그 좋은 머리로 정신 좀 차려라!!\n그 뻔짓들도 끝날 날이 올 테니.\n그날이 빨리 오기를 *** ㅎㅎ"
488605,2019-01-06,2019-02-05,0,6,경제민주화,먹고 살기 너무 힘듭니다,"최저시급 올리면 머합니까? 주52시간 제한 걸어놓고, 알바 고용 시장은 씨가 말랐습니다.\n모든 물가가 폭등하고 있습니다.  유럽은 그래도 생활물가는 저렴한 편이라 식재료 값은 절반 이하라고 합니다.\n그치만 우리나라는 정말 모.든 품목의 가격이 계속 오르기만 하고 내려가질 않습니다. 닭값이 떨어졌을 때도 오히려 치킨값은 계속 오르는게 말이나 됩니까? 우리나라 경제는 단단히 잘못되었습니다. 원재료값이 떨어지면 완제품 값도 떨어지도록 유동적이여야지 기업은 이때다 싶어 한몫 챙기기 바빠서 가격을 올리면 올렸지 내리지는 않습니다.\n물가를 바로 잡지 않으면 미래도 없습니다.\n최저시급 올린다고 모든 대학생들이 알바를 하는 건 아닙니다. 알바 일자리도 한정적이라 구한다고 해서 구하기도 쉽지 않구요. 부모님한테 용돈 받아쓰는 학생들은 물가폭등으로 허리띠 졸라메고 살아야 합니다. 교통비도 계속 올라가고 아주 그냥 죽겠습니다. 자영업하시는 분들도 요즘 마인드가 본인이 일하면 했지 알바 고용은 최소화하는 것입니다. 물가 폭등 원인을 면밀히 분석해서 바로 잡을 필요가 있습니다.\n다 필요없고 생활물가라도 제발 먹고사는 데 지장 없게 올바른 정책 좀 펼쳐줬으면 좋겠습니다."
137336,2018-02-12,2018-03-14,0,2,교통/건축/국토,전세보험,전세보험은 세입자가입이 아니고 보증금을 반환에 대비하여 집주인이 의무적으로 가입으로 해야한다고 생각
261677,2018-06-04,2018-07-04,0,2,일자리,저소득층 소득에 관심을 가져주세여...,전반적으로 경기가 너무 안좋습니다.\n신경을 쓰신다는거 알고는 있읍니다.\n청화대가 남북의 화합에 총력을 투자하는 느낌을 받습니다.\n크게 보면 좋은일입니다.\n그러나 하루하루 먹고사는 서민들은 정말 분위기가 좋치않습니다.\n부탁드립니다\n겨우 버티고 있읍니다.\n한달 한달 지나고 나면 정부를 외면할정도로 분위기 너무 좋치않습니다.\n선거에 어떻게 하시기 힘들다는거 그정도도 알고있읍니다.\n선거 끝나면 급처방이라도 부탁드립니다.\n다시 한번 부탁드립니다.
397620,2018-10-04,2018-11-03,0,1,행정,기준금리와 은행예금금리와 대출금리 너무 정반대로 가는거 아닌가요,"예금 금리 올리고 기존 담보대출 금리내려서 차등화 두세요 은행과 제2,3금융권 폭리 취하는거 좀막으시고 적정금리 매길수 있게 하시고 서민들 지하나 겨우가지고 길러리 나않지 않게해주세요"
142351,2018-02-19,2018-03-21,0,8,외교/통일/국방,국가원수를 모독하는 국민청원자 색출하여 처벌하십시요.,대통령은 국가를 대변하고 국민의 생명과 재산을 보호하는 책무를 지니는 통수권자입니다.\n그럽에도 불구하고 국민청원란에 대통령을 모욕하고 비난하는 행위를 글로서 폄하하고 있는 행위는 처벌해야합니다.\n아울러 게시에서 즉시 내리도록 조치바랍니다.
361282,2018-08-31,2018-09-30,0,1,안전/환경,해외 직구제품에 대한 규제방안,"중소기업 영업사원입니다.\n요즘 해외 직구 제품이 많은데요.\n인증이니 뭐니 아무것도없이 판매합니다.\n걸려도 처벌규정이나 있는지 모르겠고요.\n각 사이트에다가 신고해도 내렸다가 좀있다가 다시올려서 판매합니다.\n국가에서 국내에서 생산한 제품이나, 정식으로 수입한 제품은 제대로 규제하면서\n해외 직구는 전혀 규제하지 않고 있다는것이 너무 기가 막힙니다.\n칼들고 설치는 사람을 맨손으로 어떻게 경쟁합니까?\n국민신문고에  KC인증 없이 판매한다고 신고해도\n집에 찾아갔더니 없는주소라며 종결한다고 합니다.\n국내에 내놓은 특허도 알리바바같은데서 올리는건 못잡는다고 하고요.\n참 기가막힙니다.\n국내 회사도 안전규제 받지않고 해주시든지 (KC인증, 특허 등)\n아니면 시장질서 제대로 잡아주세요,\n중국에 다 뺏기실겁니까 이대로..\n우리나라 국민을 위해 규제를해도 모자랄판입니다."
16178,2017-09-22,2017-10-22,0,0,농산어촌,집안에도둑맞아분실된등기장 땅좀,저는강원도화천군 간동면간척리길157저의집 거실한쪽에 평해황씨 족부함에 넣어둔 땅등기장을 분실하면서 이땅이 본주소 소재594번지답을 수년전 저의아버지 황영태는 최세동한테 땅을 매입하여 경작을 오랜시간말부대안에 벼 농사을지워오고 군장병님들께서도 나와 해마다 모심고벼를 베주고 도움을 주고동네사람들도 저의 아버지땅이라고 인정하고지금도 다아는데 이땅이 어떻게1992년에 최세종형손에등기를 낼수있어는지가 궁금합니다 저의집 황씨네족부함 속에있어야될 문서가현재는 다른사람명의가되어있고 저희는 돈십원받은것도없고십몇년전 여름에 창문을열고 장화를신은 물 을밟은자리가있어제가112로 신고한적있습니다\n당시집번호가 033 442 5225번으로신고하여 경찰관이나와보시고 몰래숨어잡는 수밖에없다고하여 그냥지나갔습니다만 그족부함에서 꺼내간것으로추정되고족부함캐비넷번호는엄마와아버지 ㆍ그리고 황완근만 알고있었으며아버지는 뇌경색ㆍ풍 이와서 몸이 많이 아퍼하시고엄마는 한글을 잘모릅니다\n그렇다면 이등기장을 최세종한데？는지동네사람들은황영인 ㆍ산골휴게소ㆍ가울땅을 다해먹었다고 이야기를들어습니다\n저희는 돈 한푼 못받고 현재593ㅡ1번지도분명저의황영태 앞으로등기가다내져있던땅인데 이땅도 없어지고\n지금은제앞으로되어있는593하나만남겨있습니다\n만팔천평 ？정도땅은\n어디서 어떻게 누가팔아먹었는지를\n정확히알고싶습니다\n너무나 기막히고 글고족부도 없어져서 제가 뭐좀볼려고저의집안시제때 달라고하니ㆍ황영인ㆍ산골휴게소가있다고하는데ㆍ그집？아가다라고하니깐엉뚱한족부책만내주었습니다\n2003년정도에새로 족부를압축한5권자리두꺼운 법전 같은족부가있는데\n없다하는데ㆍ개인소장 이아니잔야\n공동돈을모아구입한건데 왜안보여주냐구 몇축을갔어도 없다고만하는데\n이해가안갑니다\n글고저의 아버지 형제6.25때 다 불상되신분땅 들이 황씨네 이름으로 공동명의로 땅과산이 다되어있고 간동면사무소에선 제아버지 제적되신분들 이름들어있는 제적등본을저의가 못띠고 ㆍ아버지사촌을동행하여야만 가능하다고하니 이상황도 이해가 안갑니다 누구나직겨가족은 확인되면 띠어볼수 있는거로 저는앞니다만\n왜 감추고안띠어주는건지?이부분\n궁금합니다\n저의 땅좀 돌려주세요\n저의노모가 그렇게몇년씩 안먹고강냉이로감자범벅으로 끼니때우며 병원도제대로못가보고산 땅들인데 너우나\n억울하시다며 내가죽거든 울땅 훔쳐쳐먹은놈들집문앞에다 뼈가루 뿌리라고합니댜 ㆍ이게 말이대냐구요\n너무나 한이되어서 땅을치고 기막힌 노릇입니다\n잘좀 혜아려주셔서 정의로운사회또한 저의갈은 이런 기막힌 사연좀없으면하구요\n고생하시겠지만 부탁드립니다
410205,2018-10-18,2018-11-17,0,68,문화/예술/체육/언론,언론에서 모자이크 처리는 가해자가 아닌 피해자에게만 적용하게 해주세요.,왜 언론에서 가해자에게는 모자이크 처리가 되지만 그 외에 죄없는 사람들에겐 모자이크 처리가 안되는지 볼 때마다 의문이 듭니다.\n범법자는 말 그대로 법을 어긴 사람입니다. 왜 그들은 법을 어겼음에도 불구하고 인권이라는 법을 지켜주어야 하나요?\n이번 강서구 PC방 살인 같은 경우 또한 가해자들을 공개해야 한다고 생각합니다. 살인을 한 자들을 왜 감싸주어야 하는지 이해가 되질 않습니다. 법은 국민들에게 보다 나은 세상을 위해 존재해야 하지 않을까요?
33450,2017-11-11,2017-12-11,0,1,정치개혁,이명박 전 대통령 출국금지,"김관진이 구속된만큼, 이명박을 구속수사해야 합니다.\n온갖 비리를 저질러놓고 뻔뻔하게 해외로 출국하고 다니는 것은 국민 정서상, 상식상 옳지 않습니다.\n부탁드립니다."
242237,2018-05-24,2018-06-23,0,3,일자리,정규직 전환 제대로좀 실행 합시다,올초 잠깐 번뜩 하다가 조용해지니까 정규직 붐 잦아 들엇네요 ㅋㅋ\n제대로 시행좀 하세요 ㅎㅎ
6059,2017-09-05,2017-10-05,0,0,행정,청소년보호법이 청소년을 보호하고 있지 않습니다,청소년을 보호하고자 만든 청소년보호법이\n되려 나쁜 청소년들에게 악용되어\n법 안에서 보호 되어야 할 청소년은 보호 받지 못하고\n그걸 이용하는 이들이 늘고 있어\n실효성이 없음을 넘어 악법에 준하고 있다고\n느낍니다\n청소년은 아동이 아니기에\n사리분별의 능력은 있다고 판단되는바\n무조건적은 보호는 악용의 소지가 분명합니다\n조속한 수정이 필요합니다!
315169,2018-07-22,2018-08-21,0,3,행정,보이스피싱 피해에 대해 제도적 장치 마련이 필요합니다.,"안녕하십니까, 대한민국에서 한 가정을 책임지고 있는 직장인 입니다.\n얼마전에 제가 개인적으로 급한 돈이 필요하여 대출을 알아보는 과정 중에\n보이스피싱 피해를 당했습니다.\n결론부터 말씀드리자면 피해를 당해보니 피해자 개인이 구제를 받는 다는 것은 굉장히 어렵다는 것을 알게 되었고,\n이에 보이스피싱 조직에서 사용한 계좌의 은행에서 피해자에게 피해금액을 우선 보상하고\n은행은 보이스피싱 조직에게서 보상을 청구하여 받는 방안으로 제도적 장치를 마련해주시길 바랍니다.\n앞서 말했듯이 저는 급한 돈이 필요한 상황에서 제1금융권은 이미 전세금 대출로 추가 대출을 할 수 없는\n상황에서 저축은행과 카드론을 통해 돈을 마련하였으나, 필요한 금액에 못미처 고민하던 와중에\n정부지원대책대출이라며 8천만원까지 대출해준다는 한통의 문자가 왔습니다.(1800-6131)\n해당 문자로 전화를 하니 담당자는 KB금융캐피털 과장이라며 본인 소개를 하며 저에 대한 대출은 5천만원까지\n가능한데 그러기 위해서는 부채 일부를 다른 담당자 개인계좌(수협은행)에 입금해야 신용점수를 올려\n해당 금액만큼 대출을 해줄 수 있다고 하였습니다.\n당시 돈이 필요했던 저에게 쉽고 빠르게 큰 금액을 대출 받을 수 있다는 희소식에 아무 의심없이 입금을 하였으나,\n곰곰히 생각해보니 개인계좌로 입금하는 것은 뭔가 문제의 소지가 있을 듯 하여 수협은행 고객센터에\n전화를 하여 지급정지 요청을 하였고, 고객센터에서는 해당 계좌에 제가 입금한 300만원에 대해 지급정지요청을\n완료했다고 했습니다. 이후 저는 경찰서로 가서 사건 신고 및 진술 후에 사건진술확인서를 받았고\n다음날 해당 자료를 수협은행에 팩스 보내고, 제가 출금한 계좌 은행인 우리은행에 제출하고 피해구제신청을\n하였습니다. 피해구제신청 후 확인 차 수협은행에 다시전화하여 지급정지 신청이 제대로 되어 있는지 확인해달라\n요청했고, 고객센터에서는 문제없이 처리되었다고 하였습니다.\n사건발생 3일째 되는 날, 피해구제신청 후 은행에서 아무 연락이 없어서 우리은행에 전화를 하니\n계좌송금한 수협은행에 연락을 해서 처리받으라 안내 받았고\n수협은행에 전화를 하니 보이스피싱범들이 사용한 계좌를 담당하는 지점은 울산의 한 지점이며\n그곳에 연락을 해보라 했습니다.\n해당 수협은행 지점에 전화를 하니 지점 담당자는 해당 계좌의 돈은 이미 인출되었다고 하였습니다.\n지급정지요청된 계좌에서 보이스피싱범들에게 돈이 인출되었다는 사실이 어이없었으나,\n우선 인과관계를 명확히 따지기 위해 제가 고객센터에 전화한 시간 및 고객센터에서 지급정지한 시간과\n보이스피싱범들이 돈을 인출한 시간을 확인했습니다.\n제가 수협은행 고객센터에 전화한 시간은 6시 2분(은행은 6시 4분 주장) 이었고, 해당 계좌에 지급정지를\n적용한 시간은 6시 7분이었으며 보이스피싱범들이 돈을 인출한 시간은 6시 5분 이었습니다.\n수협은행은 간발의 차로 보이스피싱범들이 돈을 인출하여 본인들이 계좌에 지급정지를 적용해도\n어쩔수 없었다고 답변하고 있으나, 계좌에 지급정지를 할 수 있으면 당연히 해당 계좌의 입출금이\n실시간으로 확인이 가능할 법도 한데 본인들은 계좌에서 돈이 인출되는지 여부는 실시간 확인이 어렵다고 하니\n저로서는 이해하기가 힘듭니다.\n또한 수협은행에서 해당 계좌명인에 대해 사전에 아무런 확인도 없이 보이스피싱조직에게 계좌를 개설해주었다는\n것은 분명한 업무 과실임에도 불구하고 계좌 개설에 대해서 본인들이 일일히 확인하기 어렵다는 식으로 답변하고 있습니다.\n제 피해금액 300만원이 적은 금액일 수도 있습니다만\n금액규모를 떠나 보이스피싱 사기를 당해보니 억울하고 내가 바보같기만 해서 창피한데\n다른 피해자분들 심정은 오죽 했을까 조금은 이해가 갑니다.\n아울러 이런 힘든 상황에서 도와주는 기관은 아무도 없고 피해자가 오롯이 혼자\n피해구제를 위해 이리저리 발벗고 나서서 보이스피싱 조직에게서 피해금을 받는 것은 하늘의 별따기 입니다.\n앞서 말했듯이 은행에서 1차적으로 피해자에게 피해금액을 보상하고 은행은 보이스피싱 조직에게서\n해당 금액을 보상 받을 수 있도록 제도적 장치를 마련해야\n은행기관에서 적극적으로 보이스피싱 조직에 경찰과 대응할 수 있다 사료 됩니다.\n대통령님, 부디 보이스피싱 피해자들의 피해구제를 원활히 해주시어 평범한 가정의 평화를 지켜주시기 바랍니다.\n긴글 끝까지 읽어주셔서 대단히 감사합니다."
275440,2018-06-19,2018-07-19,0,3,미래,일본 재경기를 청원합니다,콜롬비아 1:2 일본 축구 재경기를 청원합니다.
56244,2017-12-01,2017-12-31,0,77,기타,전안법 시행 도대체 달라진거 없이 그대로 진행되는건가요?,작년에 전안법 졸속 통과하는걸로 난리가 났었지요? 그후 유예기간을 거쳐 내년에 시행된다하는데\n도대체 뭐가 보안되었다는건지요? kc 인증비용이 낮아진것도 아니고 그렇다고 영세업자들이 중국\n또는 해외에서 싸게 수입한제품에 대해 어떻게 진행하면된다든지 보완한다는 답변만 일년내내 듣고\n보완책 없이 이대로 은근슬쩍 진행한다하니 답답하고 힘들어 죽을거 같아요. 수입을 하고 판매를 하려고\n준비는 하는데 담당자 말이 이사람 다르고 저사람 다르니 어찌해야하는지 모르겠어요. 속시원히 강구된\n대책을 어디서 어떻게 해결할수있는지 알려주시기 바랍니다. 인증비용이 낮아진것인지도 모르겠고 인증\n업체가 많아진것 같지도 않으니 답답해요
477869,2018-12-24,2019-01-23,0,2,일자리,최저시급,최저시급 꼴나게 올려놓고 근무시간줄이고 기업은 시간줄여 내년월급이 올해보다 적은데 최저시급보장할거면 한달 209시간도 보장해야하는거아닌지 도대체 140만원도 못받아서 어떻게 생활을 하라는건지
77203,2017-12-30,2018-01-29,0,0,농산어촌,중국어선관련 몸길이처벌관련규정의 신속한 시행과 서해어업관리단등의 근무인원증원과 지원을 촉구합니다!!,1.중국어선을 단속하는 서해어업관리단의 근무인원증원과 지원을 촉구합니다.\n(목숨걸고 중국어선을 단속하시는데 잠을 1~2시간밖에 못 주무시더라구요..잠이라도 좀 자야 일효율이 늘지요..그리고 너무나 위험해보였습니다.)\n2.현재 중국어선관련 그물코처벌규정은 시행중인데 치어포획등의 몸길이관련처벌규정은 19년부터라고 하더군요..이게 무슨 엇박자법입니까?\n취지는 무분별한 포획을 막기 위해서인데 그물코가 처벌규정이 안 된다고 치어등의 포획은 눈감아준다는게..\n그것도 2년동안.. 서해바다가 그동안 피페해지는걸 방관하겠다는 얘기인가요?\n그럼 그때가서 소잃고 외양간고칠겁니까?\n상황판단을 빨리 해서 신속하게 시행되어져야하는것은 빨리 해줘야 할듯한데요..\n이 무슨 굼뜬 탁상공론정부입니까?\n정책공무원이 현장가서  목숨을 걸고 서해바다를 지키내는 현실..\n우리의 서해바다가 중국어선의 무분별한 포획으로 신음하고 있는 현실..\n그런 현실을 제대로라도 보았으면 좋겠습니다.\n서해어업관리단의 인원증원과 지원이 시급합니다.\n몸길이관련 처벌규정시행은 당장이라도 시행되어야 한다고 생각합니다.
411629,2018-10-19,2018-11-18,0,5,농산어촌,"김동연의 유류세 인하, 어느 세월에 협의 끝나나?","우리 국민들 살아서 인하된 기름 넣겠나?\n그제도 협의, 어제도 협의, 오늘도 협의...\n전화 한통으로 당장 인하하자면 될 것을 뭔 놈의 협의를 그토록 하나?\n차라리 인하마라. 하는 꼴 보니 짜증난다."
450818,2018-11-23,2018-12-23,0,5,미래,처벌을 강화한다해서 범죄율 안줄어든다 이런 개소리 집어 치워주세요,처벌을 강화한다해서 범죄율 안줄어 들어서 처벌 강화 못하나요? 처벌 약하게 하면 그럼 범죄율 줄어드나요? 세상에 이런 물타기랑 언어도단이 어디있습니까 처벌 강화하면 경각심 때문이라도 분명 예방 효과가 있기 마련인데 또 설사 없다하더라도 피해자 억울한건 누가 풀어주죠? 그럼 학교폭력을 당했을 경우 가해자 찔러 죽여도 된다는 법을 만들어 주시던가요 피해자한텐 아무 것도 안해주면서 가해자 인권만 챙기는 정권 무능하기 그지없네요
390729,2018-09-27,2018-10-27,0,6,일자리,소방관 지원,"가끔 뉴스 내용들을 보면 우리나라를 위해 불길 속을 뛰쳐 들어가는 소방관들에 대한 복지 시설이나 혜택등이 매우 열약하다고 느낍니다. 세금을 더 걷지말고 국회의원들의 월급등에서 소방관들을 위한 복지를 더욱 강화하고 불편한 점이 없는지 , 문제되는 시설등을 다시 한번 살펴보고 정부가 더욱 신경 써야된다고 생각합니다.  소방관들은 국민들을 살리는 위대한 일을 하는데 그런 소방관들이 땀 뻘뻘 흘리며 목숨을 걸고 국민들을 살리는데 받는돈은 국회의원의 월급보다 한참 적습니다. 저는 소방관들이 국회의원보다 더 훨씬 보람 있는 일을 하는데 왜 이런 대우를 받는지 모르겠습니다 . 소방관들의 월급을 늘리고 소방서에 더 좋은 복지시설을 갖추는것이 옳다고 봅니다."
229450,2018-05-10,2018-06-09,0,72,정치개혁,"무능국회, 식물국회, 폼만 잡는 국회, 국민을 봉으로 아는 국회를 해산시켜 주세요!!!!!","대다수의 국민들은 날이 갈수록 먹고 살기가 힘이듭니다. 소득대비 물가가 뉴욕보다 더 비싸고, 대기업은 국민들 피같은 돈을 어떻게 하면 빨아 먹을까 혈안이 되어 자국민을 봉으로 알고 있고, 우리의 미래인 청년들은 일자리가 없어서 하루하루 힘들게 결혼도 포기하고 살아가고 있습니다.\n이러한 국민들이 조금이라도 더 잘살도록 법안을 만들고 통과시켜야할 국회의원들이 폼만잡고 세비만 축내면서 모든 혜택누리며 국민 위에 군림하면서 뱃살만 찌우고 있습니다.\n이럴바에는 국회해산시키고,\n대기업을 위한 국회의원이 아닌\n정쟁을 일삼는 국회의원이 아닌\n모든 특권 속에서 폼만잡는 국회의원이 아닌\n모든 것을 내려놓고 국민을 위해 봉사할 수 있는 국회의원,\n의욕과 실력만 있으면 일할수 있는 국민의 대표를 다시 선출합시다."
146621,2018-02-22,2018-03-24,0,2,행정,국민세금 남용하지 마십시요.,한국 GM 노조가 기득권을 포기하게 하시기를 먼저
516800,2019-02-04,2019-03-06,0,15,정치개혁,문재인좀퇴진합시다,동네영감하고동급인데
443073,2018-11-15,2018-12-15,0,3,육아/교육,고아와 아동을 꼭 돌보아 주세요!,"인간은 만물의 영장입니다.\n모든 동물은 특히 어렸을 적 도와주지 않으면 힘듭니다.\n어렸을 적에는 제일 약한 존재입니다.\n1살짜리 어린 소녀가 있습니다.  1살짜리 아기는 신생아실에서 양육되고 있습니다.  1살짜리 아기가 매우 예쁩니다.\n그 옆에 1살짜리 아기는 아주 못생겼습니다. 예뻐서 좋아하고 못생겨서 안됬다 할 것 같죠? 아닙니다.\n옛날에 한 천사가 있었습니다. 그 천사는 사람들을 도와주려고 내려왔습니다. 그리고 사람들을 도와줍니다.\n그러다가 사람들의 진면목을 깨닫게 됩니다.  고시공부에 합격한 가정의 집에 몹쓸 짓을 하는 겁니다.\n그리고 그 가정의 집 부근을 공중묘지에서 나온 흙으로 덮고, 그 새벽기도가는 가정의 딸에게 성폭행 돌림빵을 여러 번 하고.\n그리하여 천사는 상처받습니다. ""아  사람은 도와줄 필요가 없는거구나. 겉으로는 착한 척, 다정한 척, 온갖 척을 다하면서\n속으로는 열등감, 자격지심, 힘들어합니다.\n사람들은 그 아기가 너무 예뻐서 싫어합니다. 그리고 그 아기를 못생긴 그 아기와 바쁩니다.\n그리고 커가는 과정을 봅니다. 예쁜 아기는 정말 예쁘게 컸습니다. 못생긴 아기는 정말 못생기게 컸습니다.\n심지어 그 예쁜 아기는 잘하는게 많습니다. 못생긴 아기는 정말 못하는 게 많습니다.\n정말 불공평하죠. 그 예쁜 아기는 기도합니다. 그 아기도 한 번만 예쁘게 태어나게 해주세요.\n그런데 못생긴 아기는 예쁜 아기의 뇌에 기생충을 넣기도 하고, 저주를 하기도 하고, 힘들게만 합니다.\n못생긴 아기의 집에 있는 예쁜 아기는 정말 힘듭니다. 마지막으로 기도합니다. 하나님, 한 번만 저 죽게 해주세요. 잘못했어요.\n.\n.\n."
423512,2018-10-29,2018-11-28,0,34,경제민주화,최종구 금융위원장을 즉각 해임하십시요(김용범 포함),"김용범 금융위원회 부위원장은 29일 ""정부는 자본시장 안정화를 위해 증권 유관기관 중심으로 5천억원 이상 규모의\n자금을 조성해 운용하겠다""고 밝혔다.\n지금 장난합니까\n지금 주식시장이 한가해 보입니까\n지금 국민을 개돼지로 보십니까\n당장 공매도 폐지 못하면 중지라도 하십시요"
438672,2018-11-11,2018-12-11,0,3,농산어촌,픽업트럭 및  RV 스포츠 차량 농사용 차량으로 인정해주세요,포터나 더블캡은 차량은 농사용  장비로 인정되는데\n픽업트럭이나 RV 스포츠 차량도\n시골에서 많이 쓰입니다\n요즘은 짐을 그렇게 많이 싣고 다닐 필요도 없고\n시골에보면 요즘 코란도 스포츠나 렉스턴 스포츠  차량 처럼  500kg 이상  짐도 가능하니  농사용 장비로써의 역활이 충분하다고 봅니다\n이에 농사용 장비 등록에  한표 부탁드립니다
49184,2017-11-24,2017-12-24,0,1,안전/환경,중증외상센터,"이국종의사같은 의사가  많은 대한민국이 되었으면 좋겠습니다  자기몸 아픈것보다  남을먼저 생각하는거  말이쉽지  실천하는사람은  그리많지  않을것입니다  언제  어느곳에서  어떤사고를 당했다 하더라도  치료받을곳이 없어  목숨을  잃는  그런일은  없어야한다고 생각합니다 그런사고가  내부모  내형제   내자녀에게  언제  어느때  일어날지  모르는  일입니다  국민의 안전이  최우선인  나라가  대한민국이였으면 합니다  그어떤곳보다  이런곳에  최우선으로  지원을  해줘야한다고  생각합니다   중증외상센터  지원 많이  많이 필요합니다 또 독거노인, 소년소녀가장 ,국민의  안전을  위해 헌신하는분들   소방관,경찰관  이런분들에게  지원이  많아야한다고 생각합니다  때마다 지원늘리기로 멀쩡한  보도블럭 뒤엎지않고 불필요한  지원 줄이더라도  국민의 안전을  생각하여  이런곳에  꼭  지원해야한다고 생각합니다"
420844,2018-10-26,2018-11-25,0,8,경제민주화,청원게시판 폐쇄해주세요,아이고 의미 없다\n네이버 게시판 댓글보다 못하네요\n청원 게시판 폐쇄해주세요\n보지도 않을 청원해봐야 의미없는\n글쓰느라 시간낭비  희망고문\n이 오히려 글 쓰시는 분들에게 스트레스만 주고\n암 유발합니다\n국민건강 헤치니 폐쇄해주세요
107956,2018-01-22,2018-02-21,0,1,경제민주화,지지율은 내려가고...가상화폐 투자자에게 사과하셔야 합니다.,"부동산은 건들어도\n가상화폐는 잘못 건드리면\n문재인 대통령의 절대 지지층이 젊은 유권자들은\n분명 돌아서게 되어 있습니다.\n폐지 운운하지 마시고\n가상화폐와 블록체인을 통한 미래 먹거리를 만들어야 합니다\n가상화폐와 관련해서도\n생각만 하면 많은 일자리를 창출할 수도 있습니다.\n적절한 규제는 당연히 필요합니다만 과도한 규제는 역반응을 분명히 가지게 될것입니다\n이전 정부의 고집불통이 촛불혁명이 일어났던것을 똑똑히 기억하셔야 합니다\n지금\n그때 촛불을 들었던 사람들이\n지금은 문재인 대통령님께 대한 실망을 하는 이들이 계속 늘어나고 있습니다.\n예언하건데,\n이 상태로라면 다음주에는 지지율이 더 내려갈것입니다.\n이낙연 국무총리는\n아이스하키 대표발언으로 사과하셨는데,\n300만 가상화페 투자자들에게 엄청난 손실을 끼친 관련자들은\n침묵하고 있는지 이해가 되지 않습니다.\n대통령님\n지금이라도 관련자들에게 입 함부로 놀리지 말고 도리어 투자자들에게 사과하라고 하셔야 됩니다. 고집이 길어질수록 반대세력이 늘어나고 이번 지방선거가 불리하게 돌아갈 수 있습니다.\n대통령님이 그렇게 말씀하셨는데도 입을 함부로 놀리는걸 보면\n저들이 대통령위에 있는가 봅니다.\n노무현 대통령님을 잃었던것처럼\n문재인 대통령님을 잃기 싫습니다.\n부디 지금이라도 돌아서 주십시오"
378536,2018-09-13,2018-10-13,0,16,교통/건축/국토,대통령 중간선거 도입합시다!,집값  안정시키는  능력있는 분들 은  없으신가요?\n앞으로  4년 더  집값을  올려야 한다면 이건 정말  큰일입니다.\n중간 선거로  대안을 찾아야 하지 않을까 생각합니다.
151678,2018-02-26,2018-03-28,0,0,육아/교육,입양 절차에 대하여 바꿔 지시길 대통령님께 부탁드립니다.,"안녕하세요 대통령님 저는 입양이 된 19살이라고 합니다.  지금현재 친생 부모 그리고 입양이 어떻게 된지 과정을 알고 싶은데 미성년자라는 이유로 친생부모, 입양 자료를 넘겨 받을수 없다고합니다.\n존경하는 대통령님  입양 절차에 대해서는 바꿔 주십시요 술 담배 법을 바꿔 달라는게 아닙니다. 입양에 대한 법을 바꿔달라는겁니다.  저같이 친생부모, 입양 자료를 넘겨 받을수 없고 입양 부모와 같이 동행을 해서 해야 된다는 자체는 정말 입양 부모에게 얼마나 힘든시간이겠습니다. 존경하는 문재인 대통령님 그리고 국민여러분 국민여러분에 힘이필요하고 국민여러분에 동의가 저는 이제 필요합니다.\n저는 입양이 된 아이이입니다. 오늘 보호소로 전화를 해서 문의를 한결과 '미성년자라 입양한 부모와 같이 동행' 을 해야된다고 라고 합니다. 전국민여러분 물론 지금 법을 바꿀수 없습니다. 하지만 이 입양 절차그리고 입양이 어떻게 됬고 친생부모를 찾고싶은 아이에 마음을 헤아려 주시길 간곡히 부탁드리겠습니다.\n국민여러분에 많은 동의와 격려 그리고 국민여러분에 힘을 전 믿겠습니다."
94130,2018-01-13,2018-02-12,0,7,경제민주화,가상 화폐 폐지 절대 반대.,"대한민국 또한 공산당입니까?\n미국 일본 아무렇지않게 거래 가능합니다.\n중국처럼 대한민국도 공산당입니까?\n그렇다면 우리나라는 발전하지 못합니다.\n합법시키시고 불법으로 진행하지못하게 실명제로 하면 되지않습니까?\n가상화폐로 20대의 희망을 뭉게버린다면 다음 대선때는 야당을 찍을겁니다. 제발 가상화폐 정상적으로 이용할수있도록 부탁드립니다, 문제인대통령님! 가상화폐는 20대의 희망이자 지푸라기입니다. 월급 모아 언제 집삽니까......\n현명한 선택 부탁드립니다. 감사합니다!"
388509,2018-09-23,2018-10-23,0,2,저출산/고령화대책,"주택 안정 정책 으로 거주세 도입하고 종부세, 재산세, 취득세, 양도세 서서히 내리자.","집값 정책을 바꾸고 거주세 도입해야 됩니다.\n1억 부터 6억이상 까지 구간 별로 거주세 도입하여 부자와 투기꾼을 구분 해야 됩니다.\n좋은집에 살려면 그에 맞는 자격이 있어야됩니다.\n지금 대한민국에 좋은집에 사는 사람들이 다부자입니까?\n서울 어딜 가든지 자기집은 최소 10억이라는 투기가 판치고 있습니다.\n반대로 말해서 그집을 9억에 사라고 하면 사지 않습니다.  소득이 절대로 따라가지 못합니다.\n하지만 조금이라도 집값을 올려서 팔면 불로소득이 생기니까 투기현상이 벌어집니다.\n너도 나도 집값을 올려 팔아 소득이 절대 못따라가는 현상이 벌어지고 있는데도 멈출수가 없습니다.\n이 와중에 집을 낮게 팔아봐야 이사도 못가고 낮게 팔아봐야 바보 소리만 듣습니다.\n이런 문제를 해결하기 위해 실거주세는 도입하고 거주세는  실거래가로 반영해야 됩니다.\n예를 들면 실거래가가\n6억이상 이면 거주세 3억 씩 내고\n5억이상 이면 거주세 2억 씩 내고\n4억이상 이면 거주세 1억 씩 내고\n3억이상 이면 거주세 500만원 씩 내고\n2억이상 이면 거주세 100만원 씩 내고\n1억이상 이면 거주세 50만원 씩 내고\n1억이하면 이면 거주세 10만원 씩 냅니다\n다주택자, 임대업자들도 집의 채수 및 집값의 총합에 거주세를 중과 합니다.\n앞으로 집은 매매가격보다 거주세를 많이 낼 수 있는 사람들이 비싼집에 살수 있도록 해야 됩니다.\n로또 분양? 사는 사람이 거주세를 감당할수가 없겠지요.\n거주세 도입 빨리 도입해야 됩니다.\n알찬 주택공급과 거주세 도입으로 대한민국에서 주택투기의 끝을 내야 됩니다.\n출산율 30만입니다. 앞으로 20만 10만 대면 20년후에 지금 집값은 텅텅비는 도시를 맞춰 폭락합니다.\n대한민국이 망햇으면 좋겠습니까? 그깟 차액으로 돈 벌어서 대한민국이 망했으면 좋겠습니까?\n지금이라도 늦지 않았습니다. 소득에 맞게 살게 거주세를 도입하고 주택 투기를 원천 차단하여\n다시 출산율이 80만 100만 이상이 되어야 됩니다.\n이상태로 10년간 출산율 30만이면 세데가 300만이고 그 이후 는 10만이하로 떨어집니다.\n인구가 폭락한 상태에선느 경제가 무너지고 경제가 무너지면 애를 더 낳지 않고 다들 이민을 가겠지요.\n빨리 거주세 도입하여 대한민국의 투기현상을 정부에서 잡아주십시오."
481673,2018-12-29,2019-01-28,0,22,인권/성평등,양심적 병역 거부란말 쓰지 못하게 해주십시오,현재 종교적 문제로 군대 안가려는 사람들을 양심적 병역 거부자라고 하는데 말이 안됩니다.\n그럼 대한민국에 국가를 지키기 위해 춥고 배고픔을 견디면서 훈련한 우리는\n양심이 없어서 군대 간겁니까? 누가 군대 가고 싶습니까? 국가와 국민을 위해서 의무적으로 가서 열시미 복무하고\n온사람들인데.. 양심없는 사람들로 치부 되는거 상당하게 기분 나쁩니다.\n양심없어서 군대 간거 아닙니다.\n양심적 병역 거부자란 말 쓰지 말고 종교적 병역 거부자라고 해주세요..  양심있으면 나라와 국민을 위해서 군대\n가는게 정상이지요..\n종교를 이유로 안가려는 사람이  양심적 병역 거부자라고 하니 군대갔다온 사람들은 너무 기분 나쁩니다.\n한번더 이야기 하지만 군대 갔다온 사람들은 양심없어서 군대간거 아닙니다.\n양심적 거부자가 아닌 종교적 거부자로 불러주세요..
235523,2018-05-17,2018-06-16,0,29,문화/예술/체육/언론,tvN 식량일기 폐지 검토부탁드립니다,......닭볶음탕 한 그릇을 만들기 위한 도시농부 7인의 농사 성장기....\n이게 식량일기 프로그램 주 된 설명입니다\n고기를 안먹고 살순없지만\n최소한의 희생에 응당하는 숭고함은 잊지말아야합니다\n온갖 사랑으로 정을 주고 키운 생명을\n끝끝내 잡아먹는 다는 괴랄한 생각을 어떻게 예능으로 받아들일수있겠습니까...\n어떤 의도인지는 모르겠으나 보기 불편하고 역겹습니다...
142533,2018-02-19,2018-03-21,0,63,반려동물,반려동물들이 사용하는 장난감에 색소 사용을 법으로 막아주십쇼,안녕하세요. 유튜브 영상을 보다가 놀라 이렇게 청원 글을 쓰게되었습니다.\n유튜브 영상에 내용은 반려동물들이 사용하는 이른바 고양이 낚시대를 물에 담근 후에 키친타올 위에 올려놓으면 그 키친타올에 색소가 묻어 나온다는 내용이였습니다.\n해당 영상을 올리신 분께서 외국 제품 국내 제품을 모두 똑같이 확인해본 결과 국내 제품에서만 색소가 나왔다더군요..\n기본적으로 반려동물들이 가지고 노는 제품인 만큼 안정성도 중요하고 해당 제품을 가지고 놀다가 침이 묻어 반려동물들이 색소들을 섭취할수도 있습니다.\n반려동물들이 가지고 노는 만큼 더더욱 안전하게 놀 수 있게 법안을 만들어 주시면 감사드리겠습니다.\n동물들도 엄연히 보호받고 사랑받아야 될 존재들입니다..
276869,2018-06-20,2018-07-20,0,11,보건복지,국내보험사 보험금지급거부와 금감원의 감독무능,"현 국내 보험사들이 지상파,케이블,심지어 홈쇼핑에서까지 판매에 열을올리는 건강보험,암보험상품들이 가입고객들의 보험금 지급요구에 지들만의 약관해석논리로 미지급,지급거부하는 사례가 해가갈수록 늘어나고 있습니다.보험금을 받을려면 소송을하라든가 이전판례들을 들먹이며 지급거부를하고 보험사들을 감독해야할 금감원은 오히려 보험사 계열사인지 감독기관인지 해ㅣㅅ갈릴정도로 미온적이고 보험사측 대변을 하고있는 실정입니다.올해까지 누적된 보험사들 보험금 미지급금액이 어느정도인지는 짐작조차할수도없습니다.가입권유,상품 판매때는 세상없어도 지급해줄거같이 포장하고 정작 지급요구시에는 말도안되는 억즉으로 거부하고 소송해라,배째라식. .\n수십년동안 건강,암보험 하나 가입해 유지해온 가입자들을 하루아침에 낭떠러지로 밀어내고도 사익에만 몰두하는 보험사, , 거기에 관리감독해야할 금감원은 보험사 대변기관 마냥 민원상담에 적극 개입을 꺼려하고 안하고있는 현 상황들을 어떻게 이해해야합니까. ?\n보험사의 천문학적인 보험금 미지급,지급거부 보험금은 누구주머니에 들어있을까요. 오늘 이시간에도 암발병 환자들이 암 치료,입원요양하면서 격는 고통과 가족들의 참담한현실만으로 감당키힘든 상황인데 거대보험사와 당연 지급받아야할 보험금을 지급받기위해 얼마가 걸릴지모를 법정싸움까지 해야하는 웃지못할 상황들이 너무나많아 감히 청원드립니다.정당하게 내권리를 찾을수있는 나라는 아직도 요원하고 멀리있습니까?\n적어도 기본과 상식으로 유지되는 나라이길 바래봅니다."
147268,2018-02-22,2018-03-24,0,1,미래,미래,북한을  바라보는  시선핵심 현실을 직시하고 북한 정책을 펼쳐서면 합니다.명분없는 남북대화만남은 자제해주시길 바랍니다.김여정을 만나서 온갖 환대를 해 주면서 우리가 얻는것이 무엇인가?뭘 얻기위해서 그랬던가요?현실을 직시하고 북한의 주민을 생각한다면 성급한 만남은(북한한테 끌려다니는 모양새)는 안보여서면 합니다.일시적으로 미운넘 떡 하나 더 주는격 아닌가 싶네요.줏대와 강인한신념 명분 의지를 두르고 북한 문제를 이끌어서면 합니다.그냥 하자는데로 다하지마시고요.그리고 세계적으로 북한을 독주를 막고자 가고 있으면 그에 발맞춰 가는게 정상아닌가요.제재를 하고 있는데 우리가 그리 징징대면 제재의국면으로 만들어 놔서면 우리 스스로 가 무너 뜨리는 형태는 보이지 말아야 하는게 국권도 지키고 단합된 모습 아닌가요  이게뭡니까 줏대도 없고신념도결여되고 자존심도 없고 간 쓸개는 어디다 팔아 먹은지 없고 대체 이게 뭡니까!김여정이 내려 온다면 못내려오게 해야할정도로 그런베짱도 튀겨야 북한이 웃습게 안보지요.얼마나 한국정부를 웃습게 봐서면!그런  환대를 받게끔 하는건지 도저히 웃습네요.북한 주민은 김정은 독재에 노예처럼 핍박받고 굶주리고 하는데   그 주민들을 구하고 자유를 얻기 위해서라도 얼케든지 빨리  제재에 발맞춰 서방세계랑 함께 발 맞춰가는게 좋은 방법이라 봅니다.자유를 얻기 위해선 희생이 따른다고 봅니다.너무 이리저리 눈치 보지마시고 소신과 신념 굳건한 의지 자존심 줏대를 가지고 강할땐 강하게 융화적일땐 유회게 해 주심이 좋겠읍니다.독재는 영원한것이 아닙니다 그 독재를 빨리 붕괴 시키고 국민들을 구해야 합니다.그러니 삼천포로 빠지는 행태는 이제 고만하시고 제재에 발맞춰서 이끌어 가시기 바랍니다.
144783,2018-02-21,2018-03-23,0,0,인권/성평등,필리핀 성폭행범 10년지기 지인 형량 높여주세요,연예인 A씨 아내 필리핀 성폭행범  10년동안 알고 지낸 지인 ~~ 지 죄도 늦우치지 못하고 합의해달라고 피해자가 공인이라는 이유로 협박까지 하고 언론사에 알리는 등 죄질이 아주 나쁨\n초범이라는 이유로 죄가 너무 약함\n이에 성폭행범들 초범이더라도  중형을 내려야 사회 정의가 바로 설 것 같음\n우리나라 성범죄가 만연하고 있는 이유도 죄가 너무 약해서 그런거 같아 씁슬하다
348106,2018-08-20,2018-09-19,0,8,기타,자영업자들을  죽일려고 작정하셨나요?,문대통령님 도데체 자영업자들 어떻게살라고~~문정부가 내놓은정책들은 하나같이 자영업자들 자살로 몰고가는 형태~~장사하는사람들 다들 대통령님원망하며 하루하루 피눈물흘리며삽니다.더이상돌바구도없구~~얼마나 좋은세상 만들어가는지 죽어서도 지켜볼랍니다  대통령님도 언젠가는 피눈물흘리며 후회할날꼭  올거예요
487514,2019-01-04,2019-02-03,0,106,인권/성평등,손혜원의  막말,손혜원의 신재민씨에 대한 페이북 글은 국민들의 분노와 젊은이의 절망을 부추키는 글이다\n그 이유는 다음과 같다\n1ㆍ포옹과 사람이 우선이라는 정부의 기조에 역행했다\n2ㆍ소리 한마디 한마디가 증명되지않은 모두거짓말\n로 국민을 속였다\n3ㆍ10년을 공부해서 사무관 되었다고 머리나쁘다고\n극단적인 인격모욕과 명예를 훼손하여 대한한민국 청년의 사기를 죽여서 국력을 약하게 하는 요인이 될수있다\n오히려 한국인의 은근과 끈기 저력으로 사무관이되어 성적이 가장우수한 사람이 가는 기재부에배치되었으니 청년들의 귀감이 되지않는가?\n손혜원은 품격이 비정상적인 사람으로 보입니다  국민의 한사람으로서 너무나 속상합니다
99478,2018-01-17,2018-02-16,0,5,경제민주화,당신들이 말하는 개미서민들 죽어나는꼴이 보고싶으신가요,당신들의 말한마디 한마디가 서민들 목숨을 잃게만듭니다. 서민들이 목돈하나 모으기 힘든세상이네요 뭐가 서민들을 위한 정책인지 생각좀해보세요 가상화폐시장 살려주세요
361439,2018-08-31,2018-09-30,0,36,교통/건축/국토,당신들은 정말 집값 잡을 생각이 있는 건가요?,니들은 집있으니 집값이 올라가면 좋지?\n서민들은 평생 일만해도 집 한채 못산다 이제.\n처음부터 집값 잡겠다고 말이나 말던가. 장관이라는 사람은 자신감 있게 TV방송에 나와서 집값 잡을테니 걱정말라고 하더니\n집값을 잡긴 커녕 서울을 투기판으로 만들어 놓고 있고.\n정책은 오락가락 장관 말도 오락가락 현실은 니들이 말한 정반대로 가고 있고\n무능력하다 못해 일부로 이런가 싶기도 하다 이제.\n박근혜 이명박이 하도 못해 니들을 뽑았더니\n박근혜 이명박이 성군처럼 보일려고 한다.\n잘하라는 소리도 안할란다. 전교 꼴등한테 공부열심히 하라고 하는것도 아니고\n그냥 아무것도 하지 말아라.\n니들 말 한마디 한마디를 비웃으면서 시장은 오늘도 니들 말과 반대로 흘러간다.
58750,2017-12-05,2018-01-04,0,1,경제민주화,(35차)금융위원회에 하나금융그룹의 채용비리를 고발하였습니다,"하나금융그룹 김정태 회장이 그룹 내에서 저지른 인사농단을 고발합니다.\n1. 김정태 회장은 자회사 임원들에게 직원을 대상으로 불법 사찰일지 작성을 지시\nKEB하나은행 등의 계열사 직원을 대상으로 일거수일투족을 감시하는 사찰일지를 작성하도록 지시하였고, 하나저축은행은 부당해고의 정당성 주장을 위해 법원에 불법 사찰일지를 제출하는 자충수를 두었다 <그림1. 불법사찰일지>.\n2. 김정태 회장은 자회사인 하나저축은행의 인사시스템을 농단하여 주요 보직을 전직 KEB하나은행 퇴직자로 채움\nKEB하나은행 퇴직자(임금피그 적용자)등이 낙하산으로 아무런 채용절차 없이  노조가 없는 하나저축은행으로 내려와 지점장과 부서장 등 주요 보직을 차지하여 기존에 근무하는 직원들에게 불이익을 주었다. 2016년 4월 14일 기준 임원인 대표이사, 3명의 전무이사 모두 KEB하나은행 퇴직자이며 11명의 지점장 중 7명이 KEB하나은행 퇴직자 낙하산이다 <그림2. 자석배치도>.\n3. 성추행 물의를 저지른 KEB하나은행 지점장을 KEB하나은행 해외영업소 지점장으로 재채용\n[매일노동뉴스] 최근 노조 KEB하나은행지부는 금융감독원에 경영관리 적정성 여부를 조사해 달라는 취지의 진정을 냈다. 2013년 4월 KEB하나은행 지점장이었던 A씨가 계약직 여직원 4명을 성추행한 후 내부 감찰을 받던 중 스스로 퇴직한 사건이 발생했다. A씨는 하나금융그룹 계열사인 하나저축은행에 재취업했다. 그런데 지난해 1월 KEB하나은행 해외영업소 지점장으로 복귀했다.\n4. 김정태 회장이 최순실의 요청에 따라 이상화씨를 승진시켰다고 법정에서 진술\n[한겨레] 김정태 회장이 최순실 모녀의 독일 내 금융민원을 지원한 이상화씨를 은행 본부장급으로 승진시킬 여건을 조성할 목적으로 조직개편을 지시했다는 취지로 법정에서 진술했다. 이는 김정태 회장이 적법한 승진 절차 없이 임의로 특정인을 승진시키는 인사농단을 저지른 것이다.\n*[참조. 인사이트코리아 “하나저축은행, 특혜채용ㆍ직원사찰 논란” http://www.insightkorea.co.kr//news/articleView.html?idxno=20461 ]"
369556,2018-09-06,2018-10-06,0,9,농산어촌,해녀랑 성매매여성 한테만 돈주지 말고 일반 시민들한테도,돈 좀 줘요.
118913,2018-01-28,2018-02-27,0,120,반려동물,제대로된 동물보호법 만들어주세요,"동물도 생명입니다.\n주인의 소유물건, 사유재산이라는 법때문에 안타까운 죽음과 학대들이 너무많습니다.\n우리나라 선진국 아닌가요?\n동물보호법은 왜 이리 미개한가요?\n제발 법명에 맞는 동물을 보호할 수 있는 동물보호법 만들어주세요."
33662,2017-11-11,2017-12-11,0,0,기타,이명박 출국금지시켜라!!,적폐의수장 이명박을 당장출국금지시켜라!! 범죄자가 도주할 우려와 증거인멸 할가능성이 상당히큰데 자유롭게 해외 나다니게 할건가!!
184906,2018-04-04,2018-05-04,0,2,미래,기업인의  흥을 돋구는 정책을 만들 생각은 없나요?,"정책당국자에게 묻고 싶습니다\n1. 자영업, 중소기업인이 대기업 그룹사 오너들과 같은 규제를 해야 하는 대상으로 보이나요?\n중소기업의 기업인, 자영업자들은 일부 극소수를 제외하고는 대기업,공기업,공무원들의 급여에 1/2~1/4의 수준에\n못미치는 적은 급여를 받으며, 근로시간은 하루 24시간중 20시간 이상을,휴일은 1주일에 1일도 못쉬고  사업을 하고\n있는것이 형편입니다, 이들의 대부분은 젊어서는 공기업,대기업에 높은 연봉을 받았던 사람들이지요,,그러다 기업 육성의\n꿈을 안고  그 어려운 상황을 모두 감내하고 있는것이 현실임,\n중소기업인들은 모든 재산을 기업에 모두 투자하고,임금을 못주면 형사책임을 지고, 기업 대출을 받을땐 항상 연대보증을\n해야 하고, 기업이 망하면 길거리에 가족 모두가 나앉아야 하고,,,\n그러면, 기업을 하지 말아야 하나요?\n삼성, 현대, 마이크로소프트사 모두 처음 시작은 볼품없이 시작하여 수많은 실패를 겪고, 지금과같은 기업이 된것입니다,,\n그 창업자,오너들이 없었다면 지금이 있을 수 없지요?\n기업인들을 우대하여야, 특히 중소기업인들의 흥을 돋궈야 일자리가 창출되는 법입니다,,\n2. 왜 이정부는 중소기업 육성을 위한 정책은 없나요?\n-역대정권은 형식적이라도 정부가 출범하면, 중소기업을 위한 자금지원확대, 보증기금확대 등을 하는데,왜 이정부는\n중소기업을 위한 이러한 제일 중요한 정책은 없나요?그러면서 어찌 일자리가 창출되길 바라나요?\n- 지난세월 벤처기업육성을 통하여  실패도 있었지만, 얼마나 많은 일자리가 창출 되였는지 모르나요?\n현재의 삼성,현대,LG등도 처음엔 모두 중소의 벤처기업이였던 것입니다,,,\n기업 육성이 바로, 항구적이며, 완전한,가장 현명한 일자리 창출 방법입니다\n- 특히 파급효과가 큰 신성장동력산업,신재새에너지산업, 4차산업혁명산업 분야의 중소기업에 파격적인\n지원을 하여 주기 바랍니다,,\n국가재정 탓하지 말고, 제도개선하나로도 그 효과를 거둘 수 있습니다\n->이 분야의  중소기업에 투자하는 경우 일정금액범위 투자금의 경우는 양도세,상속세를 없애준다면 그 자금이\n이러한 분야에 몰릴것 인데,,아무리 정책제안을 해도 받아 들이지 않고,,예산탓만하고,,\n3. 왜 이정부는 신성장동력 육성을 위한 정책은 없나요?\n- 중소기업에 가장큰 문제가 무엇이라고 보나요?  바로 자금입니다! 적기에 필요한 자금을 투입하면,\n미국의 구글, 아마존 같은 폭발적 성장을 이룰 수 잇는 분야가 바로 4차산업혁명분야인데\n일자리 창출 한다고,임금보전,임금지원을 파행적으로 한다고 효과가 있다고 보나요? 이 자금을\n이들분야에 사업자금으로 지원하는것이 처음 속도는 늦을지 몰라도,그 파급효과는 지대한데,,\n4. 창업지원과  기 중소기업의 육성 지원중  어떤것이 더 효과적일까요?\n- 통계를 보기 바랍니다, 지난 20년간 창업기업중 5년이상 ,10년이상 생존율이 얼마나 되는지?\n창업하고,불과 1년이내 살아지는 기업이 얼마인지?\n- 기존에 5년이상을 버텨온 기업이라면,이들기업에  힘을 실어주면, 그수십배의 효과가 있는 법입니다\n- 창업기업에 중진공에서 많이 받아야 1억인데,,산업분야에 따라서, 이 자금으로 병아리 오줌같은 금액으로\n지원 했다는  숫자에만 매달려,,,,어이없는 짓을 수없이 반복하고 있으니,"
381935,2018-09-15,2018-10-15,0,2,성장동력,은행에 비밀 금고 허용하면 어떨까요,우리 나라에는 5만원권이 최고입니다 그런데 그돈이 지하로 다숨어 버리고 경제와 정치가 흔들립니다 가진 사람들이 정치에 불만이 오면 숨겨버리고 투기못하게 하면 숨겨버리고하여 돈이 돌지 않으므로 경제가 막힙니다\n우리 나라는 비밀금고를 각 은행에 개설하여 얼마던지 비밀금고에 넣으면 국가가 탓하지 않토록하고 만일 금고지기가 비밀을 누설하면 엄벌에 처해 무기 징역으로  징벌하여 절대로 비밀이 누설되지 않토록 하고\n현금은 수시로 필요에 따라 인출토록 한다\n만일 현금을 국가가 정한 적정금을 1000만원-1억 이상을 보유한다거나 숨겨두워 적발되면 몰수밎 엄한 형량으로 엄벌하고 사회에서 매장토록한다 비밀금고 에서 인출한 돈은 적정기간 보유할수 있으나 장기간 보유는 않토록 한다\n정치인이라도 뇌물받아 숨겨놓고 쓰지 못하도록 하고 비밀금고에 입고하면 얼마던지 밝히지많는다\n대신 이자는 주지않고 금고에서 이익금은 사회 환원하여 출산 자금 으로 활용하여 어린이 한명이라도 더 낳토록 한다\n하여 화폐가 돌고 돌아 기부문화 형성하고 화페의 귀중함을 살려야 잘했다 훗날 칭찬받을줄로 믿습니다
197217,2018-04-12,2018-05-12,0,33,반려동물,동물도 존중받으며 함께 사는 사회를 만들어 주세요(동물보호법 개정 등),"사람이 중요하냐, 동물이 중요하냐라는 말 주변에서 많이 듣습니다.\n물론 저도 사람 위에 동물이 있다고 생각하지 않습니다.\n법개정과 제도개선을 통해 사랍답게 살 수 있는 권리를 외치는 지금,\n동물도 동물답게 살 권리를 이야기해 보고 싶습니다.\n오늘도 뉴스기사로 고양이를 학대하고 자랑스럽게 유투브에 올린 사람에 대한 이야기가\n올라왔습니다.\n고양이는 겁에 질려 온 몸에 경련을 일으키는데도,\n아무렇지 않게 학대를 하고 있는 모습을 보며,\n사람이 사람답게 살 권리를 중요하게 생각하는 만큼,\n이제는 동물도 동물답게 살 권리를 이야기 해 볼 때가 되지 않았나 생각합니다.\n동물을 학대해도 소유권을 가진 주인이기 때문에 솜방망이 처벌을 받고 있습니다.\n아무렇지 않게 개농장을 운영하며 동물답게 살 권리 조차 무시당한채,\n사는 기간동안 단 한번도 우리 밖을 나가지 못하고 살아가다 죽는 동물들.\n넓은 자연에서 살아가야 하는 동물들이 좁은 동물원에 갇혀\n평생 사람들의 호기심 어린 시선의 대상으로 살아가다 죽는 동물들.\n사람이 사람답게, 좀 더 나은 사회를 만드는 지금\n한번쯤은 동물도 동물답게 살 권리가 있다는 사실을 인지하고\n함께 살아갈 수 있는 사회가 될 수 있게 법적인 제도를 강화해 주세요."
251747,2018-05-30,2018-06-29,0,2,보건복지,눈이 안좋아지는것 같아요,위에 사진을 보니까
407470,2018-10-15,2018-11-14,0,13,경제민주화,자한당 보수단체들 없애 주시길 촉구합니다.,"우리나라 정치 경제를 파탄내고 반성도 안하고 반성은 커녕 탄핵 주장하는 쓰레기들에게 협치? 웃기는 개소리입니다.저런 사람들이 국민들을 개돼지로 부려 먹고 헬조선 만든 주범들 아닌가요? 적폐청산 타켓은 자한당 보수단체 척결입니다.이들 집단들 불법화 추진 시키고 국회에서 퇴출 시켜 주시길 촉구합니다.,유투브,일베사이트 집회 주동자들 다잡아서 구속 시켜 주시고 사회에서 영구히 격리 시켜 주시길 촉구합니다.이런 문재인대통령님 탄핵 개소리 하는 놈들 다잡아서 북으로 북송 시켜 주시길 촉구합니다."
461388,2018-12-05,2019-01-04,0,3,성장동력,■부정부패당 친일한국당에 세뇌된 일베들아 경남기업 성완종씨를 기역하라.,친일보수당에 세뇌당한 일베들이 제 아무리 친일한국당에 충성해도 결국 경남기업 성완종이같이 일베들도 이용만 당하고 죽을것이다.\nhttps://news.v.daum.net/v/20150409172622246\nhttp://hwangmogun.tistory.com/m/53\n부정부패당 친일보수당에 충성하고\n제산 다 받치고도 친일보수당에게 배신당한 경남기업 성완종씨\n이용 당하고 타살 했는지 자살 했는지도 알수조차 없는 성완종씨.\n이 같이 부정부패 한국당에 지지하고 충성해도 골수까지 빨아먹혀 죽어야만 했다.\n이 무지막지한 무서운 친일보수 한국당이 집권하면 일베들 중에도 국민 중에도 또 누가 억울한 죽움을 당할지 알수 없을 것입니다.\n성완종씨 죽음도 타살인지 자살인지 재수사 해야합니다.
58883,2017-12-05,2018-01-04,0,6,성장동력,군인연금- 개혁시급,"1---""군인연금""= 전역즉시 수급연령무시 45살된 전역자도 최소300~700만원이상 죽을때까지 국민혈세로 연금수령 - 군인연금제원은 이미 1973년도에 완전히 바닥났는데도 밑빠진독에 물붙기식으로 국민혈세로 본인이 낸돈보다 10배이상을 국민혈세로  보전해주고 있습니다 !\n""국민연금은"" 부부가 납부하다 배우자가 사망시 둘중1개를 선택해서 받아야해서 부부중 한사람이 납부한 돈은 고스란히 정부로 귀속되어 이 돈들이 바로 (공무원,군인연금,교원사학연금)등 수급자들에게로 지원해주는 꼴이됨!  이보다 더한것은 이들 본인이 사망시 배우자들에게 100%연금이 승계가 된다는 것입니다 !\n여기서 더해 이들은 퇴임후에도 젊은이들에 취업자리를 빼았아 연금외에도 몇백의 급여생활로 (고액연금+급여를합산 최소500~1000만원)이상에 월수령으로 황제노후를 보내는이들이 주변에 허다합니다\n국민들이 모르는(공무원연금,사학연금)보다도 더 나라를 좀먹고 저출산 고령화의 미래세대에 엄청난 부담을 떠넘기는 나라의 암적인존재 ""군인연금"" 하루빨리 강력하고도 철저한 개혁과 통합이 시급합니다\n2---""공무원연금,사학연금,소방,경찰연금""= 최소250~500만원이상 연금수령, 1일당 100억원이상이\n(5년전 통계) 국민혈세로 나감!\n국민여러분!  그리고 현정부 책임자분들!\n이 돈들이 바로 일반직장인이 20년을 직장생활로 버틴다고 가정하에 퇴직후에도 ""국민연금수급연령인 65세""가 되어야 고작 30~60만원때 겨우받는 국민연금가입자들에 ""피같은 혈세""들입니다\n""그리스""가 연금으로 나라가 부도가 났습니다!\n젊은이들은 주변국으로 먹고살기위해 빠져나가는 상황까지 우리는 보았습니다\n다른 나라들과 가까운 ""일본""도 모든 연금을 통합하였습니다 우리보다 더 잘사는 일본도 우리 돈으로(공무원연금=190만원정도 , 국민연금=170만원정도)입니다  그런데 우리에 현실은 일본보다도 많은 최소250~700만원이상에 그누구도 이해가 어려운 터무니없는 일부 기득권들(군인연금,공무원연금,교원사학연금,소방,경찰연금)등 이들에 ""황제연금, 황제노후""를\n위해 대다수의 서민,국민들이 피땀흘려 세금으로 지원/보전해 주고있습니다\n자신들이 낸돈만큼 받아가면 어느 누구도 반박할수 없으나 지금에 구조는 이들은 10만원내고 100만원 받아가는 적자가 뻔한구조입니다\n하루빨리 모든연금 통합하고 ""기존고액연금수급자""들에 연금 또한 지급조정이 나라가 살길입니다!\n국민여러분! 연금개혁은 미래세대 뿐만아니라 현세대에게도 엄청난 나라부담입니다\n많은 동참부탁드립니다. -----------------------나라를 걱정하는 대한민국의 한 가장이..."
65282,2017-12-13,2018-01-12,0,51,성장동력,자영업자들 카드수수료 낮춰주세요..,우선 2018년도 최저시급인상과 계속되는 월세인상등 나갈곳도많고 창업에 들은 비용도 많은 생계형들 자영업자들이 많은데 카드수수료가 너무 많다고 생각해요\n금액의 3~4%가까이 되는데 9만원을 결제하면 입금되는건87800원정도입니다..대부분 카드결제인데\n월세에 인건비에 물건값에 전기나 관리비등하면 힘들어지는것같아요..그렇다고 물건값을 올려받을수는 없으니\n아예없애지는 못하는거 알아도 2%대로 줄일수는 없을까요?
474374,2018-12-20,2019-01-19,0,84,경제민주화,경남제약이 무너지면 이땅의 정의도 무너집니다,상장폐지 심사후 저희소액주주는 피를 토하는 심정으로 호소합니다!!!!\n거래소에서는 경남제약의 투자자 보호를 위해 과연 무엇을 했는지 묻고싶습니다.\n미래투자자보호라는 미명아래 5000명이넘는\n현재투자자는 외면 받고있는 이 상황이 납득이 되지않습니다 .\n약 10개월의 자구안등도 모자란다면 지금보다 각고의 시간을 들여서라도 다시 좋은회사로 만들겠습니다.\n회사.주주.직원 모두한마음으로 거래재개를 위해 노력했습니다. 거래소의 의중을 파악하기 힘들긴에 무엇이 모자른 부분인지 또한 무엇이 잣대에 맞지 않았는지 모르겠습니다 .\n저희가 경남제약 주식을 산게 그렇게 잘못입니까? 삼성바이오주식을 샀어야 하는겁니까?\n과연 거래소는 10년전 회계부정으로 정지를 시킨후 납득할만한 사유로 상폐를 시킨건지 묻고 싶습니다.\n회계부정이 10년전꺼라면 그 사유로 정지시켜 상폐까지 왔던 지난 10년간 대체 거래소와 금감원 은 도대체 무엇을 했는지  자구안 노력조차 인정하지 않은 이 상황에 분개할수 밖에 없습니다.\n부디 삼성바이오와 같은 조건의 경남제약으로 인해 대한민국 주식시장의 공정성이 무너지지 않게끔\n개선기간의 기회라도 주시기를 부탁드립니다
109865,2018-01-23,2018-02-22,0,0,행정,장애인 주차 구역 정비,"장애인 주차구역 선정 및 시행을 좀 상식적인 선에서 했으면 하는 바램입니다.\n약자를 보호하는 장애인 주차구역 좋습니다.\n하지만 비상식적이고 비효율적인 것 2가지 개선을 부탁드립니다.\n1. 입구를 전부 장애인주차구역으로 설치해버린 곳이 의외로 많습니다. 그리고는 주정차 1초도 안된다고 하면 짐 등은 어떻게 내립니까.\n비장애인이 짐을 내리거나 약자가 동승한 경우를 생각해서 비장애인 구역을 하나라도 입구 앞에 두어야 하는 것이 상식 아닌가요? 역차별입니다.\n2. 장애인 주차 구역 수도 상식적인 선에서 지정했으면 합니다.\n얼마나 많은 장애인이 차를 끌고 다닌다고 장애인 주차구역을 그리 많이 설치했는지 모르겠습니다.\n차를 운전할 정도의 장애인이면 걷는데 지장없는 사람들입니다.\n정말 입구에 설치할 정도의 장애인들은 차를 안몰고 다닙니다. 아니 못 몰고 다닙니다.\n정작 차를 운전하는 장애인은 심각한 장애인이 아니거나 가짜(?) 장애인인 경우가 더 많습니다.\n다들 공감하겠지만,  남아도는게 장애인주차구역입니다.\n이로 인해 비장애인이 오히려 역차별을 당하고 있으며,\n비장애인이들이 주차공간을 찾아 다녀서 생기는 유류, 시간 비용,\n너무 과하게 지정한 장애인 주차 구역 공사 및 유지 비용을 따지면\n국가전체 경제적 손실 어마어마할 것입니다.\n장애인 주차 구역을 없애자는게 아닙니다.\n문대통님께서 강조하시는 좀 상식적인 선에서 지정을 하고 시행을 했으면 하는 바램입니다."
228282,2018-05-09,2018-06-08,0,4,행정,이제  월남전투수당을 참전용사들에게 돌려주세요.,지금이라도 월남전투수당을 참전용사들에게 돌려주세요.\n50여년이 지났지만\n아직도 월남참전용사들은 전투수당을 받지 못했습니다.\n지금이라도 돌려줘야 합니다.\n현재기준으로 약 9억원이라고 합니다.
115417,2018-01-26,2018-02-25,0,3,농산어촌,농촌태양광에 걸림돌을 걷어주십시요,"현정부와 대통령님의 그린에너지 정책인 농촌태양광에 적극지지합니다.\n그런데 농촌의 현실에서는 지자체마다 다르긴하지만 강력한 규제들로 현지주민들이  다가가기엔 너무나 요원합니다.\n지자체마다 정해놓은 이격거리는 민가로부터 보통 100m 이상이어서  높은 산꼭대기에만 적용될법한 이격거리가 현실에 맞지않습니다 .\n하나의 정책에 들이대는 잣대 또한 제멋대로이고 규제가 덜한 지자체도 있기는하지만 대부분은  강력한 규제를 벽을 넘지 못하는 실정입니다.\n절대농지는 언제까지 농민들의 멍에여야만 합니까?\n쌀값을 보장하지못하는 상황이라면 절대농지를 풀어주어야만하는것이 아닌가요?\n이러지도 저러지도 못하는 농민들의 심정을 누가 아십니까?\n이것이 농촌의 현실입니다.\n이런상황이 바뀌지 않는다면 거대한 물결이 될 농촌태양광이 공염불에 지나지않을까 합니다.\n농촌의 현실에 맞도록  이격거리제한 완화,  또는 폐지와 절대농지로 묶인 농지를 현지주민들이 활용할 수 있도록  풀어주시기를 바랍니다.\n농촌태양광을 생각하는 농어촌의 주민들에게 희망을 주십시요!"
277782,2018-06-20,2018-07-20,0,11,기타,개인회생후 사건에 포함된 채권 금융사 연체기록 삭제 요청.,현재 나이스지키미 연체기록에 보면 5년전 개인회생 채권목록에 있는 장기연체가 남아있습니다.\n국가의 도움으로 개인회생이 결정되어\n5년간의 성실상환 끝에 법원으로 부터 2018.05.00 개인회생 면책결정을 받았습니다.\n현재 5년간의 개인회생이 끝났지만 개인회생 채권목록에 포함되어있는 금융사로부터\n장기연체기록이 삭제되지않아 새로운 출발이 힘들어진 상태입니다.\n드디어 이제야 끝났구나 하며 자신감을 얻은 저에게\n5년이란 기나긴 터널을 이제서야 빠져나오는 듯 하였으나 저는 다시 갇히고 말았습니다.\n제가 새로운 출발을 할수 있게 개인회생 당시에 있었던 연체기록은 삭제될수 있도록 부탁드립니다.
426713,2018-10-31,2018-11-30,0,34,정치개혁,문재인  당신은 냉면이 목구멍으로 넘어갑니까?,국민은 피를 토하며 굶어죽어가고 있고 한국 경제도\n그나마 대기업들이 지탱해주고있는데\n문재인 당신은 그 바쁜 대기업 총수들을 9월에 억지로\n북한에 끌고가서 듣게한 말이 냉면이 목구멍으로 넘어가냐 이말인데 그럼 문재인 당신은 한국 경제가\n이지경인데 월급은 꼬박꼬박 받고 북한에서 냉면이 목구멍으로 넘어갔다는 거지요?  삼시 세끼가 목구멍으로 넘어가지요? 문재인 당신 목구멍으로 넘어가지요? 문재인 정부가 잘해서 지금 한국경제가 버티는게 아니라 대기업들이 버텨주기에 한국이 그나마 버티는거니깐 무능한 당신은 북한에 가서 냉면이나 목구멍으로 넘기시오.
435835,2018-11-08,2018-12-08,0,5,보건복지,노후복지빙자 국민가처분소득갉아먹요율인상반대 한다 !!  개선해야,"국민연금 시작할땐 국민과 약속 지급시기가\n55세나. 60세 아니었나요??\n""국민의사와 ""상관없이 일시반환급 폐지하고\n지급시기 늘리고  국민동의 없이 임의로 운영하다 손해보고\n연금이 고갈되가니. 요율올려야한다는둥\n지급시기 더 늦춰야한다는둥 이런 뉴스 자주봐야하나요 ???\n대체 국민연금이 정부 쌈짖돈입니까??\n국민들 돈으로 이러면 안되지않나요??\n그리고 고갈이 어텋타고?? 요율 올려야한다고 ???\n이젠 연금유지위한 연금걷기가 되가는듯합니다\n최근 포털사이트나 청와대 청원에서\n많이보는글이. 신용불량.고리대부,생계막막해 사방이 막혀\n그동안 부어놓은 국민연금이라도 일시반환받아\n고리빚값고 당장 위기 탈출해달란 절규에\n가까운 글들을  많이 봅니다\n근데 법이 악법으로 개정되 일시반환은 10년 가입미만시\n60세달히는 경우,해외이주시,사망시나 지급하게되있죠\n정부는 이런 논리로 이런 급박한 국민들의 요구를\n거부합니다, 정말 행정편의적이죠\n생활고로 고독사 , 월세가밀려 자살, 빚땜에 새마을금고\n터는 강도 뉴스는 이젠 달걸러 보는 뉴스가 되었습니다\n사각지대 정말 어려운 국민들한텐 복지 시스템이\n작동안하고 신용불량등 사방이 막힌 사람들은 돈구할때가\n없는것이죠.  이런 사람들한테 원하는 분들에한해\n생계가 위급함이 판단될경우 그동안 쌓아놓고 돈놀이\n고민하는 635조의 일부라도 풀어 투입 반환할것을\n제안합니다  , 월이자 수십만원씩 고리이자 빚을값아야,최저임금인상도 효과가 있는것이죠\n저소득층이 빚까지 있는데 최저임금 1만원되봐야\n언발에 오줌누기입니다 빚부터 청산하게 해줘야합니다\n외 세금을 투입합니까?? 그들돈을 돌려주세요\n노후 국민연금요?? 현재가 죽는데 미래노후를 애기하는데\n현실적인가요 ?? 일단 한시적으로라도 돌려주어\n급한불 끄게해야합니다 물론 직장에들어가 일하면\n다시 붙게되겠죠 , 첨부터 다시 시작하더라도\n지금 그돈이라도 주면 살겠단 국민들한텐 돌려줘야\n합니다 그게 생계형자살 범죄를 줄이는 길이기도하죠\n국민연금 공단을 기무사 수준으로 구조조정\n하고. 어렵고 당장 힘든 국민들\n원하는 분들에게 일시반환해줘 빚값을수있게하고\n국민연금 건강보험 강제로 부과해\n못내는  자영업자들 통장압류등으로\n더 힘들게하지 말나약합니다 못내면 못내는\n이유를 파악 유예내지는 탕감해줘야합니다\n복지제도가 국민들 빚더미에 앉히고\n힘들게 하면 분명 본말이 전도된 잘못된것입니다\n행정편의 논리와 국가 이기논리에서 벗어나\n정말 고통받는 국민입장에서 생각해야합니다\n고정관념에서 탈피 발상의 전환을 통한 복지\n사각지대 과감한 수혈이 필요합니다\n635조 국민연금을 움켜쥐고 주시투기로 10조원 날렸던\n뉴스봤는데  주식도박할돈은 있고 어려운 국민\n살릴돈은 없다. 국가가 국민 돈으로 이러면 안되겠죠???\n국민으로 부터 강제로 걷은돈\n과감히 일부만이라도 풀어야합니다\n그게 지금 하나님이 위장자들에게\n보내는 명령입니다\n진지한 논의와 개혁검토바랍니다"
218284,2018-05-01,2018-05-31,0,2,육아/교육,자녀장려금,안녕하세요\n자녀장려금 신청자격에 대하여 청원드립니다\n연소득 4000만원 미만으로 측정되어있는 신청자격을\n연소득을  상한조정해주셧으면 합니다\n고생하세요 감사합니다
357903,2018-08-28,2018-09-27,0,11,미래,"보건, 영양, 상담","영양, 보건, 상담을 학교에서 많이 뽑는게 말이 됩니까? 학교의 메인은 교사입니다 선생님이요 과목을 담당하여 학생들을 교육하는 교사가 메인입니다 영양사가 메인이 되려면 식당을 가고 보건교사가 메인이되려면 병원에서 간호사를 하고 상담사가 메인이 되려면 심리상담소에서 일을 해야지 학교의 메인인 교사를 밀어내는게 말이 됩니까 국민들의 세금을 이런식으로 쓰지마세요 참고로 저 간호사입니다 교사 아니구요 부끄럽네요 보건교사를 늘려달라는게ㅎ"
228153,2018-05-09,2018-06-08,0,16435,행정,김포시 공무원의 대대적 감사를 요구합니다.,"김포시 공무원의 대대적 감사를 요구합니다.\n안녕하세요\n김포에 사는 시민으로써 아래와 같은 상황에 대해서 전혀 해결책이 없는 무능하고 청렴도 꼴찌인 김포시 공무원의 대대적\n감사 및 교통 대책을 요구합니다.\n1. 2018년 11월 개통 예정이였던 김포지하철이 정확한 발표와 이유 없이 작게는 6개월 ~ 길게는 1년간 개통이 연기 된다고 합니다. 4월에 94% 였던 공정률을 발표 했는데 갑자기 개통이 연기가 되는 이유가 무엇인지 철저한 조사를 요구합니다.\n2. 현재 김포시 인구는 40만명을 넘어 50만명을 바라고 있는 상황입니다. 그럼에도 불구 하고 서울로 통하는 자동차 전용도로 는 올림픽대로 하나 뿐이며 매일 김포시민들은 출퇴근 지옥입니다. 인구 100만이 안되는 고양시는 경의선, 지하철 3호선,  GTX A 노선등 다양한 교통 인프라가 있지만 지역 균형 발전 상 김포는 교통 인프라가 너무 낙후 되어 있는 상황입니다. 그럼에도 불구하고 김포는 광역 버스 및 버스 노선이 김포시와 어떤 관계가 있는지 버스 배차 및 버스 대수도 줄어드는 상황입니다. 이에 대한 감사도 요구합니다.\n3. 한강을 건너는 대교 중 유일하게 요금을 징수하는 일산대교에 관한 문제입니다. 김포 출입구에 톨게이트를 설치하여 톨게이트 때문에 거의 일산대교는 매일 주차장입니다. 민자자금으로 건설한 대교지만 국민연금과 협의하여 일산대교 무료화 및  톨게이트 철거를 요청 합니다. 일산대교 무료화 및 톨게이트 철거를 통하여 올림픽 대로/자유로 등 자유롭게 이용할 수 있도록하는 교통 분산 대책을 요구합니다.\n4. 김포의 한강시네폴리스 사업과 관련하여 김포 지역유지들과 김포시의 관계의 대해서 철저한 감사를 요구합니다.\n한강시네폴리스 사업은 10년 넘게 지지부진한 사업으로 어떤 유착 관계가 있는지에 대해서 감사를 요청합니다.\n5. 마지막으로 김포시민의 의견 수렴 없이 독불장군 형식으로 일을 처리하는 김포 전체 공무원의 대대적 감사를 요구합니다. 시민 위에 군림하는 시청 및 시 공무원은 김포시민들은 더 이상 인정 하지 않을 겁니다.\n청렴도 꼴지!! 김포시의 대대적 감사와 교통대책에 관한 해결책을 요구합니다!!"
87071,2018-01-11,2018-02-10,0,1,저출산/고령화대책,부모님 생활비 보조 금액_ 연말정산 공제 건의화,"한국은 고령화사회로 급속히 진행되고 있습니다.\n고령화의 문제를 조금이나마 개선하는 방안을 제안코저합니다.\n일명 "" 효도세법""\n1)연말정산시에 인적공제는 진행되고 있음\n- 인적공제의 경우도 주소지만 올려놓고 실제 부모님과는 실제 부양하지 않는 맹점은 개선되어야 합니다.\n2)주소지가 다르지만 부모님의 생활비를 일정부분 지원하고 있는 국민들이 많습니다.\n-이런부분을 연말공제에서 조금이나마 공제될수 있는 제도를 마련하는것이 어떨까 합니다.\n-월에 월급여에서 일정부분 생활비 보조하는 국민이 많습니다.\n부모님에게 일정부분 생활비를 보조해주고, 그 금액을 연말정산시에 일정부분 공제가 될수 있다면  좋을듯합니다.\n실제 생활비가 입금되는 부분을 시군구를 통해서 공인계좌로 입금하고 시군구청의 관계자가 다시 입금해주면 금액도 투명화되고 연말정산에도 투명도가  높아지겠지요.\n자식 -> 생활비입금( 시군구의 공인계좌) -> 시군구담당자 확인후 관련 부모님통장으로 이체 진행."
101268,2018-01-18,2018-02-17,0,1,인권/성평등,추미애대표의 인간차별 청원,노무현 대통령님\n박근혜 대통령\n은 탄핵하고\n왜  문재인대통령은 탄해안하고 악플이나\n신고하는 찌질이로만듭니까?\n문재인대통령은 메달권도아니고\n대통령감아니라고  무시하는건가요?
180902,2018-03-30,2018-04-29,0,7,안전/환경,중국발미세먼지 문제 해결부탁드려요!! 문재인대통령님 조국민정수석님 언론 국회의원분들!!,"저는 이게 정말 중요한 문제라고 생각합니다\n1순위로 해결해야하는 최우선 과제입니다\n국내요인 , 중국요인 가라지말고 할수있는건 전부 다 해주세요\n국민의 건강을 지켜주세요\n건강이 되지않는다면 아무것도 할수없습니다\n또한 건강뿐만아니라 정말 미세먼지문제는 여러측면으로 악영향을 끼칠수있습니다\n한시빨리 해결방안을 마련하고 할수있는건 다 해야합니다\n국내요인 해결로만은 불충분하며 국내요인 중국요인 가리지말고 전부다 할수있는건 다 해야합니다\n부탁드립니다 어렵더라도 국민들을 위해서 힘써주세요 !!"
433961,2018-11-06,2018-12-06,0,7,미래,대구일베 경북박사모 국가보안법위반,정부를 참칭하고 국가를 전복하려는 세력은 반국가단체다.\n국가보안법을 적용하여 극형으로 처단하라. 겁대가리 없이 댓글다고 거짓정보 퍼뜨리는 가짜뉴스 유표자들을 색출하며 국가보안법으로 다스리고  그들에게 패가망신이 무엇인지 깨닫게 해야한다~~\n반국가단체라 함은 정부를 참칭하거나 국가를 변란할 것을 목적으로 하는 국내외의 결사 또는 집단으로서 지휘통솔체제를 갖춘 단체를 말한다.. ~~~~\n국가보안법 활용하여 매국노를 때려 잡아야한다.
457577,2018-12-01,2018-12-31,0,3,기타,저의 억울한 이야기 좀 들어주세요.,"2012년 6월 27일에 발생한 사고입니다.\n저는 저희동네 분식집앞에서 지나가는 택배차에 교통사고를 당했습니다\n이 사고로 인해 저는 갈비뼈3대 골절,코골절,왼쪽팔골절 그 외 타박상으로 119에 실려갔습니다.\n이 사고로 4차례의 수술을 받았으며, 지금도 통증이있어 계속 치료를 받고있습니다.\n그런데 보험회사 측은 이 사고는 자기과실로 인해 벌어진 사고라며 보상을 해줄수 없다고 하여,\n보상문제로 아직도 다투고있는 상황입니다.\n힘든생활로 어렵게 변호사를 선임하였지만 2017년 6월 23일 판결에서는 혼자 넘어져 일어난 사고로 판결이 나여\n그동안 치료해온 병원치료비 약 68,000,000원을 지급하라는 판결을 받았습니다.\n저는 아직도 사고 후유증으로 병원 진료를 받으며, 생활하는데 어려움을 격고있습니다.\n국민 여러분들에게 저의 억울한 판결에 대해서 어떻게 해야되는지 길을 좀 알려주세요.\n꼭 좀 부탁드립니다."
172294,2018-03-22,2018-04-21,0,42,반려동물,동물보호법 개정안 이상한 법안 아닙니까??,"저는 반려견과 반려묘를 키우고 있는 대한민국 국민입니다\n개정된 동물보호법을 보고 정말 동물을 위한법인지 의문이 들었습니다\n세금만 내면 윤리의식 없는 업자들도 합법적으로 영업을 할수있는 법안이라는 생각이 들었구요\ntv나 sns를 통해 불법 번식장의 더러운환경과 윤리의식없는 무제한 번식... 정말 끔찍하더라구요\n개정된 법안에 번식제한규정도 있는걸로 알고있지만...\n같은 품종 같은모색의 번식견, 번식묘들이 1년에 몇번 임신을 하고 몇번 출산을 하는지 누가 확인하나요?\n번식견,번식묘 등록제를 만들어서 태어나는 아가들이 어떤 아이에게 태어난건지, 태어나는 아이들도 등록을 해서 젖도 안뗀 아이들이 경매장으로 팔려나가는건 아닌지? 확실하게 알수있도록하고 번식을 할수있는 나이제한도 둬야된다고 생각듭니다\n법안이 동물 보호법인데 죽을때까지 임신과 출산을 반복하는게 동물보호인가요? 정확하게 규제를 할수있게 법안을 만들고 단속도 강화하고 허가가 완료된 생산시설이어도 주기적인 단속이 필요하다고 생각합니다\n그리고 판매업의 경우 지금과 달라지는게 뭔가요??\n경매장에서 강아지와 고양이 사와서 파는거 달라지는점이 뭔가요?? 젖도 안뗀 강아지고양이 데려와서 티컵강아지라고 팔면서...\n판매업장의 경우 주기적인 위생,시설 단속과 아픈아이들이 방치되고 있지 않은지  단속강화를 해야한다고 생각하구요\n분양뒤 전염병으로 폐사를 하거나 아픈아이를 분양보내고 책임회피하는 업장은 벌금과 영업정지 기간을 확실하게 정해야 한다고 생각합니다"
425006,2018-10-30,2018-11-29,0,4,성장동력,문재인 대통령님 1:1 면담 한번 하고싶습니다.,서울사는 29살 평범한 직장인입니다.\n1:1 면담 신청합니다.\n메일로 답변주시면 됩니다.\n감사합니다.
381235,2018-09-15,2018-10-15,0,2,기타,세월호 전원구조 국회공론화 하지 않는 이유가 뭐죠?,대한민국 경제를 어렵게 만든\n세월호 사고 아닌  사건\n전원구조 유포자  기본양심을\n가지라고요.\n국민  기만행위 아닙니까?\n하늘이 두렵지 않나요?
147943,2018-02-23,2018-03-25,0,3,문화/예술/체육/언론,'김연아 선수가 그동안 보여줬던 헌신' 이 더욱 빛나기 위해서라도 '강도높은 빙상연맹 적폐청산' 이 필요합니다.,"밴쿠버 올림픽 금메달......소치 올림픽 은메달......그리고 평창 올림픽 유치 및 홍보대사 맡는 등 피겨스케이팅을 포함한 빙상계에 헌신했고 헌신한 김연아 선수에게 정말 감사의 말씀 올립니다. 당신 때문에 그 즐거움을 누릴 수 있었습니다.\n빙상연맹이 뒤에서 밀어주기는 커녕 오히려 방해만 되고, 사실상 핸디캡이나 디스 어드벤티지 받았을텐데도 김연아 선수가 그걸 이겨내고 극복하는 모습이 감동적이었어요.\n그 헌신 덕분에 이번 평창올림픽에서도 '여자 피겨스케이팅' 선수 중 1명이 메달권엔 못 들었어도 가능성을 조금씩 보여줬다 들었습니다. 단순히 '제2의 김연아' '제3의 김연아' 가 하늘에서 뚝 떨어지길 바랄게 아니라 더 체계적이고 투명하면서 희망을 안겨줄 수 있는 '빙상연맹' 이 되는게 필요하다 봅니다.\n훗날 '생활체육' 시대로 가더라도 '빙상연맹' 포함한 '스포츠 단체' 들의 적폐청산이 꼭 필요하다 봅니다.\n'김연아의 헌신' 이 오래오래 큰 의미를 가질 수 있도록 '강도높은 빙상연맹 적폐청산' 이 이루어지길 기원해봅니다."
486806,2019-01-04,2019-02-03,0,9,기타,신재민전사무관은 비겁한사람입니다.(공익제보자인지 의심이됩니다.),신재민전사무관이 정말로 공익제보자인지 의심이되는 행동들..\n기재부에 있는때  kt&G 사장교체 문건을 모방소에 제보했다고합니다.->기재부에서 제보를 찾는다고합니다.->그런 상황에 신재민전사무관을 동료들한테 스타강사가된다고 사표를 냅니다.->기재부에서 그만두고 퇴직금으로 술먹고 지내면서 학원과 계약을 합니다. -> 김태우사건이 터진 후에 본인 공익제보자라고 유트브로 올립니다.->유트브에 올릴때 학원을 홍보하고 장난스럽게 먹고 사려고 영상을 찍는다는 말을 합니다-> 본인에 말을 들어주지 않는다고 소중한 목숨으로 위협합니다.\n우리는 이런행동을 공익제보자라고 말할 수있는지 생각해봐야합니다. 오직 본인만 생각합니다.
111079,2018-01-24,2018-02-23,0,4,외교/통일/국방,한반도기에 독도 넣어라,북한님 기분 상하실까 예술단장한테 굽신거리고\n정치적 목표위해 아이스하키팀 에게 큰 상처를 주고..\n심지어 일본님 기분 나쁘실까봐 한반도기에서 독드를 뺍니까? 왜 .. 불통으로 치닫고 계시는지 정말 모르겠습니다\n북한이 쓸데없이 우리 올림픽에 끼는것도 짜증난데\n여기저기 눈치 보느라  머리 조아리는거 정말 보기 싫습니다.\n국민과의 소통을 중요시 한다고 하셨는데\n이게 소통인가요?  애초에 불통 이었던 지난 또 지지난 정권은 기대가  없었어서 그냥 그랫는데\n그래서 촛불을들고 정권을 바꿧는데 기대했던 상황에서 불통의 배신을 당하니\n정말 실망스럽고 분합니다..\n역시 민주당은 늘 그래왔듯이\n정권을 잡고 국민이 응원해봐야  상식에 맞지않는\n이상 행동으로 다시 정권을 뺏기려고 발악 하는거 같습니다
42861,2017-11-13,2017-12-13,0,2,정치개혁,이명박 출국금지,전 이명박 대통령 출국금지 청원합니다
129654,2018-02-06,2018-03-08,0,42,반려동물,동물보호법 제대로 만들어주시기 바랍니다.,"존경하는 대통령님.\n대통령님이 약속하셨던 공략중에 반려동물에 대한 법안 개정은 언제 이루어질까요?\n갈수록 반려인들은 늘어가는 상황에 한쪽에서는 그만큼 고통받는 사람들이 많아지고 있습니다.\n반려견이나 유기동물들이나 무슨죄가있을까요?\n사람들의 욕심때문에 강아지공장, 펫샵, 펫카페에서 무분별하게 많은 아이들이 태어나고 관리도 안되어 죽기도 하며,\n물갈이라는 이유로 버리거나 죽임에 이르게되는 경우도 있다는거 아실까요?\n사람들의 호기심때문에 분양되었다가 사랑은 제대로 받아보지 못하고 배변 못가린다 짖는다는 이유로 학대받으며\n고통받는 아이들이나 버려지고있는 아이들을 아실까요?\n사람들의 눈빛과 몸짓에 유일하게 밖으로 나가서 맘껏 냄새를 맡고 뛰놀수 있었던 산책은  혹시라도 언제 닥칠지 모를 비난과 짜증섞인 말투와 지나간다는 이유로 발길질을 하는 사람도 있어서 목줄을 꽉쥐고 다니는 불안한 견주의 눈치를 살피는 아이들이 많아졌다는 사실 아실까요?\n동물보호법은 개정이 되어야 한다는 사실에는 동의를 합니다.\n하지만, 그 동물보호법이라는것은 동물을 보호하기위해서 사용이 되어야하지 보호받아야할 동물을 억압한다거나 고통받게 되는 거라면 과연 그게 동물보호법일까요? 그동안 이런법을 위해 많은 분들이 발벗고 어려움을 무릅쓰고 활동을 하셨을까요?\n2m목줄&리드줄, 체구 40cm 넘는 아이들의 입마개 의무화 , 공동주택내 사육금지등등\n하지만, 정작 동물보호법 조차 지켜지지 않고 있다는 사실 아시나요?\n지켜지지 않고 있는 동물보호법에 동물보호법이라 할수 없는 법안을 추가가 된다는 사실에 너무 화가났습니다.\n친애하는 대통령님, 정말 반려동물 법에 대해 개정을 하실 생각이 조금이라도 있다면 차근히 주변을 돌아봐주시기 바랍니다. 찬찬히 주변의 목소리에 귀를 기울여 주시기 바랍니다.\n동물보호법이 동물보호법 답게 아이들이 고통받는 법이 아닌 함께 공존하며 살아갈 수 있는 법이 될수있게 간곡히 도와주시기 바랍니다.\n아이들이 무슨 잘못이 있을까요?\n오히려 견주들의 책임감이 커져야 하는거라고 생각합니다.\n반려동물 분양시에 며칠이라도 시간에 걸쳐 키우기 적합한지 판단 후 분양 후 몇개월에 한번이라도 잘있는지 관리가 이루어진다면 조금이라도 변화가 생기지 않을까요?\n제발 앞으로 고통받는 아이들이 더 많아지지 않았으면 좋겠습니다. 제발 부탁드리겠습니다."
68237,2017-12-17,2018-01-16,0,1,문화/예술/체육/언론,인터넷 방송 제재에 관한 법률,"안녕하세요 대한민국에서 법을 준수하며 살아가는 한 건장한 청년입니다. 우선 이렇게 청와대 청원이란 좋은 시스템이 제가 살아가고 있는 시대에 생겼다는 거에 대해 너무 감사드립니다. 대한민국의 한 국민으로 살아가면서 사회에 대한 불만 사항이나, 억울한일, 또는 법적으로 당할 수 있는 불공정한 일이 있어도 개인의 힘으로 해결할 수 있는 방법에 한계가 있었기에 이러한 청원 시스템을 적극 지지 하는 한 사람입니다. 거두절미 하고 인터넷 개인 방송에 대한 법적 처벌 그리고 규제강화에 대해 한마디 적어보려 합니다. 과거에 인간이 불이라는 것을 사용할줄 알고 다룰줄 알게 되면서 인간의 삶 또한 비약적인 발전을 하였지만 이것 또한 잘못 사용되어지면 화재와 같은 크나큰 재앙을 가져올 수 있기에 항시 조심히 다루어지고 주의를 요구한다는 것은 누구나 다 아는 사실입니다.  같은 맥락에서 볼때, 인터넷이란 현 시대가 발견한 그리고 이용할 수 있는 가장 뛰어난 과학적 발명이란것은 누구나 아는 사실입니다. 하지만 이것도 불처럼 잘 못 사용되어지면 큰 재앙을 가져다 줄 수 있기에 강한 법적 제재가 필요하다는 것은 누구나 공감하는 사실일 것입니다. 현 시점에서 인터넷 개인 방송이 가져다 준 긍정적인 측면은 분명 존재하지만 그것이 내포하고 있는 부정적인 측면을 무시할 수 없기에 청원사이트에 이렇게 글을 쓰게 되었는데요 퇴폐적이고, 외설적이며, 저속하고 청소년에게 정신적인 데미지를 주는 저질적인 인터넷 개인 방송에 대한 법적 제재가 강화되거나 새로운 법안이 생겨 더이상 한국 인터넷 문화에 그리고 청소년들에게 정신적 피해를 주는 일이 없어졌으면 하는 바램입니다. 돈이라면 물 불 가리지 않고 돈을 지불한 사람들이 시키는 짓은 다하며 욕설이 난무하고 여성의 신체 노출이나 외설적인 발언은 수위를 넘겼으며 돈이면 다 된다는 개념을 사람들에게 심어주는 현 인터넷 개인 방송에 대한 제재가 제대로 성립되지 않으면 더욱더 건강한 대한민국 또는 인터넷 문화의 발전은 기대하기 어렵다고 보여집니다. 심지어 심각한 형사범죄와도 관련된 일들이 인터넷 개인 방송으로 인해 일어나고 있는 지금 국민들의 적극적인 지지가 이루어져 꼭 청와대에서 강한 법적 근거를 마련하는 발판이 되었으면 합니다. 긴글 읽어주셔서 감사합니다."
231931,2018-05-13,2018-06-12,0,34,외교/통일/국방,탈북자 북송을  반대합니다.,집단 탈북자 13명의 송환을 절대 반대합니다.
170707,2018-03-20,2018-04-19,0,6,저출산/고령화대책,다자녀 정책,"저출산/다자녀 정책 운영에 감사드립니다.\n3자녀가 있는 아버지 입니다.\n현재 다자녀 가정에 대한 전기용금, 수도요금,가스요금, 철도청, 자동차취득세, 대학교다자녀 장학금 등 정책이 있습니다.\n하지만 대다수의 정책이 세자녀 모두 미성년자 이여만 혜택을 받는 정책이 대다수 이며\nKTX의 경우 3명이 탑승해야만 혜택을 받을수 있는 등 현실 적용에 문제가 많습니다.\n셋째 아이가 성인이 될때까지, 대학교 졸업시 까지 등으로 현실적으로 혜택이 피부로 느낄 수 있도록\n검토하여 주시길 바랍니다."
205908,2018-04-19,2018-05-19,0,1,행정,다른 정권에서 만들어 져서 국민이 억울 하게 생각 하면 이 또한 적폐가 아닌가요,박근혜 정부때 만들어진 나눔 인터넷 게임이 게임 이기전에 도박 수준인데 그렇게 국민들을 사탕 발림으로 하게 만들어진 도박을 이 정부에서 연이어 하는데 이또한 국민들을 울리는 도박을 적폐로 간주 안하고 오직 정치에만 몰두 해서 적폐 청산 운운 합니다.제발 나눔 인터넷 도박 싸이트를 폐쇄 해주세요.아이들이 무엇을 보고 배우겠습니까..
55816,2017-12-01,2017-12-31,0,9,인권/성평등,겨울날 학생들에게 따뜻함을 보장해주세요.,"안녕하세요. 존경하는 대통령님과 여러분들. 저는 고등학교를 재학중인 학생입니다. 여러분들이 다녔던, 다니고있는 중, 고등학교에서는 체육복을 입는 것에 대하여 제한을 두었나요?\n교복을 입기 시작하는 학교에서는 대체로 교복에 따른 교칙이 있기 마련입니다. 넥타이를 매야한다던지 시기에 맞는 교복을 입어야한다는 내용이죠.여학생들은 교복 바지를 입도록 내놓은 학교도 있지만 교복치마를 주로 입습니다. 겨울에는 스타킹과 속바지와 치마를 입지만 체감온도가 영하까지 떨어지며 매서운 바람이 부는 추위에는 스타킹은 어떠한 온기도 유지해줄수없는 그저 얇은 천조각입니다.\n존경하는 여러분들. 여러분의 주변에서는 미관상 안좋다는 이유로 바람을 그나마 막아줄 담요를 빼앗기는 학생을 본적이 없으신가요?\n겹겹으로 껴입어야 그나마 춥지않아 학교 체육복을 입음에도 불구하고 벌점을 부여받는 학생을 본 적이 없으신가요?\n교복 겉옷이 아닌 사복의 재킷류를 입는다고 압수당하는 학생을 본 적이 없으신가요?\n저희 학생들은 무엇을 위하여 이러한 권리마저 침해당하며 교육을 받아야 하는가요? 부디 이러한 부분을 헤아려 교복을 입게하되 추가적인 사복에 대한 제한을 두지않게 해주십시오.\n추운 겨울입니다. 모쪼록 감기 조심하시어 따뜻한 나날을 보내시길 바라며 글을 마무리합니다. 읽어주셔서 감사합니다."
332860,2018-08-08,2018-09-07,0,1,농산어촌,학교급식관련한 의견,경북에서 친환경고구마를 생산하는 농가입니다.\n가뭄으로 인해 농가소득감소와 농작물의 단가상승으로 인한 학교의 급식재료비상승의 부담을\n줄일수 있는 방안에 대한 의견 올립니다.\n경북은 광역급식센터를 경북군위농협에서 담당하고\n있습니다.\n원재료를 공급받아서 선별.검사.분류작업으로 각\n학교로 공급합니다.\n고구마는 기본적으로 150g이상으로 가공하기 쉬운\n형태의 상품을 공급하고 있습니다.\n모양이 비뚤하거나 너무 크거나 작은거는 가공(껍질까기)에  어려움이 있어  납품이 안 되고 있습니다.\n일반적으로 이야기하는 b급 농산물을 적극 활용하는\n고민은 농가에도 또 학교와 정부에도 도움이\n되리라봅니다.\n민간업체가 농산물1차 가공에 참여하는 것은\n이익을 우선시 하는 과정에서 여러가지 문제가\n발생할 소지가 있습니다.\n농협등에서 친환경농산물의 보다 광범위한 활용의\n방법으로 1차 가공에 관심을 가져 주시는 것을\n건의드립니다.\n기존 학교에 b급 농산물의 가공을 맡긴다면\n인력및 공간.시간적인 여유가 없기에 힘들것 같습니다.\n좀 더 체계적인 관리하에 1차 가공에 대한 신용을 확보한다면 차후 민간으로의 저변확대는 물론\n가공후 부산물의 사료나 비료등으로 재활용등의 사업으로 발전할수 있다고 생각됩니다.\n우선적으로 시범사업을 광역급식센터와 연계해\n보심을 추천드립니다.
45400,2017-11-17,2017-12-17,0,4,안전/환경,원전폐지,포항의지진이 본지진이아니라면 앞으로 더큰지진이예고된다는건데 지진자체보다 원전이더큰문제입니다\n제발 원전폐지부탁드립니다\n세월호같은 참사를 또다시겪지않게~~\n만약 원전사고가 일어난다면\n그건 자연재해가아닌 예견된 인재입니다
367688,2018-09-05,2018-10-05,0,9,경제민주화,국민연금으로 다른나라 기업에게 막 퍼 줘도 되는겁니까?,"TZE Coperation,왕썅그룹 외 5개 회사에 북한에 진출한 기업이라는 이유로 국민연금으로 그냥 투자했다던데?진짜입니까?보시고 궁금하신분들은 검색포탈 사이트에\n왕썅그룹 치면 기사가 다나오네요..북한 자금세탁 의혹을 받고있는 회사에 것도 국민연금으로 투자라니요?제 정신입니까? 해명 부탁 드립니다."
468885,2018-12-14,2019-01-13,0,16,경제민주화,이명박이 도둑질한 30조넘는 국민세금 회수하세요,이명박이\n국민세금 도둑질해 쪼개서 케이만 군도등 조세 회피처에\n감춰놓고 세탁하고 있는 30조넘는 국민세금 반드시 회수 하세요\n그리고\n그 똘마니들 정보 이용해 전국에서 도둑질해 숨겨놓은 부동산 모두 찾아내\n국민에게 알리고\n불법이 있으면\n헌법과 법률에 따라 강력하게 처벌 하세요\n대한민국은 법치국가이면 국민이 주인인 나라입니다
230908,2018-05-12,2018-06-11,0,0,농산어촌,양파 폐기후 보상,이번 양파의 수급조절은  상인 을 위한 것인지 아니면  일부 농민의 농업을\n포기 하라는 것인지.....\n농민의 배 곯음을 정부가 외면 할리는 없고 보상 되어야 할\n양파값은 어디서 잠자고 있는지 혹 중간 어딘가에  있다면 정부는 신속하게\n조치 바랍니다\n살제 정부가 대책  없이 폐기 명령을 하달 하였다면 다시는 이러한 일이\n생기지 말아야 할것 입니다 ....\n배곯는 농민은 속답을 기다립니다..
480823,2018-12-28,2019-01-27,0,11,일자리,이런 공무직(무기 계약직) 문제 있는것 아닌가?,"노조원이 자기 사업하며 일을 하고,  자기 꼴리는데로 몇시간식 일찍 퇴근하는 것이 일상 행태이고 공무원들에게 핏대를 세우며 나무라며 큰소리로 전화질 하는것을 보면서 너무도 치가 떨리는데 이런 공무직(무기계약직)사람이\n일편하게 돈받아 먹고 잘사는 것이 돈없고 일자리도 못얻고 살기 힘든 사람들과 너무도 형평성이 안맞습니다.\n이런 사람을 자기 노조원이라고 비호 하고 있는 천안 공무직 노동조합이 문제 있는것 아닌지 생각듭니다.\n그리고 나처럼 노조 가입 안한 사람이 노조에게 탄압 안 받았으면 좋겠네요.\n공무직(무기계약직)일하는 곳이 자기 사업하는곳도 아니고 자기 사업하면서 일을 하고 자기 일있다고 꼴리는데로 몇시간씩 일찍 퇴근 하는것과 공무직(무기계약직)인데 공무원에게 큰소리로 화내며 지시하듯 전화 하는 이런 사람이\n공무직(무기계약직)으로 계속 일해야 됩니까?"
32976,2017-11-11,2017-12-11,0,0,미래,이명박 출국금지,부탁드립니다
334608,2018-08-09,2018-09-08,0,13,안전/환경,"공권력이 무너진 나라,   민주당 인권타령하다가 나라가 위태롭다",취객이 인권이 있다는 나라  한국\n어쩌다 이지경이 됐는지\n민주당 인권타령 하다 이렇게 되지 않았나?\n무질서한 남미국가들도\n이정도는 아니다\n나라가 불안하다\n앞이 않보인다
287963,2018-06-28,2018-07-28,0,58,미래,"난민법폐지,난민수용 반대합니다","문재인 대통령님\n요즘 7살 아들이 이순신 장군에 푹빠져\n너무 존경하고 있습니다\n어떻게 하면 위인이 될수 있냐고 물어봅니다\n자기도 나라를 위해 이 한목숨 바치겠다고\n나라가 자기를 버려도 자기는 나라를 위해\n싸우겠다고 말합니다\n가슴이 먹먹해 집니다\n부모가 되어 내 아이들의 미래가 위협받는데\n가만히 두고 볼수가 없습니다\n아들에게 그 많은 적들과 어떻게 싸울건지 물어보았습니다\n엄마 두려움에 맞서는자 역사를 바꿀거라고\n이순신 장군님이 그러셨어요\n두려움을 용기로 바꾸면 된다고 합니다\n저도 두렵지만 용기내어 청원 합니다\n이순신 장군님이나 독립투사,6.25전쟁등\n정말 많은 조상님들이 이땅을 지키고자\n노력하셨습니다\n코란이란 말만 들어도 무섭습니다\n부디 자국민의 안전을 먼저 생각해주십시요\n부디 아이들의 미래가 짓밟히지 않게 해주십시요\n부디 이 나라를 꼭 지켜주십시요."
478170,2018-12-25,2019-01-24,0,4,성장동력,공기업 대표 물갈이 청원,"바꿔주세요\n선거농공행상 대표 이건 아닌것 같습니다.\n박근헤, 최순실 보다 못해요\n업무하고 상관없는 대표들 다 물갈이 하세요\n공기업 망합니다\n명박이는 욕심때문에 망하고 문형은 몰라서 망하고\n이제는 많이 챙겨줘다 아닙니까\n경제를 살리려련 다 바꿔요\n제발 자리에 맞는 대표 임명하세요\n성공한 대통령 안될것 같네요\n혼자 대통령 하면 안돼요\n각 분야에 낙하산 없는 공기업대표 만들어 주세요\n전문 분야 대표 공기업 대표 만들어 주세요\n제발 선거에 도움주는 대표 말고 열심히 일하는 전문문야 대표 만들어 주세요"
244333,2018-05-26,2018-06-25,0,14,반려동물,개를 잡아먹지못하게 하는법 절실.,인간의 영원한 조수인 개를 잡아먹는 야만적 문화때문에 국제적으로 망신하고 있습니다.\n어떤 종류의 개라도 절대 잡아먹지 못하게 하는 법 절실합니다. 동네 보신탕집도 모두 없애도록 해주세요.
101337,2018-01-18,2018-02-17,0,7,문화/예술/체육/언론,여자아이스크림 단일팀 반대,절대 반대 ㅡㅡㅋ
426402,2018-10-31,2018-11-30,0,5,정치개혁,학원  사교육도 빈부격차가 너무 나고 가난한 국민은 죽으라는 소리지,정치에서 정부 국가가 이거는 나서서 옛날부터 썩어빠진 대한민국 사교육 때문에 부모들은 죽어가고\n있고 학교는 병들어 썩고 있는데도 국가 정치인들은\n지들 잘먹고 잘산다고 전혀 대책은 없고 문재인 정부가\n들어와서 교육 대책이 사교육을 그대로 두고 예전 그대로인 황제교육의 잘사는 사람 일명 강남 부자들\n사교육은 서민들 학교 교육하고 천지 차이나는 대한민국 학생들만 죽어나가고 있다.어른들의 잘못된\n교육 방식을 지금도 하고 있는 대한민국 학원들 전부\n없애고 교육 시스템부터 전면 수정해서 서민이든 상위1%  잘 사는 강남 부자들하고 동등한 학교 교육\n만으로도 충분히 할수 있게 정부 장치인들 국가가 나서서 해결을 해야한다.교육이 10년만 할것도 아니고\n미래에 대한민국이 없어지느냐 하는 존폐에 서있다.\n지금 교육  시스템을 바꾸지 않는다면 대한민국 미래는\n없을것이다.
285919,2018-06-26,2018-07-26,0,0,기타,민간재개발업자들로부터 보호받고 의견존중받기,"지금우리가 거주하는 지역은 지방소도시 주택지역으로 노인어른들이 많이 거주하시는 지역으로 작년(2017년) 7월1,2일경 그분들의 선전자료에 의하면 전주,혹은 광주에 근거한㈜오마주(지금은 이것이 조금 불분명해보입니다)에서 재개발 사무소를 열고 지역주민들을 상대로 동의서를 받는활동을 하고있는바, 이 지역지주들은 대개 20~30평을 소유하여 이분들이 제시하는 금액을 일시불로 받는것도 아니고 짧은기간이아닌 기간에 조금씩,조금씩 돈을 받을수밖에없는정황인데,민간개발사업자입장에서는 어쩌면 당연한 일일지 모르나 사업승인은 고사하고 현재지구단위계획구역으로 지정 되지도 않았는데 주민들을 상대로 80퍼센트 동의를 받으면 개별적인 의사에 상관없이 바로 매도청구를 행사 할 수 있는 듯한 느낌을 주면서 특정인을 일대일로 면대하여 앞으로의 예상 상황 등을 설명해주셨는데, 타 특정인의 이름을 예시한 매도청구서 견본을 보여주며(오해할까봐 안보여 주려했는데 참고로 보여주신다는 단서를 달기는했지만) 설득을 하는 것은 외양상으로는 상당히 공손하고 예의있는태도이시나 면대하는 입장에서는 일종의 압력을 받는다는 느낌이 들 수도있는일입니다\n설득하는 과정에서도 개인의 입장에서는 꺼림칙한 느낌이 들수도 있게 개인특정인의 신상정보를 입수하여 당사자앞에서 인거하시는 등 한편으로 보면 업무태도로서는 손색이없을지라도 대면하는 사람입장에서는 도대체 이런 개인신상정보를 어떻게 이렇게까지 입수할수있을까 이런정보까지 입수할필요가있는가하는 부담감까지 들 정도로 생각되는 개인신상정보수집의 수완에놀라고, 완곡하게나마 거절의 입장을 밝혔는데도 접촉의사를 밝혀(물론 외양상으로 강제적인 강경한 태도를 보이시지는 않으나 아무래도 느낌은 다르게 옵니다) 언제나,이분들을 상대안할 수는 없을까 하는 마음이 듭니다 또한 대면하여 상담할 때 사람에따른 개별적인 차이일지는 모르나 기억을 더듬으면 처음에는 70~80퍼센트지주의 동의서를 받았다고 하셨다가 이야기를 조금 더 진행하면서 60퍼센트(이것도 엄밀히 말하면,객관적입장에서는 증빙되었다보기가 어렵습니다 어디까지나 그분들의 일방적인 주장으로 객관적 증거가 제시되지는 않으니까요)동의가 끝났다고하시고 법리적해석도(우리가알다시피 대부분의 사람들은 법적지식을 잘 알지못합니다)10년이상 지역거주자의 기준이 다른전문인들에게 들은것과는 조금 차이가 난다든지 말이 다소 바뀌는 등 일관성에 혼선도 느껴집니다 그리고 물론 오해의소지가 있으나 동의서를 쓰지않는사람은 무조건 세칭, 알박기하기위해서 그런다는 통념도 개인적으로 불쾌감이드는 생각입니다\n이쪽지역땅으로 득을본다해도 한계가있는것이요 부모님과 유소시절부터 오랫동안 살아와 추억과 정이 깊이든 심정을 만약 경제적 척도로 일반화한다면 이것은 대단한 판단착오일것입니다 일전에 전화로 연락오는것도 부담되어 경찰에 문의하니 일단 수신차단을 하라하여 수신차단을 했는데 지역이 협소하여 마주치는 부담을 느낄수있을 것을 생각하니 답답한마음이 드네요 어떤분은 그사람들로서는 주민을 상대하니 그분들입장에서는 설득하고 접근하는 것이 능력이라하네요 글쎄요, 그분말씀대로 그렇다쳐도 공권력도아니고 아니 공권력을 떠나서 거절의사도 밝히고 그분들과 대면하고 싶지않은사람은 그러면 그분들입장위주로 만나야하고 속절없이 그분들과 언제까지상대해야하는가, 연락되기도싫은 통신도해야하는 것이 의무인지 반문하고싶은생각이 들고 특정지역에 사는 것이 무슨 죄같은 것이 되는지 자괴감마저 지금에서는 주민들말을 들어보니 금방이라도 돈을 줄것같이하더니(계약금등명목)사실 이때까지 아무일도 없고 저 같은 경우는 아예 상대를 안하려고 하니까 지난달에는 서신을 보냈는데 글쎄 참, 내용이 저의 입장에서는 착잡하기 짝이없는 내용이었습니다 대단히 공손한면서도 압박감을 느끼게하던 문장이더군요 주변분들말들어보면 말이 왜곡되어 전달되는것도 있는것도같고 토지사용승낙서에 동의도하지않았는데 이웃한테는 동의한것처럼 말하고 다니는 것같습니다 우리가 사는 이지역은 슬럼프지역이기는 하나 그전에도 공인중개사나 땅을 볼줄아는사람들도 이곳은 개발될곳이 아니라는 말을 저는 개인적으로 여러차레들었습니다 그러나 참, 누구말대로 자본은 국경이나 요건을 따지는 것은 아닌가봅니다 요새는 이들이 발길이 더심해지고 있습니다 도대체 언제까지 초인종을 눌러대고 전화를 해오는 재개발업자들과 마주치지않고 살았으면 원이없을것같습니다 이사람들은 종횡무진으로 거리낌없이 활동하고 싫다고 여러차례 의사를 표명한사람은 의무적으로 이렇게 시달려야하는지 참으로 갑갑합니다 들려오는말로는 삼사년전부터 우리지역주변의 이곳저곳에 개발업자들이 탐문을 하고다닌걸로 여겨집니다 그러다 우리동네도 이사람들한테 걸렸겠지요 우리가사는곳은 주택보급률이 140%에달하고 최근 여기저기 건립한 신규아파트들은 입주비율이 5%도 안됩니다 재개발에 대한 책자를 살펴보니 일반적으로 해당지역 행정관청은 재개발업자들이 도로를 새로내고 공원도만들어 국가나 지방자치단체에 기부하니 이렇게 손쉽게 정비기반시설을 갖추어 고스란히 실적과업적으로 평가되니 손해볼일이없다는겁니다 최근에 선거가 끝나고 서울시의 도시재생사업에 관한 당선자님의 의견이 개재된 문건을 본적이 있는데 사고방식이 전향적으로 보여 매우신선했습니다 이제 정권교체된지도 일년남짓되어 과거의 토목사업으로 치적을 세우던 시절이 말끔이 사라져서 기대감이컸는데 주변의 왕성한 재개발업자들 때문에 두려움이 생깁니다 이분들(재개발업자들)의 사고방식은 밀어붙이면 된다는 세칭, 군바리 사고방식에서 조금도 벗어나지 못한 것으로 보입니다 새로운시대에 매우 부적합하다고 사료됩니다  부디 이들로부터 우리같은 서민이 보호받고 수십년살아온 터전을 속절없이 빼앗겨버리는 일이없도록 여러 가지 필요한 조치와 선처를 부탁드립니다"
355669,2018-08-26,2018-09-25,0,85,경제민주화,"국민연금관리공단의 배임죄, 수사청원합니다.","[사건발생 경위 및 배임 전개과정]\n국민연금관리공단 → 연금운용 위해 주식 매수해 이자놀이 → 공매도 세력에게 대여 → 공매도 과다시 보유주식 주가하락 → 주식대여이자보다 수십, 수백 배 손실 → 결론적으로 국민연금관리공단 자신(본인)에게 손해를 끼침.(형법 제356조 규정의 업무상 배임)\n배임죄 성립요건 : 타인의 사무를 처리하는 자가 그 임무에 위배하는 행위로써 제3자로 하여금 이익을 취득하게 하여 본인에게 손해를 가한 때\n※ 입증방법 등에 대한 보완설명\n1. 국민의 노령, 장애 또는 사망에 대하여 연금급여를 실시함으로써 국민의 생활안정과 복지증진에 이바지하는 것을 목적으로 하는 「국민연금법」 제도 취지에 비추어 이와 같은 대국민적 의무를 성실히 지키고 이행하여야 할 국민연금관리공단이 조성된 기금자체를 상당한 위험에 빠뜨릴 수 있는 비행적인 판단을 임의(잘못될 수도 있음을 알면서도 대여 행한 미필적 고의) 한 부분과\n2. 「자본시장과 금융투자업에 관한 법률」 제1편 총칙 제1조(목적)에 “공정한 경쟁 촉진”과 “투자자 보호”, “자본시장의 공정성·신뢰성 및 효율성 높여 국민경제발전에 이바지함을 목적으로 한다.”라고 되어있으므로, 어느 사안도 해당되지 않는 이 청원 국민연금관리공단의 보유주식을 공매도 세력에게 대여해준 행위는 법리적으로나 행태적으로 ‘업무상 배임’임이 명료한 상황임.\n3. 특히, 개인투자자들은 공매도가 사실상 불가능하고, 주식 빌릴 수 있는 기간 또한 60일이며, 일정금액 담보와 빌릴 수 있는 종목수량도 한정해 묶어놓은 블공정 상태에서 자행된 엄청난 금액의 본인손실 행위인 것이므로, 재발방지를 위해 「특정경제범죄 가중처벌 등에 관한 법률」 제3조 1항 1호의 ‘50억 원 이상일 때 무기 또는 5년 이상의 징역’이라는 규정에 의거하는 처단이 필수임.\n기타 참고사항 : 이 같은 공매도 통해 손쉽게 얻어진 엄청난 돈들이 국외로 유출되는 부작용 발생/ 근거자료 출처 : 아래 첨부링크 참조하실 것."
490507,2019-01-08,2019-02-07,0,172,반려동물,동물 학대 처벌 법안,"언녕하세요 저는 평범한 일상을 살고 있는 동물을 매우 사랑하는 사람입니다.\n이렇게 청원을 올리는 이유는 '동물학대' 때문입니다.\n글을 꼭 끝가지 읽어보신후 많은 청원에 동의해주세요.\n요즘 많은 사람들이 반려동물을 키우고 있죠 소동물 부터 시적해서 많은 종의 생명이 사람 손에 길이들여저서 키워지고 있는 현실입니다.\n하지만, 현재 대한민국 법안상 동물 학대를 하였을경우에도 특별한 증거가 없다는 이유로 많은 동물들이 사람한테 학대를 당하고 있습니다. 동물도 생명입니다. 몸집이 작다해서 몸이 큰 사람이 고의적이고 악의적인 마음을 가지고 동물을 학대를 하면 우리와 의사 소통이 되지 않는 동물들은 가만히 학대를 받아야하는 현실입니다. 생각해보세요 우리 인간들도 다른 어떤 미지의 세상에서 온 생명체들이 오직 몸집이 그들보다 작고 힘이 없기 때문에 학대를 하면 우리는 얼마나 고통 스러울까요 혹여나 반려동물이 시끄럽고 어지러피고 사고를 치는것은 반려동물이 사람에게 말하는 의사소통의 시도라고 생각합니다.  저는 반려동물을 키우는 사람들은 반려동물을 아껴주고 잘 보살펴주면서 가족으로 생각하며 살아가기 위해 반려동물을 키우는것이라고 생각 합니다.\n하지만 2019년 1월 8일 부산해운대에서 포메라니안 3마리를 밖으로 던진 사건은 정말 사람이 할수 없는 행동이라 생각합니다.\n그들도 생명입니다. 작고 힘이 없다는 이유로 인간이 학대를 하는것은 옳지 않은 행동이고 인간미 없는것 이라고 생각 합니다.\n많은분들이 이 국민청원에 동의하시어 반려동물 학대에 관한 법률이 강화되어 처벌을 받으면 좋겠습니다."
63993,2017-12-12,2018-01-11,0,2,안전/환경,우체부 아저씨 .,"저는.워킹맘으로서 항상 출근길마다 도로에서 마주치는\n작은 오토바이를 타고 가시는 우체부아저씨들을 봅니다.\n장마철비가 많이 쏟아지거나, 함박눈이 내리는 날씨에도\n늘 그 작은.오토바이에 의지하여 가시는 모습이 안타깝고\n위험해 보입니다.\n근무환경도 좋지않아.과로사 기사를 접하기도 했는데. .\n아직까지 왜 그작은 오토바이를 이용해야 하는건지. .\n최소한. 눈,비는 피해야 되지않을까하여 청원을 해봅니다. ."
485532,2019-01-02,2019-02-01,0,9,농산어촌,양파수입금지,지금 양파를  많이 수입하고 있다는데 .사실이라면  수입을 전면 금지해 주세요.\n지금 시장 에 양파가격이  형편없는거 정부는 알고  있습니까?\n당장 수입  중단해 주세요.
312097,2018-07-19,2018-08-18,0,29,저출산/고령화대책,외국여자 국적만 따고 수도권으로 일하러. 가출,현실이 이런데 다문화 정책 꼭 필요하나요\n브로커들만 돈벌고 한국사람들은 가슴에 피멍듭니다.
241742,2018-05-23,2018-06-22,0,15,외교/통일/국방,네이버기사를 보고 ᆢ간곡히 청원합니다,오늘 언뜻 네이버 기사를\n보니 몇달전 k9훈련중 사고소식을\n들은 기억이 있는\n피해사병의 호소가\n귀에 쟁쟁합니다\n마음이 아픕니다\n나라가 왜 이리\n일머리도 없고\n동분서주 하는지\n분명 군 복무중 사고났으면\n맘편히 수백 수천이 들어가도\n저런 젊은이를\n살려내야지\n왜 우왕좌왕하는지 모를 일입니다\n있는자 없는자\n이세상에서는\n비율적 세금은 없는자가\n더 많이 냅니다\n액수로 보면 조족지혈 이겠지만\n그렇다해서 나랏일에 감나라 배나라\n하는것은 아닙니다\n저런 불의 의 사고로\n고통받는 청년이  맘이라도 편하게\n치료 받았으면 하는 맘에서\n청원 합니다\n원인을 따지기 이전에\n국방의 의무중 사고는\n국가에서 무조건 보상 치료해야 합니다\n그 가족들의 핍폐해지는 생활까지도\n보상해서 산자들의 고통을\n덜어주는 나라가 되었으면 합니다\n분명 이 정부는\n이런일에 수수 방관하지 않을줄 압니다\n일개 담당 에게 일임 하는 것이 아니라\n위정자가 나서서 지시 하여 주십시요\n저 젊은 청년의 목소리에 귀 기우려 주세요\n부탁 드립니다ᆢ
514477,2019-02-01,2019-03-03,0,3,정치개혁,"국회의원,자치단체장등 모든선출직 후보자들에게공개청문회후  등록","국회의원,차치단체장, 지방의원등 모든 선출직 들에게 후보등록시 공개청문회를 거친후  후보로 등록시켜주면 투표를 할때 정확하게 판단 할수있고, 동시에 적폐를 쉽게 가려낼수 있을것 같습니다.\n공개청문회로 후보로등록후 공개토론으로선거를 치른다면 정말로 자격있는  국민대표가 될것으로 보입니다."
246427,2018-05-28,2018-06-27,0,2,일자리,대한민국의 모든 알바생을 위해 고용주의 갑질문화를 청산해주세요!,"대한민국의 모든 알바생을 위해 고용주의 갑질문화를 청산해주세요!\n문재인 정부가 출범하면서 최우선 국정과제를 청년 일자리 정책으로 발표했습니다. 그 어느 때보다도 청년문제에 관한 정부의 관심과 노력이 상당한 시기입니다. 하지만 아직까지도 청년 알바생들은 고용주의 갑질에 그대로 노출되어 있고, 여전히 많은 피해를 경험하고 있는 상황입니다.\n알바몬에서 알바생 1000명을 대상으로 설문조사한 결과, 알바생 5명 가운데 4명은 갑질을 경험한 적이 있다고 응답하였고, 그 중 절반 이상이 고용주로부터 갑질을 경험했다고 응답했습니다. 가장 높은 비율을 차지한 갑질 유형은 감정노동, 부당한 지시와 대우였습니다.\n임금체불 또한 만연하게 일어나고 있습니다. 대전지방고용노동청 통계에 따르면, 대전, 계룡, 공주, 논산 등에서 임금을 체불 당한 사람은 2017년 9374명, 그 금액은 자그마치 407억 700만원 이었습니다. 한 피자 업계는 초과근로에 대한 임금 지급을 회피하기 위해 고무줄 노동시간을 적용하고, 야근 근로 수당을 지급하지 않았으며, 임금 꺾기 사례도 굉장히 빈번하게 일어났다는 사실이 드러났습니다. 알바생이 고용주로부터 임금을 체불 당해 고용노동청에 신고 한 뒤에야 겨우 제대로 된 임금을 받을 수 있었다는 이야기는 주변에서도 흔히 찾아볼 수 있습니다.\n문재인 정부도 이를 해결하기 위해 일명 ‘알바인권법’을 통과 시켰지만, 이는 단순히 고객의 폭언 등에 시달리는 근로자를 보호하는 법안일 뿐, 정작 ‘고용주’의 갑질에 고통 받는 알바생을 위한 법은 제대로 마련되어 있지 않은 상황입니다.\n알바생들이 고용주의 갑질에 의해 고통 받는 상황을 더 이상 외면하고 있을 수만은 없습니다! 대한민국의 모든 알바생들을 위해 고용주의 갑질문화를 청산할 수 있도록, 법과 제도의 확충이 필요합니다.\n알바생들의 권리 보호를 위해 노동인권교육을 실시하고 있지만, 고용주들의 인식이 변하지 않는 이상 근본적인 문제는 해결되지 않습니다. 따라서 고용주를 대상으로 노동자를 고용하기 이전, 근로기준법에 대한 1년 2회 이상의 법정의무교육 실시를 요청합니다. 법정의무교육을 이수하지 않는 고용주에 대해서는 벌금을 부과하는 등의 강력한 처벌도 함께 이루어져야 합니다.\n또한 현재 임금 체불 사업주의 인적사항을 공개할 수 있도록 하는 제도가 근로기준법 상 명시되어 있지만, 그 총액이 3,000만원을 넘는 경우로 한정하고 있습니다. 사실상 알바생들이 3,000만원 이상의 임금을 체불 당하는 경우는 거의 없으므로 이 또한 실효성이 부족합니다. 기준을 강화하여 임금 상시 체불 사업주의 명단을 공개할 수 있도록 제도 개선을 원합니다.\n이러한 제도를 도입한다면, 알바생들의 권리를 보다 실효성 있게 보장할 수 있으며, 고용주 또한 알바생의 인격을 더 존중하는 문화를 만들 수 있을 것입니다. 저희는 대한민국 모든 알바생들이 갑질에 대한 두려움 없이 알바를 할 수 있는 세상을 바랍니다. ‘갑’보다는 사회적 약자인 ‘을’의 목소리에 귀를 기울이는 대한민국을 위해 함께 힘써주세요!"
193516,2018-04-10,2018-05-10,0,8,미래,김기식 금감원장 자진사퇴,대통령 지지율 너무 믿지마세요\n지지율은 신기루 같은것일뿐 기둥이 되진않습니다\n그저 거품과 같은것이죠\n국민들의 소리에 귀기울여 듣고 정책을 추진하세요\n멍청한 국민은 없습니다\n정치인들에게 너무 많은 상처를 받았습니다\n그만큼 눈 높이가 높아 젔다는 것을 참조하세요\n미련한 국민도 없습니다\n법안도 꼼꼼하게 책정해서 추진하세요\n내 입속에 넣기보다는 국민들 입속에 넣어주세요
456178,2018-11-29,2018-12-29,0,126,반려동물,모란시장 끊임없는 개농장 동물학대,"모란시장에 개상인들이 불법적으로 개를 팔아 점검되었죠.\n하지만 아직 끝나지 않았습니다.\n거기에서 빼돌린 몇몇 개들은 또다시 개농장에 갇혀 일주일에 한번 씩 주는 음식물쓰레기를 먹으며 악취나는 음식물 쓰레기를 그나마 주는 식량으로 먹으며 허기를 달래고 있습니다.\n물은 주지도 않아 물을 한번주면 수십시간이상 허겁지겁 먹습니다. 배변은 물론 치우지도 않은 환경입니다. 몸상태는 온몸에 진드기는 물론 피부병도 심각한 사태에 이를 뿐더러 또 철장안에 갇혀 추운 겨울이든 사람이 열사병으로 죽을 날씨에 더운 여름이든 생사를 버티고 있습니다.\n그리곤 그아이들이 보신탕집으로 끌려가는 것입니다.\n말그대로 개지옥 생지옥인 그곳에서 아직도 많은 개들이 학대를 당하며 살아도 사는것 같지 않는 삶을 연맹하고 있습니다.\n이러한 곳이 한두군데가 아니라는 것 입니다. 제발 불쌍한 동물들을 살려주세요.\n아직 끊이지 않은 불법적인 개농장, 개사육장을 철거해주세요.\n그리고 동물학대법을 더욱 강화시켜주세요.\n동물학대 처벌은 가벼운 벌금이나 과태료로 처분되고 있습니다.\n동물학대 처벌을 사람과 동일시하게 불법적인 개농장, 개사육장에서 일어나고 있는 일들은 최대 무기징역까지 처벌할 수 있도록 해주시고 다른 동물학대 사건들도 생명을 잃거나 심한 학대일 경우 가벼운 벌금,과태료가 아닌 징역형까지 처벌할수있게 해주세요.\n더 이상 무고한 생명들을 잃지 않게 해주세요"
379354,2018-09-13,2018-10-13,0,97,행정,주식 신문고 둥둥둥) 개미 피눈물 흘리게 하는 가짜뉴스 엄중한 책임 물어주세요,"아시다시피 불공정한 주식 시장에서 피눈물 흘리게 하는 정확성을 기하지 않고\n올리는 가짜 뉴스에 대해 엄중한 처벌을 해 주시기 바랍니다.\n오늘 한국경제신문 기자가 동성제약 췌장암 임상결과 외국학술지 게제 관련하여\n8월에 자신이 쓴 기사를 수정해서 올린 바,\n해외 학술지 게제 관련 뉴스는 뉴스핌 김유림 기자와\n다른 매체 이승용 기자등도 회사 관계자 말을 빌어 올렸다고 뉴스로 나왔는데\n뜬금 없이 마지혜기자라는 사람이 8월에 자신이 올린 글에\n딱 한 줄 바꿔서 올렸더군요....아산병원 관계자가 학술지게제 사실 없다고\n지금 동성제약에 투자한 개미투자자들은 진실을 가려 달라고 아우성입니다.\n확인 없이 거짓으로 기사 쓴 기자들은 반드시 소명하게 하고\n기사로 인해 피눈물 흘리는 개미투자자의 피해에 대해 책임을 지원야 합니다.\n어제 동성제약에 공매도가 대량 입성한 후 마지혜기자가 기사를 올린 것만봐도\n공매 세력과 한통속인 듯 합니다.\n국민이 우선인 문재인 정부의 금육감독기관은 복지부동인지라 청와대 게시판에\n올리오니 개미들의 눈에서 피눈물 흘리게 하는 공매 세력과 기사를 남용하는\n기레기자들을 응징해 주세요...."
158303,2018-03-05,2018-04-04,0,37,정치개혁,국회의원 연금을 왜 국회의원 자기들이 결정하는지 법 개정을 청원합니다.,국회의원 연금은 국민연금에서 지급되고 있지요?\n왜 자기들의 연금을 국회의원 자신들이 결정하도록 하는지 이해가 가지 않습니다.\n전부터 국회의원 연금에 대해 자정하고자 하는 목소리가 있었지만\n매번 결과는 처음 목소리와는 다릅니다.\n국회의원이라면 당연히 우리 국민 중의 한 사람입니다.\n국민 누구나  노후 국민연금을 위해 자기 소득에 어울리는 월 불입금을 납입하고\n65세가 되면 젊은 날 불입했던 금액에 어울리는 연금을 받으면 됩니다.\n국회의원이 되었다해서 그런 과정은 다 무시하고 65세가 되면 120만원씩을 받게 된다면 공평치 못한 처사라고 생각 됩니다.\n이렇게 국민연금에 무임승차하는 일이 없도록 법을 개정해 주시기 바랍니다.
487003,2019-01-04,2019-02-03,0,3,행정,주택담보대출연말정산조건 변경해주세요,"집 명의자와  주택담보 대출 명이자가 달라도  연말정산되도록 변경하여주세요\n현재 살고 있는집은  15년 4월에  주부인 와이프 명의로  매매 하였고\n직장을다니고 있는 제 명의로 주택 담보 대출을 신청했었습니다\n※ 와이프는 집에서 생활하니 집명의는 와이프로 하였고\n수입원은 저여서   제 명으로 대출받았습니다\n그때당시  주탁담보 대출의 조건은  가족이  2채이상  이연 안된다고 만  알고 있는 상태였습니다\n※  집 & 대출명의가  같이야 한다는 이야기를   그 누구도 알려주지 않았고  아는 사람도 없는 상태에서 진행하였습니다\n15년도  매매당시  10년도 부터  부동산에  올렸으나  팔리지 않았던 집이  18년 중순에  팔려서  현재 보유중인 집은  한채 뿐입니다\n연말정산 주택담보 대출에  대한 문의하니 "" 집 & 대출 명이자가 달라서  연말정산 조건이 맞지 않으며  지금 현재 살고 있는집을\n제 명으로 이전하여도  15년도 매매당시 2채이상이였기 때문에 해당이 안된다""  라는 답변 뿐입니다\n그렇다고 연말정산 해택을 받고자 현재 집  팔고 1~2년 전세로  이사갔다가  다른집으로 이사가는것도 맞지 않다고  생각듭니다\n집 & 대출 명의가 달라도 같이  입주하고 있고 현재 보유중인 집이 한채이면  연말정산 조건이  해당되도록     개정하여 주세요"
443309,2018-11-15,2018-12-15,0,27,경제민주화,삼바사태와 관련하여 한입으로 두말한 금감원과 증선위의 사죄와 환골탈태를 바랍니다,"이번 삼바의 분식회계 결정과 관련하여 동일한 금융당국이 몇년전에 본인들이 내린 결정을 180도 뒤집고도  뻔뻔스럽게 사죄의 말도 한마디 없는 금융당국자의 철저한 반성을 바랍니다\n금감원과 증선위원들은 회계에 대하여 전문가로 알고 있습니다 전문가이면 전문가 답게 정치적인 논리에 휘둘리지 않고 오직 회계법이나 IFRS 기준에 충실하여 삼바의 문제 결정해야 한다고 생각합니다\n수개월간 검토결과 삼바의 고의분식회계는 없었다라고 증선위 내부에서는 어느정도 컨센서스가 모아진거로 알고 있었는데 이른바 스모킹건이라고 불리는 삼바 내부 문건이 발견되면서 증선위원들은 회계법이나 IFRS기준을 헌신짝 처럼 버리고 삼바가 고의분식회계 했다고 결론을 내버렸습니다\n아니 철저하게 법으로만 결정해야할 사안을 ""회계법은 모르겠고 문건을 보니 조금 꾸리꾸리하네 "" 하며 선무당이 사람잡듯이 결론을 내려버렸습니다\n기업에 있는 사람으로써는 회사의 큰문제가 있을때 각종 플랜을 짭니다 그 문건은 여러플랜중에 하나입니다\n정말 대한민국은 어디로 가고 있나요\n정부의 중요한 금융정책을 담당하는 사람들은 외부의 정치적인 논리에 휘둘리지 않고 철저히 전문적인 지식과 법으로만 사안을 결정해야 우리나라가 발전한다고 생각합니다\n정권에따라 자기의 소신을 헌신짝처럼 바꿔버린 금감원과 증선위의 사죄와 철저한 반성, 책임자 문책 및 경질을 바랍니다\n그리고 빨리 삼바의 거래정지를 풀어서 우리나라 금융당국을 믿고 삼바에 투자한 개미투자자의 피눈물을 닦아주세요\n이래야 문대통령님이 말씀하시는 나라다운나라가 됩니다\n""이게 나라냐!"" 라는 말을 이 정권도 듣고싶나요 ?"
277637,2018-06-20,2018-07-20,0,7,인권/성평등,주52시간 관련 형사처벌 유예기간 반대합니다.,"금번 7월 1일 부터 시작되는 주 52시간제에 기대가 큰 사람입니다.\n입법예고한지도 꽤 되었는데...\n경총에서 유예기간 어쩌고 저쩌고 민원을 넣는것 같습니다.\n그로 인해 총리께서 형사처벌 유예기간을 준다는 식으로 민원을 해결하는 것 같은데.\n그러면, 안됩니다.\n과도한 노동에 시달리는 사람들은 유예기간동안 변함없는 과노동에 시달리게 됩니다.\n사용자 측에선 그동안 뭘하고 시행을 코앞에둔 시점에서 유예를 운운한단 말입니까?\n해결의 의지만 없고 눈치보다가 부작용 운운하며 52시간 노동시간을 또 늘리려 할게 불보듯 뻔합니다\n한껏 기대에 부풀었던 고강도 노동에 시달리는 사람으로 형사처벌 유예는 없어야 함을 간곡히 부탁드립니다."
290719,2018-06-30,2018-07-30,0,4,성장동력,여성 대체복무 제도 마련,대한민국 여성을 무시하고 무능력하다고 인정하지 않는 이상\n대한민국 헌법상 여성 대체복무 방안 마련에 힘써주시기 바랍니다.\n남성과 여성 모두 평등하며\n여성은 사회적 약자나 장애자가 아닙니다.\n여자도 할 수 있습니다.
55716,2017-11-30,2017-12-30,0,3,저출산/고령화대책,낙태죄폐지 반대합니다 조두순출소 반대합니다,낙태죄폐지 반대합니다\n조두순출소 반대합니다
152834,2018-02-27,2018-03-29,0,21,농산어촌,김양식장 허가 제한,안녕하십니까 대통령님\n경기 화성에서 어업을 생업으로 살아가고 잇는 젊은 청년입니다.\n요근래 몇년사이 서해앞바다는 황폐화 되고잇습니다.\n어획량은 해가 갈수록 줄어들고 잇는상황입니다.\n허나 요근래 화성시와 안산시에서 김양식 세트허가를 마구잡이로 내주어서 고기를 잡아 살아가는 사람들이 피해가 이만저만이 아닙니다.\n안산시는 바다상황을 보지도않고 허가를 내주어\n어민들의 일터인 어장까지 김양식 세트를 설치하게될 실정입니다. 조업으로 먹고사는 어민에게 상의도없이 김양식 세트 허가를 내주어 더는 연안에서 고기잡을 그물도 못치게 생겻습니다.\n지금 화성.안산 앞바다는 김양식세트가 무지막지하게 널려잇어 더는 세트허가를 안내주고 어민들의 조업자리  까지 침범하는 세트허가를 제한하여 주세요.
168539,2018-03-17,2018-04-16,0,10,외교/통일/국방,@여성부세금 34조낭비 말고 핵항모 .핵잠수함 만들자.@,여성부세금 낭비 말고  핵잠수함   자국산무기 .전투기 만듭시다.\n대한민국이  후진국입니까?   왜 따로  듣보잡 여성가족부를 만들어서 세금 낭비합니까?\n여성가족부때문에  여혐  남녀갈등심화   이런거 모르나요?
289182,2018-06-28,2018-07-28,0,164,반려동물,개 고양이도살금지,동물  보호법 강화 및  식용금지 촉구
126454,2018-02-03,2018-03-05,0,1,문화/예술/체육/언론,더이상 존재가치가 없는 한국 지상파방송,"▶지상파방송과 공영-민영 방송의 차이\n지상파\n(공중파)\n공영방송\n민영방송\n완전공영\n민영방송\n처럼 운영\n준 공영\n완전 민영\n방송사명\nKBS1\nKBS2/EBS\nMBC\nSBS외 지역 민방\n20개사\n2개사\n20개사\n10개사\n광고\nX\nO\nO\nO\n☞지상파방송과 공영-민영 방송의 공통점\n→지상 무선전파로 방송\n☞주파수 사용 폭→총 258MHz폭 사용\n(수조원의 주파수 사용료를 납부하는 이동 통신사 수준 사용)\n*HD방송용 : 228MHz폭 / *UHD(4K)방송용 : 30MHz폭\n완전 공영방송은, 광고를 실시하지 않는 KBS1이 유일하다. 하지만, 민영방송처럼 광고를 하며 운영이 되는 KBS2는, 법적으로 한국방송공사에 속한다. 또한 EBS도 민영방송처럼 광고를 하지만, 한국교육방송공사로 공영방송에 속한다. TV수신료는 이들 공영방송 운영을 위해 한국전력이 전기료에 포함해서 징수한다.\nMBC는 법적으로 민영이지만, 이사진을 방통위가 임명하고, 이사진은 사장을 임명하여, 사실상 준 공영방송의 성격을 지니고 있다. SBS와 지역 민방은 유료방송과 같지만, 지상파를 통해 방송을 함으로서, 주파수 사용료를 면제받고, TV에 내장된 수신기로 방송을 시청하게 함으로서, 유료방송사들처럼 별도의 세톱박스 없이도 방송을 할 수 있어, 공영방송이 갖는 각종 혜택(특혜)를 그대로 받고 있어, 공영방송처럼 인식이 되고 있다.\n▶지상파방송사 현실\n*지상파 HD방송 직수율 5.3%(공청망 포함)\n→대한민국 95%세대가 유료방송을 통해 지상파방송 시청\n→난시청으로 지상파방송 시청을 위해 유료방송 가입→3중의 시청료 부담\n→유료방송 세톱박스로 지상파방송을 시청함으로서, TV에 의무 내장된 지상파 방송 수신기 무용지물→가구당 7만원이상 지불(1,500만대 내외)\n*지상파 UHD방송 (직)수신율 1~2%\n→지상파 UHD방송 수신기 삼성-LG 독과점-중소업체 출시 못하고 있음.\n→지상파 UHD방송 안테나로만 수신(시청)-기존 아파트 공청망 무용지물, 유료방송 재전송은 안 하겠다고 선언\n*2017년 9월 실시 예정이던 EBS UHD방송 미 실시-정부와 EBS는 이에 대해 아무런 발표도 없음.\n*종편보다 못한 지상파방송 신뢰성\n→2017년 10월 우리리서치 발표-국민 10명 중 7명, 공영방송 역할 제대로 못하고 있다.\n▶최근 방통위의 지상파방송사에 대한 행보\n2017년 10월, 지상파 MMS(다채널)방송 실시를 위한 법적 근거 만든다.\n2017년 12월 6일, 지상파방송사 중간광고 허용을 위한 연구용역 의뢰 발표\n2017년 12월 26일, 지상파3사 재허가 점수 미달→조건부 재허가\n2018년 1월 29일, 지상파 수신료 인상을 위한 ‘공영방송수신료위원회’ 설치\n2018년 2월 1일, 2017 방송매체 이용행태조사 결과 발표\n→재난 발생 시 의존매체 'TV→스마트폰' 앞서고 있다.\n→일상에서 가장 중요한 매체, TV보다 스마트폰\n→MP3·카메라 몰아낸 스마트폰, 이제는 PC·TV 차례\n이상에서 살펴본 것처럼, 50년의 역사를 가진 지상파방송의 신뢰성은 거의 바닥 수준이다. 지상파방송이 유료방송의 등장과 인터넷의 등장으로 많이 어려워지고 있는데, 지상파방송사나 방송통신위원회는 이러한 지상파방송의 어려움을, MMS(다채널)방송 실시와 중간광고 허용, TV수신료 인상을 통해, 타개하려 하고 있다.\n하지만, 신문과 라디오가 시대적 변화에 따라 퇴조를 하고 있듯이, TV방송도 인터넷과 스마트폰과 같은 새로운 매체의 등장으로 퇴조를 보이는 것인데, 지상파방송사들은 아직도 50개가 넘는 방대한 지역지상파방송과 시설, 인력은 그대로 두고, 자구 노력 없이 국민의 혈세를 충당해서 어려움을 타개하려 하고 있다.\n그렇다고 지상파방송이 공영방송으로서 국민의 신뢰를 받는 것도 아니다. 2017년 10월말, 우리리서치가 만 19세 이상 1000명을 대상으로 설문조사를 진행한 결과, 응답자의 71.1%(국민 10명 중 7명)가 KBS, MBC, EBS등 공영방송이 역할을 제대로 못하고 있다는 여론 조사결과를 발표하였다.\n일본의 공병방송사인 NHK나 영국의 공영방송사인 BBC의 경우는, 국민의 신뢰가 절대적 이여서, 공영방송으로서의 입지를 지켜가고 있지만, 우리의 공영방송사겪인 지상파방송은 국민의 신뢰는 바닥 수준이다. 이러한 증빙은, 방통위 스스로도 인정을 하고 있다. 방통위는 2017년 12월말로 허가가 종료되는 지상파 3사에 대해, 부족한 점이 많아, 조건부로 재허가를 해줄 정도로 지상파에 대해 스스로 문제의 심각성을 지적하였다.\n헌데, 방통위의 최근 행보들을 보면, 지상파방송사에 대해 상식적으로도 납득이 가지 않는 혜택들을 쏟아내고 있다. 마치 기다렸다는 듯이, 지상파방송사에 대한 특혜들을 쏟아내고 있다. 즉, MMS(다채널)방송 실시와 중간광고 허용, TV수신료 인상 방안을 자청해서 내 놓고 있다.\n지금 지상파방송사들에게 필요한 것은, 인터넷과 스마트폰과 같은 새로운 매체의 등장에 대항하기 위한 뼈를 깎는 자기혁신이 선행되어야 할 때다. 인터넷은 시공간을 초월한다. 그리고 'TV+방송'도 하루가 모르게 변한다. 지금과 같이 50여개나 되는 방대한 조직과 시설, 인력으로는, 방통위가 그 어떤 처방을 해준다 해도, 밑 바진 독에 물 붙기가 될 것이다.\n현재 지상파방송사들은, 받고 있는 혜택(특혜)만으로도, 다른 그 어떤 공기업보다도 엄청난 혜택(특혜)을 받고 있는데, 과연 그들이 받는 혜택(특혜) 만큼이라도 제 역할을 하고 있는지, 방통위와 지상파방송사들은 한번쯤 뒤돌아보았으면 한다.\n▶지상파방송사에 대한 혜택(특혜)\n1.수조원에 이르는 주파수(258MHz폭) 사용료 면제\n2.지상파 수신료(월 2,500원)를 전기료에 강제 징수\n3.TV수상기에 지상파방송 수신기 의무 내장\n→지상파방송 수신기(HD방송 기준) 구입비로 가구당 7만원 꼴 부담\n→전체가구의 90%~ 유료방송(세톱박스)을 통해 지상파방송을 시청함으로서, 최소 1,000만 가구 이상의 TV에 내장된 지상파 HD방송 수신기가 모두 무용지물이 되고 있음.\n4.유료방송사들에게만 주워졌던 혜택을 지상파방송사에도 주고 있음\n1)24시간 종일방송 허용\n2)광고 종량제 허용\n3)간접 광고 허용\n4)중간 광고 허용 요구\n→중간 광고 허용은 방통위의 형식적 결단만 남은 상태\n→일부 방송사 30분 단위로 1부/2부로 쪼개어 사실상 중간광고 시행\n만일 방통위가 지상파방송사들을 위해, 명분 없는 MMS(다채널)방송 실시와 중간광고 허용, TV수신료 인상까지 진행을 한다면, 방통위는 물론, 지상파방송사까지 국민들의 저항에 부딪힐 것이다. 지금 방통위와 지상파방송사들이 해야 할 일은, 난시청 해소와 망가져가고 있는 지상파 UHD방송을 온전하게 살려내는 것이다.\n▶지상파방송사가 더 이상 공영방송으로의 존재 가치가 없는 이유\n수조원에 이르는 주파수를 무료로 사용하고, 국민들이 TV수상기를 구입해주고, TV수신료를 전기료에 포함해 납부해 주는 등의 막대한 혜택(특혜)을 주고 있는데도, 지상파방송을 안테나로 직접 수신(시청)하는 비율이 고작 5.3%로 세계 최저 수준이라면, 이는 지상파방송으로서의 기본인 무료 보편성을 상실하였기에, 공영방송으로의 존재 가치도 상실하였다고 봅니다."
421466,2018-10-26,2018-11-25,0,58,행정,주식시장 한시적으로 공매도폐지해 주세요!!!,대통령님!  요즘 우리나라만 연일 계속해서 주식이 폭락하고 있습니다!!\n여러 요인이 있겠지만 미국과 0.75% 역전 금리차가 큰 원인이고 중국과 미국의 무역전쟁 그리고 유별난 우리나라의 공매도 제도 입니다!!\n금리차도 줄여나가야겠지만 주식시장 위기 상황에서 일방적으로 더욱더 개인투자자에게 불리한 공매도를 제발 없애주셨으면 좋겠고 적어도 이런 폭락상황에서는 한시적공매도금지 조치를 취해주세요!!\n지금 개인투자자들은 정부의 과감한 결단을 바라고 있습니다!!\n대통령님 꼭 금융당국에 조치해주세요!!
376746,2018-09-11,2018-10-11,0,3,보건복지,"지하철 임산부 배려석 지킬수 있게 해주세요,",임산부 배려석이 있지만 아무도 배려 하지 않습니다. 누군가 앉아있다면 일어서 달라고 하기가 더 민망하겠죠.\n조금 강제할 필요성도 있다고 봅니다.\n정확한 방법은 똑똑치 않아 모르겠습니다.\n하지만 방법이 필요하다고 생각합니다.
478764,2018-12-25,2019-01-24,0,2526,농산어촌,아스콘 공장 증설에 반대합니다.,충북 제천시 원강저로18번지 일대에 레미콘 공장이 있습니다. 주위가 산으로 둘러싸여 있어서 공해도 없고 공기가 참 맑았던 지역입니다. 한때는 마을 주위가 모두 과수원이었던 적도 있었던 옛날 모습입니다. 그런지역에 레미콘 공장이 들어왔습니다. 주민들과 업주. 주민들과 시의 마찰은 어쩔 수 없었던 상황으로 공장 앞에서 집회를 하는 주민들을 전경들이 강제로 연행하는 과정에서 다친 분들도 있었습니다. 어찌하든 공장을 영업을 하고 있습니다. 그런데 얼마지나지 않아 다시 아스콘 공장을 증설하겠다고 합니다. 지금은 주민들이 모두 고령화가 되어 연세가 많은신 분들이 거의 대부분인 마을에 2급 발암물질이 있다고 하는 아스콘 공장을 증설하겠다고 하는 어처구니가 없는 업주가 있어 이렇게 글을 올립니다.  2급 발암물질 그것이 무엇인지는 정확하게는 모르겠으나 관계자분들이라면 어떤 것인지 잘 아실것입니다. 더구나 그곳은 레미콘 차들이 많이 드나드는 곳으로 안전에 대한 대비 또한 제대로 되어 있지를 않습니다. 신호수도 없고 신호등도 없고 이런 상황도 주민들은 다소 감내하면서 지내왔는데 어느날 갑자기 아스콘 공장을 세운다고 합니다. 한참 개발중인 전원 주택단지가 정면으로 보이는 곳에다 말입니다. 환경적으로나 안전에 대한 문제에 대해서나 차라지 한적한 곳으로 옮겨서 증설을 하든가  하필 동네 입구에다가 증설을 하는냐는 것입니다. 이것은 업주의 도덕적인 면도 문제가 있다고 생각하고 또 시에서 일하는 분들도 직무를 게을리 하는 것이라 생각됩니다. 제발 부모님들이 계신 공기 깨끗한 곳을 오염시키지 말아 주세요. 그분들이 고통받지 않게 남은 생이라도 깨끗한 공기를 마시며 여생을 보내시게 말입니다.
7444,2017-09-05,2017-09-12,0,0,인권/성평등,청소년법 폐지 청원합니다.,폐지해주세요
430620,2018-11-03,2018-12-03,0,17,정치개혁,권양숙씨 수사촉구,적폐청산  죄없는 사람들 그만 잡아넣고  권양숙씨 재수사해서 국민들  의혹을 해결  하시길  노무현이  죽었다고  돈쓴 사람은  무죄라면  말이 안되는소리  권양숙을 구속 수사  해야됩니다
292089,2018-07-01,2018-07-31,0,0,기타,사건처리가 너무나도 늦습니다,"유가족으로써 너무나도 답답하기에 글을 올립니다\n어머니(김순득)께서 돌아가신지 3개월이 지낫음에도 불구하고 이렇타할 결과가 안나오고있습니다\n그리고 헤당 관할 경찰서에선 그어떤연락도 없었습니다\n얼마전에 연락이되서 수사진행상황을 알고싶다거했더니 문자한통이 왔습니다\n(내용)\n18. 4. 24.자 부검결과가 오름대동맥 및 왼심장동맥 박리로 판단\n- 5. 15.자 현장 재확인하고 시술과정cd 등 재요청 받았고,\n- 5. 21.자 시술 참여 간호사 김영주 상대조사\n- 6. 7.자 한국병원에서 검사 및 시술 등 진료과정이 적절하였는지에 관한 임상의학적 판단이 필요 대한의사협회에 자문 의뢰중에 있습니다\n18년7월1일에 이렇게 왓습니다\n의학지식이도없는 저로서는\n너무나도 답답한 수사진행에 분노가 치밀어 오릅니다\n그냥 유족에게 통보하는 방식이 아닌가요??\n대처할수있는시간도 충분햇는데 그시간을 기다리는데만 허비하게만들고있습니다\n아직의사협회에서도 답변이 안나와있는상태입니다\n유족입장으로봤을땐 시간끌기에 짜고치는 고스톱같습니다\n빠른 수사요청을 청원하는바입니다\n제발 유가족가슴에 대못박게하지는 말아주세요\n지금도 가슴이 미어 터집니다"
453709,2018-11-27,2018-12-27,0,3,인권/성평등,장애인입니다. 억울하게 해고를 당했습니다.,"저는 30대 남자로서 서울에서 수학을 강의하고 있는 강사입니다.\n또한 지체장애 5급 장애인입니다.\n2017년 7월경 안양에 있는 학원에서 장애인이라는 이유로 부당하게 해고를 당하였지만 고용노동부로부터\n체불임금 확인서를 발급 받아 다행히 민사 소송으로 체불임금 승소를 하여 체불임금을 받아 낼 수 있을 것\n같습니다.\n사업주는 처음에 체불 임금 사건과 관련하여 70만원의 약식 명령 벌금형을 선고 받았지만\n정식재판에서 변호사를 선임하여 말도 안 되는 논리를 주장하여 선고유예를 받아내었습니다.(2018 고정 284)\n선고유예는 몇년이 지나면 무죄와 같은 효과를 갖는 다고 합니다.\n그런데 이상한 부분은 재판 중에 있었습니다.\n재판 중에 판사가 검사에게 "" 이 사건은 무죄인 사건이다"" 의 취지의 발언을 하면서 설득하려고 한 것 입니다.\n녹취록이 수원지방법원 안양지청에 있으니 들어보시고 판단해 주십시요.\n그냥 사건을 판사가 객관적으로 판단하여 판결을 하면 될 것 이지 피해자가 보는 앞에서 대놓고 검사를 설득하려고\n한 것은 충격적이었습니다. 그리고 판사가 사업주쪽 변호사와 대화하는 걸 보니 서로 알고 지내는 사이였던 것\n같습니다. 상대편 변호사 프로필을 보니 판검사 출신 변호사는 아니어서 전관예우는 아닌 것 같지만 어쨌거나\n예전에 이미 알고 지낸 사이인 것 같았습니다.\n저는 검찰이 항소장을 제출할 걸로 믿었지만 검사는 항소장을 제출하지 않아 상대방은 형사처벌을 면하게\n되었습니다.\n제가 이 사건은 정식 재판에서도 상대방이 형사처벌을 받을 거라고 믿어 의심치 않았기 때문에 제가 장애인이라는\n이유로 해고 당한 사실을 말하지 않았지만 이제는 사실대로 말해야 할 것 같습니다.\n상대방은 제가 장애인이라는 이유로 수업을 못할 것 같고 또한 학원 이미지에 타격이 있을 것 같아 해고하는 것이라고\n저에게 직접 말하면서 해고를 하였습니다. 하지만 그 당시 녹취록은 없어서 제가 주장하지 못하였습니다.\n이 사건을 다시 판결해주십시요. 제가 법원에 제출한 녹취록을 보시면 명백한 해고가 있었다는 것을 아실 수\n있습니다. 다시 검사님께서 기소해주셔서 상대방이 벌금형의 형사 처벌을 받게 국민 여러분들께서도 도와주십시요."
94094,2018-01-13,2018-02-12,0,60,성장동력,가상화폐 거래소 폐지를 청원합니다,"서민의 꿈은 투기장이  아닙니다.\n우리가 원한건 우리가 일 한 만큼의 댓가를 힘있는 자들에게서  지켜달라는 거였습니다.\n우리가 항상 일할  수 있도록 가진자의 논리인 이윤의 최대 창출에서 일자리 지켜달라는 것입니다.\n우리가 필요한건 가지지 못한 이들에게 따뜻한 배려를,가진자에게서는 그보다 가지지 못한 이들에게 관용을  배풀 수 있는 사회를 바라는겁니다.\n우리가 살고있는  대한민국을 지키기 위해 이땅에  피를 흘려가며 일제와 군부독제에 대항하셨던 ""의인""분들께 부끄럽지 않은 그런 세상을 지키고 싶을 뿐입니다.\n그분들은 투기장을 위해 대한민국에 피를 흘리신게 아닙니다.\n우리의 칼날은 사회의 불공정함에  겨누어져야 합니다.\n하지만  그 손잡이가 불공정한 손에 들어가길 원하지  않습니다.\n300만의 표가 무서워 남은 4000만의 신뢰를 저버리는 그런정치를 원해서 촛불을\n우리는 아이들의 미래가 자기자신이 이룬 결과가 아닌 투기장의 등락에  좌지우지 되는걸 바라지 않습니다.\n우리는 열심히 자기일을 하며 꿈꾸는 삶을 지켜주길 바라는겁니다\n전광판에 하루를 허비하며 커야하는 아이들이 꿈을 가지기도 전에 절망에 허우적 거리는 그런 미래를 원하지 않습니다.\n아이들의 미래가 아이들의 꿈이 지켜질 수 있도록 대한민국을 투기장으로 만들지 말아주세요.\n우리가 든 촛불은 이런걸 위한게 아닙니다.\n우리들의 미래와 희망이 꺽이지 말게 대한민국이 지켜달라는  겁니다.\n우리 아이들이 안전하게 잘 클수 있도록.."
368187,2018-09-05,2018-10-05,0,11,문화/예술/체육/언론,연예인뭔데 군면제할라고합니까?,운동선수는 땀흘려서하는데 아이돌은 가만히있어서 녹음하고 노래부르고 끝인데 왜군면제할라고하는데 머리뭐들어있나 연예인에 빠져살지말자 지인생챙겨라\n하여튼 어른들은 쓸데없는생각을해
104276,2018-01-19,2018-02-18,0,5,경제민주화,가상화폐 서민은 투기 금감원은 투자?,장난합니까?
84998,2018-01-11,2018-02-10,0,0,성장동력,가상화폐 거래폐지를 반대 합니다.,투기꾼이 아닌 대한민국의 국민으로써 말씀드립니다.\n말로는 서민을위해라고 하시면서 어찌하여 서민들의 유일한 희망의 끈 마저 빼앗아 가려고 합니까 배부르시고 풍족하기 사시는 고위층 분들은 모르시겠죠. 서민들이 돈 좀 버는게 배가 아프신가요 나무를 보지마시고 제발 숲을 봐주셨으면 합니다.
396800,2018-10-03,2018-11-02,0,15,저출산/고령화대책,집값잡아주세요,집값좀 제발 잡아주세요\n고통받는 집없는 서민 불쌍합니다~~\n지금 이게 정상이 아닙니다\n부동산 카페 가보세요\n이게 정말 나라입니까~~\n열심히 일해서 돈벌어야지 ~~~~
35236,2017-11-11,2017-12-11,0,2,정치개혁,이명박 출국금지,출국금지 시켜주세요
45319,2017-11-17,2017-12-17,0,1,기타,국민청원이 생긴것은 좋지만 개선해야 할 점이 많이 필요합니다.,"정확히 무슨 카테고리에 들어가는지 모르겠어서 기타로 했습니다.\n국민 청원 종종 들어오면서 느낀 건데, 전체적으로 정리가 안되어 있는 느낌입니다.\n본인이 청원할때만 카테고리를 선택하는 것이 아니라\n다른 사람의 청원을 볼때도 카테고리별로 볼 수 있게 되어있으면 좋겠다는 생각이 들었습니다.\n그리고 비슷한 내용의 청원은 키워드나 문장 등을 통해 하나로 묶는 시스템이 있으면 훨씬 나을 것 같습니다.\n청원보면 동의하는 사람이 하나도 없거나 적은 청원이 대부분인데, 내용을 보면 겹치는 부분이 많습니다.\n지금과 같은 방식으로 운영하면 사람들이 청원하는것에 비해서 실질적으로 답변이 달리거나 해결되는 횟수가 적을 것 같습니다."
370516,2018-09-07,2018-10-07,0,7,정치개혁,청.당.정 따로국밥,"역대 정부중에 청.당.정이 이렇게 따로국밥인것은 처음 본다. 그러닌까 경제가 엉망이고 국민들은 불안해 하지\n이 정부에서는 청와대만 보이고 정부장관들은 다 어디로 갔나요?\n캠코더 인사를 하다보닌까 일부 자질없는 사람들이 자리를 차지 하고 있으닌까. 지금 나라가 어떻게 돌아가는지\n모른겠네,  이번에 지명한 장관후보들도 말들이 많잖아요\n인사에 대해서 지난 정부에 대해 얼마나 비판했나,  내로남불이네\n지지도가 앞으로 더 떨어져야 정신을 차릴 것 같은데 여러분들은 어떻게 생각하세요?"
471267,2018-12-17,2019-01-16,0,9,저출산/고령화대책,매년 예산낭비 보도블럭,제가 구리시 사는데요 어릴때마다 매년 멀쩡한 도로를 뜯어서 다시 깔고 다시 뜯어서 다시 깔고를 반복해서 어릴땐 도로가 무너질까봐 다시 깔아주는건가 싶었는데 이게 이번년도에 다 안쓰면 반납해야하고 그 다음해에 그만큼 줄어든다고 하더라고요 근데 이게 보도블럭으로 낭비하지말고 예산을 이 예산으로 독거노인분들이나 폐지줍는 어르신들에게 따스한 밥한끼나 생계지원목적으로 어느정도 돈을 지원하는 방안으로해서 하면 안되나요? 비리가 있을수도 있으니까 지자체 홈페이지에 어르신들과 사진찍어서 인증샷남기고 그러면 좋을거같아요ㅠ 진짜 보도블럭 멀쩡한데 뜯는거보다 정말 필요한 곳에 쓰는 예산이여야 하잖아요 우리 세금인데 너무 아까워요
252992,2018-05-30,2018-06-29,0,3,농산어촌,5.18유공자명단 공개를 청원합니다,고귀하신 일을 하신분들이 널리 이름이 알려지는것은 부끄러운일이 아닙니다\n혈세로서 그분들에게 국가유공자연금이 나가는데\n누구 손에 들어가는지 국민들은 알 권리가 있습니다\n명단 공개하십셔
378975,2018-09-13,2018-10-13,0,8,경제민주화,기름값 인하 간절히 호소합니다(맞는 말이면 동의 호소합니다),기름값 인하 간절히 호소합니다.\n유류세금 인하로 기름값좀 안정 시켜주세요.\n내국민을 잘살수 있도록 하고 난후에 옆을 돌아 봅시다.\n청년실업.경제불안.국민연금 불안.집값 안정.적폐청산 뭐 하나 시원하게 처리한게 없고 국민에게 세금만 더 걷을려고 하니\n이나라가 진정 어디로 가는지 모르겠습니다.\n강력히 청원합니다.\n1.유류세 인하하여  기름값 인하 강력히 청원합니다.\n2. 집값 안정.\n3. 경제 활성화
346556,2018-08-18,2018-09-17,0,14,일자리,[일자리창출]이공계쪽은 적정급여의 구인도 많고 구직도 많습니다. 그런데 정작 채용이 안되는 이유가 있습니다.,"이공계쪽은 적정급여의 구인도 많고 구직도 많습니다. 그런데 정작 채용이 안되는 이유가 있습니다.\n꼭 현장직이 아니라고 하더라도 시설관리,안전관리,설계 등 중소기업에서는 계속 구인난입니다.\n그리고 구직자쪽에서도 그런 기업에 입사하고 싶어 합니다. 그런데 그것이 힘듭니다.\n원인은 바로 자격증입니다. (기사자격증 등)\n기업에서는 자격증이 있는 일정인원을 채용하여야 업면허 유지, 발주 등 을 할 수 있게 되어있습니다.\n이건 각 종 협회에서 만든 것으로써, 아주 훌륭한 제도라고 생각합니다. 무분별한 부실시공을 막고 추후 책임소재 면에서 보더라도 여러모로 꼭 필요한 제도이기도 하지요.\n그런데 정작 기업에서 채용하려고 하면, 자격증 소지자가 적습니다. 또 자격증 소지자를 채용하더라도, 실무에 관해서는 문외한인 경우가 대부분입니다.\n그 이유는 시험자체에 문제가 있습니다. 기능장과 기술사 수준의 시험으로 가면 지금 난이도가 문제 없다고 생각됩니다만, 특히 기사자격증 정도의 수준이라면 기초이론과 그에따른 실무가 문제로 나와야 하는데,\n대부분 업무와는 상관없는 수학문제가 주를 이루고 있습니다. 실무와 응용을 알면 합격시켜야 할 시험이, 교묘한 숫자 바꾸기 놀이로 일부러 합격자를 줄이려고 하는 경황입니다. 예를 들면 금번과 지난번 전기기사나 소방(기계)기사 합격률을 보시면 어처구니가 없습니다.\n지금 취업률은 비상사태 입니다. 한국산업인력공단에서 계속 이런식으로 한다면 정부와는 반대되는 길을 걷는 것입니다.\n시험의 변별력을 없애자는 것이 아닙니다. 국가 비상사태에 준하는 취업난인데, 어느정도는 시대의 흐름과 맞게 가야 한다는 것입니다. 기사시험을 도면과 시공문제가 아닌 수학문제와 말도안되게 깐깐한 채점으로 일부러 합격률을 낮춘다면 문제가 있는 것입니다.\n다시 한번 말씀드리지만 기업에서도 채용을 원하고, 구직자도 그 기업에 입사하고 싶지만 양 쪽 다 하지 못하고 있는 상황입니다.\n청와대 에서는 이 문제에 대해 신중한 검토 부탁드립니다."
351009,2018-08-22,2018-09-21,0,15,보건복지,내일 태풍 심하게 온다고하네요,내일  태풍 2개나 겹혀 심하게 온다는데\n초중고등학교 휴교 한다는데\n왜 어린이집은 태풍불면  휴교  안하나요?\n같은교육인데 학교는다휴교하고 왜어린이집은휴교가안되는거죠?\n말그대로 학교에휴교결정되면 그학교다니는아이들부모님은 출근해야하나요?집에 엄마아빠가있어야 내아이잘돌보는건아닌가요? 부모도없는데 아이만덩그러니집에만있으면출근하는부모는 회사에서 맘편히일할수있나요?
1656,2017-09-03,2017-09-18,0,0,문화/예술/체육/언론,서울 사직단 복원사업과 관련하여 건의사항을 올립니다.,"제가 건의할 사항은 다음과 같습니다.\n첫 번째, 서울시교육청 유아교육진흥원 건물(교육동 및 행정동)을 복합행정빌딩으로 재건축한다.\n두 번째, 서울 사직단 내의 서울시립어린이도서관과 사직동 주민센터, 사직동 주민센터를 복합행정빌딩으로 재건축한 서울시교육청 유아교육진흥원 건물로 이전시킨다. 아울러 서울특별시교육청 종로도서관 부지는 서울 사직단 복원사업 대상에서 영구 제외시킨다.\n세 번째, 서울 사직단 내의 단군성전을 금천구의 삼성산 시민휴식공원으로 이전시키고, 단군성전 자리에 복합행정건축물을 새로 지은 후 서울 사직단 관리사무소를 이곳으로 옮겨오고, 동시에 서울 사직단 역사문화관을 신설한다.\n지난 2014년에 문화재청에서 서울 사직단 복원을 위한 공청회를 열었습니다. 하지만 지역주민들의 반대에 부딪쳐 공청회는 실패로 끝났으며, 현재도 매우 불안한 상태에서 서울 사직단 단기 복원사업을 벌이고 있습니다. 사실 지역주민들이 서울 사직단 복원사업을 반대한 이유는 바로 서울 사직단 내에 자리하고 있는 부속시설들, 즉, 서울특별시교육청 종로도서관, 서울특별시립어린이도서관, 사직동 주민센터, 사직동 치안센터가 이전할 수 있는 대체부지에 대한 계획안을 전혀 마련해주지 못하였기 때문입니다. 이 부분에 대해서는 당시 문화재청이나 서울시 모두 문제가 있었으며, 결국 문화재청에서 중기 복원계획 부분까지만 실행하는 선에서 사태를 매듭지을 수밖에 없었습니다.\n이 문제에 대해 좀 더 세부적인 사안을 이야기하자면, 사실 종로도서관 부지는 사직단과 관련한 핵심시설이 존재하지 않을뿐더러, 이미 도로로 단절된 상태이기 때문에 굳이 서울 사직단 복원 계획안에 포함시킬 필요가 없는데도 포함시켜서 문제가 된 경우이며, 서울시립어린이도서관의 경우는 그 자리에 어막대(임금님이 행차하였을 때 임시로 유약(기름먹인 천막)을 치던 자리로 서울 동묘에 어막대 유적이 남아 있음)가 자리하고 있었고, 사직동 주민센터와 사직동 치안센터는 안향청 권역에 해당하는 관계로 이 시설들은 반드시 이전시켜야만 서울 사직단 복원사업을 마무리 할 수 있다는 점입니다. 사실 이 부분은 대체부지 문제 때문에 전혀 해답이 없던 상황이었는데, 뜻밖에도 현 정부의 도시재생 사업에서 그 실마리를 찾을 수 있었습니다. 그것은 바로 서울 사직단 바로 위에 위치한 서울특빌시교육청 유아교육진흥원(교육동 및 행정동 모두 포함)을 복합행정빌딩으로 재건축하는 것입니다. 유사한 사례로 양천구 목1동 주민센터 행정복합센터 재건축 사업을 들 수 있는데, 도시재상 뉴딜정책을 통해 서울 사직단 부속시설들에 대한 이전문제를 손쉽게 해결할 수 있습니다. 아울러 종로도서관을 서울 사직단 복원사업대상에서 영구 제외할 경우, 종로도서관의 대체부지문제로 고민할 필요가 없어질 뿐만 아니라, 종로도서관도 행정복합빌딩으로 재건축하여 활용할 수 있게 됩니다. 이 경우, 오히려 서울 사직단 복원사업에 훨씬 더 도움이 된다고 할 수 있겠습니다.\n마지막으로 서울 사직단 내에 위치만 현정회 단군성전의 경우 금천구의 삼성산 가족근린공원으로 이전시키고, 그 자리에 복합행정건축물을 새로 건설하여 서울 사직단 관리사무소를 이곳으로 이전하고, 아울러 이 건물에 서울 사직단 역사문화관을 신설하는 것입니다. 사실 금천구시흥동은 단군숭모사상과 아주 깊은 연관이 있었던 곳인데, 바로 녹동서원과 단군전이 있었던 곳입니다. 때문에 단군숭모와 연관이 깊은 금천구 삼성산 가족근린공원으로 단군성전을 이전하자 한 것입니다.\n그리고 서울 사직단 복원사업을 현 사직공원 부지 내에서 완료한 후에는 사직단 궁장을 완전히 복원하고 사직단 정문에 매표소를 설치하여 일반인들의 출입시간을 오전 9:00~오후 7:00(동계: 오전 9:00~오후 6:00)로 제한하는 것입니다. 사실 서울 사직단을 완전히 복원할 경우, 문화유산 관광자원으로 충분히 활용할 수 있기 때문에 이는 반드시 실행되어야 할 것입니다. 아울러 도시재생 뉴딜정책을 통한 최초의 문화재복원사업이라는 점에서도 중요한 의미를 가진다고 할 수 있을 것입니다."
403945,2018-10-11,2018-11-10,0,6,교통/건축/국토,도로  과속방지턱  문제점  재고바랍니다.,저는  청주 지방에서 샤시 유리 건축업애  종사하고있읍니다  지난주에  저의집앞  도로가  2차선에서  4차선공사로 완공  재포장이  돼었더군요  그런데  4차로에  어느날  갑자기  과속방지턱이  생겼더군요  속으로  요즘 젊은분들 말로   헐---  했읍니다   소통에원활을위해서  2차선길을  4차로로 확장 해놓고는이게  무슨  짓거린지  도무지 이해가  안됐읍니다   그래서  한말씀 드립니다  전국에  과속방지턱 이  왜필요한지  도무지 이해가되지않읍니다  화물차하시는분 들에  고충은  조금도  몰라주는  그야말로  공직자들에  탁상공론이며  이거야말로  적폐며  구시대적 발상입니다  세종시  이전할때   과학기기들  아끼려고  무진동 화물차쓰시는  공직자들께서  왜  그것이  얼마나  사회악인지 모르시나요  무조건  안된다는게아닙니다  꼭필요한  학교앞이나  사고가  많은곳은  필요합니다  인정합니다  하지만그런 꼭필요한곳이라도 설치규정을  꼭지켜서  차에 손상이없도록  설치를하시던가  차가  펄쩍 띨정도로  높게돼있어서  화물이 파손될정도로  무책임하게  높게  엉터리설치한곳이  전국에 수없이 많읍니다  꼭  다시한번  간곡히   청원합니다  전국애  과속방지턱  꼭필요한지  검토해보시고  학교앞같이  꼭필요한곳은  설치규정대로  설치해주실것을  청원합니다
151403,2018-02-25,2018-03-27,0,8,인권/성평등,댓글 문화 개선을 위해 인터넷상 모욕죄 성립을 조건을 고쳐주십시요.,"문재인 대통령님 및 정부 인사 여러분, 안녕하십니까? 전 대한민국의 평범한 중고생으로 현재 한국의 인터넷 문화에 대한 여러가지 개선이 필요하다 느껴 청원 드립니다. 다름이 아니오라 네이버 기사문 댓글창을 보면 서로 정치적 견해가 다르거나, 서로 응원하는 아이돌이 다르다는 이유로 서로 댓글을 통해 인신공격을 하는 경우가 흔합니다. 제가 조사한 바로는 현재 댓글상 모욕죄가 성립하려면 상대방에 대한 직접적인 '욕설'이 있어야 한 것으로 압니다. 그러나 현재 댓글을 보면 욕설을 직접적으로 지칭을 안해 법망에서 빠져나가고 욕은 없되 도를 넘은 인신공격, 지역차별, 특정 사이트 회원으로 몰기 같은 방법으로 치사하면서도 간사한 행동을 통해 타인을 비방하고 다니는 사람들이 있습니다. 한국이 진정한 IT강국으로 거듭나려면 서로 반목하는 이 인터넷 문화부터 고쳐야한다고 생각합니다. 비록 제 짧은 소견일지 모르나 법으로 모욕죄 성립 조건을 낮추어서 욕설이 아니더라도 타인에 대한 비방이나 인신공격은 처벌 가능하도록 한다면 서로간에 더욱 예의를 지키고 아름다운 인터넷 문화가 성립하는 것을 물론이고 대한민국 국민들 사이에 말싸움이 아닌 성숙한 토론 문화가 정착할 수 있다 생각합니다. 또한 인터넷 문화를 잘 모르시고 비속어에 익숙한 어르신들을 타켓으로 어르신들을 막 비꼬며 댓글을 달기 시작해 수위를 높여 결국 인신공격을 통해 욕설을 유도하고 역으로 그 어르신분들 모욕죄로 고소하는 경우도 있다고 청와대 청원 게시판을 통해 들었습니다. 이런 문제들을 해결하기 위해서는 처벌 조건을 고쳐야한다 생각합니다. 물론 표현의 자유를 지키기 위해 비판글이나 언어적으로 비꼬는 듯한 글들은 당연히 처벌 조건에서 제외시켜야하겠다만 적어도 사람의 인격을 공격하고 비방하는 댓글만큼은 욕설이 없더라도 처벌해야한다 생각합니다. 긴 글 읽어주셔 감사드리며 문재인 대통령님 뿐 아니라 각 기관에서 국민을 위해 수고하시는 분들과 국회에서 노력하시는 의원님들께 감사의 말과 더욱 더 국민이 행복한 대한민국을 만들어 달라는 부탁의 말 남깁니다. 감사합니다."
334731,2018-08-10,2018-09-09,0,18,보건복지,국회특활비는 꼬박챙기려하고  복지부는민심무시 국민연금수급늦추기 ???,"민감한시기 오늘 국민연금 수급시기 60-65세조정  뉴스 뭥미 ???   국민 우습게보임 ??   국민연금 시작할땐 국민과 약속 지급시기가\n55세나. 60세 아니었나??\n""국민의사와 ""상관없이 일시반환급 폐지하고\n지급시기 늘리고 맘대로 돈운영하다 날려먹고\n연금이 고갈되니. 요율올려야한다고???\n지급시기 더 늦춰야한다고??\n국민연금에대한 민심 모르나 ???\n보건복지부가 문재인정부 말아먹으려 작정하나 ??\n대통령 지지율 떨어지는 민심 안보여 ???\n이런데 국회는 특활비 챙기려 혈안\n복지부는 국민연금 늦게 주려혈안\n대체 누굴위한 국회요 정부냐 ???\n대체 국민연금이 눈먼 쌈짖돈이냐???\n국민들 돈으로 이러면 안되지않나??\n고갈이 어텋타고?? 요율 올려야한다고 ???\n국민의사와 상관없이 요율인상\n수급시기 늦추면 큰일남을 경고한다\n민심 이반되  다음대선에서 노무현정부처럼\n정권빼앗길수있다 보건복지부는 심사숙고해라\n이젠 연금유지위한 연금붇기로 변질된듯하다\n국민연금 어려운분들한테 일시반환하고\n대대적 구조조정하라 !!!"
94032,2018-01-13,2018-02-12,0,42,기타,"""가상화폐규제 찬성""","서민들에 행복한꿈이라는말은 투기로 돈을 버는 사람들 얘기이겠죠.\n지금 대한민국 사회는 가상화폐에 광풍으로 그동안 한탕주의로 물들은 이 사회에 대한 자성의 목소리가 아닐까 생각합니다.국민들이 보는 공무원,정치인, 사회 상류 계급층에서의 적폐... 그동안 보여준 모습이 바로 한탕주의에 표본이 아닐까 생각합니다.\n하지만 이건 아니라 생각합니다. 한창일할 나이에 미래의 꿈을 위해 자신을 개발하고 가꾸어야 할 때\n아무리 발버둥쳐도 나아지는 삶이 아닌 점점 더 구렁텅이로 빠져드는 삶이 이 현실을 만드는거 아닌가 생각합니다.\n하지만 가상화폐는 투자가 아닌 투기입니다.\n더 늦기전에 더 혼란이 가중 되기전에 더욱더 강력한 규제를 해야 합니다. 모든일에는 반발이 있기 마련입니다.\n대한민국의 백년대계를 위해 지혜를 보여주길바랍니다."
344822,2018-08-17,2018-09-16,0,0,문화/예술/체육/언론,멜론 차트 조작 정치뿐 아니라 예술 문화 언론 어딜 믿어야 합니까,정치부터 시작해 문화 예술 언론까지 국민들은 뭘 보고 뭘 믿어야 하는 겁니까 거짓된 정보와 조작 된 순위등 국민들을 자꾸 농락하는 것 과 같습니다 작은 부분이라 생각 하시겠는지는 모르겠지만 범국민적인 부분으로 보았을때 멜론에서 차트 순위 조작 등 네이버 댓들 등 조사하여 바로 잡고 국민들이 믿을 수 있는 나라를 만들어주세요 그런 작은 것들 하나하나 조작하는 것이 점점 커지며 정치적으로든 대기업들이든 비리가 생겨나고 국민들이 왜곡된 정보와 컨텐츠 등을 접하는 것 이라 생각 합니다  즐기는 문화 거리 조차 조작 된 우리나라 조사하여 처절하고 믿을수 있게 바꿔주세요
11304,2017-09-06,2017-09-21,0,3,외교/통일/국방,여자들도 국방의 의무를 하게 해 주세요,요즘 남자들만 국방의 의무로 군대에 갑니다. 저는 남자들도 말고 여자들도 국방의 의무로 군대에 가는 것이 옮다고 생각합니다. 왜냐하면 여자와 남자는 평등하다고 하지만 이런 점은 평등하지 않기 때문에 여자들도 국방의 의무로 군대에 가야 한다는 것을 저는 청원합니다.
427555,2018-11-01,2018-12-01,0,102,경제민주화,외식업 간이과세자를 3억이하로,"세법상 간이과세자 연간매출 4,800만원 미만 을 연간매출3억원 미만으로 바꾸어야 합니다.\n여신전문금융업법상 영세가맹점 지위를 연간 신고매출기준 3억원 이하로 법제정을 했으면 국가기관의 행정기준은 동일한 기준이어야 합니다.\n3억원 이하를 영세가맹점으로 인정하면서 간이과세자 지위 연간매출4,800만원은 수십년간 그대로 입니다.\n연간매출 4800만원은 생존이 가능한 매출이 아닙니다.\n4,800 - 식자재 1,600 - 임대료 1,200 - 세금 300 - 공과금등 700 = 1,000 ÷12개월 = 월소득 83만원\n월83만원으로 생활이 되는지 묻고 싶습니다.\n부가세 창출 많이 하는 외식업에 당연히 형평성 있게 세제 혜택을 주어야 합니다.\n매출의\n6~7%(매출-매입-카드1.3%공제=부가세)를 부가세로 내는 외식업이 2~3%내는 소매업에 비해 순이익이 높지 않고,고용도 더 많습니다.\n그리고 연간 신고매출 5억 이하 가맹점은 카드수수료가 현재 자영업에서 이익이 생기는 구조입니다.\n카드매출의 1.3%카드공제로\n현재 카드 수수료\n연간 3억미만 체크카드0.5%,신용카드0.8%\n연간 5억미만 체크카드  1%,신용카드  1.3%로 결제승인 할수록 돈버는 구조입니다.\n카드수수료 절감은 도움이 되지 않습니다.\n간이과세자의 지위를 3억미만으로 법제정해 주시길 바랍니다."
22995,2017-10-22,2017-11-21,0,30,반려동물,개를 키우지 않는 사람의 안전을 지키는 것도 정부가 할 일이다,개를 키우는 즐거움이 개를 키우지 않는 사람들의 안전보다 소중할 수 없습니다.\n최시원 반려견사건을 계기로 정부는 영국이나 독일처럼 목줄 입마개 등을 반드시 법제화 해주시기 바랍니다.
123022,2018-01-31,2018-03-02,0,2,저출산/고령화대책,임산부를 위한 자그마한 배려,"안녕하세요\n매일 지하철로 2시간씩 왕복 4시간 출퇴근하고 있는 임신초기 임산부 입니다.\n지하철에는 임산부나 경로자를 위한 좌석이 마련되어 있지만, 출 퇴근 시간에는 그곳엔 이미 할머니/할아버지 들께서 채우고 앉아있어 앉을 생각도 못하고요\n입덧을 겨우겨우 입을 틀어 막으면서 참고 서서 다니고 있어요.\n임산부들에게 배려를 해달라는 의미로 서울 메트로에서는 임산부들에게 뱃지를 주고 있다는 데요,\n제가 타고 다니는 경기권 코레일에서는 전혀 임산부를 위한 제도를 운영하고 있지 않아서요.\n제가 문의하였더니, 서울 메트로에서만 진행한다고 서울가서 뱃지를 받으라네요~ㅠㅠ\n출퇴근하는것도 힘들어 죽겠는데, 이몸을 이끌고 서울까지 가서 받으라니요...\n코레일에서도 임산부를 위한 뱃지를 배포할수 있도록 청원드립니다\n별것 아닌것 같지만...\n저는 이 대중교통 때문에 회사를 그만 두어야 하는 생각도 하고 있어서요.\n저에게는 경력단절로 이어질수 있는 문제입니다\n더 이상은 이렇게 서서 통근하는게 불가능 할것 같아\n바쁘신것 아는 중에도 청원 드립니다.\n감사합니다"
115584,2018-01-26,2018-02-25,0,0,정치개혁,지방중소도시에 있는 대규모 공공시설에 대하여 강력한 소방점검이 필요합니다,지금해야합니다
451664,2018-11-24,2018-12-24,0,12,교통/건축/국토,음주운전 처벌강화법 윤창호법 빨리 통과시켜주세요,왜 빨리처리안하고 미적되십니까? 국회의원 청와대 고위공직자 판검사들이 많이들 음주운전 하시니 통과가 겁난게지요. 국민들은 그렇게 생각합니다.
241697,2018-05-23,2018-06-22,0,3,경제민주화,"활부 자동차 완납후에 근저당은 왜 풀어주지 않나요,",다수의 서민들의 자동차구입 방법은 년간 단위의 자동차 활부금융을 이용하고 있는줄 알로 있습니다.\n문제는 활부 완납후에는 근저당이 되어 있는것을 잘모르고 있습니다.\n10년정도 지나서 자동차을 양도 하거니 폐차 할려고 하면 문제가 됩니다.\n10년도 휠씬 지난 차가 근저당이 되어서 처리가 안된다고 하니 황당 합니다.\n결국은 케피탈 콜센터에 전화하면 영업소에 자동차 원부 들고와서 해지비용 납부하랍니다.\n은행이체 하면 안되냐고 물어보면 무조건 와서 처리 하라고 합니다.\n국민 여러분 (부자들은 제외 ) 도대체 은행에서는 이체하는 방법은 왜 만들어요.\n은행권에서 사용이 안되는 제도는 왜 만들엇습니까?\n케피탈은 금융 회사가 아닙니까?\n또 해지 비용은 잡은 쪽에서 부담 하는게 아닌가요.\n이른 불합리한 일을 관련 감독관청은 왜 눈감고 모른척 하나요.
115816,2018-01-26,2018-02-25,0,3,저출산/고령화대책,아들셋 딸셋 부모들의 꿈!,저는 41살에 결혼해서 8살6살5살 삼형제를 둔 아빠 입니다\n주위에 아들 둘이나 딸둘 가진 부모들은 모두 공감하는말인데\n셋째 부터는 원하는 성별의 아이를\n가질수 있도록 허용하면 어떨까요?\n그럼 저도 딸 둘은 더 낳을 생각입니다\n아이를 좋아해서 많이 낳고 싶은데\n성별의 벽에 막혀 포기하는 사람들이\n생각보다 많은거 아십니까!\n국내에선 원하는 성별을 가질수없어\n물건너 가서 아이를 가져야하나 고민중입니다\n저출산에 형제 자매를 가진 부모에게\n셋째부터는 원하는 성별의 아이를 가질수있도록 허용하면 지금보다는 많이\n출산할거라 장담합니다\n대통령님께 청원드립니다
492220,2019-01-10,2019-02-09,0,4,일자리,면접시 결혼여부 자녀계획 등 여성차별질문 금지시켜주세요,30대여성이 면접을 가면 항상 물어봅니다\n결혼했는지 했다면 임신계획은?\n저희부부는 경제문제로 자녀를 가질 형편이 못됩니다\n자녀계획이 없다고 하면 백이면 백 왜 안가지려느냐 묻습니다\n일하다가 임신하면 자기들이 곤란하다고 말합니다\n심각한 사생활침해이면서 명백한 성차별입니다\n결혼여부로 인해 채용시 차별대상이 되는 것입니다\n미국의 경우 면접관이 결혼여부 및 자녀계획등의 질문을 못하게  금지되어있습니다\n한국에서도 기업들이 위와 같은 질문을 하는 것을 법으로 금지시켜주십시오!!
64717,2017-12-12,2018-01-11,0,0,미래,공무원 채용 및 진급 시 실무수습요건 추가,"공무원 채용시 시험만 치면 원하는 급수의 공무원이 될 수 있다.\n하지만, 이로인해 사람들은 높은 급수만을 노리고 수년간 공부를 하는 사람들이 많다.\n공무원 채용 및 진급 시 하위 지역인 읍>군>구>시>도  이런 순으로 올라가면 더 많은 경험으로 책상공론이 아니라 실무를 접목하여 해결방안이 나오지 않을 까 생각한다.\n아니면 채용 및 진급 시 회사에서 수습기간이 있는 것처럼, 공무원도 급이 높더라도 해당 업무에 대한 실무를 무조건 해봐야 되는 실무수습기간이 추가로 있었으면 한다. 요즘 뉴스나 사건사고 터져서 나오는 정부기관의 전문가라고 하는 사람들이 하는 답변을 보면 너무 허무 맹랑한 실무적으로 실행이 불가능한 이야기만 하는 것 같다. 실무를 봐야 실제 그 직종을 가진 사람들을 만나봐야 어떠한 상황이고 어디까지 행동할 수 있으며 일이 어떻게 흘러가는지 알수 있는 게 아닌가.\n시험만 치고 그 직무를 하는 고위 직급들의 행동은 전문가로써 지시를 해야되는 자리임에도 하위직급인 실무자보다 모르는 경우가 많으니 이를 고치려면 실무수습 기간은 꼭 필요 한것 같다. 실무자 보다는 많이 알아야 되는게 지시하는 직급으로 써 당연한 것이니 다 알때까지 실무수습을 해야 될 것 같다."
174561,2018-03-25,2018-04-24,0,14,안전/환경,미세먼지를 해결할 근본적이고 실효성있는 대책을 촉구합니다,"근래 겨울 및 봄철에 맑은 하늘을 본적이 손에 꼽을 정도로 잿빛 미세먼지가 기승을 부리고 있습니다.\n미세먼지의 원인은 국내요인(노후된 경유차,석탄화력발전소,공사장 지산먼지 등)도 없다고는 할 수 없겠지만 국외(중금속이 다량 함유된 중국발미세먼지)요인이 가장 영향이 크다는 것이 최근 연구결과에 따라 밝혀졌습니다.\n맑은 하늘을 보고 맑은 공기를 마시는 것은 국민으로서 가장 기본적인 기본권인 생명권과 관련되며 또한 헌법상 행복추구권과 매우 밀접하게 관련되어 있습니다.\n앞으로도 계속 미세먼지가 해결될 기미가 안보인다면\n이나라는 점점 희망을 잃어가고 아이들이 살 수 없는 환경이 되어 출산율 하락 속도도 가중될 것이라고 생각합니다.\n국민들이 많은 것을 바라는 것은 아닐 것입니다 마음껏 주말에 야외에서 뛰어놀 수 있고, 취미활동을 할 수 있는 소소한 즐거움을 누릴 수 있는 것이라 생각합니다.\n국민 모두가 스스로 미세먼지 저감대책에 동참하여 대중교통이용하기 등 당장에 할 수 있는 작은 행동부터 실천하여 주시고\n정부차원에서는 중국측에 강력히 항의하여 실효성있는 대책을 마련해 주시기를 강력히 촉구합니다."
411669,2018-10-19,2018-11-18,0,10,육아/교육,양육수당을 50만원으로 인상해주세요,"지금 사립유치원의 정부의 지원금을 원장 개인의 사적금고로 사용해 문제가 되고 있습니다.\n양육수당을 50만원으로 인상해서 선택지를 늘려주세요.\n국공립유치원,사립유치원,학부모의직접 양육으로 다양화 해주세요.그래야 서로 경쟁이 됩니다.\n사립유치원의 비율이 압도적으로 많아서 학부모의 선택이 제한적입니다.\n저는 입학금과 등록금때문에 사립유치원을 보낼 형평이 안됩니다.\n1.국공립유치원을 모든 초등학교에 설치해 주세요.\n5대5비율로 최대한 빨리 맞쳐주세요.\n2.양육수당을 50만원으로 인상해주세요.\n양육수당을 50만원으로 인상한다면 맞벌이 가정인 경우 최대한 2년은 부모가 번갈아 육아휴직을\n통해  가정에서 양육을 할수 있는 선택지를 줄 수 있다고 생각합니다.\n참고로 양육수당 50만원 충분히 할 수 있습니다.사립유치원장들의 반대(이들에게 유아운생들의 수는 돈입니다.)와공무원들에 대한 로비대문에 불가능하죠.\n우리 학부모님들 힘을 합쳐서 양육수당 50만원 이루내야합니다."
107998,2018-01-22,2018-02-21,0,5,외교/통일/국방,군인들 대우좀 잘해주세요,"군인들이 우리나라를 지켜주는데 해주는게 없어요.\n군인들이 식당이나 PC방같은 곳을 가면 돈을 삭감해주세요.\n그리고 사망했을때나 다쳤을때나 지원 좀 해주세요.\n군대 복무기간을 줄이는것도 좋지만 이런 편의적 개선도 필요하다고 생각됩니다.\n그리고 사람들이 군인들을 폭력,협박 할땐 군인도 반박 좀 가능하게 해주세요.\n민간인이 군인을 떄리고 폭행하는데 군인은 맞기만 해야돼요.\n민간인이 폭행할땐 군인도 정당하게 할수있게 해줘야 한다고 생각됩니다."
225886,2018-05-07,2018-06-06,0,5,문화/예술/체육/언론,spotv now 엘클ㄹ라시코 중계 유로화 폐지 요청,spotv now에서 엘클라시코 중계 유로화를 실시하여  수많은 팬들이 엘클라시코 경기를 보지 못합니다. 전부다 같은 경기임에도 불구하고 유로화를 하는 spotv의 의도를 이해할수없습니다.
320856,2018-07-27,2018-08-26,0,850,육아/교육,전업주부 자녀의 보육시설 등록을 막아 주십시오.,"불철주야 고생하시는 정치인 분들과 친애하는 문재인 대통령께 청원합니다.\n근래 들어 맞벌이 부부가 늘어나고 있는 것은 사실입니다. 이들에게는 일에 전념하느라 자녀를 돌볼 시간이 부족한 것도 사실입니다. 따라서 맞벌이 부부는 보육시설에 아이를 맡길 명분이 있습니다. 허나 남편 혼자 돈을 벌어오는; 아내가 전업주부인 가정에서는 굳이 아이를 어린이집, 유치원과 같은 보육시설 등록이 필요한 이유가 있겠습니까? 본래 ""전업주부""라는 것의 정의가 무엇입니까? '다른 일에 종사하지 않고 집안일만 전문으로 하는 주부'가 전업주부의 뜻입니다.\n육아는 집안일에 포함되지 않습니까? 전업주부가 할 일이 많다는 것은 반은 맞고 반은 틀린 말이라고 봅니다. 전업주부는 집에서 청소를 하고, 장을 봐서 밥을 차리고 아이를 돌보는 것이 일입니다. 그렇지만 요즘 전업주부의 일상이 어떻습니까, 아침에 집 앞에 잠깐 나가 아이를 버스에 태우고, 집에 돌아와 TV를 보거나 맘카페 회원들을 만나 초저녁까지 레스토랑, 카페 등지에서 종일 죽치고 있다가 아이를 버스에서 데리고 나와 집에서 저녁 먹이고 재우고, 남편 오면 저녁 차려주면 끝입니다. 이게 어렵습니까? 남편 밥이나 제대로 차려 줄련지 모르겠습니다. 전업주부 분들은 이걸 보고 뜨끔하시면 안됩니다. 여가시간을 보내는 것이 잘못이라는 것이 아닙니다. 전업주부가 됨으로서 맡은 바를 다하라는 것입니다. 아이들에게는 부모와 함께하는 시간이 많이 필요합니다.\n친애하는 대통령님, 전업주부의 0~4세 연령 소아 보육시설 이용 제한을 두어 주십시오."
225735,2018-05-06,2018-06-05,0,46,반려동물,백령도 동물병원,안녕하세요. 현재 백령도에 살고 있는 청소년 중 한명인데요. 다름아니라 백령도에 동물 병원ㅇ\n없습니다. 그래서 병에 걸려 죽어가거나 아프거나 하는 반려동물들을 치료할 곳이없습니다. 매번 마음 아프게 떠나보내야 하는 주민들을 이해해 주시고 혹시 동물병원 건립 안될까요...?
92235,2018-01-12,2018-02-11,0,5,성장동력,질서있는 퇴장은 암호화폐가 아니라 미숙한 정권,준비도 안된 것들을 열성적으로 지지한\n내가 밉다.
155413,2018-03-01,2018-03-31,0,9,미래,친일파(민족반역자) 후손들을 찾아주세요,이땅에 뿌리깊은 친일파들 그 후손들이 어떻게 살고있는지 궁금합니다 대한민국에서 독립유공자들은 3대가 망하고 친일파들은 3대가 잘사는데 화가나고 열뻗쳐서 이참에  친일파및 후손들좀 파악해서 정리합시다 양심이 있다면 한국땅에서 어떻게 사는지 보고싶습니다
384511,2018-09-18,2018-10-18,0,2,보건복지,어려운 사람좀 살러주세요.,수정안돼서 글다시올립니다.큰애가내년에 고등학교가고막내도 중학교들어가는데 .더이상제힘들도 어떻게살야되는지 모르겠어요.더이상  어떻게살아할지 모르겠어요.
155540,2018-03-01,2018-03-31,0,8,인권/성평등,여성인권만 인권인가요? 남성 인권도 존중해주세요,요즘 미투 운동으로 남성들에 대해서\n대체로 그렇다는듯이 여론을 몰아가는데\n사실 사회생활하면서 느끼기에 여성들이\n생각보다 약자가 아니라는겁니다.\n여성분들 다 좋은 사람 정상적인 사람만 있지도 않아요.\n사회적 위치로 여자가 힘을 가진 입장인 경우도 많아요.\n양성 평등 사회라면 억압받는 남성의 인권도\n지켜주세요. 이 대한민국에서 남자로 산다는건\n생각보다 많이 힘듭니다.\n오히려 여자가 부러울때가 많을 정도로요.
125703,2018-02-02,2018-03-04,0,0,경제민주화,로또 보상율 보다 못한  보험 체계 잡아주세요.,"보험이 왜 이렇게까지 왔는지. 그래도 이대로 둘순 없습니다.  로또는 보상율이 50% 전후이지만  보험은 이보다도 낮은 것으로 알고있습니다. 약 이십년 전에 자료를 보험감독원이 요구하니 저축성 보험까지 합해서 보고해야 하는 사정 이었다고 들은적이 있고, 금은 추측으로 20~30% 정도(자도차 의보 등 사회보험 제외)라고 들은 적이 있습니다.\n보험을 가입할 때 과연 내가 얼마나 평균 보상을 받을 수 있는지 여부가 가장 중요한 정보일 겁니다.\n그런데 우리나라는 어떻게 보험감독원이  보험업을 운영하는지 보상율의 예상치도 몇년의 실적 결과도 알 수가 없습니다.\n이런 결과가 만든게,국민 중 결국 무지할 수록 보험 영업에 쉽게 넘어가 많이 가입하고 그들의 돈으로 보험영업원들에게 초기 몇 년간보험료를 영업비용으로 잔치하고, 그러다 보험료내느라 가난한 이들 버티지 못하니 해약해서 손해로 유도시키는 결과가 현재의 보험입니다.\n이러니 영업의 특징이 불행하거나 수익구조가 낮은 영세민이나 친인척 이용 영업으로 그들의 초기 영업비만 빨아 들이고 내치는 현실이 계속되고 있고, 친인척들은 몇 % 살아남는 영업직 그들을 위해 생활비를 아껴 보험료로 영업해 주는 형태입니다.\n지금부터라고 보험감독원은 초기에는 예상 설계 보상율과 5년 단위 영업시마다 보상율을 공시하고 소비자에게 통보하도록 규정을 정하여, 사회가 치러야하는 비용을 무지하고 가난한 이들에게 넘기는 우를 막으시기 바랍니다."
489074,2019-01-07,2019-02-06,0,18,교통/건축/국토,전국 지역 버스 동호회 회원 전체 대상 (버스 안 동영상 촬영 및 주행 영상 촬영 등) 절대 금지 제안 청원 (강력 엄중 조치와 단속을 부탁 드립니다),최근 몰카 범죄 기승함에 따라\n신경을 안 쓸수도 없을 뿐더러\n결국 괜한 억울한 버스 기사 승무원 분들 한테도\n이중 삼중의 피해가 올수도 있을까 싶어서\n전국 지역 버스 동호회 회원 전체 대상 으로\n버스 안에서 동영상 촬영 및 주행 영상 촬영 등\n절대 금지 할수 있는 방안을 검토해 주실것을\n제안 청원을 올려 드리오며\n강력한 엄중 조치와 단속을 엄중하게 처리를\n해주실것을 제안 청원 합니다
399561,2018-10-06,2018-11-05,0,5,교통/건축/국토,자영업자 모두에게 상가법 적용 안 되는 법이 무슨 개정입니까 소급적용 되어야 합니다,상가법 통과되었다고 좋아했는데 자영업자들을 우롱하는 법이란데 화가납니다\n모두에게 혜택이 된다고 생각하지 누군 되고 누군 안된다니 말입니까 그게 법 통과되었다고 좋아할것도 좋아질것도 없다는겁니다.비참합니다. 먹고 사는 생계가 달린 문제인데 소급적용이라니 말입니다\n현실적으로 법이 적용되어야하고 보호가 되어야하는 상가법개정이 절실합니다\n꼭 소급적용 되어서 모두가 안정적으로 영업하게 되길 바랍니다
125625,2018-02-02,2018-03-04,0,2,기타,휴대폰 단순변심 청약철회 가능하게 부탁드립니다.,"3일전 휴대폰을 개통후에 단순변심으로 계통을 취소 할려고 했어나 통신사에서는 제조업체as에서 불량 받아오라고 하고 삼성에서는 기계불량이 아니라서 안된다고 합니다.\n할부거래법이라는게 있다는데 왜 휴대폰만 단순변심 환불이 불가능 합니까.\n홈쇼핑이나 다른 오프라인매장에서는 7일 이내는 무조건 환불이 가능하다는데 왜 휴대폰만 안될까요?\n물론 3일간 사용중에 휴대폰에 훼손이 생겻어면 환불이 불가능 할수는 있는데, 휴대폰(아무이상없이)이나 부속품을 그대로 반품한다고 해도 안된다고 하니 휴대폰만 왜 그런 혜택을 받는것인지 뉴스를 검색해보니 예전에 그런 기사가 있었던거 같은데(법이 시행이 안된것인지) 얼마전에 바뀌었다는 애기도 있고, 휴대폰도 7일내에 14일이전 교환반품가능하도록 할부거래법이나 관련 법안을 좀 수정해 주셨어면 좋겠습니다.\n그냥 답답한맘에 한번 올려봅니다. 물론 기대는 크게 안하지만 그냥 저냥 속상한맘에 한번 건의 해봅니다. 그리고 단말기 유통법은 확실히 손볼 필요가 있다고 생각합니다. 제조와 유통 분리가 꼭 필요하다는 생각입니다. 왜 통신사에서 휴대폰을 대량으로 납품받아서 그것을 고객에게 팔고 팔고 난 후에 책임은 서로 떠넘기는 식으로(제조사는 통신사가봐라 통신사는 제조사 가봐라) 영업을 하게 놔두시는지요.\n바쁘신 시간에 긴글 읽어주셔서 감사합니다. 수고 하세요."
150039,2018-02-24,2018-03-26,0,0,문화/예술/체육/언론,김보름  박지우  선수박탈응원,김보름  박지우 인성이의심스럽습니다 머리나검정색으로하지추합니다
460746,2018-12-05,2019-01-04,0,6,육아/교육,수협은행적금통장,수협은행에서 만든 쑥쑥크는아이적금을 만들기위해 전화문의를 하였습니다. 12월부터는 하루 10계좌만 만들어주신다고.. 아이를 낳은지 긴시간이 아닌 산모라 아이를 친정어머니께 맡기고 아침일찍 은행으로 향했습니다.\n도착하니 은행 셔터는 안열려있지만 다른 아기 엄마들이 벌써 10명 티켓 받았다며 오늘은 끝났다 하더라구요.\n문재인정부로 바뀌고 주 52시간 근무시간은 안따라주시나보죠 수협은? 변명으로는 줄이 길어서 편의를 위해서 그랬다는데 그러면 그 다음에 오거나 하는 다른 아기엄마들은요? 6세미만 아이들을 위해 만든건데 6세이하 아이들을 집에 낳두고 나오거니 같이 나올수 있는 환경이 되는 엄마들이 몇이나 되는지. 또 명백하지 않게 미리 순서표를 나누어 주시고서는 내일도 모레도 그럴꺼라는 서울 화곡역지점 분들. 새벽 4시부터 나와서 줄서시는 분도 있다며 사과는 커녕 나무라던 분들. 아이이름걸고 만든 이벤트가 민원이 너무 많이 들어온다며 내려야겠어요 하며 말씀하신 민원 콜센터 분. 수협은행은 참 책임감이 없네요. 실망이 큽니다.\n다들 어려운 상황에 금리 높은 제품으로 아기들 이용해서 이런건 아니지 않나요.
76516,2017-12-29,2018-01-28,0,2,인권/성평등,박영수 특검을 해체하라,"안종범은 문고리 3인방으로서 국정농단의 주범이다.  그런데 특검의 플루바게닝을 이용하여 범죄를 감형받으려는\n목적으로 거짓진술로 국민들을 속이고 있다.  안종범의 진술중,  이재용부회장에게 발신번호로 휴대폰을 전화를\n걸었더니 ""통화가능한 번호라고 피드백문자를 받았다""는 것이다.  이 문자는 모든 통신사가 사용하는 부가서비스\n인데 개인이 부가서비스추가하여 요금을 내고 쓰는 부가서비스중 하나다.\n한 개인이 다른사람과 통화중일때, 제 3자가 전화를 걸어 통화중일때나 전화를 받지 못할때 되돌아 가는 통화\n가능한 번호라고 확인해주는 써비스다.   이재용부회장이 문자를 보낸것이 아니라 자동적으로 부가서비스에\n가입하여 통화중일때 상대방에게 통화가능한 시간에 통화가가능하다라고 알려주는 통신사의 자동 피드백\n문자다.  결과적으로 이재용 부회장이 보낸 문자가 아니라 자동적으로 부가서비스에 의해 통화가 불가능할 때\n상대방에게 통화가능한 시간에 통화가능하다고 알려주는 단순 문자이다\n특검은 이런 상식적인 기본적인 것도 모른다.  국민들은  부가서비스를 사용하는 분들이 대다수이기 때문에\n다아는 사실을 특검은 모르고 공소장에 증거인양 집어 넣었다.  국민들을 속이는 작업 그만하라.\n이재용부회장과 삼성 임직원 분들에게 국민의 한사람으로서 무죄인 부분을 이런 속임수로 가짜 증거로\n우리나라 대기업을 흔드는 작업들을 그만하기를 간절히 바래본다.   특검은 반성하라. 거짓된 증거자료와\n공소장 내용으로 국민들을 속이지 말라. 정정당당하게 무죄인 삼성을 억울함을 풀어주어야 한다.\n삼성의 대기업을 무너뜨리고 반 삼성감정으로 댓글퍼날르는 세력들은 ""적폐""가 아닌가 이것도 적폐이다.\n반삼성감정으로 특검은 재판에 임하는 분들의 형편성에 밎지않고 편향된 진실과 양심이 없는 권모술수도\n적폐이다.   자기편에 선 자들은 적폐가 아니라고 할지 모르지만 국민들의 눈으로 바라보았을 때 분명\n형평성과 공정성을 잃은 특검의 반 삼성감정으로 치우친 재판진행은 부끄럽다.   특검은 현장에서 일어날수\n있는 모든상황과 일반적인 업무상황 경영상황 나라적으로 급작스럽게 일어날수 있는 상황등을 고려해야함에도\n고려하지 않는 것이 양심인가?  과연 국가를 위하는 분들인지 의심스럽다.   개인적인 삼성의 반감정을 가지고\n언제까지 칼춤을 출 것인가?   대한민국은 특검의 나라가 아니다.  특검이 대통령이 되었고,  특검이 사법부위에\n있고,  특검이 법이 되어 헌법재판소까지 무시하고 헌법재판소 대법관위에 있는 것이 특검이 되어 버렸다\n나는 삼성 임직원도 아니다.  그러나 특검의 삐뚤어진 사고와  공정하지도 않고형편성없는 조사와 공소장유지하는\n분들이 갑질을 하고 있는 특검이다."
486772,2019-01-04,2019-02-03,0,27,육아/교육,빠른년생의 제한된 대학생활,19학번이 될 예비대학생 엄마입니다.\n아이의 고민에 처음엔 그게 뭐가 중요하다고 웃어넘기고 무시했던 부분이었습니다.\n그런데 시간이 지날수록 그게 아니란 생각이 들더군요. 대학1학년..꿈도 많고 인생에서 가장 많이 놀 수 있는 시간이죠..\n그럼에도 불구하고 동기들과 어울리는데 제약을 받고 동기들을 불편하게 하는 아이들이 있습니다.\n빠른년생이죠.미성년자라는 이유로 술집출입이 불가하답니다. 새내기대학생들의 술문화를 옹호하는 것은 아닙니다. 어리기만 해보이는 아이들이지만 그것도 그들의 문화니까요.\n같이 입학해서 같이 공부하고 같이 추억을 만들어가는데  활동함에 있어 어느 한친구땜에 제약을 받는다면 왕따아닌 왕따가 되는거죠.\n빠른년생의 입학을 초등학교때 이미 허락했다면 대학생활하는데에서도 미성년자라는 이유로 차등을 두지 않는게 바람직하다 생각됩니다.\n부디 역지사지의 마음으로 헤아려주시기 바랍니다.
337874,2018-08-12,2018-09-11,0,64,보건복지,애초에 국민은 없고 연금이 아닌 국민연금 폐지 요청,"저는 고등학생 시절 만18세 부터 아르바이트를 했고 국민연금을 가입했습니다. 물론 회사를 통한 강제 가입이겠죠.\n만18세 선거의 권리는 없습니다. 그러나 납세의 의무는 있습니다.\n사리분별이 어렵다는 이유로 국가가 국민으로서 주는 권리는 없지만 사리분별 없이도 국가에 해야할 의무만 있는 만18세 부터 가입한 국민연금\n시급 2천원대, 주6일 근무, 월급 60만원에서 10여%씩 떨어져나가는 돈\n어린 나이에는 연금의 개념 보다는 부당한 세금의 개념이었고 안내서를 조금 자세히 읽어보면 누구도 알 수 있는\n이게 대체 어떻게 나에게 이익이라는 건지, 정말 미래의 나를 위한 돈인지 지금의 어른들을 위한 돈인지\n아니면 공무원연금 군인연금을 위한 돈인지... 이해할 수 없는 잘못된 연금\n만19세부터 납부해도 지급되는 나이를 보니 '애초에 죽기 전엔 받을 수 없겠구나' 세금 처럼 포기해버린 돈\n그당시 어른들이 했던 말대로 나라에서 내라고 하면 내야지 어린 놈이 불만이 많다고 해서 닥치고 충실히 납부하기 시작했습니다. 그렇게 나라에 차곡차곡 쌓아서 바치고 있죠.\n그당시 그 어른들은 지금, 그당시 자기 자식들 지금의 젊은이들이 납부하는 세금 같은 국민연금으로 먹고 사십니다.\n나이를 먹어보니 내가 어린 나이에 생각했던 것이 어른들이 설명해주지 않았던 그것이 맞았습니다.\n나이를 먹어가며 알면 알 수록 납득이 되지 않는 세금, 국민연금.\n그렇게 내 연금 차곡차곡 쌓아서 어르신들 먹여 살리고 있고요\n공무원연금 군인연금 곳간을 꽉곽 눌러담아 채워주는 역할을 하고 있고요\n그러나 국민을 위한 연금은 현재 국민을 위한 부분이 없습니다.\n이미 사회에 없을 나이까지 더 오랫동안 나라에 바치라고 하고요\n이미 세상에 없을 나이에 연금이 지급될 거라고 합디다.\n티비에서는 열심히 그럴싸한 광고를 하고 있지만 여전히 그럴싸하게 국민들은 속일 생각만 하는군요.\n광고에 등장하는 멍청하고 한심한 개돼지 국민들처럼 그렸을 뿐, 국민들 다 압니다.\n국가가 국민 개개인을 갈고 갈아서 국가(공무원 군인)를 발전시키는 사회는 20세기에 이미 끝났고 지금은 21세기입니다.\n애초에 국민은 없고 연금이 아닌 구조의 국민연금\n열에 아홉은 엄한 곳에 털어먹고도 아무도 책임지지 않지만, 한 번 쪼끔 수익이라도 났다 하면 늬들끼리 성과급 잔치하고\n곳간은 나라가 충실하게 털어먹으며 쥐새끼가 여전히 드나드는 밑구멍 뚫어 놓은 곳간은 계속 더 많이, 더 길게, 더 오래 억지로 채워가는 와중에도\n기업에, 공무원에, 군인에... 열심히 털어먹고 있는 지금 이 구조가 과연 연금입니까? 세금입니까?\n아무리 개혁해봤자 공무원연금 군인연금과 통합은 그것들의 혜택을 받는 분들의 '나라가 망할까봐' 걱정에 시도하지도 않을 것이 분명하고\n그분들이 나서서 최소한의 한계에서 벽을 칠 게 뻔하니 아예 없애버리는 게 국민들을 위한 것이라고 생각합니다.\n복지라고 하는데, 누구를 위해 납부하는 내 연금인지 그 실체가 없는 복지가 무슨 의미가 있는지\n국민은 없는 국민연금은 폐지가 국민을 위하는 길입니다."
94239,2018-01-14,2018-02-13,0,2,농산어촌,불법 중국어선의 관한 대응 강화,현재 대한민국 영해에는 수백척에 달아예 는 불법중국 어선들이 마구잡이로 해양생물들을 잡아들여 우리 어민들이 고통을 받고 있습니다 또한 중국어선을 잡기위해 수백 혹은 수천명에 해경들이 저 바다에서 싸우고 있습니다 그러니 중국어선들의 대한 대응을 강화 시켜주십시오 물론 지금도 꽤나 강화 되었지만 대부분 총기류로서 공격을 하다보니 그 위력에는 상당한 한계점이 존재합니다 그러니 불법 중국어선들 에게 본보기로써 어선을 폭파시키던가 아니면 아예 침몰시키는 것이 필요합니다
339384,2018-08-13,2018-09-12,0,65,보건복지,서민 혈세로 왜 군인연금공무원연금 막 퍼 주는데 도동넘들아 국민연금 쥐꼬리만큼 주면서 날강도야 전부 통합하라,서민 혈세로 왜 군인연금공무원연금 막 퍼 주는데 도동넘들아 국민연금 쥐꼬리만큼 주면서 날강도야 전부 통합하라
502610,2019-01-22,2019-02-21,0,2,행정,한국산업인력 공단 cbt 필기시험 문제랑 가답안요청,한국 산업인력 공단에서 주최하는 cbt필기시험  문제를  변형 하고자  제안 합니다.cbt시험 합격 불합격 금방 나오는것은 좋으나 뭐가 틀렸는지 알수가 없어서 답답합니다. 이런  문제 개선좀 해주셨으면 좋겠습니다.
422219,2018-10-27,2018-11-26,0,8,농산어촌,농협중앙회를 지방이전으로 침체된 농촌경제를 발전 시켜주세요,농협중앙회를 지방으로 이전하여 주세요 좁은 서울에 농협중앙회가 있어 농민을 위한 정책보다는 관료들의 눈치만 보는 기관으로 전략 했습니다 농협중앙회가 농민을 위한 정책보다는 단위농협의 조합장의 사금고의 역활로 바뀌어서 발전을 방해하고 있습니다 과감하게 단위농협의 수를 반절로 줄여서 실질적으로 도움이 되었으면 좋겠습니다
120512,2018-01-29,2018-02-28,0,3,기타,제주도 4.3 사건 진상조사 보고서 재작성 및 재조사,제주도 4.3사건에 많은 관심이 있는 학생입니다. 제주도 4.3 박물관도 직접 가보고 여러 책들과 자료를 보았습니다. 물론 진상조사가 이뤄져 보고서까지 작성됐고 고 노무현 대통령님께서도 사과를 하셨죠. 하지만 그 때 잠시만 언론에서 다뤘고 대중들 입에서 거론 되었죠. 이 사실이 너무 안타깝습니다. 그렇다고 진상조사가 제대로 진행되지 않았습니다. TV프로그램 알쓰신잡의 유시민 씨도 그렇게 말했죠. 학살된 주민 편과 학살을 강행한 토벌대 사이의 입장을 좁히기는 쉽지 않게지만 꼭 필요하다 생각합니다. 이것을 계기로 제주도 4.3사건에 대한 대중의 관심이 높아지기를 희망하며 더 나아가 그 배경 뒤에 숨은 검은 이야기가 있다면 밝혀 내기를 희망합니다.
81470,2018-01-07,2018-02-06,0,2,행정,약한자의 억울함.,약한자의 억울함.\n김관용도지사가 임기 12년 동안 도민들에게 속이고 거짓말을 하여 큰 피해를 보고 있습니다. 이 민원도 법의 원칙에 따라 풀렸으면 풀렸다고 민원인에게 공문을 주면 될 것을 주지 않고 행정소송. 행정심판. 국민권익위원회를 동원하여 풀어주지 않기 위해 온갖 수단과 방법 강구하는 것은 옳은 방법이 아닙니다. 법의 원칙에 따라 풀렸으면 풀어주는 것이 법의 정당성입니다. 지도자 일수록 법을 지켜야 합니다. 권력의 힘으로 법을 무시하면 안 됩니다. 이 민원 지금도 공원지역입니까. 아닙니까? 묻고 있습니다. 답을 주세요.  SNS용
444916,2018-11-17,2018-12-17,0,1,저출산/고령화대책,지하철무임폐지및오ㅡ금인상할인제도해주세요,65세지하철무임폐지대중교통할인제도\n지자체지하철운행한곳과\n지자체지하철운행하지않은곳\n65세지하철무임승차대해공평하지않고더불어가는세상속에세평등하게복지해야합니다(지방노인혜택조건임\n지하철무임승차폐지하고\n대중교통50%할인(구간추가요금폐지).현금요금제외.노인대중교통복지카드발급함\n현재대중교통요금대폭인상해야함\n일반현금1.300원인상1.500원\n(65세현금제외)\n일반카드1.200원인상1.400원조조20%(65세50%700원지하철버스)\n학생현금1.000원인상1.200원\n학생카드720원인상900원조조20%\n초등현금.카드450원인상500원조조20%\n복지부정부에게검토부탁합니다
68672,2017-12-18,2018-01-17,0,4,보건복지,"적폐최우선은 공무원연금,군인연금입니다. 공론화합시다.","왜 대통령부터 고위공직자,국회의원들은 쉬쉬 합니까? 공무원,군인연금 부족재원을 국민의 혈세로 연간 수천억씩 지원하는것은 상식과 맞지 않습니다. 개혁안할려면  민간기업도 지원하세요.  형평에 맞지 않습니다.  그들의 노후자금으로 놀고먹는 비생산적인 부분에 지원은 부당합니다.  자기가 불입한 금액만 수령하는게 상식입니다.  국가의 미래를 위해서도 지금 당장 공론화합시다.  노량진의 공시생들 거의 절반이 기업으로 유턴해야합니다.  이게 나라입니까?  그리스나 브라질처럼 국가 부도납니다."
26867,2017-11-07,2017-12-07,0,4,저출산/고령화대책,비정규직양산의 주범 용역회사에 철퇴를!,"전직 기무사, 안기부 출신들이 퇴직후 인맥과 정보망을 활용, 아파트관리 및 기업체인력을 제공하기 위해. 너도나도 만든  용역회사들로\n인하여.  비정규직 양산이 시작되었고,\n이시대의. 대다수의 청년들은 결혼은 커녕\n불안정한 신분과  낮은 소득으로  학자금상환 연체에 따른. 신용불량자의 신세를 면치 못하고 있습니다.\n이들 젊은이들은 집을 마련하고 자식을 키울 적정한 소득이 보장되지않아  결혼은 생각도 못하고 떠돌며, 흙수저계급을  자조하며  OECD국가 최고의 출생률과 청년자살률을 기록하는 국가를 만들었습니다.\n재직시의 인맥과. 정보망을 활용하여   정보원을 심고 아파트동대표회를  장악,  안티세력에 대한 회유와  압박을 통해  관리권을 연장하며,\n정치인에게는. 관리단지에. 뿌려지는 유인물 정보를 흘려  양쪽에서 필요한 이권을 받아챙기고,\n기업과 조달 인력사이에서는  취업중개를 이유로 임금의. 일부를 착취하며,  노동법상 정규직으로 전환시켜야하는 취업연한 이전에  자체관리용역하에 있는. 다른 회사로\n전환발령하는 수법으로. 비정규직 신분을 헤어나지 못하게하며,  기업측으로부터는. 낮은 임금에  양질의 인력을 유지시켜 준 대가로. 이득을 챙기며.    기생해온 아파트관리용역회사 및 기업인력조달회사에 대한  징벌적 제재를 요구합니다."
78907,2018-01-03,2018-02-02,0,2,일자리,중소기업 재직 8개월차... 임신했다고 말씀드렸더니  회사 나가라고 합니다.,안녕하십니까?\n경기 모 중소기업 다니고  있는  임신 6주차 곧 엄마가 될 사람입니다.\n어제도 뉴스에서  저출산.. 고령화 시대 진행했다고 하는데..  뉴스랑  현실은 다르다고 느껴지는 요즘입니다.\n지난주 부서장께 임신 5주차라고 말씀드렸더니  화를 내면서  지금 진행하는 프로젝트에서 빠지고 부서에 패 끼치지 말고 빠른 시일내 회사 떠나라고 합니다. 그리고 회사에 소문나면 너만  소문이 안좋아지고  민폐라고 합니다....\n임신초기라 조심해야 되지만.. 당장 갈곳도 없고  준비된 상황도 아니고... 그만두면 수입도 끈히는 상황입니다...\n매우 안타깝고 속상해서 글 올려 봅니다...\n제가 분명히 조금 더 다니고 출산휴가 육아휴직도 낼거라고 말씀드렸더니  너 배불러서 다니면 사람들이  욕한다고\n그만두라고 합니다.\n시댁쪽에서는 임신초기라 스트레스 받는다고  그만두라고 하는데... 당장  수입이 끈히는 상황이라...출구가 없어 이렇게 글 올려 봅니다.. 제발 도와주십시오...(2차 면담 녹음파일도 갖고 있습니다.)
264871,2018-06-07,2018-07-07,0,11,일자리,유아교육과 실습비를 지원해주세요,"안녕하십니까. 항상 고생이 많으십니다. 유아교육과 학생들을 위해 청원합니다.\n유아교육과 학생들은 일정 학년이 되면 방학기간에 어린이집 및 유치원에서 사전실습과 본실습을 합니다. 이 때 약 10만원 내외의 실습비와 그 외 식비, 교구 재료비 등을 포함하여 약 30~50만원을 내며 실습을 합니다. 지원이 나오는 학교도 있지만 그렇지 않은 학교도 있습니다. 어떻게 보면 적은 돈 일 수도 있지만 방학 기간에 아르바이트도 하지 못하며 실습을 나가야하는 학생들에게는 큰 금액이며 가정형편이 어려운 학생들에게는 큰 부담이 될 것 입니다.\n이를 정부에서 지원해주셨으면 좋겠습니다. 전액 지원이면 더욱 좋겠지만 실습비 중 일정 금액을 지원해주셔도 학생들에게 큰 도움이 될 것입니다. 각 기관마다 요구하는 금액이 다르기 때문에 지원 금액을 국가장학금 소득분위에 따라 차등 지급하면 공정하게 돌아 갈 것 같습니다. 국민의 의견에 귀를 귀울여 주셔서 감사합니다."
143485,2018-02-20,2018-03-22,0,19,문화/예술/체육/언론,밥데용코치를 대한빙상연맹 회장및감독으로 추천합니다,지금 평창올림픽 여자팀추월에서 벌어지고있는 선수간 벌어지고있는 파벌과따돌림을 전국민이 아니 전세계인 TV로 생생하게 보았습니다\n올림픽에는 올림픽 정신이라는게 있습니다\n결과도 중요하지만 결과보다 중요한게 단결 단합 협동 합심 협력 스포츠정신입니다\n좌절한 노선영 선수를 찾아가 위로해준 사람은 같이 경기를한 동료도 아니고 감독도 아닌 외국인 밥데용코치였습니다\n밥데용코치를 대한빙상연맹 회장및감독으로 추천합니다\n힘을모아주세오
10852,2017-09-06,2017-09-21,0,1,저출산/고령화대책,"82년생 김지영, 그 반향을 말합니다 (육아중인엄마들을 위한, 제안드립니다)","안녕하십니까?\n저는 14년 중소기업청과, 소상공인 시장 진흥공단 선정 뉴 비지니스로 선정된 '맘앤드림'이라는 오프라인상의\n커피전문점이자, 맘카페를 운영중인 동시에 경력단절여성이자 육아중인 엄마이기도한 김문정이라고 합니다\n관련 URL\nhttp://www.edaily.co.kr/news/NewsRead.edy?SCD=JC61&newsid=01636726609404016&DCD=A00306&OutLnkChk=Y\nhttp://v.media.daum.net/v/20150119175108400?f=o\n얼마전 TV에서 방송되었던 82년생 김지영이라는 다큐는 방송이후 출산, 육아중인 엄마들 사이에서 자주 회자되고 있습니다.\n여자에서 결혼을 하고 아기를 낳았다는 이유만으로 경력이 단절되고, 단순한 경력단절뿐만 아니라\n사회와도 단절되는 출산과 육아에 대한 문제는 이제 개인의 문제가 아닌 사회에서 함께 해결해야 하는 숙제라고 생각합니다\n저 역시도 출산이전 사회구성원에서 출산과 육아로 경력단절 여성이 되었고, 또 육아를 경험하여 우리사회가\n바라보는 출산과 육아는 아직 구시대적인 부분이 많다는 것을 깨닭았습니다\n사회적 위상이 높아지고, 교육수준 역시 높은엄마들을 위한 프리미엄 공간\n맘앤드림이란 커피전문점은\n맘 (mom) 즉, 엄마들이 아이를 동행하고도 마음껏 휴식하고 배우고, 또 자기계발을 할 수 있는 새로운 비지니스모델로\n14년 중소기업청, 소상공인시장의 창업 지원금을 받았으며 (레퍼런스 확인 : 소상공인시장진흥공단 - 황지희 대리님 042)363-7836)\n16년에는 창업 성공사례로 선정되어 양재 aT센터에서 토크콘서트도 참여하여 발표도 하였습니다\n또한 단순한 휴식처의 개념을 떠나 다양한 분야에 경력이 있는 엄마들이 직접 강사가 되어 재능을 알려주고 또 배우는 육아중인 엄마들을 위한 맘강좌가  월~토(영어, 중국어, 코바늘, etc)까지 진행되며\n취미활동으로 만든 핸드메이드 제품을 판매대행하여 가게를 오픈하지 않는 이상 다양한 핸드메이드 제품들을 판매할 수 없는 엄마들에게 판로를 제공하고 있습니다\n( 그 외에도 중고 물품교환,  및 육아에 관련된 다양한 서비스를 제공 중이며 맘앤드림이라는 상호 역시도,14년  상표권등록을 해 놓은 상황입니다.\n번외로 말씀드리지만 아기의 육아를 위해 엄마라는 이름을 앞세워 많은 재능을 그냥 낭비하는 경우가 허다하며\n영어, 중국어, 일본어 등 어학강좌 외에도 다양한재능을 가진 엄마들을 볼때마다  질높은 여성의 생산성을\n활용할 수 있는 방안을 강구하는 것이 사회적, 우리 공동의 과제라고 생각해왔습니다 )\n저는 개인 소규모 자영업자로서 맘카페를 운영하며 자발적인 생존이 가능 할 수있는 노하우를 지난 3년간 축척하였습니다.마치  아름다운 가게와 같이 각 지역별로 저희 맘앤드림이 위치하게 된다면,\n그리하여 육아중인 엄마들에게 즐거운 경험이자 행복으로 육아의 기간이 기억될 수 있을 것이라고 생각함과 동시에\n엄마들의 경력단절을 해소하고 (강사로, 주인으로 , 판매대행으로 재취업의 기회를 얻는 기대효과가 있음)\n또한 육아를 통한 삶의 질 개선으로 나아가 저출산의 문제 해결에도 도움이 될 것으로 기대하는 바입니다\n(육아의 과정이 즐거워야, 다음 출산을 고려할 수 있다는 측면 외에도 육아수당외에 번외로 자신의 개인 재능을 활용하고 확대한다는 측면으로 볼때)\n저는 저의 맘앤드림이라는 브랜드를 보다 더 많은 소비자들에게 알리고 서비스를 제공할수 있기를 희망합니다\n많은 열정과 에너지를 가진 다른 자영업자들과 마찬가지로 저 역시도 3년이라는 기간동안\n저희 맘앤드림만의 가치, 보이지 않는 경험적 가치를 만들어 나가기 위해 노력해 왔습니다\n이제는 국가적 사업으로 전국에서 저희 맘앤드림의 서비스를 통해 많은 육아중인 엄마들이 보다\n행복해질 수 있기를 희망합니다\n마지막으로, 작년 소상공인시장진흥공단 주최로 양재 aT센터에서 진행한, 토크콘서트 성공사례발표 자료를 공유드립니다 (하기 링크를 누르시면 관련 발표자료를 다운 받으실 수 있습니다)\n좋은 결과로 회신 주시기를  희망하며\n그럼 내부 회의 후 저에게 결과를 공유 주시면, 감사하겠습니다\n감사합니다\n육아중인 엄마들을 위한 공간, 맘앤드림대표\n김문정 배상\n***-****-****"
57942,2017-12-04,2018-01-03,0,5,저출산/고령화대책,다자녀에 대한 기준 연령 상향,"저출산 대책의 하나로 다자녀에 대한 혜택이 주어지고 있습니다.\n하지만 이러한 혜택은 고등학교를 졸업하고 성년이 되는 시점 없어지게 되는데요, 경제가 어려웠던 시절에는 대부분 고등학교를 졸업하고 취업을 하여 가정경제에 도움을 주었기 때문에 당연하다고 생각합니다. 하지만 현재는 고등학교를 졸업하고 대학을 진학하는 것이 당연하게 받아들여지다보니 자녀들이 대학을 졸업할 때까지 경제적 부담이 더 가중되는 현실입니다. 이러한 현실을 감안하지 않고 단순히 미성년자가 아니라는 이유로 다자녀에 대한 혜택을 없애버리니 심리적, 경제적으로 상당히 부담스럽게 생각합니다. 단순히 성년이 되었다는 이유로 다자녀에 대한 혜택을 없애는게 아니라 학업을 계속하고 있는 상황이면 성인이라 하더라도 경제활동을 하지 않으니 다자녀에 대한 혜택은 계속 주어져야 한다고 생각하기에 국민청원을 올립니다."
93467,2018-01-13,2018-02-12,0,0,행정,골목상권죽는다,대체여휴없애고\n면세담배없애주고\n담배판매점수익 보장\n인건비인상으로 알바도없애고\n서비스업종도  모두셀프르 운영되고있는데\n대체연휴만들며 전원해외로  여행가서 국민 소비는 다얼어죽습니다\n국민 의식이  아주심각합니다
286708,2018-06-27,2018-07-27,0,2,행정,기초질서를 강하게 단속해주십시요.,곳곳에 쌓여가는 쓰레길 보아주십시요. 작게는 일회용컵부터 크게는 쓰레기 무단투기까지. 거리마다 정류장마다 무단투기가 흔히목겨됩니다.\n차들은 신호무시하고 차선대기하지않고 보행자앞을 무단으로 지나갑니다.\n지하철에서는 줄서는광경이 추억이 되었습니다.\n관광객유치가 문제가 아니라 그사람들이 보고 느낄 우리의 모습이 부끄럽습니다.\n기강을 바로잡아주십시요.벌금이 있다면 예외없이 단속하여 부과해주시고 무질서에 지지않는 바른 행정의 모습을 보여주십시요.\n사심없이 예외없이 곧은 관리 감독을하는 정부도 나라의 얼굴입니다.
369636,2018-09-06,2018-10-06,0,17,행정,집값 담합 뉴스보고  정말화가 나네요.철저히 조사해서 꼭 처벌,짒값이 두달만에 몇억씩  오른다는 뉴스를 직접대하니\n월급 받고  저축하는 직장인으로써는  희망이  안보이네요\n너도 나도 집값만이 로또라고들 하니  이게 현실이면 참으로  비통합니다\n뉴스에서 보듯  짜고 집값답합하는  인간들 꼭  처벌해 주세요
359676,2018-08-30,2018-09-29,0,137,안전/환경,"초등학교 인근에 정신질환자 이용시설의 설치를 제한하여 주십시오 (조현병, 알콜, 마약중독)","추적 60분을 보니 인력부족 및 시설부족 등의 원인으로\n환자에 대한 제대로된 통제가 이루어지고 있지 않은 상황에서\n정신질환자들이 주로 이용하는 시설이 초등학교 인근에 설치되는 경우\n방어능력이 없는 아이들이 위험에 노출될 수 있으므로 설치를 제한해야 한다고 생각합니다.\n최근 충북 청주 강서초등학교의 경우, 학교와 30m 거리에 정신건강센터가  설치되어\n학부모님들의 불안해하고 있고,\n한술더떠, 경기 수원 매산초등학교의 경우에는 정문앞에 지상8층 지하3층짜리\n대규모 통합정신건강센터를 신축하려 하고 있습니다.\n초등학교 인근 50m는 절대보호구역으로 아이들에게 위험한 시설물의 설치를 제한하고 있는데\n정신질환자의 재활 및 사회복귀시설의 경우, 복지시설로 분류되어 설치에 제한이 없습니다.\n전체 교통사고중 음주운전에 의한 사고의 비율은 매우 적을 것입니다.\n그만큼 많이 단속을 하고 있으니까요...\n하지만 사고의 비율이 적다고 해서 음주 운전을 안전하다고 생각하는 사람은 없을 겁니다.\n조현병 환자나 알콜중독자, 마약중독자들이 모두 범죄자라는 것은 아닙니다.\n단지 스스로를 보호할 수 없는 아이들을 그 위험에서 조금 만이라도 안전하게 할 수 있도록 하자는 것입니다.\n길을 걸을 때,  앞에 술에 취했거나 조금이라도 이상한 사람이 있으면,\n아이를 먼저 뒤로 숨기는 엄마들의 마음을 이해해 주십시오."
506311,2019-01-25,2019-02-24,0,1,정치개혁,김정은의 한마디,지금 내 책상옆에는 언제든 작동가능한 핵단추가 놓여잇다는 사실은 결코 위협이 아닌 현실입니다.\n참 멋진말이네.\n정은이 화이팅..  역시 조센징들의 구세주는 정인이가 될듯..
93731,2018-01-13,2018-02-12,0,7,경제민주화,"8.2부동산종합대책,그후의대책들,대출규제,보유세인상?더이상절대안됀다.!!!","8.2부동산종합대책 발표이후 수많은 대책들.. 주택대출규제, 양도소득세인상,이러한 모든 제재들!\n문재인정부가 주택가격 안정화시킨답시고 대책없이 내놓은 어이없는 정책들!\n이러고도 이나라가 과연 민주주의 사회! 자본주의 사회라고 할 수 있을까요?\n일국의 정책이라고 믿고 따르기엔 너무도 극단적이고 무책임한 것들이지요!\n일평생을 안쉬고 노력해서 간신히 얻은 집인데\n집두채가지고 있다고 해서 집세채를 가지고 있다고해서\n죄입니까??죄인이냐구요!!!\n본질적으로 과도한 부동산 투기는 막아야겠지요\n하지만 지금과 같은 방식으로 막가는 주택정책은 절대 아닌거 같습니다.!!!\n국민은 다같은 국민입니다.\n문재인씨는 서민을 위한다는 식의\n중,하위층 표만 의식해서 국론을 분영시키지 말았으면 좋겠네요\n더이상 문재인 정부가 부동산대책이랍시고\n사유재산권을 침해하는 행위를 못하도록\n다같이 의견을 모았으면 합니다.!\n다같이 한 목소리로 비트코인 투자자들 처럼\n청와대에 항의했으면 합니다.!\n국민의 재산을 가지고 어디상 장난치지 말라고!\n강제로 뜯어 내려고 하지 말라고!\n정당하게 노력해서 얻은 소중한 재산을 가지고\n죄인취급하고 착취하지 말라고 말입니다.!\n부동산가격은 수요와 공급에 의해 결정됩니다.\n이 논리를 무시하고 어떤 정책을 만든다는건지 참 한심하죠\n문재인 정부는 들으세요!!!\n가격을 낮추려면 우선공급을 늘리세요!\n쉽게 생각하지 마시고 더욱더 깊이 연구하고 또 길게 보세요\n이나라의 부동산정책을 국민 모두가 신뢰하고 따를수 있도록\n믿음가는 정책을 만드세요\n이 나라는 공산주의가 절대 아닙니다.\n민주주의사회, 자본주의 사회라는 사실을 꼭 기억해 주시기바랍니다.\n이글을 읽으신 국민여러분!!!\n뜻을 모아서 다같이 청와대에 항의합시다.!!!!!!!"
62657,2017-12-10,2018-01-09,0,5,육아/교육,가르치는 학교가 되도록!,선행학습을 막는다며 내년부터 방과후에서 영어교육을 뺀다는 말은 교육부가 사교욱을 조장하는 것 밖에 되지 않습니다.  현재 학교도 가르치기 보다 사교육으로 배운것을 채점하는 식의 교육이 이뤄지고 있는데 영어교육 마저 그런 결정은 결국 매달 28만원을 들여 배워오고 학교에서 어느 정도 하는지 채점하겠다 아닌가! 교육부가 교육 과정을 알지 못하는 탁상공론일 뿐 입니다!
356966,2018-08-27,2018-09-26,0,2,교통/건축/국토,도로 주정차 문제,"동대문구 장안동 주민입니다.\n아파트 입구 주정차로 인해 “서울스마트불편신고”,  “국민신문고”, 기타 민원제기를 하였지만, 불법 주차 문제가 해결되지 않고 있습니다. 서울 동대문구 381-3 한강훼미리 아파트 지상 주차장 입구에는 불법주차로 인해 지상주차장 사용은 절대 할수 없는지경이며, 주위 불법주차로 인해 차량통행 및 지하주차장 출입도 어렵습니다.\n도로에 볼라드 철치, 주정차금지구역표시, 주차금지 카메라 요청 드립니다..\n서울 동대문구 381-3 도로 라인 입니다. 꼭 읽어 주시고 해당 구청에 조취부탁드리겠습니다."
390247,2018-09-26,2018-10-26,0,3,농산어촌,농촌 빈집 해결책에 대한 제안 하나 합니다.,농촌 빈집들을 정부에서 사들여 논과 밭으로 활용하는 건 어떨까요?\n급여와 4대보험을 받는 월급쟁이 농부를 고용하는 겁니다.\n옛 탄광촌 처럼 임대주택도 주는 거지요. 꼭 아파트는 아니어두 농가를 개조하는 정도여도 괜찮을듯 합니다.\n그렇게되면\n①안정된 일자리\n②주택난 해결\n③도심 집중 해소와 농촌 공동화 현상 해결\n④싼값의 농작물 공급으로 식탁물가 안정 등\n검토해 주시길 부탁 드립니다.\n송승아 드림
354047,2018-08-24,2018-09-23,0,30,일자리,일자리예산  54조내역을  공개해라,일자리예산  54조내역을  공개해라\n천문학적  혈세를쓰고\n일자리  5000개\n도저히  납득이않간다\n국민이  납득할수있게\n내역을  공개하라
501019,2019-01-19,2019-02-18,0,1,인권/성평등,※ LG 협력사들 전수 조사가 필요합니다!!!!!,"LG가 이미지 조작하려고 LG 의인상도 만들고\n좋은일 한답시고 겨울에 연탄도 나르고\n노인정에 쌀도 주고 하지만\nLG의 실체를 알고보면\n겉은 천사이고 속은 악마입니다.\n2018년..\n작년에 이직을 하기 위해 일자리를 알아본 결과\n채용사이트에 올라온 일자리는 거의 LG 협력사 였습니다.(LG Display / LG Chemical / 희성전자등..)\nLG 협력사 사장은 대부분 LG 출신들이(거의 경상도) 차지하고 있습니다.\n제가 이직한 곳도 그곳이고\n면접 몇군데 본곳도 모두 LG협력사 였습니다.\n당시 면접관이 대놓고 말하더군요\n[저희 회사는 9시 출근해서 21시까지가 기본적인 업무시간이고\n보통 새벽 2시까지 일들 합니다.\n그렇게 하지 않으면 LG 협력사가 될수 없습니다.\n그래서 일자리가 절실한 사람들만 채용하고 있습니다.]\n처음 면접 자리에서 이소리를 들었을때\n""무슨 개 소 리 지?"" 생각하며 거들떠도 안봤습니다.\n그렇게 3군데 면접을 보고 1곳에 이직을 했습니다.\n실제 생활을 해보니....\n9 시 출근해서 21시까지 기본 근무이고\n바쁠때는 새벽 7시까지 일하고\n오후 1시에 다시 출근해서 일하게 하더군요...\n게다가...\n사장놈이 현장에서 앉아서 일하는 작업자를 보기 싫어서\n카메라를 설치해놓고 작업자들 일거수일투족 모조리 감시하고\n앉아있거나 쉬고있는 직원이 보이면\n사람을 보내서 쉬지 말라고하고 계속 서서 일하라고 경고하고....\n마치 영화 군함도에 석탄캐는 노예들 같다라는 느낌을 받았습니다.\n다른점이 있다면\n퇴사할수가 있다는것....\n실제로 1~2주에 1명씩 퇴사를 하고 있고\n주구장창 365일 채용사이트에 공고가 올라가 있습니다.\n저는 최근 LG 협력사에서 2달간 근무하다가\n종일 서서 일하는 탓에 발목이 부러질듯 아파서 퇴사를 결정했는데\n이대로 퇴사하는것은 너무 불합리 / 비상식적이라 생각되어\n글을 쓰게 되었습니다.\n과거에는 LG 공장에서 협력사 직원들을 노예처럼 부려먹다가"
46012,2017-11-18,2017-12-18,0,14,반려동물,반려동물 보험,"반려동물에게도 보험을 들 수 있게 해주세요\n늘 반려동물들을 버리지말라, 예쁘게 키워라 하시면서\n해주시는 게 없지 않습니까? 예쁘게 키울려고 병원가서\n주사도 맞고 아파서 수술하러도 가고 하는데\n생돈이 완전 수루룩 날라갑니다..\n부자들은 걱정없겠죠 하지만 일반인들은 진짜 걱정이 많습니다\n보험만 들 수 있게 해주시면 저희가 돈 내고 알아서 하지 않습니까? 그러니까 반려동물에게도 보험을 들 수 있게 해주십시오!!"
111214,2018-01-24,2018-02-23,0,4,경제민주화,빈부격차를 줄이려면!!!,"최저임금도 중요하지만, 소득보다는 재산에 세금을 중부담시키는게 맞다고 봅니다.\n점차 부는 세습되고, 돈이 돈을 버는 세상이되고 있습니다. 계급상승 사다리들을 점점 걷어차지고 있구요.\n이대로 빈부격차를 방치하다가 공동체가 붕괴될겁니다.\n재산에 대한 세부담증가시키자는 제의견에 동의하는분들 퍼 나르세요~~"
85201,2018-01-11,2018-02-10,0,0,미래,가상화페투자가 왜 도박인가?,"폐쇄하려거든 강원랜드, 경마, 로또, 담배, 주식 특히 공매제도 없애고 주식담보 대출 현금미수 등등 모두모두 패쇄하라. 공산주의도 아니고 도박의 개념이나 알고 도박이라고 하는가?"
351148,2018-08-22,2018-09-21,0,23,보건복지,청각장애인 인공와우 시술로 청각을 찿았다고 해서 끝이 아닙니다 국가 차원의 지원이 이루어져야 합니다,"인공와우 이식수술에 대한 보험적용이 이루어져 400~500만 원의 본인부담으로 인공와우 이식 수술을 받는 청각장애인이 증가하고 있다. 하지만 수술 이후 재활프로그램 및 기기 소모품비 수리비 등에 대한 지원이 없어 난청인 가족들이 경제적 부담을 호소하고 있다.\n청각장애인이 인공와우 시술로 청각을 찾았다고 해서 끝이 아니다. 수술은 재활의 첫 시작일 뿐이다. 하지만 수술 이후 감당해야할 재활비나 기기 소모품비, 수리비 등에 대한 정부지원이 전무해 경제적 어려움으로 수술을 받고도 재활을 포기하는 사례가 많다.\n보청기와 달리 인공와우는 자신에게 소리가 최적화 될 수 있도록 조절해주는 매핑(Mapping) 과정을 지속적으로 해줘야 하고, 청능언어재활도 지속적으로 받아야 하는데 한 번 매핑을 받는데 10만 원 정도의 비용이 발생하고, 연 평균 배터리·고장수리비·기타 소모품 비용이 최소 50만 원 정도 들어가는 데다 각종 재활치료비 등으로 1년에 400여 만원의 비용을 부담해야 한다. 그러나 청각장애인 인공와우 외부 기기의 경우 전동휠체어처럼 장애인 보장구에 포함되지 않아 소모품 등에 대한 지원이 없는 실정이다.\n또 기기라는 것이 연한이 있어서 이후 재수술을 받게 될 경우 양쪽 기기값 2000만 원 등 재수술 비용이 3000만 원 정도 들어가게 되는데 경제적 어려움으로 재구입을 하지 못하고 살아가는 청각장애인도 있고, 가족이 빚을 져서 구매하는 등 경제적 문제가 발생한 경우도 있다.\n성인의 경우는 더욱 열악해 수술 이후 맵핑과 청능언어재활을 필히 받아야 하지만 성인은 아동과 비교하여 지원이 전무하다.\n천문학적인 기기값 비용을 현재로서는 청각장애인 본인 혹은 보호자인 부모가 감당해야 하는 상황인 것이다.\n전동휠체어등의 장애인보장구처럼 청각장애인 인공와우 외부 기기도  장애인 보장구에 포함하여 소모품 등에 대한 국가 차원의 지원이 이루어져, 청각장애인의 맵핑비용, 재활치료비, 기기 소모품비, 수리비 등의 경제적 부담으로 기기 착용의 의미가 무의미해지지 않도록 재활의 기회가 주워져야 한다."
441676,2018-11-14,2018-12-14,0,0,일자리,실업해소 방안,"1. 실업해소 일환으로 일자리 휴대폰앱 국가적 개발 사용\n-. 대리운전앱 처럼 각 직종별 일자리앱을 만들어 구직자. 구인자가 쉽게 이용할수 있게 하면 실업해소에 도움됨.\n-. 몇백만인지도 모른는 외노자들 우리 일자리잠식.\n2. 외국인,내국인 의료보험 도용 방지 지문(홍체)인식 도입 시급.\n3. 외국인 부동산 취득 제한.\n이만 줄이겠습니다^^"
167895,2018-03-16,2018-04-15,0,10,기타,성난 462번 버스,안녕하세요 경기도 성남시에 사는 한 시민입니다.\n저는 고등학교때부터 성남에서 일산까지 통학을 했습니다. 주로 야탑역에서 타는 8109번 버스를 이용했지만 야간자율학습등과 같은 이유로 늦게 되면 영등포 까지와서 462번 버스를 타곤 했습니다. 또한 대학생이 되었을 때도 일산 친구들과 술한잔 하고 늦게 가게 되면 늦게까지 다니는 462번을 타고 안전하게 집까지 도착하곤 했습니다. 근데 바로 어제인 3월 15일  장거리 노선인 462번이 많은 시민 또는 기사님들의 반대에도 불구하고 사라졌습니다. 이용하고 운행하는 사람들의 많은 반대가 있었음에도 불구한 이 정책은 누굴 위한 정책입니까? 아니면 먼저 경기도와 서울 잇는 야간 심야버스 또는 전철을 운용하는 등의 방법을 대책하고 없애던가해야지 이렇게 무턱대고 없애버리면 그 불편은 누구의 몫이 되겠습니까? 물론 나랏일 하시는 분들의 더 존중할 만한 생각이 있겠지만 뭔가 대책을 세워주셨으면 좋겠습니다.\n이건 정말 실수하신 것 같습니다.\n부디 시민들의 생각을 잘 들어주시고 시민들의 생각에서 좋은 정책 부탁드리겠습니다.
315367,2018-07-23,2018-08-22,0,2,문화/예술/체육/언론,99절 아리랑축전 참관해야한다!,"북측의 관광사가 아리랑축전 상품을 세계에 판매한다고 보도했다.\n우리의 참여를 바라는 것은 확실하다.  그 배경은 일러하다.\n“새해는 우리인민이 공화국 창건 70돌을 대경사로 기년하게 되고 남조선에서는 겨울철 올림픽 경기대회가 열리는 것으로 하여 북과 남이 다 같이 의의가 있는 해이다.”라고 김위장은 신년사에서 밝혔다. 그리고 대표단과 선수단을 파견하여 단일팀으로 입장하게 했고, 응원단과 예술단을 파견하여 동질성을 느끼게 했다. 이로서 평창 동계올림픽을 빛나게 했다.\n우리도 이에 답해야 한다. 판문점 회담과 북미회담이 있었으니 과거의 아리랑축과 같은  반미적 내용은 아닐 것이다. 이에 참관단 참여를 정부는 허가해야 한다."
75531,2017-12-28,2018-01-27,0,3,정치개혁,고위공직자 수사처 신설 강력 요망합니다.,"적폐판사들의 오만과 독선을 두 눈 뜨고 볼 수 없을 지경입니다.\n오민 돌, 신 광십...등등 구속영장 관련된 자들의 작태를 보니 무엇보다 시급한 것들이\n다름아닌 판사들인 것 같습니다.\n먹물 굴리는 것 빼고 세상사 경험도 없는 것들이, 사회물정 모르고 교만한 자들이 너무 어릴 때부터\n심판자의 자리에 있다보니, 얼마나 의식이 허무 맹랑한지 화병걸릴 지경입니다.\n빨리 신설해주십시오. 분명히 저런 것들은 뒤로 부정한 세력들과 연계되어 있을 것입니다.\n암 걸리기 전에 부탁합니다."
215212,2018-04-29,2018-05-29,0,2173,반려동물,성동구청 길고양이 어울쉼터 철거.이전 반대합니다,"2017년2월14일 강동구청 성안별관 옥상에 3개월 미만의 고양이나 돌봄이 필요한 다친 고양이 등 15마리 내외가 임시로 머무를 수 있는 길고양이 어울 쉼터 현판식 개최를 시작으로 운영 되었고, 이 자리에서 이해식 강동구청장은 '반려동물인구가 늘어나는데 비해 동물학대는  여전히 심각한 사회문제로 남아 있고 우리구는  동물복지에 대한 사회 인식 수준을 끌어 올리기 위해 다각도로 노력하고 있다.'고 말했음에도 불구 하고 2018년 4월 강동구청공무원 노조는 15마리 내외의 고양이들 쉼터를 직원복지차원에서 옥상을 직원들 휴식장소로 이용하고 직원들이 고양이로 인해 악취와 알레르기등으로 고통을 호소한다며 5월 둘째주까지 이전하지 않으면 강동구청 노조에서 적접행동 하겠다고 합니다. 쉼터 측에선 옥상에 담을 설치해서 직원과 고양이를 분리 하자고 했으나 이 조차 노조측은 반대하며 5월 둘째주까지 이전하라고 합니다.\n옥상 쉼터 15마리 안 밖의 고양이로 인한 강동구청 직원들 고충은 ?\n1.비오는날 고양이 분변등의 악취가 1층까지 내려온다.\n2. 고양이 알레르기로 힘들어하는 직원들이 있다.\n3.털이 많이 날린다.\n반박!!!\n1.고양이는 자기분변을 절대 노출 시키지 않습니다.  쉼터는 미우캣보호협회등  자원봉사자분들이 관리하고 있는  사방이 트인 곳 입니다. 사방이 막힌 가정에서 2~3마리씩 반려해도 느낄 수 없는 냄새를 사방이 트인 옥상에 있는 고양이 분변 냄새를 1층에서 고통을 호소할만큼 느끼셨다구요???\n2.알레르기 있으신 분이 구지 고양이 있는 옥상까지 오셔서 힘들어 하셔야 했는지도 궁금하네요.\n3.고양이가 털이 있는 동물인지 모르셨는지요???\n인간복지(강동구청직원복지) vs 동물복지(길고양이복지) 이게 맞는 논리인가요??\n고양이들에겐 생존권의 문제입니다. 사람과 동물이 공존하는 모범적인 사례이고 길고양이 복지의 상징이였던 강동구청 어울쉼터는 또 하나의  보여주기식 화려한 이벤트였던겁니까??"
307804,2018-07-16,2018-08-15,0,7,반려동물,애견 국도립공원 출입을 허락해주세요.,"저는 8살된 말티즈를 입양해 키우고 있는 애견입니다.\n가족과 함께 국도립공원의 산,계곡에 여행을 갔다가 애견 동반사유로 인해 입장을 불허당했습니다.\n대통령께서 종종 마루와 산행을 하시는걸로 알고 있습니다.\n6월엔 북악산에도 등반하셨단 기사도 보았구요.\n제가 알기로 북악산도 애견출입이 금지돼 있습니다.\n저또한 제 애완견과 함께 산행하고 여행하고 싶습니다.\n단순 동물이 아닌 가족이기 때문입니다.\n부디 국공립공원의 애견출입제한 규정을 없애주셔서 저와 저희 가족도 우리 아이와 함께 국공립공원을 자유롭게 여행할 수 있도록 해주시길 청원합니다."
495071,2019-01-13,2019-02-12,0,141,문화/예술/체육/언론,빙상연맹 부회장 전명규에 대한 철저한 조사와 강력한 처벌을 요구한다.,"http://stoo.asiae.co.kr/article.php?aid=52178464547\n조재범 코치의 옥중 인터뷰에서 전명규 부회장의 압박과 지시가 있었다는 폭로가 있었습니다.\n심지어 전명규의 녹취록이 기사화 되어서 공개된 상황입니다.\n이번에도 꼬리만 조사하고 은근슬쩍 넘어가서 문체부나 빙상연맹 머리들은 제 몸 보신하게 만들자는 거, 아니라고 봅니다.\n지난 10년간 김아랑 선수들을 비롯해, 젊은 빙상연맹 선수들이 계속해서 외쳐왔습니다.\n만연된 폭행, 성폭행 문제들을 조사해달라고요.\n청와대에서 하는 적폐청산, 말로만 운용하면서 반대당 제거하는데만 골몰하지 마시고\n문체부 이하 만연된 적폐들을 이 기회에 낱낱이 밝히고 처벌해주세요.\n또 빙상연맹의 윗대가리들, 대충 벌주고 다시 관계법령 바꿔서 복직하게 만드는 꼼수 부리지 못하도록,\n영구제명된 이들은 평생 응당한 처벌 받도록 강력한 법령 재 정비도 촉구합니다.\n도대체 얼마나 어린 선수들이 쓰리고 아파해야 정부가 움직일 겁니까!\n내 자식 아닌 자도 이렇게 속이 타는데 심석희 선수등 피해 선수들 가족 심정이 오죽 하겠습니까."
77183,2017-12-30,2018-01-29,0,2,행정,공병 파파라치가 성행하네요 소주업계에 입김이작용한 듯한 이러한 행정 철회요구합니다.,편의점 운영중입니다. 바로옆에 대형마트가있다보니 술 공병을 편하게 편의점으로 가져 옵니다\n그렇게 하루에 정말 많게는 3백27개 받아봤습니다.\n혼자서 근무하면서 하루에 3백27개 거기다 새벽에도 가져오는데 행정법상 시간에 구애받지않고\n운영하는시간에는 공병을 무조건받아야한다니...공산당입니까? 일하는 직원비 지원해줄겁니까?\n거기다 왜 대형마트공병을 일반 편의점이나 마트가 받아야합니까? 대형마트 편하라고요?\n결국 소주회사에서 공병값 붙여서 마트에 팔아먹고 마트는 그값에 10원붙여서 손님한테 팔고 손님은\n공병가져와서 100원받아가고 마트는 그거 보관해서 소주회사에 넘겨서 다시 100원받고 잘 보면\n결국 공병회수 안하면 소주회사만 이득아닙니까? 소주회사  병만드는 비용 아껴줄려고 이런답니까?\n차라리 그냥 분리수거해서 공무원들이 치울 때 같이 치워주고 시민의식을 바꿀생각을 해야하지\n무슨 북한사회도 아니고 돈 가지고 뭐하는 행정입니까 이게?\n거기다 파파라치? 한번이라도 자기 손으로 피 땀 흘려 돈벌어본 사람 머리에서 나온 정책이라고 생각\n되지를 않습니다. 공병보증금제도 폐기를 간곡히 부탁드립니다.
61168,2017-12-07,2018-01-06,0,6,정치개혁,정의로운  최용갑순경을  제자리로 돌려주세요.,재계발 사업으로 수천억의 부당한  이득을 취하는\n이금열을  수사하는  과정에서   경찰 윗선의  지시로\n수사관에서 파출소  순경으로  좌천된  최용갑  수사관!\n이분은  권력에 굴하지 않고 굳은 신념으로 정의롭게  수사했는데도  억울하게  좌천되셨다.\n진실은 언제가는 밝혀진다.\n이제야  진실이 서서히 드러나고  있다.\n방송 을보면서  한숨이 저절로나오네요.\n부디\n이분의 한을 풀어주세요.\n그리고 도둑놈 이금열을 다시 조사하여 재산 몰수하고 적당한 벌을 받게하여  우리나라에  살고 싶은 생각이  들게끔 속시원하게  풀어 주시기를 청원합니다.
440190,2018-11-12,2018-12-12,0,23,행정,카풀도입에 반대합니다,안녕하십니까\n카풀도입에 대하여 반대의견을 제기하고자 이렇게 글을 올리게 되었습니다\n카풀도입으로 인하여 얻는 효과와 그로 인하여 발생되는 사회 경제적 비용에 대하여 고민하고 이렇게 글을 올리게 되었습니다.\n첫째 개인택시는 법으로 보장받는 특허입니다 일반적인 허가 사업자들과는 다르게 국가 혹은 사회의 공익을 담당하고 있는 업종이라고 할 수 있습니다 그렇기에 국가가 어느정도 생계 유지가 가능하도록 보장을 해주어야 한다고 알고 있습니다 하지만 이러한 정책은 국가의 인적 물류 운송의 업무를 담당하는 운수업계 종사자들을 고사시키려는 정책은 일방적인 정책이라고 생각이 듭니다
63650,2017-12-11,2018-01-10,0,8,반려동물,개 공장과 도살 사는 사람 모두 처벌과 폐쇄 부탁드립니다.,개 공장과 도살 및 사는 사람 처벌과 신상공개 하길 부탁 드립니다.\n그리고 전국적 으로 개 도살장과 공장 전국적 으로 폐쇄 부탁 드립니다.
243671,2018-05-25,2018-06-24,0,94,반려동물,개 도축/개 식용/성남모란시장,"개식용을 법으로 금지해주세요.\n저는 성남 모란을 자주 들리는데 그럴때마다 지나치기싫지만 지나쳐야되는 모란시장을 매번 보는데\n개도축시장을 철거하였다했는데도 지붕만 바뀌고 그대로장사하고있는 가게들이있던데 참 보기가 너무 마음이안좋아요. 먹을게 많이널려있는데 왜 강아지를 식용으로먹는지 도무지납득할수없어요. 옛날이야 고기구하기어려운시절 그나마구할수있던게 개였다는건 알고있지만 지금은아니잖아요.  지금은 반려동물에대한 인식도 많이바뀌어가고 법도 점차 확대되어가는데 개식용이야말로 앞뒤가안맞는 아이러니한 상황같네요. 저는 반려동물을 기르고있지않아요. 하지만 사람들에게 가장친숙한 반려동물로는 개나 고양이가 떠오르지않나요?\n그런동물을 아무런 근거없는 인간의 욕심에의해 무참히 살해당하고 먹어지는상황이 너무화가납니다. 이것또한동물학대에요. 그럼돼지고기도먹지말라 소고기도먹지말라 닭고기도먹지말라 하실텐데  네 그것도맞는말이에요. 저는 그생각으로 고기를잘안먹어요.\n하지만 인간이최소한 영양을섭취해야되는부분으로 먹어야되는상황이있기때문에 마음이안좋아요.\n도축시스템이라도 덜고통받게 윤리적으로 바뀌었음좋겠단생각이구요. 하지만 최소한 인간과 가까이있는 반려동물식용은 바뀌어야된다고생각합니다. 가까운 동물들부터 지켜주는 것이 시작하는 발걸음이라고 생각해요.\n개식용,개도축, 또 모란시장도 법으로 막아주세요."
488439,2019-01-06,2019-02-05,0,3,미래,어제 다단계 대출을 받자고 권유하던 후배 1명에게 불같이 화를 내고 쫓아낸 것을 계기로 다단계 사기사건을 근절할 필요가 있다.,"웬만해서 나의 개인적인 사유로 청와대 청원에 올리지는 않으나, 이번만큼은 다단계 사기행각이라는 의심과 반드시 근절시켜야한다는 사명 때문에 젊은 사람들이 두 번 다시 피해를 보지 않게 하는 것이 옳은 정의라고 여기고 의로움을 행해야하는 천주교의 가르침을 따르면서 천주교인 답게 이 청원을 드리는 것입니다.\n최근에 경제가 어려워지면서 다단계 판매사기가 기승을 부리고 있습니다.\n이는 경제위기와 온정주의 합법과 불법 여부에 대한 무관심이 복합적으로 작용한 결과입니다.\n제가 다단계 판매가 사기행각이라고 확신하게 된 것은 처음에는 멋도 모르고 이 사람들이 청산유수처럼 다단계 판매에 대해서 설명을 해주는데 돈에 대해서 워낙 무관심했던 저로서는 그냥 그러는가보다 여겼습니다.\n그러나 시간이 갈수록 이 사람들이 다단계 판매가 계속해서 좋다, 이거 하면 인생을 한방에 즐길 수 있다는 달콤한 사탕발림 식으로 나를 속였습니다.\n원래, 남이 얘기해줄 때, 사탕발림으로서 꾀어내는 자체를 싫어하는데다가 현실주의자였던 저로서는 이 상황에 염증을 느끼고, 군대에서 선후배관계로 복무하면서 친했던 형에게 전화를 걸어 다단계 판매가 뭐냐고 물어봤더니 그 형님이 이를 듣고, ""당장 거기서 나오라고, 설마 대출 서약하지는 않았겠지?""라고 하니\n저는 사탕발림식으로 사람을 속이는 짓을 한 적이 없고, 달콤한 사탕발림 식으로 들리는 말은 좋아하지 않습니다. 라고 했죠.\n그 형도, 군대에서 저의 올바른 인품을 높이 샀기 때문에 웬만하면 제가 얘기해주는 것을 듣고 곧바로 대처해주시더라고요.\n그 얘기를 듣고,\n나를 다단계 판매에 끌어들인 후배에게 벌컥 화를 내면서 ""너, 이거 어찌된거냐? 웬 사람들이 이렇게도 많냐? 니가 회사에 같이 취업하자고 했을 때 나는 너의 말을 철석같이 믿었다. 그런데 나를 속여?""라고 호통을 쳤습니다.\n그러더니, 다단계를 상담해주는 사람이 계속해서 저에게 대출서명을 할 거냐고 묻더랍니다.\n이미 다단계가 사기라는 것을 파악한 저로서는 이 사람들을 기분나쁘게 하기 싫어서 아직 할 뜻이 없다는 식으로 얼버무리고 그 소굴에서 나왔습니다.\n그 사건이 있은 지 4년 후에 다단계에 빠졌던 후배가 저에게 기해년 새해 문자를 보내면서\n이놈이 다시 다단계 대출 이야기를 꺼내는 겁니다.\n이 후배가 박근혜 대통령 찾아뵙기 전에 경조찬배금을 명목으로 2000만원을 대출받는게 어떠냐고 하면서\n""형의 이름으로 대출을 받겠습니다.""라고 카톡으로 보내온 겁니다.\n그 대화를 보고 4년 전의 악몽이 떠올라서 벌컥 화를 내고 아예 안하겠다고 선언을 했습니다.\n그러더니 이 후배(황XX)가 지 멋대로 내 명의로 2000만원을 대출금으로 신청하겠다고 하는 겁니다. 하겠냐고 안하겠냐고 하면서 말입니다.\n그걸 보고 어이없어서 ""너, 내 앞에서 대출 얘기를 할거면 두 번 다시 연락을 하지마라. 그리고 한 번만 더 헌병출신인 나한테 그거하자고 제안하면 곧바로 경찰서에 신고해서 후배인 너를 감옥으로 보내버릴테니까""라고 호통을 쳐서 내쫓고 카톡의 메신저, 전화번호도 모두 차단시켰습니다.\n이렇게 나는 다단계 판매의 속성을 곧바로 파악하고, 공과 사가 매우 엄격할 정도로 구분하는 저로서는 그 가입의 권유를 단칼에 거부하고, 현실로 돌아왔지만\n대다수의 사람들은 사회적인 성공에 집착하고, 학연이나 지연에 얽히는 등 연줄문화에 동화되어 공과 사에 약해집니다. 게다가 벼락부자가 될 수 있다는 심리를 자극하여 저처럼 돈을 돌덩어리로 생각하는 사람들에게는 그런 다단계 판매가 먹히지 않습니다. 그러나 대다수는 이 꼬임에 빠져서 헤어나오기 어려운 빚을 지게 됩니다.\n그러다보면 자기의 앞날을 망치는 것에 불과하며, 잘못하면 빚갚으니라고 결혼할 시기를 놓치게 됩니다.\n또한 경제가 불황일 때, 일확천금을 꿈꾸는 관심이 높아질 수밖에 없습니다.\n게다가 상담원은 자기도 다단계 처음시작했을 때 모델인 주변의 성공으로 이만큼 벌게 되고, 성공사례를 따라간다고 합니다.\n이러한 것들이 나라의 경제를 병들게만드는 원흉이며, 사람들의 정신을 하나씩 썩어가게하며, 더 나아가서는 시장질서의 교란, 민주주의를 파괴하는 원동력이며 이런 것들이 나라의 정신을 병들어가게하는 것입니다.\n그래서 이런 서민과 멀쩡한 청년을 대상으로 다단계 판매행위는 사람들의 인생을 망가뜨리는 것 뿐만 아니라 열심히 일을 해서 돈을 벌 생각을 하지않고, 일확천금의 사상을 심어주어 대한민국을 혼란에 빠뜨리려는 것으로 여겨 중대한 국가반역급으로 신설하여 다단계 판매를 하는 두목급부터 반드시 잡아서 국가반역죄로 다스려야 합니다.\n그래야 다단계 판매가 사라집니다."
64462,2017-12-12,2018-01-11,0,7,미래,음주운전.성범죄 전과자는 선거출마 자체 박탈해주세요,음주운전.성범죄 전과자는 선거출마 자체 박탈해주세요
416774,2018-10-23,2018-11-22,0,7,미래,자본시장이 무너지고 있어요 어떻게 좀 해주세요!,"가장큰 자본시장인 주식시장이 무너지고 있어요\n빨랑 긴급조치 좀 해줘봐요. 썰물처럼 빠지고 국민,기업 파산나게 생겼어요"
321882,2018-07-28,2018-08-27,0,29,외교/통일/국방,"애국선열과 조상님~난민법 폐기로 우리 민족을 구하소서,,","수천년을  침략자들과 싸워 피로써  지켜낸 , 우리 조국의 땅과, 우리 민족이\n이민족에게~ 갈라지고, 흩어지고, 찢어지고 빼앗길 위기에 처 했습니다,,\n애국선열과 조상님~이렇게도 다급하여 기도를 올립니다..\n나의 조국을 구하소서,,\n나의 민족을 구하소서,,"
494637,2019-01-12,2019-02-11,0,10,문화/예술/체육/언론,대한체육회 조사,작년 평창 올림픽서 빙상연맹문제에서\n여러가지 불미스런 문제에  온국민 여론이 특별감사가 필요하다고. 했음에도 불구하고\n1년안에 또 조재범 문제가 발생했는데\n특별조사해서\n낱낱이 파헤처주기를\n청원드립니다
244173,2018-05-26,2018-06-25,0,1,행정,모든 사형수 사형집행안할려면-모두석방하세요.,모든 사형수 사형집행안할려면-모두석방하세요.집핼안할려면 사형선고는왜내리는가요?수십년전에사형선고받은인간들아직살고있어요.집행안할거면모조리석방하네요.사형선고는왜내리는지.법좋은쓰레기법입니다.석방하세요.
259490,2018-06-02,2018-07-02,0,9,안전/환경,상습 음주운전자의 차량 번호판은 색을 구분해 주세요.,"최근, 아니 예전부터 음주운전으로 인한 사고가 끊임이 없었습니다. 무엇보다 음주운전을 면허정지나 취소 수준의 처벌이 아니라면 가볍게 여기는 사회적 풍조가 만연해 있기에, 보행자와 운전자의 안전을 위해 3회 이상 음주운전 혹은 음주운전으로 인한 면허취소 이후 재발급 운전자의 차량은 번호판을 노란색, 5회 이상 혹은 불시검문 도주경력자는 붉은색으로 표기할 것을 제안합니다. 경찰분들의 안전 확보, 보행자와 운전자에게 사전 경고의 효과를 가질 수 있으며 어린이 보호 구역 진입 제한 등의 조치 겸하여 이동 경로상의 불이익을 주는 것으로 통해 보다 효과적인 음주운전 재발 방지를 할 수 있으리라 생각 됩니다."
329983,2018-08-05,2018-09-04,0,1,성장동력,세금 인상에 대한 염려,"정부가 재정확대를 위해 세율을 인상할 모양이다. 나는 경제 전문가가 아니라서 정부가 하는 일에 가급적 긍정적으로 해석하고 싶은 것은 사실이나, 요즘 국민들의 생각 중 일부를 적어서 참고로 하시기를 기대한다. 과거 같으면, 정부돈은 눈먼돈이라고 해서, 정부돈은 일단 받고 보자라는 기류가 강했다. 그러나 복지가 강화되는 요즘은, 국민들의 일부는 이를 걱정하는 목소리도 있다는 사실을 알려주고 싶다. 즉 정부가 무상으로 제공하는 노인관련 복지나 저출산관련 복지 뉴스를 보면서, 과거는 국민들이 돈을 받아서 좋다고 했을지 몰라도, 지금은 도대체 돈이 어디에서 나와서 그렇게 펑펑쓰냐고 걱정하고 우려하는 국민이 생기기 시작했다는 것이다. 지금처럼 경제상황이 어렵고, 자영업자들이 수없이 망하는 상황에서 세율인상은 신중해야 한다고 생각한다. 과거 나는 세율인상을 많이 주장했는데, 그때와 지금의 경제상황이 다르고 또한 복지비 지출이 많이 늘었을뿐 아니라 이에 대한 국민의 관심도도 많이 올라서, 신중해 검토하는 것이 좋다고 생각된다.  우리 국민도 이제는 정부 살림을 걱정하고, 또 교육수준이 높아져서, 무조건 복지를 향상시킨다고 좋아하지 않는다고 생각하고, 이런 기류는 향후 시간이 가면 갈수록 더 강해질 가능성이 있고, 따라서 복지비 지출에 대한 정부의 책임을 과거보다 더 엄격하게 따질 움직임이 일어날 가능성이 충분히 있다. 국민이 정부의 복지비 지출을 무조건 좋아하지 않는 상황에서, 세율을 인상하면 아마도 지금 정부의 지지율이 높아서 큰 저항은 없겠지만, 시간이 지나면 이를 문제 삼을 가능성이 있거나, 아니면 문재인정부에 대한 평가가 훗날에 달라질 가능성도 있다고 생각한다. 문대통령의 정책방향이 고복지 고세율이라고 나는 인식하고 있는데, 정부가 속도 조절을 하거나 국민의 의견을 좀 수렴하는 것이 바람직하지 않나하고 생각한다. 물론 대통령 재임기간이 5년이라서, 대통령님과 참모들의 마음이 바쁘다는 것을 충분히 이해한다. 그러나 5년안에 대통령의 이상을 모두 실천할 수는 없는 노릇이다. 다만 대통령께서 인간존중의 새로운 정치이넘을 실천하기 위한 노력을 한것으로 정책의 방향을 트는데 만족하고, 이 방향이 올바르다고 국민들이 생각하면 차기 정부에서도 지금의 여당을 지지 할 것이다. 시간이 많지 않지만, 너무 서두르다보면 무리하게 되고, 그러면 나중에 돌이킬수 없는 오류를 범하게 될수 있다. 좀 여유를 가지고, 경제운용에 있어서, 국민의 여론을 충분히 수렴하시기를 기대한다."
91096,2018-01-12,2018-02-11,0,3,경제민주화,문제인 정부는 젊은 지지층을 잃다,거래소 폐쇠쇠사건에 대해 누군가 책임을 져야할것이다\n벌써 문재인 젊은 지지층은 등을 돌리고있다\n이번 지방선거와 다음대선이 기대가 된다
476496,2018-12-22,2019-01-21,0,6,경제민주화,연대보증채무로 인한 위기에 처한 가정을 구해주십시요,"사회에서 잠깐 알았던 자의 감언이설에 속아서 한시적으로 약속하면서 식자재유통업체인  경기도 이천소재인 (주)케이엠푸드라는 소매업체의 대표이사를 맡았는데, 2016년6월에서 2017년 02월28일 까지 하다가 약속했던 급여와 계속해서 보증을 서야하는 중압감에  퇴직을 하고 등기사임을 하였고,  그당시 2017년 2월에 퇴직하면서 보증보험업체에도 이러한 사실을 알렸는데도  그냥 방치하고 있다가  그후 1년이란 세월이 흐른 후 서울보증보험에서 보험사고로 인한 보증인이니까 구상금을 갚아야한다고 하며,   법무법인을 내세워 저의 재산에 가압류를 해놓은 상태이고,  저를 속여 저의 가정을  무너지게 한자는 그동안 사용하던 핸드폰도 없애버리고, 잠적해서  법인등기에 있는 주소로 내용증명을 보냈는데 반료가  욌습니다.  저를 속여서 저에게 상품대금으로 차용해간돈도 2016년6월부터 2018년 08월까지 원리금을  갚아오다가 지금은 잠적을 했는데 , 제발 좀 도와 주십시요\n저에게 사기를 친자는 지금 회사도 저에게는 운영한다고 해 놓고 선  2018년 7월말 폐업을 하고 은거 하고 있는데\n제발  그사기친 자에게서  돈을 받을수 있었으면 좋겠습니다.  그래서 하루속히 가정으로 다시돌아가고 싶습니다\n도와주십시요 제발 부탁드립니다"
348650,2018-08-20,2018-09-19,0,52,반려동물,개고양이 동물학대 강력처벌하세요,동물학대는 사람에게 전이됩니다\n제발 법좀 강화하세요
253213,2018-05-30,2018-06-29,0,11,인권/성평등,"남성 성평등 대책위원회나 ""성평등 위원회"" 같은 진정한 성평등 국가조직을 만들어주세요","제목 그대로입니다\n한국 남성들, 특히나 지금의 젊은 남성들은\n나이든 남성들처럼 여성억압의 기본 발상이 거의 없습니다\n오히려 아버지들보다 어머니편을 들며 남녀평등에 기초한 발상에서 커왔습니다\n그래서 수 많은 여성인권증진(실제로 뭐가 그렇게 차별되었는지도 모르겠지만) 시위나 집회는 수도 없었으나\n남성인권을 위한 아니, 진정한 성평등 증진을 위한 그 어떤 국가적 대책이 단 하나도 없는 것도 모자라\n한국 언론 중에서 가장 신뢰받는다는 JTBC의 뉴스룸 조차 여성편애적인 보도를 하는 모습을 봐서\n그 어느 때보다 이기적이고 이중적인 일부(?) 여성들의 입김만 작용하며\n사법부에서도 여성의 진술만으로(여성을 무조건 피해자만으로 주장)\n남성을 가해자로 이미 정해놓고 수사를 하며\n여성""가족"" 부라고 하였지만 실상은 여성(이기주의 이중주의 정당화 합리과)부는\n이제 가족해체의 원인이 될 수도 있는 남녀분열에 적극적인듯한 태도를 보이고 있습니다\n여성부 장관의 최근 발언과 행보를 보면 이건 남녀분열을 목적으로 두는 것이 아닌가 싶을 정도입니다\n.\n문재인 대통령님이하 정부인사 여러분. 이건 보통 심각한 문제가 아닙니다\n남북문제가 지금 가장 시급하고 살얼음 걷는듯한 행보를 이어나가는 모습에 안타까움과 간절함이 더해가지만\n그 모든 것을 뚫어내도\n한국의 다음 세대가 없다면 ""말짱 도루묵"" ""도로아미타불"" 이나 진배없습니다\n지금 한국의 출산율은 경제문제가 물론 1순위지만\n2순위는 한국 여성들의 적지않은 숫자가\n지나치게 이기적이며 이중적이라는데에 기인한것이라 전 강력주장합니다\n우리 한국 젊은 남성들은 국가를 위해(여성포함)\n2년내외를 20년간 얼굴도 모르는 사람들과 개 값받아가며 개 밥먹어가며 밤낮으로 개고생을 해왔습니다\n그러면서도 여성들 군대보내라고 청와대 국회의사당 국방부에 누구 하나 시위를 하지않았습니다\n역사상 이렇게 착한 남성부류가 있는 나라 있으면 한 곳이라도 대보세요\n또한! 전세계에서 가장 범죄지수가 낮은 나라라고 공증되었습니다\n어느 나라도 새벽에 여자가 다닐 수 있는 나라는 없습니다.\n이는 한국경찰이 잘해서라기보다는 한국 남성들이 착해서입니다\n물론 블박 CCTV가 많고 좁은 땅이라는 이점도 있지만요\n""남성 가해자가 훨씬 많다"" 라는 메갈여성들이 주장하는 바에서\n반대로말해, 한국 남성들이 착한 이들이 많다.\n""외국에 비해 안전국이라고 할만큼의 안전지대국""이라고 주장할 수 있겠습니다\n여성전용 주차장에 자전거보관소에 도서관에 휴게실에 별별 여성전용이 넘쳐도\n한국 남성들 시위조차 안합니다\n그런 한국 남성들에게 고마워하라고 하지도 않았습니다\n하지만 적어도 6 .25사변의 희생된 우리 용사님들을\n6.25고기파티라고 하거나\n군복무중 폭발사고로 전시화상을 입은 청년을 한남 통구이라고 하거나\n세종대왕님 독립운동가 김 구선생과 안중근 의사의 얼굴에 낙서를 하여 한남이라며 조롱해대는 등등 여러가지의 정신나간 일베와 동급의 메갈과 기타 남혐사이트를 가만히 놔둔다면\n일베의 어린애들처럼 메갈을 호기심으로라도 보는 어린 여자애들이 자라면서 어떤 생각을 가지게 될까...\n하는 진심 국가와 민족의 번영에 어떤 나비효과를 불러일으킬지 심히 우려스럽습니다\n한국의 자칭 지식인들은 여성들에게 욕먹을까봐 아니면 인기 떨어질까봐\n이런 나쁜 여성들에 대한 일침은 커녕 충고조차 하지않고\n오히려 난 여성의 편이다 여성이 살아야 한다며\n오빠멋져 소리나 듣고싶어 안달나있는 정신나간 발상이나 해대니\n더이상 그 어떤 진취적인 강의나 가르침을 볼 수도 들을 수도 없습니다\n일 전에 몇 번이고 한국 일반인 남녀토론을 계속해서 제시해왔지만\n(최소한 이러는 이유라도 본인들입으로 듣고\n우리 한국 남성이 이러이러한 이유로 이건 아니다라고 보는데 어떻게 생각하는가 라고 말해주고싶어도\n방송의 힘이 커뮤니티 몇 개의 힘보다 영향력이 크기에 )\n아무런 답변이나 대책이 없어서 참으로 기가막힐 일입니다\n제 주장이 틀렸으면 틀렸다라는 증거라도 봤으면 하는 심정입니다\n그러니 차라리 성평등대책위원회를 신설하여 정말 제대로 된 성평들을 지향하셨으면 합니다\n한국은 지금 엄청나게 잘못된 자들이 성을 빌미로 하여\n자신들의 영향력을 높여서 국가예산을 타먹고\n부처가 아니더라도 이상한 커뮤니티에서 범죄자들 재판비용 변호사비용 등으로 모금을 해서\n꿀꺽하는 사례도 나오고 있습니다\n이를 막을 방법은 사법처리도 있으나 근본은\n1. 한국 남녀 일반인 각각 30~50명의 남녀 토론 (자칭 지식인들 전문가들 배제)\n2. 성평등 위원회 신설.\n3. 여가부 폐지입니다.\n제발 부탁드립니다 이대로란다면 설사 남북관계가 개선되어도 경제문제가 풀려도\n한국의 다음 세대는 없습니다\n오해가 있든 진심이 그러하든 혐오하고 증오하는 한국남녀가 무슨 이유로 연애 결혼을 할까요\n지금 이미 출산율 꼴찌로 공식 증명되었다고 봅니다\n한국의 특히, 젊은 남녀들의 증오와 혐오를 없애기 위해선 끝없는 대화와 성평등 위원회의 중재가 필요합니다"
100447,2018-01-17,2018-02-16,0,4,인권/성평등,경찰의 남성차별 개선해주세요,경찰의 다른 대우 .\n-1 112긴급신고 앱…남성만 이용 불가   http://pann.nate.com/talk/321669344\n-2   여성 비명후 112 신고 끊기면 코드 0 최단기간내 출동   http://news1.kr/articles/?2620077\n-3   실종 사건 접수시 남녀 수사 대우가 다름 SBS그것이 알고 싶다 방송 내용에 따르면  실종사건이 들어오면 여자는 무조건 수사를 하게 되어있으며 남자는 원칙적으로 수사에서 제외라고
183555,2018-04-02,2018-05-02,0,3,육아/교육,국기원 심사비,"저는 초등학교2학년에  다니는 자녀를 둔 부모입니다.\n저희 아들은  2년전 국기원에 가서 1품을 땄습니다\n그런데 그때 국기원 심사비때문에 너무 놀랐습니다\n1품은 16만원,2 품은 18만원,3 품은 20만원....\n너무 놀랐지만, 친구들은 다 1품따러 국기원으로 가는데\n저희 아이만 안보낼수도 없고 해서 월130만원 소득인데\n그중 16만원을 내고 심사를 봤습니다.\n올해 저희아들이 2품을따러 갑니다\n또 18만원을 냅니다\n그런데..문제는\n국기원의 열악한 환경입니다\n16,18,20만원을 냈지만\n한겨울에 난방도 한여름에 냉방 시설도 안되고\n아이들이 심사 대기하는 곳도 너무 열악합니다\n한겨울 도복 안에 내복도 못 입게하고\n맨발로  몇시간씩 대기합니다.\n정말.  심사하는 그 분이들이 볼때는\n이 아이들 한명한명이 그냥 돈으로 보이는것 같습니다\n매주 토요일.일요일  국기원 이외 여러곳에서\n태권도 심사를 진행합니다\n수없이 많은 이들이 심사를 봅니다\n그많은 접수비 다 어디로 가는건지..\n저는 철저한 조사가 이루어 져야한다고\n생각됩니다\n또한, 이제 나라에서 국기라고 법적으로\n제정됐으니  나라의 지원도 뒷받침 되야한다고\n생각합니다.\n그래서 국기인 만큼\n국민 누구나 자유로이 배우고 접하고\n자격을 갖출 수 있도록 심사비 또한 많이 조정되야한다고 봅니다.\n우리나라 초등학생들 중에\n태권도 안하는 아이가 얼마나 됩니까?\n한 아이당 최소 16만원의 심사비는 정말 아니라고 봅니다.\n조속히 시정 될 수 있게 간곡히 부탁드립니다"
371268,2018-09-08,2018-10-08,0,2,행정,국민권익위등... 대한민국의 암적인 존재.  제가 죽어야 사건이 될까요?,"이 민원은 부산 부산진구 부암동 동일 1.2.3차 민원으로 17년내내 불통으로 차단된 빨간구청장 임기내내 민원을 올렸고 민원묵살 행정공문을 정보공개하라며 11년동안 1인시위를 하여 위법허가와 행정하자에 대해 밝혀 국민권익위등... 상급기관에 약300통의 민원을 넣었지만 국민권익위는 부산시로 이송 부산시는 부산진구청으로 이송처리, 강도소굴에서 그것도 감사대상인 구 감사담당관 공무원이 무슨 답변을 제대로 하겠으며 해결하겠습니까?\n그래서 국민권익위에 5년동안 계속 동일1차뿐 아니라 3차 사업승인도 위법이다 행정하자라며 반박 진정서를 계속 올리며 물고 늘어졌지만 나중엔 특별조사관 이XX 은  ""진구청 건축과장이 죽어도 시정조치못한다해 시정공문 못내린다"" 하더니 이후 답변은 ""보완완료서가 있기때문에 행정하자 아니다"" 하여 그 서류를 갖고 부산에 내려오라하여 구경을 했더니 제목만 보완완료보고서이지 내용은 예정 계획서였으며 다음날 취하된 쓰레기 서류였습니다 3차 사업허가신청때엔 보완요구없이 맞빛건설 사업승인을 해놓고 민원인에게는 맞빛건설 서류가 아닌 사업주체가 다른 동일건설 사업변경서를 주므로 행정소송및 민사소송을 못하게 막아 법구제를 못받도록 공소시효 지나도록 차단했습니다\n존공허가 하기전 부산시 국민권익위 뿐만 아니라 관할 파란 국회의원실에도 민원을 넣었지만 무슨 이유인지 입은 행정하자니까 시정공문을 찍는다 하면서 실상은 맹탕시정공문을 3번이나 찍어 주민을 우롱하고 기만해  조건부없이 준공허가 나 주민집 20채가 완전 공중분해 되었습니다\n이후 준공허가나고 4개월뒤인 2017.10월  계속적으로 맞빛건설 사업승인서를 정보공개신청하니 같은 날짜의 맞빛건설사업승인서가 나와 5년동안 부산진구청으로 부터 받은 동일건설서류가 허위공문서임을 알고 분개해 다시 민원을 넣으니 부산진구청은 국민권익위에서 답변한 사안이라며 철저히 봉쇄했고 국민권익위 부산시 시의회는 모두 부산진구청으로 이송처리만 하고 부산진구의회와 구 감사담당관실 주무관 계장은 ""우린 민원검토한적없다 행정공문을 본적도 없고 알 필요도 없다 우린 힘없다 위 지시대로 답변했다"" 해 위가  누고?하니 부산진구의회 파란 구의장이랍니다 이제 막 구의장 된 사람이 면담거부하며 고충민원을 봉쇄하는 이유를 모르겠습니다\n김XX 감사담당과장은 (전)빨간구청장의 비서실장으로 ""행정공문 볼 필요없다 면담할 필요없다 나가라"" 고 고함을 치고 이XX 의회사무국장 역시 (전)빨간구청장 비서실장으로 창조도시위에 회부해 결재받아 내려오면 자신들이 결재해 답변하는 시스템이라고 거짓말해 기자분과 함께 창조도시부위원장을 찾아가니 ""회부한적도 검토한 적도 위원회가 한번도 모인적도 없는데 무슨 결재를 했다 하나?"" 하는데 기가차 죽을 일입니다\n현재 파란 구청장실에서는 부산시 국민권익위에 공무원감사민원을 올리라 해 국민권익위에 구의회 구담당관실 공무원들 4건을 감사하라 민원올렸더니 모두 부산시로 부산시는 부산진구청으로 이송해 고발당한 자가 답변하는 해괴한 일이 벌어지고 있습니다 국민권익위 박XX 은  감사권한이 없다 하네요\n국민권익위는 5년동안 분명 민원을 검토하면서 컴퓨터를 열면 바로 볼수있는 맞빛건설 진짜서류를 봤음에도 동일건설 허위공문서로 공개하는 지자체와 작당해 적폐공범?이 되어 허위답변으로  관할주민집 20채를 공중분해하도록 만들어 놓고 현재 진짜 공문이 들통나도 이에대한 책임을 질 사람도 답변할 부서도 없이 계속 이송처리로  회피하고 있습니다 제가 죽어야 사건이 될까요?"
408520,2018-10-16,2018-11-15,0,2,인권/성평등,군대 상근 병사 스트레스 받는 이유,퇴근하고  퇴근점호를 실시하는데 21:00 저녁점호를 왜또하는지 모르겠다 그리거 휴가때 저녁점호를 왜해야되는건지모르겠다 이리저리 관섭 하니깐 진짜 군생활이 너무 힘들고 괴롭다  너무 인권침에 받은것같것같다 제발 이런점들좀 고쳐줫으먄 좋겠습니다.. 너무 이런점들때매 생활하는데 너무 힘듭니다 이래서 군인들이 너무 죽어나는것같습니다 부탁드립니다 들어주세요 ....
245947,2018-05-27,2018-06-26,0,3,인권/성평등,대한민국 남성들의 해외이민을 장려하고 후원해주십시오,언론이고 방송매체고 정치적으로도 한국 남성들 의견을 대표해주고 옹호해주는 곳 없이\n여성분들의 인권신장만을 외치고 여성의 목숨만 중요하고 남자 목숨은 올땐 우리자식 나갈땐 느그자식 하면서 개돼지 목숨 취급하는데\n그렇게 계속 남성들만 개차반 취급할거면 이쪽에서 알아서 나라밖으로 꺼져드릴 테니까\n남성들의 해외이민을 장려하고 후원해서  그 좋아하시는 여성분들하고만 쎄쎄쎄 하고 사세요\n설마 알아서 꺼져준다는데 막지는 않겠죠 페미대통령님?
313702,2018-07-21,2018-08-20,0,6,안전/환경,유해동물인 비둘기를 없애주세요,"요즘에는 비둘기들이 많아져서 길가 뿐만 아니라  주거지역까지도 흔히 볼 수 있습니다. 에어컨 실외기 까지 올라와서 똥까지 싸고 가기도 합니다. 어떤 분들은 집에 비둘기가 들어왔다고 하기까지 하십니다. 그런데 비둘기는 유해동물입니다. 음식물쓰레기를 파먹고, 비둘기 자체가 매우 더러울 뿐만 아니라 요즘에는 비둘기들이 겁이 없어져서 길가의 차에 치이는 경우도 많습니다. 이렇게 되면 길가의 비둘기 시체를 치우는 사람까지 필요하게 됩니다. 따라서 비둘기를 무서워하고, 혐오하고, 더러워서 가까이 가기 싫어하는 저와 주변 사람들은 비둘기가 있으면 길도 돌아갑니다. 그런데 이 비둘기를 유해동물이라고 생각하지 않고, 밥을 주는 사람도 많습니다. 이 비둘기를 다 없애지는 못하더라도 정부에서 비둘기를 없앨 수 있는 방안을 마련해 주셨으면 좋겠습니다. 또한 비둘기가 유해동물 임을 명백히 국민들에게도 교육시켜 주셨으면 좋겠습니다."
386902,2018-09-21,2018-10-21,0,19,교통/건축/국토,집값잡고 정권연장하는 제일 쉬운 방법,"오늘 국토부에서 집값대책으로 공급대책을 내어놓았으나 그것은 시간이 오래걸리고 또 투기꾼들에게 돈을 벌수 있는 기회를 주기때문에 찬성할수 없다. 정 하겠다면 분양을 없애고 공공 임대주택만 분양하여야한다.\n그보다 더 확실한 방법을 제안한다.\n1. 다주택자 양도세를 90%로 인상하여 투기의 싹을 잘라야한다.\n지금 2가구 이상 다주택자가 보유한 주택이 500만호가 넘고 서울에만 200만호가 넘을것이다.\n일부에서는 양도세를 낮추면 거래가 활성화되어 집값안정이 될것이라는 달콤한 소리들을 하고있으나 그건 투기  이익 을 현금화하고 앞으로도 계속 투기하겠다는 개소리에 다름 아니다.\n오히려 앞으로 내년 7월부터 1가구 2주택 이상 소유자의 양도세를 10년 이내 양도시 90%까지 올리고 매 1년마다 2%씩 하여 최하 70%까지 물리겠다면 단기간에 매물이 폭포처럼 쏟아져 집값이 하향될것이고 이후로는 투기수요가 없어질것이며 불로소득에 대한 조세확보는 물론 집값도 잡는 일석 사조의 효과가 있을 것이다.\n2. 용산미군기지와 현충원, 시내 군부지등에 문재인표 명품 임대아파트 20만호를 공급하라.\n그린벨트와 외곽지역은 젊은직장인들의 선호도가 낮아 서울 도심 집값 안정에는 효과가 적다. 평택으로 이전한 용산미군기지터와 현충원, 시내에 있는 군부대나 경기장등 국유지에 임대아파트 20만호를 지어 무주택 신혼부부 에게 제공하라.\n특히 용산미군기지와 현충원은 한강을 마주보는 교통요충지에 명당이므로 강남보다 더 나은 문재인표 명품임대아파트를 지어 부부합산 1억원이하 무주택 신혼부부의 보금자리로 제공한다면 서울의 명소가 되어 강남집값도 하향될 것이며 절망하는 청년세대뿐만아니라 부모세대에게도 꿈과 희망을 주어 저출산문제도 어느 정도 해결될 것이다.\n또한 국유지이기 때문에 싼값에 임기내에 해결이 가능하여 자연스럽게 정권재창출도 가능할 것이다. 이것이야말로 꿩먹고 알먹는 좋은 대책이 아니겠는가?\n현충원에 계시는 선열들도 소음과 매연에 시달리기보다는 조용하고 공기좋은곳을 좋아하실터."
120784,2018-01-29,2018-02-28,0,2,정치개혁,분열을 조장하고 진실을 왜곡하고 선동하는 글을 유포하는자들을 법정최고형으로 단속하여주세요,정의와 진실을 왜곡하고 법위에 군림하는하려는자들과 분열과 선동을 주장하는 집단들 모두 처벌 바랍니다\n대표로 보수 골통 집단들 입니다\n이들은 일제청산의 대상자들이며 약자들을 갈취하고 정의를 가리고 진실을 거짓으로 둔갑시키는 자들입니다\n이런자들은 법정형량 200년으로 감형없는 처벌바랍니다
499617,2019-01-18,2019-02-17,0,0,저출산/고령화대책,저출산0%향해달립시다,이나라에서 애놓는순간 무덤파는짓입니다 ㅇㅈ?\n애한테드는돈만10억 그이상입니다\n노예생산을해서 좋을게하나도없습니다\n태어나는에들이 무슨죄입니까?\n아들로태어나면 일정나이가되면군으로끌려가고\n딸로태어나면 일정나이가되면 생리값이오지게들고\n요즘유치원학대 하는것만해도 범죄자세상입니다\n혼자사는것은외로우나 대신자유와노후대비까지할수잇습니다\n같이생활하면 괴로우나 자살하고싶을겁니다ㅋ
135531,2018-02-09,2018-03-11,0,1,인권/성평등,가정폭력 가해자를 집에서 쫓아내주세요,"http://m.news.naver.com/read.nhn?mode=LSD&sid1=102&oid=011&aid=0003154744\n왜 패해자가 쉼터로 쫓겨나야하고\n가해자는 편하게 집에서 지내게 합니까\n가해자는 집명의에서 탈락시키고 피해자 주변에 접근하게 하지 못하게 해주세요\n죽은거 한순간이에요..\n그리고 재산이 5900만원 미만인 사람만 받고 초과하는 사람은 안받아주는거 같은데, 왜 그런건가요. 돈 많은 사람은 알아서 집 하나 더 구해서 따로 나가 살으라는건가요?\n그럼 5900만원 미만인 사람은 돈이 부족하고, 6000만원 있는 사람은 집도 구하고 먹고 사는데 문제가 없다는건가요? 요즘 사회가 어떤데요... 요즘 물가는 어떻구요..\n왜 우리나라는 피해자 도망가는거만 조금 신경써주고 가해자를 제지하고 쫓아내느고 하는거에는 관심이 없는겁니까\n왜 가해자의 인권이 어쩌고는 하면서, 피해자의 인권은 어디서 찾아야 하나요!"
290574,2018-06-29,2018-07-29,0,0,외교/통일/국방,누구짓이니?,"칼기랑, 버마 아웅산,연평도. 천안함, 625  등등 누구짓이니? 누가  누가 어떤누가 한짓이니?   이게 이게 나라니"
82144,2018-01-08,2018-02-07,0,4,외교/통일/국방,여성의 군대 의무화 반대합니다,저는 여성의 군대 의무화를 반대합니다 !
90293,2018-01-12,2018-02-11,0,43,성장동력,[가상화폐강제폐쇄관련]박상기 대법원장 해명 요구합니다.,말한마디 그냥 잘못한거라고 얼렁뚱땅 넘어가지마시고\n본인이 공적인 자리에서 본인입으로 정부의 방침인것처럼 관계부처 전부 협의끝난사항이라고 싸질러댄 말\n책임지시기 바랍니다. 그에대한 손해를 부동산 투기한 재산으로 막으시던가요\n법무부 장관씩이나 되신분이 결과에대해 생각도 안해보고 입을 놀리시진 않으셨을텐데 혹시 지인이 관련있습니까?\n성적표에는 그렇게 CD를 박으시더니 장관되고나서도 그버릇 그대로네요
312662,2018-07-20,2018-08-19,0,0,행정,이중적 행정낭비의 이름만 자치경찰이고 무늬만 자치경찰인 자치경찰제 시행보다는 지방분권 시대 정신에 맞는 광역 자치경찰제 전면 시행을 청원합니다.,"현재 진행되고 있는 자치경찰제 시행을 위한 추진과정이나 언론 등 내용을 보면\n무늬만 자치경찰이고,\n이름만 자치경찰일 뿐\n기존의 지방경찰청, 경찰서, 지구대, 파출소는 그대로 나두고\n다시 새롭게 자치경찰단, 자치경찰대 등 만들어서\n인력 조금 충원 받아 또 만든다는 것은\n이중적 행정손실로\n조삼모사, 권모술수, 낫 놓고 기억자고 모른다.... 등 밖에 생각이 나지 않습니다.\n지방분권 시대의 역사적 사명에 맞는\n지방경찰청, 경찰서, 지구대, 파출소 청사 인력 모든 것이\n그대로 자치단체로 이관되고,\n그중 수사 등 필요 인력과 부서만 이동하여\n미국 FBI같은\n오로지 수사에만 전념하는\n국가수사본부로 이관되어\n새로운 건물과 새 이름으로 출발하고,\n검찰은 오로지 기소에만 전념하고\n단, 고위공직자 비리를 수사하는 공수처와\n민생범죄를 담당하는 국가수사본부 사이에\n분명히 존재할 반부패 경제사범 등 특수사사에 한정하여 수사하고,\n지방자치단체는 오로지 도민, 시민, 군민을 위해\n범죄예방을 위한 치안행정에만 전념할 수 있도록\n다음과 같은 광역 자치경찰제의 전면 시행을 청원합니다.\n그래야 전국의 모든 소방관들이 지방직에서 국가직으로 전환이 가능합니다.\n그래야 예산부서에서도 이관에 따른 경제적 부담이 없어집니다\n얼추 자치경찰로 이관되는 국가경찰의 숫자와 지방직에서 국가직으로 전환되는 소방관의\n숫자가 맞아떨어집니다.\n자치경찰제는\n기존 ‘국가경찰’과 다르게 경찰이 지방자치단체장의 권한과 책임 하에 자치지역 내에서 치안업무를 담당하는 제도다. ‘지방분권’ 취지에 맞게 현재 중앙 행정부 소속 국가경찰이 전부 맡고 있는 생활 안전, 지역 교통, 지역 경비, 광역단체 소관 특별사법경찰 등의 관리를 지방자치단체장에게 맡기는 것입니다.\n국가경찰제도는 합법성·능률성·집권성·책임성을 추구하는 반면,\n자치경찰제도는 민주성·분권성·중립성·자치성을 추구하는 제도로 분류됩니다.\n2013년 공포된 ‘지방분권 및 지방행정체제개편에 관한 특별법’(지방분권특별법) 12조3항은 “국가는 지방행정과 치안행정의 연계성을 확보하고 지역특성에 적합한 치안서비스를 제공하기 위하여 자치경찰제도를 도입해야한다”고 규정하고 있습니다다.\n‘지방분권’ 강화를 강조하는 문재인 정부 출범 초기 국정기획자문위원회는\n2017년 7월 100대 국정과제 중 하나로 ‘광역단위 자치경찰 도입’을 제시했습니다다. 이에 따라 문재인 정부는 2018년 시범 실시를 거쳐 2019년부터 광역 시·도에서 전면 실시할 계획입니다.\n우리나라는 국가경찰제가 근간이 돼 왔고, 자치경찰제도에 대한 논의는\n1990년대 초반까지는 활발하게 진행되지 못했다. 1991년 지방자치가 실시되면서 비로소 자치경찰제 도입에 대한 논의가 일기 시작했습니다.\n이후 1997년 대통령 선거에서 김대중 후보는\n경찰의 정치적 중립화, 자치경찰제도 도입 등을 공약했다. 김대중 후보가 대통령으로 당선된 이후 1998년 경찰청 내에 경찰개혁위원회를 설치하고 자치경찰제도기획단을 운영해 외국의 제도를 연구하고 공청회를 여는 등 자치경찰제도에 관한 연구를 본격화했습니다.\n이후 노무현 대통령도\n지방행정과 치안행정의 연계성을 확보하고 지역 특성에 적합한 주민 생활 중심의 치안서비스를 제공하기 위한 자치경찰제를 도입하려 했습니다. 그 성과 중 하나로 제주특별자치도의 출범과 함께 경찰 창설 60여년만에 처음으로 2006년 7월1일 국가경찰에서 자치경찰과 이관한 제주자치경찰제도가 실시됐다. 그러나 제주자치경찰은 수사권이 없어 ‘무늬만 경찰’이라는 비판을 받기도 했습니다.\n-지방분권과 자치강화. 지방자치제도 취지에 맞게 경찰 서비스도 중앙의 국가 중심 구조에서 벗어나 분권화된 운영방식을 적용해야 합니다.\n-지역 치안에 대한 지역의 책임 강화가 필요합니다.\n-주민참여 행정의 활성화. 범죄의 예방이나 교통정책은 결코 경찰의 힘만으로는 효과를 거둘 수 없는 분야이므로 주민의 참여가 필수적입니다.\n그러므로 현재의 지방경찰청, 경찰서, 지구대, 파출소의 건물과 인력이 그대로 넘오오고\n일부 필요한 수사 등 국가경찰이 빠져나가서 새로운 국가수사본부를 만드는 형태의\n전면적인 광역 자치경찰제의 전면 시행을 청원합니다."
93505,2018-01-13,2018-02-12,0,7,성장동력,세상의 모든 돈은 이미 가상화폐와 다를게 없다,"현재 사용되고 있는 모든 화폐(달러,유로화,원화,엔화 등등)는 이미 어쩌면 가상화폐가 아닐까 생각합니다.\n원래 화폐는 금을 맡겨둔 보관증이었습니다.\n하지만, 현재 사용되고 있는 화폐는 이미 50년도 더 전에 금본위제가 아닌 정부의 보증 즉 정부신뢰 기반으로 하는 화폐로 바뀌었습니다.\n우리나라의 경우 우리가 은행에 맡긴 돈 중 은행당 1인 5000만원 까지 정부에서 지급을 보증합니다.\n그 신뢰를 기반으로 우리는 안심하고 자신의 자산을 원화 형태로 은행에 맡겨 둡니다..\n즉 현재 사용하고 있는 돈(화폐)는 실물에 기반을 두지 않은 신뢰를 기반으로 한 신용화폐인 것입니다.\n우리가 은행에 저금한 돈은 은행 장부에 기록된 거래내역과 숫자로 존재합니다.\n가상화폐의 블록체인에 기록된 거래내역과 숫자와 비슷한 것입니다.\n비트코인 같은 가상화폐 역시 신뢰를 기반으로 한 신용화폐 입니다. 일반적은 화폐와 다른 점이 있다면\n정부신뢰가 아닌 전세계 수많은 가상화폐 보유자의 상호 신뢰를 기반으로 하는 점이 다를 뿐입니다.\n그러면 은행이 망하지 않으란 법이 있습니까? 금융강국,기축화폐국 미국도 금융위기때 은행이 망했습니다.\n그리고 물가는 왜 늘 오르기만 할까요? 세월이 지날수록 가랑비에 옷젖 듯 점점 가치가 줄어드는 화폐 이상하지 않습니까? 그것은 물가가 오르는게 아니라 총화폐 발행량이 늘어나서 그런 겁니다.\n부자들은 자기 자산을 은행에 화폐로 맡겨두지 않습니다. 실물자산 즉 부동산,금,예술품 등에 자신의 자산 대부분을 보유합니다.... 왜그럴까요?\n정확한 방영 연도는 기억나지 않지만 금융위기가 있던 2008년 이후 시점에 KBS에서 제작한 5부작 다큐멘터리 ""자본주의"" 라는 시리즈가 있었습니다. 지금도 유튜브에서 검색해 보시면 찾아볼 수 있습니다.\n이걸 보시면 어쩌면 철학적인 물음일지도 모를 ""돈이란 무엇인가? 라는 물음에 대한 궁금증이 조금이나마 풀리지 않을까 생각해봅니다.\n그 타큐멘터리에서도 비트코인에 대한 내용이 있었는데.... 제가 그걸 볼 때는 참 이상한 사람들도 다 있다 생각했었습니다....\n요즘 가상화폐에 대해 이슈화 되고 있어서 얼마전에 다시 본 적이 있었는데... 오래전에 봤을때와는 또 다른 느낌으로\n다가왔습니다.\n세상은 계속 발전합니다... 가상화폐 말도 많고 탈도 많습니다....\n하지만 세상이 계속 발전하고 새로운 기술과 새로운 제도로 진화하고 있습니다...\n어쩌면 수십년이 지난 후 오늘을 되돌아 볼 때 역사책에는 오늘 날의 가상화폐를 어떻게 평가하고 있을까요?\n제2의 튤립버블로 기록될까? 아니면 새로운 산업혁명의 시초로 기록될까?\n저 또한 무척 궁금합니다....\n정부에 요청하고 싶은 말은...... 우물안 개구리가 되지 마시라는 것과 새로운 것에 무조건 두려워 하지 마세요\n어쩌면 거대한 변화의 시발점일지도 모를, 거대한 성장동력이 기지개를 켜고 있는 것일지도 모를\n가상화폐를 무조건 금지하고 보자는 근시안적 사고에서 벗어나세요\n어떻게 탄생한 정부입니까?\n국민들이 현 정부에 대해 거는 기대는 정말 큽니다.\n제발 국민들의 기대에 부응하는 정부가 되길 소망합니다.\n가상화폐 ! 합리적인 과세하세요...합리적인 과세하면 버블은 생기기 않습니다.\n부실거래소는 선별적으로 폐쇄 하세요...\n가상화폐를 이용한 불법적인 자금세탁 등 행위들이 있으면 처벌하세요...\n무조건 금지부터 시키고 보자는 정부의 안일한 사고 방식이 답답하기만 합니다.\n제가 보기엔 오늘 법무부 장관의 발표는 "" 법무부(정부)는 무식해서 도저히 불법적인 행위 처벌할 능력이 없다"" 라고 말하는 것으로 밖에 느껴지지 않습니다. 가상화폐를 잘 몰라서 불법행위를 처벌하기 힘들다면...해당분야 전문가 들을 공무원으로 채용하세요.. 모른면 공부라도 좀 하세요...\n4차산업혁명은....인공지능기술과, 블록체인 기술입니다.. 변화에 움추려 있지말고, 적극적으로 선도하세요.\n어쩌면 이것이 우리나라가 크게 도약할 절호의 기회인지도 모릅니다..."
490347,2019-01-08,2019-02-07,0,2,성장동력,"대통령님, 인공지능 가상현실 등 신성장산업 발전 가로막는 공공기관 카르텔 여전합니다.","​최근 넥센을 매각한다는 소식이 있었습니다. 여러 원인이 있었겠지만 원천기술을 확보하지 못한 이유가 가장 클 것으로 판단되고 고부가가치 원천기술을 확보하지 못한 판교와 구로의 디지털단지에서 근무하는 노동자들이 격무에 시달리고 있는 이유이기도 합니다.\n△ 이른바 가상현실 그래픽스엔진 개발에 성공한 업체 있나?\n민원인의 민원은 “2011년 그 때에는 인공지능형 그래픽스를 이해하거나 믿으려하지도 않았다.”는 자조로부터 시작되고 최근 필자는 어린이 청소년을 비롯한 국민의 안전을 담당하고 있는 정부 각 부처와 제4차산업과 과학기술 발전 및 일자리 창출 확대 정책을 지원하고 있는 정부 부처에 대한 복합 민원을 제기한바가 있습니다.\n[민원요지: 민원인은 교육부와 행정안전부를 비롯한 17개 광역시도 지자체 및 교육청 외에도 국토교통부, 노동부, 산업자원통상부, 경찰청 등에 파일 첨부한 제안서의 시스템을 대국민 재난안전체험교육과 어린이청소년 창의력 개발 지원에 활용하는 방안을 검토해 줄 것을 요청하였는바, 획기적인 제안이라며 긍정 또는 적극 도입검토 의견을 준 대부분의 지자체 및 교육청의 경우와 다르게 '필요시 도입검토' 또는 '중장기적 도입검토' 의견을 준 중앙정부들은 낭비적이고 뒤떨어진 기술에 의한 중구난방식 재난안전체험교육에 의한 위험과 기술발전 저해 요인을 시급히 해소할 생각이 없는 것인지를 묻는 것과 함께 현황을 신중히 점검하고 더 나은 시스템 도입으로 국민안전과 기술발전을 선도하고 국가적 위상 제고 및 경제 발전에 이바지해 줄 것을 간청하오니, 관련 법령이 정하고 있는 공무원의 책무와 신념에 따라서 정히 처리해 주시기 바랍니다.]\n다중이 동시에 접속하는 가상현실 플랫폼시스템은 오늘 현재 다양한 온라인게임에 적용돼 사용하고 있어 어렵지 않게 구축할 수 있으나, 인공지능형 상호작용 센서(영상 속 유저의 자동차와 다른 자동차가 상호 인지 반응하는 기능을 말함.)가 작동하지 않는 '다중 접속 이용 가상현실 플랫폼시스템' 구축은 아무런 의미가 없습니다.\n​왜냐하면, 도로교통 안전체험교육용 가상현실 플랫폼을 구축함에 있어서는 반드시 플랫폼 접속 유저 조종 자동차들이 상호 인지 반응하는 기능이 작동해야만 가상현실 플랫폼 구축 목적을 달성할 수 있기 때문인데, 처해진 환경에서 최상의 최적의 위험회피 생존수단을 찾아야 하는 재난재해 대비 가상현실 체험교육의 경우도 같습니다.\n△ 고글 쓴 가상현실시스템을 이용한 교통안전교육을 말하다.\n최근 교통안전을 담당하고 있는 한국교통안전공단(국토교통부 산하)이 필자에 민원에 답하고 당당하게 소개하는 가상현실체험교육시스템 개발현황이 우리의 아픈 현실을 그대로 반영하고 있는데, 대형차량운전자 및 고령운전자 체험교육 적성평가용 개발했다는 차량시뮬레이터에 사용해야 할 그래픽스의 역할을 고글(Wearable : 안경형디스플래이)로 대신하고 대형차량의 운전기기를 소형차량용으로 대신하여 운전기기 조작능력에 따른 위험요소를 배제해버렸습니다.\n[그림] 소형승용차량용 운전석과 조종기기를 사용한 한국교통안전공단 개발 대형차량운전자 체험교육 및 고령운전자 적성평가용 차량시뮬레이터. 링크페이지 참조 바랍니다.\n[그림]정상적인 대형차량 조종기기를 사용한 차량시뮬레이터(핸들각도와 변속장치 등 비교)\n그렇다면, 오늘 현재 보유 시뮬레이터와 Wearable(웨어러블 : 안경형디스플래이)을 착용한 안전체험교육 위한 가상현실훈련시스템은 상호 인지 반응 교감 인공지능 작용하나?\n운전 조종장치 컨트롤 않는 고글 쓴 교통안전교육과 재난안전교육은 체험교육 아닌 관람형교육, 검증과 측정 가능한가?\n안경형디스플래이 적용 가상현실그래픽, 온라인망을 이용한 다중 접속 이용 가상현실체험교육 위한 그래픽엔진플랫폼 구축 가능하고 필요한가?\n가상현실 속 사물 간 상호 인지 반응 교감 없는 교통안전교육 결과에 대한 검증과 고령운전자 및 장애인 운동능력에 대한 측정 가능하고 필요한가?\n교통안전교육이든 재난안전체험교육이든 웨어러블을 착용한 가상현실체험교육과 관련하여서는 위 네 가지의 의문점에 대한 해답을 구해야 합니다.\n가상현실훈련시스템은 ""가상현실 속 차량은 왜? 일정한 패턴을 유지하여 예측이 가능하고 진로를 벗어난 유저의 차량을 피하지 못하는 것일까.""라는 등의 의문점을 해소해야만 기본적인 조작 주행능력 외에도 방어운전과 같은 위험회피 대응능력과 시시각각으로 변화하는 재난재해에 대한 대처방법을 제대로 습득할 수 있습니다.\n감히 조언하건대, 인공지능감지센서를 함께 코딩한 그래픽스엔진을 제작하여 보급한 경험까지는 아니더라도 개발할 수 있는 기술력과 숙련된 제작인력을 확보하지 못한 가상현실 교통안전교육 및 고령운전자 장애인 운동능력적성 평가와 재난안전체험교육 프로그램 플랫폼 시스템 구축은 지금까지의 가상현실훈련시스템의 경우가 그러했던 것처럼 오히려 동기부여를 약화시킬 것입니다.\n△ 첨단을 지향하는 가상현실체험교육마저 주입식이어야 하는가?\n세월호참사 이후 정부와 지자체 및 공공기관이 시행하는 있는 어린이 청소년 재난안전 및 교통안전 체험교육 자칫, 오판과 고정관념을 심어줘 더 큰 위험에 빠트릴 수 있는 주입식이 아니라, 토론방식으로 실시할 것을 권고합니다.\n첨단을 지향하는 가상현실체험교육은 대피요령과 생존방법을 제시하는 게 아니라, 그 방법을 구하고 모색하는 토론식 교육이어야만 일석이조 일석삼조의 효과를 거둘 수 있다고 할 것인데, 현재의 가상현실체험교육시스템은 문제의 해법을 제시하는 교육의 주체가 미리 정해놓은 주제 외, 피교육자가 상상할 수 있는 발생 가능한 위험요소를 실현하여 보여주거나 해법을 제시하지 못하는 수준입니다.\n가상현실체험시스템은 교육의 주체나 피교육자가 알고 예측할 수 있는 “발생했던 것과 존재하는 것(시뮬레이션)” 이상을 구현할 수 있는 요건을 갖춰야 합니다.\n예컨대, 교통안전교육 및 운전교육용 가상현실훈련시스템에 있어서 눈길, 빗길, 빙판길, 고속주행, 도심주행, 산악도로 등 여러 조건을 미리 구성하여 선택할 수 있는 것 뿐 아니라, 그래픽영상 속 사물 간, 유저 조종 차량과 영상 속 다른 차량 및 사물 간 상호 인지 반응하는 수준으로 갖추는 것은 물론이고 이러한 훈련시스템을 통해서 얻어진 결과를 두고 토론하여 더 나은 교통안전과 기술발전을 모색할 수 있는 체험교육이어야 한다는 것입니다.\n△ VR, AR, MR 가상현실훈련(체험교육)시스템, 인공지능은 필수 조건이다.\n상호 인지 반응하는 등 그래픽 영상 속 사물이 상호 교감하는 인공지능 기능이 누락된 가상현실체험교육 시스템은 실제의 현상을 발현시킬 수 없으므로 가상현실 시스템이라 말할 수 없습니다.\nMR! 실사영상(ar)과 그래픽영상(vr)을 단순히 합성해 놓은 영상을 말하는 게 아닙니다. MR은 공간과 사물이 상호 교감하는 가상의 공간 및 사물과 현실의 나와 상호 교감하고 그 가상의 공간에서 다른 사람과 상호 교감하는 현상을 말하는 것이고 이러한 가상의 세계에서 특정한 사건을 발현시키는 그래픽영상 트랙(하늘과 바다와 육지)를 MR플랫폼이라고 합니다.\n△ 세계 최초로 창안한 프로그램 및 저작물로 등록한 MR(복합형가상현실)재난안전체험교육플랫폼 구축 운영 컴퓨터프로그램 기본 구성 및 활용방안은?\n​- 인공지능 센서 및 컨트롤러를 하늘과 바다, 육지의 지형지물을 영상화한 컴퓨터그래픽과 함께 코딩한 그래픽엔진이 구현한 가상현실공간을 플랫폼(약칭: MR플랫폼)으로 하고\n- 다수의 유저가 블록체인화 한 온라인망이나 특화 한 초고속인터넷망을 이용하여 이 인공지능 센서와 컨트롤러가 작동하는 가상현실공간(MR플랫폼)에 동시 또는 다발적으로 접속하여\n- 화재, 지진, 홍수, 폭풍, 해일, 교통사고 등 육지와 바다, 하늘에서 발생하는 각종 재난현장을 구현한 MR플랫폼에서 인공지능지도요원의 안내와 지시에 따라서 최상의, 최적의 대피수단과 생존방법을 찾아가는 방식으로 체험교육프로그램을 구성해 운영합니다.\n​- 공공기관 시행 교통안전교육 시스템 구축 학교 등 청소년 교통안전교육기관으로 확대 운영할 수 있고\n- 공공기관 시행 고령운전자 및 장애인운전자 정밀적성검사 시스템 구축 운영할 수 있으며\n- 워게임, 레이싱게임, 각종 레포츠게임과 쇼핑센터 등의 진열상품 및 직거래상품 가상현실쇼핑플랫폼시스템을 구축 운영하는 등, 모든 가상현실분야를 상당한 수준으로 업그레이드 할 수 있습니다.\n이하, 민원인 제안시스템에 관한 상세 내용은 링크페이지의 첨부파일 참조바랍니다."
437789,2018-11-09,2018-12-09,0,19,미래,트럼프에게 주한미군 미세먼지땜에 폐암걸린다고 말하면 해결된다네요,웃기지만 트럼프는 자국민을 위해 중국 압박해서 미세먼지 해결할 듯 싶네요\n우리 정부는 중국 무서워서 꼬리내리고 살랑거리기나 해대는데\n난민 대처 등 자국민 보호하려는 트럼프가 대단해보이는 요즘입니다
329007,2018-08-04,2018-09-03,0,0,안전/환경,어린이차량및 학원차량,학원에 차량을 하는곳과 하지않는곳이 있습니다  차량을하는학원은  어마한 인건비뿐만아니라  차량주유비 차량 관리비 차량으로 인한 안전문제ㆍ부모들의 불만으로 늘 불안하고  교육보다 차량으로인한 업무가 많습니다 그리고 지입차를 쓸경우  나몰라라하는 업무태만으로  자차 운전자를 고용하면   나라에서  세금관련 아무런  혜택도 못받고  차량운전자가 늘바뀌는 그런불편을 겪어야합니다 그래서 학원차량 전체금지법을 내려주시고 스쿨버스처럼 각 동네스쿨존에서 같이 운행할수있는  학원에서 돈을내고 그런방안을 모색해주세요  학원 노란차들도 교통이 마비되고  차량사고도 자주납니다 차량운전자들은 접촉사고라도나면 그대로 안나오는 경우가 다반사고 책임감도 없습니다  어린이 차량사고가나는 종종나는  이유가   있습니다 지입차주들은 아침부터 저녁까지 세가지일을하며  늘 피곤해하고  차들도 다 노후되어서  위험합니다 학원차량법을 만들어놓아도  아무소용이 없습니다  개인이아닌 시 자체나 나라에서 스쿨버스처럼 학원차량을  운행해주면 좋겠습니다  각 학원에서는 합당한 돈도내구요
157712,2018-03-04,2018-04-03,0,9,성장동력,인터넷실명제,"인터넷 너무 가관입니다^^인터넷실명제 도입요청해요\n이제곧 5G시대가 오는 시점에서 그만큼  사이버법률도 도입 개선되어야생각합니다.\nIT강국인 한국이 점점 유럽의 선진국들에게 밀릴려하고있습니다..아직까지는 속도,하드웨어쪽에서는 우위에 속하는편이지만..점점 따라잡힐려고하고 있습니다..\n따라잡히질 않기 위해선 사이버법률조정이 1순위라고 생각합니다.\n한국 5G도 성공적으로 잘하는중 맞겠죠??ㅎㅎ"
279874,2018-06-22,2018-07-22,0,86,기타,제주난민신청허가폐지를 청원합니다.,현재는 제주에서만의 문제로 남지만 6~8개월 후에는 전국에디로도이동이 가능한 상황이되며 그러면 어느지역 어느곳에서 모여다니면서 문제를 일으킬지 모르고 통제하기도 힘든상황이 될것이며 우리나라에서 일어나는 성범죄나 폭력도 다 방지하지못하는 상황인데 이런일까지 ...  예멘의 문화는 우리나라와 확연히 틀리고 그들을  교화하거나 범죄를 막을수있는 방안도 적절치 못한 상황입니다. 모든면에서 예맨난민신청을 반대합니다.
410978,2018-10-18,2018-11-17,0,0,문화/예술/체육/언론,언론 보도의 30%는 국민들에게 좋은 소식을 들려주세요. 제도적으로. 우리 잘하고 있는 일도 있지 않나요?,"언론 보도의 30%는 국민들에게 좋은 소식을 들려주세요. 제도적으로. 우리 잘하고 있는 일도 있지 않나요?\n언론 매체가 국민들의 삶에 주는 파급력은 매우 크다고 생각합니다.\n보도되는 뉴스, 기사의 주요 키워드는 비리, 살인, 폭행, 전쟁, 재해, 음주, 시위, 갑질, 정치분쟁 등입니다.\n뉴스를 볼 때면, 잘못된 것은 벌을 받는다는 교훈을 받기도 하지만\n이런 세상에서 나 자신은 어떻게 살아 가야하나,\n나의 자녀는 세상에 어떻게 내 보내야 할까. 하는\n막연한 불안감으로 지친 하루를 더 지치게 만듭니다.\n우리나라에 괜찮은 시민들의 의미있는 삶과, 좋은 일들도 많지 않나요?\n하나의 의미있는 기사는, 수많은 어른들의 잔소리와 어떠한 교육보다\n우리 아이들을 절로 꿈을 꾸게 하고, 주변을 돌아보게 할지도 모릅니다.\n세상에 중요한 것이 무엇이고, 어떻게 더불어 살아가야하는 지,\n자신과 가족을 어떻게 지켜 내야 하는지 스스로 체득하게 될 수도 있습니다.\n좀 더 나쁜 사건, 국민들의 마음을 후벼 파고 들어 갈 수 있는 충격적인 사건을 찾아\n서로를 헐뜯고 짓밟아야 내가 살 수 있다는 마음을 갖게 하는 것이 아니라,\n힘든 하루의 삶이지만  스스로를 위로하여 다시 힘을 내고, 주변을 돌아볼 수 있는 보도를 해주셨으면 좋겠습니다.\n결론은, 보도되는 뉴스의 30%는 국민들에게 따뜻한 소식을 전할 수 있게 제도마련을 청원합니다."
159137,2018-03-06,2018-04-05,0,6,인권/성평등,요즘 성폭력 폭로가 최고의 무기가 되었네요,"성폭력은 지위 고하를 막론하고 마땅히 엄중 처벌 받아야 합니다.\n그동안 참아왔던 피해자들은 이 기회에 모두 폭로해야 합니다.\n정치권, 언론계, 문화계 등...\n하지만 보복 심리로 사실을 과장하거나 왜곡해서도 안됩니다.\n한 사람의 인생을 망가트리고 낙인 찍는 무고죄는 더 큰 범죄입니다.\n잘 알지도 못하면서 마녀사냥식 여론몰이도 적폐 중의 적폐입니다.\n또 여성의 성희롱 성추행도 많은데 남자라는 이유로 폭로를 못하고 있는 것도 사실입니다.\n촛불혁명에서 우리 국민이 보여줬듯이 이번 기회에 모두 밝혀야 사회가 한 단계 성숙해지고\n발전할 수 있습니다. 성폭력 전쟁터 같은 이 나라가 어찌될 지...이 정권이 어찌될 지..."
408346,2018-10-16,2018-11-15,0,201,인권/성평등,동성애 연구조사,"지금 정부는 동성애를 확산하는데 애쓴다는 말을 듣고 있으며, 동성애를 찬성하고 지지하면 인권주의자라는 이상한 분위기가 형성되어 있습니다.\n또한 동성애와 관련한 주장들이 극과 극을 달리며 국민화합을 해치고 있습니다.\n국민의 대다수는 이성애자들이고 동성애자들은 분명 소수에 불과한데도 정부는 이성애자들은 외면하고 애써 동성애를 보호하고 확산하려는 정책을 펴고 있기에 아래와 같이 청원하고자 합니다.\n1. 정부는 동성애와 관련한 불필요한 논란을 근절하기 위해 저명한 학자들에게 연구조사를 시키기 바란다.\n- 이성애와 동성애가 국가와 사회에 미치는 영향 비교\n- 이성애와 동성애의 유병 현황, 주요질병, 치료비, 평균수명, 소득수준, 소속종교 등\n2. 이와 관련한 조사가 끝날 때까지는 정부의 동성애 관련 홍보 확산 지원 정책을 중지하라."
101105,2018-01-17,2018-02-16,0,11,문화/예술/체육/언론,"남북 단일팀 합의, 마식령 스키장 사용을 다시 생각해 주십시오","1. 여자 아이스하키 남북 단일팀\n- 시간적 고려가 전혀 되지 않은 결정\n- 기존에 4년의 시간을 기다리며, 고생한 여자 아이스하키 선수들에 대한 배려라고는 찾아볼 수 없는 결정\n2. 마식령 스키장 사용\n- 올림픽은 분명히 대한민국에서 열리는 것이지 조선민주주의인민공화국에서 열리는 것이 아님\n- UN의 재제를 받고 있음이 분명함에도 한반도 평화를 명분으로 국제사회에 잘못된 메시지를 줄 수 있음\n길게 설명하지 않겠습니다. 적극적 지지자였습니다만, 이러한 졸속 결정에 대해서는 결코 동의할 수 없습니다."
212444,2018-04-26,2018-05-26,0,3,외교/통일/국방,남북 정상회담 만찬디져트에 들어간 한반도기를 독도가 조선땅이라고 일본이 만든 지도로 바꿔주세요.,이번 남북 정상회담 만찬에 쓰이는 디져트에 독도가 들어간 한반도기를 빼달라고 일본이 항의한다.고 합니다.\n한반도기를 빼고 옛날 독도가 조선땅이라고 표기한 일본이 만든 지도를 넣으면 어떨까요?\n세계로 영상이 송출될텐데 이참에 독도는 그 옛날 일본이 억지부린다고 자연스럽게 알립시다.
363437,2018-09-02,2018-10-02,0,10,교통/건축/국토,수도권 주택정책,1~1가구 1주택을 넘지 못하도록 법제화가\n필요합니다.\n~서울등 수도권에 1주택 소유자는 2주택을\n소유하지 못하도록 해야합니다.\n~1주택 보유자가 상속이나 유산으로 취득한 주택은\n5년이내에 둘중하나를 처분하게 해야합니다.\n~2주택 보유자는 1주택이 1억원을 넘지 않을경우는\n그러하지 아니한다.
247028,2018-05-28,2018-06-27,0,3,교통/건축/국토,왜 대한항공 만 ?,"안녕하십니까, 대한항공 노선에 대해 검토 요청을 드리는 사유는 다음과 같습니다. 제가 아는 친지분이 오스트리아 비엔나에 사시고 계시는데, 오스트리아 비엔나에서 인천공항까지 또는 인천공항에서 비엔나까지 Non Stop으로 직접가는 항공사는 대한항공 하나 뿐이 없다고 합니다. 다른 항공사들은 모두 다른 곳을 경유를 해서 간다고 합니다. 그러다 보니, 대한항공을 탈 수 밖에 없다고 합니다. 거리가 먼 프랑스 파리나 독일에 가는 대한항공의 경우 항공권도 저렴하고, 다양한 프로모션을 통해서 상대적으로 저렴한 항공권을 구매할 수 있지만, 비엔나로 가는 대한항공 항공권의 경우는 거리가 짧은데 비해 항공권 가격도 비싸고, 프로모션도 상대적으로 적게 한다고 합니다. 경쟁 항공사들 역시 직항 취항을 신청했지만, 번번히 승인을 받지 못했다고 들었습니다. 왜 대한항공에 직항에 대한 독점적 지위를 주는 지에 대해 전반적인 검토가 필요한때라고 생각합니다. 오스트리아는 동유럽을 거쳐 가는 국제도시로 물동량과 승객이 대폭 늘어나는 추세의 공항이며 노선입니다. 오스트리아 뿐 아니라, 대한항공에 대한 전반적인 노선을 총체적으로 검토함으로써, 행여 있을 불합리함과 불평등을 제거하고 국민들에게 좀 더 좋은 서비스와 선택의 기회를 주는 것이 바람직하다고 생각합니다."
321012,2018-07-27,2018-08-26,0,1,기타,스포츠토토독점,스포츠토토대행업체 베트맨 에대해서\n독점하다보니게임발매수자기마음대로줄이고\n스포츠토토가 솔직히게임발매도없고 연 한두번\n발매정지시키고이게공식스포츠토토가맞는가라는\n생각이듭니다.독점폐지해주시고경쟁업체도입필요합니다
492349,2019-01-10,2019-02-09,0,86,문화/예술/체육/언론,"심석희 선수 성폭행 사건, 대통령이 직접 나서서 모든 체육계 연맹, 협회 조사하고 해체해 주시기 바랍니다","심석희 선수의 오랜 세월 폭행, 성폭행에 이어 5, 6명의 다른 선수들이 다른 2인 이상의 코치에게 성폭행 당한 것을 폭로 준비하고 있다고 합니다.  히딩크감독의 엄청난 성과, 김연아라는 자국의 대스타의 발목을 못 잡아서 온갖 불합리한 짓을 일삼았던 빙상연맹, 홍명보의 축구대표팀 선발, 선동렬의 야구대표팀 선발, 전부 다 비리와 줄대기, 패거리  문화에 기인한 것입니다.   검찰, 사법적폐가  정부 전체가 움직여도 해결이 안되는 걸 보았습니다.  이 사안도 체육계 전체의 썩은 문화와 관행에 기인한 것으로  대통령이 직접 나서도 해결이 쉽지 않은 사안이라고 생각됩니다 .........여성이 안심하고 살 수 있는 나라..........를 표방하는 이 정부...... 대통령이 나서서  빙상연맹 완전히 해체해야할 것입니다, 아니 체육계 전체 코치-선수 간, 학교출신간, 모든 패거리 문화, 성폭행, 폭행, 뇌물, 진학, 선수선발 등등 비리 전부 뿌리 뽑아야 합니다.  평창 올림픽 때   전명규가 스피드스케이팅 시합을 앞두고 잠자고 있던 선수들을 깨워 집합시켰고  이상화 선수 등 평소보다 3시간을 일찍 일어났다는 뉴스가 있었습니다. 그때뿐입니다  완전히 공중해체 시키지 않으면 답이 없습니다"
69904,2017-12-19,2018-01-18,0,0,저출산/고령화대책,저출산민간주도만하고도대체문정부님한마디없으시고4차혁명평창안보다좋지만생산인구도없는국가파탄미래가더중요하지않습니까,존경하는문대통령님.연일수고가많으십니다.\n부산에계실때멀리서참자주뵈었는데.\n다름이아니고 정만 답답해서 한마디 하고자 합니다.\n4차산업 일자리창출 연일이정부에서 떠들고 있지만\n정작 중요한 저출산문제는 민간에 미루고\n테스크포스만 보고 문대통령님이 확고히 밀어붙히지\n못하는데 아쉬움이 이럴때 없습니다.\n4차혁명이 일자리창출되면 뭘합니까.\n저출산최고조로 생산가능인구없고 일자리 편향으로\n한쪽으로 치우치고 학교도 점점 없어지고\n국가존립의 문제인데.\n사람중심의 경제 저출산의 사람주도의 경제와 미래가 어디있습니까.\n중국대국 왜 산하폐지하고 남녀평등 육아를 아예 못박고 있으니 제조 IT  육아산업 교육계 4차미래혁명 주도 대국이 되어가는데.\n국가제일 큰 제앙은 지금 저출산 골든타임 빨리 잡는겁니다.\n제주위에 노총각 노처녀 욜로족들 천국입니다.\n결혼의 미래보다 하루하루 즐겁게 살고 결혼 육아의 미래보다 혼자즐겁게 살다 지내는 생활이 더 좋다는 생각이 팽패합니다.\n생산가능 인구가 없는데 미래4차산업이 어디있고\n일자리 쏠림현상에 사라질  산업군이 더 많고\n학교들은 학생수도 못 맞추고\n나라보안은 누가 앞으로 챙깁니까..\n국가적 재앙 저출산 부터 제발 문대통령님이 직접 챙기십시요..\n미래의 골든타임입니다. 더는 늦습니다.
416659,2018-10-23,2018-11-22,0,1,외교/통일/국방,시력기준완화,"안녕하세요 저는 고도근시,고도난시를 앓고있는 환자입니다.고도근시는 일반인보다 망막박리,망막열공,녹내장,백내장등에 훨씬 취약하다고 알려져있습니다.또한 안경 미착용시 제 눈 바로앞의 물체도 보이지 않습니다.하지만 군 신체검사시 경미한 판정을 받는것은 옳지 않다고 생각합니다."
338130,2018-08-12,2018-09-11,0,40,저출산/고령화대책,우리도 그냥 일본처럼 국민연금 통합합시다 일본욕할게아닙니다.,"예언하나합니다. 지금 68세로 늘렸지요?\n몇년뒤엔 진짜 심지어 75세까지 늘릴겁니다.\n일본이란 나라도 부채도 많고 빚이 많은 나라입니다.\n일본도 재정에 따라 불과 몇년전부터 국민연금을 ,공무원연금 사학연금 다 통합했습니다.\n차라리 . 연금폐지안할꺼면 통합하세요.\n일본경제 욕할게아닙니다.\n어짜피 대한민국도 트리타는게 일본 따라갈꺼지만\nㅋㅋㅋㅋㅋㅋㅋㅋㅋㅋㅋㅋㅋㅋ"
497573,2019-01-15,2019-02-14,0,1,일자리,소기업지원정책,존경하는문재인대통령님 안녕하십니까? 나랏일을비롯한 대외적으로국민을대변하여모든일에솔선수범하시는희생하시는모습 존경스럽습니다 저는 강원도 양구군에서자동차정비사업체를운영하는 43세이천우라고합니다 일자리창출과지역발전을위해정부정책지원사업을신청하려니 문턱이너무높습니다  조금완화해주셨으면합니다\n존경하는문재인대통령님 청정양구 국토정중앙양구\n추진하시는 북한과의평화통일양구군을관심갖어주셨으면합니다 꼭방문해주셨으면 좋겠습니다문재인대통령님만나뵙고싶습니다 그리고 대한민국에있는 모든 엔지니어\n자동차정비엔지니어  대한민국 기능인화이팅!\n대통령님 두서없이 글을 썼습니다 우리나라 기능인\n무궁한발전을위해서 대통령님께 이렇게 글으남깁니다\n꼭! 보셨으면합니다
253352,2018-05-30,2018-06-29,0,1,농산어촌,댓글제한을 풀어주세요,1회는 너무 작소
215290,2018-04-29,2018-05-29,0,3,정치개혁,조국님! 공수처 만들랬지...경찰을 검찰 만들랬소?,경찰에게 수사 종결권을 주다니요...10만 경찰이 지 세상 만난듯이 국민위에 군림하는 꼴 보시려 하십니까?\n검경 개혁 간단합니다 경찰견제는 지금 현 상태면 충분히 검찰에의해 견제되고 있으니까 건드리지 마시고\n잘못하는 검사들이나 고위직들 수사할수있는 권한을 경찰에게 줘서 검사에 관해 수사하는사건들은 경찰이 법원에 직접 영장 신청하고 변호사 자격가진 경찰들도 많으니까 그런 경찰들로 하여금 기소하게 하면 되지 않습니까 검찰이 못한다고 더 못하는 10만 경찰을 검찰로 만들 생각이십니까? 검찰도 못믿지만 경찰은 더 못믿습니다 이런 검찰과 경찰을 서로 견제하게 만들어 놔야지 제대로된 사법 개혁이 될것입니다 10만 경찰이 검찰이 되어 날뛰면 국민들 힘들어서 못삽니다 검찰 힘빼고 경찰에겐 힘을 주되 검사들이나 고위직들 수사하는데만 힘을주셔야지 10만경찰에게 일반 국민들 삥뜯는 힘을 주시는것은 절대 안됩니다
515872,2019-02-03,2019-03-05,0,10,반려동물,손홍민 영구제명,국대에서 골도 못넣고 외국에서만 잘하는 손홍민 국대영구제명 건의합니다. 아울러 병역면제도 박탈해주길 청원합니다.
382406,2018-09-16,2018-10-16,0,11,교통/건축/국토,청약가점제 노부모부양 실사조사,https://m.news.naver.com/read.nhn?mode=LSD&mid=sec&sid1=101&oid=417&aid=0000302060
19607,2017-10-07,2017-11-06,0,1,반려동물,애완동물 자격 관리부서를 마련해주세요,"애완동물은 미래 유망사업입니다\n그런만큼 애완동물을 번식사육하는 곳의\n위생 관리등이 상식적인지 상식기준을 정하고 지속적으로 관리감독하며\n자격을 주고 자격이 미비할땐 자격박탈하며,\n애완동물을 키우려는 사람은\n동물의 기초 성격지식부터 먹이와 위생관리\n이웃과의 매너상식등의 기초교육을 필수로 받아\n가족이 4명이면 4명모두 자격을 갖추고\n동물을 키우며 동물도 훈련이 가능한 특정동물은\n애완용으로 합숙이 가능한 자격을\n갖추고 가정으로 들어가는 과정이 필요하며\n이도 정규적으로 관리감독이되며,\n잘 이행되지 않으면 동물이건 사람이건\n재교육에서 자격박탈까지\n할 수 있는 법적 시스템이 구축되어야\n한다고 생각합니다\n그래야 동물도, 사람도, 이웃도 함께\n행복하게 어울어질 수 있을 것입니다"
210010,2018-04-23,2018-05-23,0,2,성장동력,"국가재정 70%를 벌금 , 30%를 세금으로","상속세 , 법인세 폐지하고\n벌금 늘려 부족분 채우되\n권력형 범죄 벌금 대폭 늘리고 (분식회계,정경유착,편법합병)\n납세액 기부액 따라 투표권 차등 지급해야 합니다\n예를들어\n5년 납세액 기부액 0원이면 대통령,의원 투표권 1장\n5년 납세액 기부액 1억이면 대통령,의원 투표권 1000장\n5년 납세액 기부액 100억이면 대통령,의원 투표권 100,000장\n국민 1인당 동일하게 투표권 주면\n포퓰리즘 창궐 막을수 없고\n포퓰리즘 창궐한 국가는 모두 망했습니다\n납세자와 세금수혜자 일치 하는 국가는 도덕선진국\n납세자와 세금수혜자 일치 안하는 국가는 포퓰리즘국\n납세자는 기업인이며 , 기업인은 자신이 낸 세금으로 , 도로 항만 철도 같은 공공시설 투자 원하여 , 기업인과 서민 모두 혜택받길 원하는 구국의 선인들이고\n미납세자는 서민이며 , 서민은 타인이 낸 세금으로 , 무상급식 같은 사적 용도 사용 원하여 , 자신만 혼자 혜택받길 원하는 반역의 악인들입니다\n무상교복 무상급식은 무상음주 무상유흥 입니다\n어금니아빠 처럼 애들 이용한 위선으로\n무상음주 무상유흥 용도로 세금 달라면 거절당하니\n무상교복 무상급식 용도로 세금 달라 거짓말 하여\n기업인이 뼈빠지게 고생하여 낸 세금을\n서민이 착복하여 교복과 급식에 사용하고\n절약된 교복 급식대를 음주가무유흥에 사용하는 포퓰리즘 입니다\n주권은 국민이 아닌 납세자에 있으며\n서민이든 기업인이든 미납세자는 주권 없으니 투표권 제한해야 합니다\n한국인이건 , 외국인이건 , 국적 상관없이\n국세청 납세액과 , 정부기관에 기부한 금액의 5년 합산액에 따라\n투표권 차등 지급 해야 합니다\n투표권 차등지급 + 벌금 상향 + 상속세 법인세 폐지는\n아래 효과 있습니다\n1.\n재원확보\n2.\n범죄예방\n3.\n외국기업 유치\n4.\n국내기업 해외 이주 방지 및 이주 기업 리쇼어링\n5.\n일자리증가 , 청년실업 해결\n6.\n출산율 증가\n7.\n중산층 증가\n8.\n한국 부자들 해외 이민 방지 , 외국 부자들 한국 이민 유도\n9.\n근로의욕 고취\n10.\n포퓰리즘 방지\n돈 많다고 기부 납세 많이 하는게 아닙니다\n대우 김우중 돈 많아도 기부 납세 안하므로 투표권 1장만 주고\n폐지 모아 전재산 정부에 기부 납세한 할머니는 금액에 비례해서 투표권 주고\n유영철 같은 한국 국적 범죄자는 기부 납세 안하므로 투표권 1장만 주고\n외국인 노동자에게 한국정부에 기부 납세액에 비래해서 투표권 줘야 합니다\n검소하고 근면하고 착하고 유능한 사람은 돈을 벌고\n방탕하고 게으르고 악하고 무능한 사람은 돈을 못벌어야 하고\n이렇게 형성된 경제서열과 계급차이를\n정치 포퓰리즘이 무너뜨려선 안됩니다\n투표권을 국적자에게 동일하게 1개씩 주면\n다수결 원칙이라는 만악의 근원이 됩니다\n다수결 원칙은 민주주의를 가장한 사악한 포퓰리즘이며\n다수결 원칙은 데모꾼 강성귀족노조 득세하는 세상 만들고\n질투 억지 강도질 빨갱이 합법 되는 무법천지 됩니다\n국적 상관없이 , 납세액 기부액 따라 , 투표권 차등 지급해야 , 포퓰리즘으로 후진국 되는것 막을수 있습니다\n싱가폴이 선진국 된것은 벌금을 현실화했기 때문입니다\n침 뱉어서 벌금 1000만원 부과되면 누가 침뱉고 껌뱉습니까?\n횡령 10억해서 벌금 1조 부과되면 누가 횡령합니까?\n청탁 1억해서 벌금 1천억 부과되면 누가 정경유착 합니까?\n국민에 주권있는게 아니라 , 납세자에 주권있고\n납세액과 기부액에 따라 투표권 차등부과하면\n포퓰리즘 , 강성귀족노조 , 유럽식 좌파병에서 한국을 구원할것입니다\n국가 재정 70%를 벌금으로 충당하고\n국가 재정 30%를 세금으로 충당하게끔\n벌금이 국가재정 주수입원 되게 조세제도 바뀌어야 하며\n법인세 폐지하면 외국기업 유치 , 한국기업 유출방지 , 한국기업 고국송환(=리쇼어링) 되고\n법인세 상속세 폐지하면 일자리 늘고 , 중산층 늘고 , 저출산 해결 됩니다\nhttp://news.naver.com/main/read.nhn?mode=LSD&mid=sec&sid1=101&oid=021&aid=0002343409\n선진국 ‘리쇼어링’에 사활… 韓은 되레 기업들 내몰아\nhttp://sbscnbc.sbs.co.kr/read.jsp?pmArticleId=10000889036\n트럼프 법인세 인하하자 애플 해외 375조 美 송환\n싱가폴 등등 30여개 선진국에서 오래전 상속세 폐지하고 양도세로 일원화 했습니다\n재산세와 이중과세로 종합부동산세가 위헌이였듯\n양도세와 이중과세로 증여 상속세도 위헌입니다\nhttp://www.hankookilbo.com/v/700813c5208e4083aa8c6b2a3a6e34f9\n상속세 폭탄에 매각, 백년기업은 없다\n유니더스ㆍ농우바이오ㆍ쓰리세븐 등 유망 중소ㆍ중견기업들 지분 팔아\n1500억 모두 내기로 한 오뚜기 , 일감 몰아주기로 재원 마련 편법도\n삼성 , 현대 등등 많은 기업들이 일감몰아주기 , 편법합병 , 편법승계 한다 비난하나\n상속세 폐지하면 편법승계 악행 사라지고\n외국자금 유입되어 부강해집니다\n소로스 동업자였던 유명 투자자 짐로저스도 가족과 싱가폴로 이민 갔는데\n상속세 60% 도둑질 안당하려 간겁니다\n짐로저스 돈만 유치해도 싱가폴 국부 1%는 넘습니다\n상속세 폐지한 국가는 국외자금 유입되어 경제 성장하였으나\n상속세 강화한 국가는 국내자금 유출되어 경제 퇴보하였습니다\n한국 부자들이 짐로저스 처럼 상속세 없는 나라로 이민가면\n서민들 살기 힘들어지고 , 나라 망합니다\n한국 부자들 이민 막고 , 외국 부자들 이민 오게하려면 , 상속세 폐지해야 합니다\n삼성 현대와 같은 기업은 선한 자들이고 ,  가해자 아닌 피해자 입니다\n상속세라는 악법 피해자로써 , 이재용 같은 착한 기업인들이 , 포퓰리즘 좌파 정권 악법 상속세로 인해 , 편법승계라는 막다른 길에 몰릴수 밖에 없던 겁니다\n삼성 현대 등등 기업인들은 선인들이고 , 구국의 애국자로 , 이재용 기념관 세우고 , 이건희 기념일 , 정주영 국경일 만들어 칭송해야 하며\n진짜 악인은 게으르고 방탕한 남탓 술꾼 데모꾼 강성노조 입니다\n내가 번돈을 누군가에게 상속 증여하는것은 죄가 아닌 , 근면 검약한 선이며\n내가 번돈을 죽기전에 다 쓰고 죽는것이 몹쓸 죄고 , 나태 사치한 악입니다\n죽기전에 많은 돈을 남기고 죽은 , 근면 검약한 착한 부모 둔 자녀들은 국가유공자 후손이니 , 추가로 국가보조금과 상장 줘서 장려하고\n죽기전에 모든 돈을 다쓰고 죽은 , 나태 방탕한 악한 부모 둔 자녀들은 반역범죄자 후손이니 , 추가로 벌금과 징역형 줘서 징계해야 합니다\n상속세는 서민들 질투에 의해 만들어진 악법이며\n질투에 의해 법을 만들려면\n예쁜 여자들 경찰서 끌고가서 , 성형수술 여부를 명찰로 달고 다니는 법 만들어야 합니다  (=성형수술 명찰제)\n유권자중에 못생긴 여자가 예쁜 여자보다 많으므로\n포퓰리즘 정부가 표를 얻으려면\n신분증에 성형수술 여부 기재하는 법 만들어야 합니다\n악법 상속세는 폐지하되\n예쁜 여자 성형수술 여부를 명찰로 달고 다니는 법을 새로 만들면\n상속세 폐지로 인해 서민들 표가 줄어들지만\n성형수술 명찰제로 인해 못생긴 여자들 표가 늘어나므로\n포퓰리즘 좌파 정권 유지 가능합니다\n질투에 의해 법을 만드는게 말이 됩니까?\n성형수술 명찰제 말이 됩니까?\n상속세 말이 됩니까?\n게으르고 방탕한 남탓 술꾼 데모꾼 서민들 질투에 의해 만들어진\n말 안되는 악법이 상속세 입니다"
240171,2018-05-22,2018-06-21,0,11,반려동물,반려동물 마이크로칩 필수화,"안녕하세요. 요즘 길거리 고양이, 강아지 등등 주인이 버리고 가거나 잃어버린 동물들 때문에 문제가 여럿생기고있는데요, 저는 반려동물 마이크로칩을 필수화하면 이런일이 조금이나마 줄어들지 않을까 생각합니다.첫번쨰이유는 잃어버린 반려동물을 찾기가 쉽고요, 두번째는 길에 버린 동물들의 칩을 스캔해서 주인들을 처벌할수있고요, 마지막이유는 마이크로칩의 가격을 인상해서 돈이 없어도 키우고 싶어서 무작정 동물을 입양하고 무책임하게 버리는 케이스를 방지할수있지 않을까 생각합니다.\n감사합니다."
312569,2018-07-20,2018-08-19,0,76,육아/교육,어린이집 차량 갇힘 사고 해결방안 아이디어 청원합니다.,"오늘 아침 출근길에 라디오 방송을 들으면서, 어린이집 차량 갇힘 사고 방안에 대해 공학과 교수님께서 아주 간단하고 해결가능한 방법에 대해 인터뷰를 듣던 중 저도 4살 6살 아이를 둔 아빠면서 엔지니어업에 몸담고 있는 사람으로 문뜩 떠오른 아이디어를 내려합니다.\n결론은, 아주 쉽고 실행가능합니다.\n1. 우리는 이미 실행하고 있습니다. 뭘?\n- 안전띠 착용 의무화, 더욱이 어린입 통학 차량은 보육교사 동승으로 더욱더 관련 법을 통해 이미 실행되고 있다고\n생각됩니다.\n2. 우리는 이미 실행하고 있습니다. 뭘?\n- 내 차도 안전띠 미착용시 경고음이 울립니다. 혹여나 미착용시 경고음땜에 도저히 운전을 못할 지경입니다.\n3. 우리는 이미 실행하고 있다. 뭘?\n- 요즘 차에는 차량도난방지장치가 달려있다.\n- 차량도난방지장치란, 차체에 어떤 충격을 가하거나, 또는 문이나 창문등을 무단으로 열려고 할때 경고음 등을\n내는 장치이다.\n예를 들자면, 운전자가 습관적으로 먼저 차에 내려 문을 참갔을때 (요즘엔 자동으로 잠긴다.) 동승자가 잠긴문을\n여는 순간 엄청난 경고음을 듣는다. 순간 운전자는 아차~ 싶어 뒤돌아 스마트키를 리셋한다.\n4. 그렇다. 이미 모든 재료는 준비되어 있다.\n- 아이가 차에 타고 좌석에 앉고 안전띠를 착용하고, 하치시 안전띠를 풀고 내린다.\n- 혹여나 잠들어서 못내린 아이는 안전띠가 안풀렸기 때문에 운전사가 내려 차량을 잠그는 순간 경고음이 울린다.\n- 경고음을 들은 운전사는 다시 돌아와 차량확인 후 못내린 아이를 확인한다.\n5. 기술은 이미 가능하다.\n- 차량자체 경고장치의 회로에 안전띠에 달려있는 리미트장치만 추가하면 된다.\n6. 어린이집 차량 리콜을 실시하라.\n- 정부와 국토교통부는 이제부터 순차적으로 리콜을 실시합니다.\n- 어린이집 차량뿐만 아니라 학원차량, 대중교통 차량을 대상으로 차량회로변경에 대한 리콜을 실시해 주세요.\n7. 그리고, 정부는 이러한 안전장치 의무화를 법적으로 시행하여 모든 차량에도 적용할 수 있게 부탁드립니다.\n8. 비록 국민청원이 안되더라도 이 글을 읽은 각 부처관계자분께서는 충분히 실행하실수 있을거라 생각됩니다.\n아무쪼록 앞으로 이런 황당한 사고가 더이상 발생하지 않도록 노력해 주세요.\n감사합니다."
371357,2018-09-08,2018-10-08,0,1,경제민주화,무임승차 연령대 확대하고 대중교통비 좀 인하해주세요.,무임승차 연령대 확대하고 대중교통비 현행 1250원에서 1000원으로 내려주세요.\n물가 좀 잡아주세요.
368463,2018-09-06,2018-10-06,0,5,행정,시간이 지나면 언어도 변하듯 법도 개정이 필요하다고 생각합니다.,"시대가 빠르게 변하고 어제와 오늘이 하루가 다르게 바뀌는 오늘날. 그에맞는 법도 개정이 매우 필요하다고 생각합니다.\n우선 첫번째 청소년법. 이제 저희가 아는 어린아이들이 아닙니다. 제발 빠른 개정이 필요합니다\n두번째 교통법. 운전미숙,나이가 많은 노인들의 위험한운전 등 사회적으로 계속 이슈가 되고 있는데 바뀌질 않고 있습니다.\n세번째 술에 대해 너무 관대합니다\n음주상태에는 처벌이 가중처벌이 되어야 한다고 생각합니다. 언제까지 술먹고 기억이 나질 않는다는 말을 들으며 범죄를 양산해나가는 뉴스를 볼순 없습니다\n네번째 인권문제 입니다\n진짜 인권이 무엇인지 지켜야 할 진짜 인권이 무엇인지 법으로 정해주셨으면 좋겠습니다. 사회적으로 인간의 권리를 행사할 수 없는 경우도 분명히 있어야 한다고 이 시대는 있다고 생각합니다 범죄자들의 인권은 사형제도의 부활까지는 아니지만 분명 그들의 인권은 크게 누릴 권리는 아니라고 생각합니다.그리고 뜨거운감자인 여성의 인권, 차별과 부당한 대우가 정말로 있다면 그것은 꼭 그들이 누릴 인권이라고 생각합니다.\n마지막으로 간단하게 이륜기,오토바이등등 안전하게 탈수있고 사람들에게 피해가 가지않도록 법이 필요하다고 생각합니다 특히 오토바이배달운전자들\n그들은 배달을 빨리 하려는 마음으로 위험천만하게 운전하지않습니다 단지 그렇게 운전하는것을 즐기기 때문이지 나중에 문제가 생기면 저렇게 변명을 합니다\n언어도 변하듯 법도 빨리 개정되어서 보다 나은 사회를 살아갔으면 좋겠습니다."
14208,2017-09-17,2017-10-17,0,0,외교/통일/국방,대사관 홈페이지,대사관 홈페이지를 통해 우리나라의 협상 내용과 조약 체결의 모습을 보며 외교관을 꿈꾸고 있는 학생입니다.\n하지만 대사관 홈페이지에는 외교관의 직접적인 체험담이나 풍속과 문화를 알 수 있는 방법은 없는 것 같습니다.\n이에 대사관 홈페이지에 대사관의 체험이라는 페이지도 만들었으면 좋게다고 생각하여 이렇게 건의드립니다.
188721,2018-04-07,2018-05-07,0,62,안전/환경,미세먼지 저감과 친환경자동차 발전을 위해서라도 수소전기 자동차 확대보급을 시행하여 주세요,국민이 행복한 세상을 만들기  위해  노력해 주셔서 감사합니다\n미세먼지 저감과 미래 친환경자동차 혁신기술 발전이라는 두가지 목표 달성을 위하여   수소전기자동차 구입 보조금 예산 대폭확대 시행하여 주십시오    요즘 미세먼지 엄청 심각합니다  수소차는 노폐물이 발생하지 않을뿐 아니라 미세먼지를 걸러내어 깨끗한 공기가 되며 연비도 좋아 디젤차량을 대체하기에 충분하고 전국적으로 수요도 많은걸 알고 있습니다   올해 수소 신청차가 폭증했지만  예산지원과  충전인프라도 부족합니다 제조사와 협의하여 다양한 차종의 수소차 생산보급으로 가격도 내린다면 친환경차 기술선점과 동시에 전국의 많은 노후차량을 대체하므로서  미세먼지 저감정책에 큰 효과를 가져오지 않을까 생각합니다 수소전기차 확대보급 발전방안을 위한 향후계획 및 보조금 예산 확대  방안을 알려주시기 바랍니다
503020,2019-01-22,2019-02-21,0,1,경제민주화,막장 아파트 투기로 침몰한 대한민국 경제..................................................................,가짜뉴스로 도배\n아파트 투기꾼들이  완전 통채로 해쳐먹어 침몰하는 대한민국경제\n다음은\n대한민국을 살리고 국민을 살리고 경제을 살리는 길이다\n1. 대한민국을 경제을 통째로 말아 쳐먹은 부동산 투기꾼들 모두 붙잡아 탈세 추적해서\n단두대에 세우는 일\n2. 남북 문제 해결(미국 중국 러시아 일본 한국 북한 역학관계)\n대한민국의 안위와 존폐가 달린 문제다 . 아파트 투기꾼들 어느 놈들인지 명단이 다 공개 됬다\n아파트가 개폭락 개아작 모드에 진입하자(아직 하락 시작도 안했음)\n묻지도 따지지도 말고 잡아 드리자\n아파트 관련 가짜 뉴스을 말도 안되는 이야기로 포장 끝없이 배설 싸지른다\n몸이 달고 많이 급한 모양 ...\n인터넷 포탈 아파트 뉴스 거의 100% 가짜\n경기가 좋아서 아파트가 올랐다매 진짜냐?\n5억 짜리 아파트 20억 까지 작전으로 끌어올려 15억 쳐먹었으면서 1000만원 내리면 개 폭락이라고\n기사 쓰고 ...\n공시지가나 세금 100만원 올리면 핵폭탄이라고 어리버리어벙이들 개 사기질로 선동한다\n기획 부동산 놈들(명단 모두 공개)\n아파트 작전으로 대한민국의 공익과 대한민국 국민들을 동채로 도둑질해 쳐먹은 놈들이다\n불황속에 대한민국 경제을 아주 아작을 냈다\n어리버리 어버버 아무리 개소리 해도\n철근 콘크리트 닭장(아파트)은 평당 1000만원 넘으면 안된다. 대가리가 장식이냐??\n인구 절벽이라매... 경기 나쁘다매..금리 올린다매 ...\n앞으로 50평짜리 닭장(아파트) 100만원도 비싼날이 온다\n국세청은\n기획부동산 탈세을 추적하여 법에따라 엄단하시오\n대한민국 경제와 국민이 사는 유일한 길입니다
401832,2018-10-09,2018-11-08,0,15,문화/예술/체육/언론,방탄소년단(BTS)의 해체를 반대합니다,방탄소년단은 2013년 6월 13일부터 이때까지 열심히 활동하고 있고 아미들을 행복하게 해주는 방탄소년단이 왜 해체해야 하는거죠 빌보드 연속으로 1위차지하고 군면제 엿던게 부러워서 해체해라는거예요? 방탄소년단은 꾸준히 아미들을 위해 활동하면서 앨범도 여러개 내고 방탄도 아미가 잇어서 행복하고 아미도 방탄이잇어서 행복한데 해체를 왜 해야하는거죠 전 이행복이 영원햇으면 좋겟습니다.\n해체를 반대합니다.
172836,2018-03-23,2018-04-22,0,1,정치개혁,국민연금공단과 현정부가 이명박보다 더 나쁜 적폐입니다,청원게시판현재 상황이 시궁창이라 34살인 지금 65세 이후의 삶은 까마득하기에\n국민연금 돌려달라 공단과 청원게시판에 여러차례 청원하였습니다\n뇌병변장애인 3급인 저는 4살난 아들과 살고 있으며 아이 아빠와는 서류상 정리가 다 되지 않아 이혼은 했지만 한부모가정으로 받을 혜택이 없어요\n일자리 안정자금이네 뭐네 해도 장애인이고\n경력단절여성을 채용해주는 업체가 없습니다\n내가 낸 국민연금 돌려받아 빚독촉에서 벗어나고 싶었습니다\n현실은 말뿐인 청원\n하소연에 그치는 청원게시판\n국민연금관련 검색해보니\n역시나 돈노름 하며 잘 지내고 있네요\n저와 제 아들은 집에서 쫓겨나기 직전\n세금미납과  빚을 갚지 못한 장기실업자와 신불자라 그 어떤 대출도 되지 않은 상태입니다\n이런 상황에서도 당신들은 노후를 욱한 사회보장제도니 뭐니합니까?\n최근 아픈 아들이 식음전폐하며 밥을 잘 먹지 않아 걱정인 엄마입니다\n현실은 고아원에서 지내는 삶보다 못하지만\n엄마를 원하는 아이와 엄마없이 자란 본인이기에 아이를 보낼수 없었습니다\n아픈 아들이 치킨을 먹고싶어하나\n가진돈이 동전뿐이고 치킨을 사기에 너우도 부족한 돈이기에  미루고 미루며 달래는중입니다\n설상가상으로 갈곳도 없는데 지금 사는 곳에서 나가야 합니다\n제발 국민연금 돌려받을 수 있게 해주세요\n빚독촉에서 해방될수 있게 해주세요\n통장들 다 압류되고 갖고 있는 통장 하나입니다\n돈없는 통장들이지만 너무 합니다\n취업 안되고 생활고에 있는 서민들\n국민연금으로 빚갚고 살게 해주세요\n혹시 이 글 읽으시는 분들께 부탁드립니다\n치킨이 너무 먹고싶어하는 아들 위해\n조금만 도와주십시오\n유안타증권 134 71 010158 이은혜입니다\n인터넷상이라 믿기 힘드실줄 알지만\n제 4살난 아들이 넛ㅇ 먹고싶어하는 치킨 한마리 사주고 싶습니다\n현실이 너무 비참합니다ㅜㅜ\n도와주십시오
308252,2018-07-16,2018-08-15,0,39,농산어촌,외국인 결혼 이용한 국적취득. 왜 이용만 당하는걸까요,농촌에 사는 총각들은 다문화 여성들과 결혼을합니다\n하지만 그들의 목적은 자기친정을 잘살기위한것\n친정에 돈을 보내주지 않으면 가출은 다반사고 부모님에게 함부러 합니다. 이러지도 못하고 저러지도 못하는 한국남성들 참순진하고 바보들입니다.\n다문화 결혼을 위해서 들인 정성을 한국여성에게 쏟아보세요 좋은결과가있을테니\n외국여성들은 한국남자를 이용만하고 단물만 먹고 야몰 차게 버립니다 자기가낳은 아이도 외면한채\n우리나라사람에게 꼭하고 싶은 말은 국제결혼하지마십시요 일단 말도 안통하고 문화도 다르고 음식이 가장 큰문제입니다. 그리고 돈이 없다면 절대결혼하지마십시요\n이건 완전 호구지 호구
181574,2018-03-31,2018-04-30,0,6,경제민주화,"낮 잠 자는 금융감독원, 보험사 웃고…가입자 울고 삼성화재 보험업법 위반 알고서도 수차례 묵인","낮 잠 자는 금융감독원, 보험사 웃고…가입자 울고 삼성화재 보험업법 위반 알고서도 수차례 묵인\n2014년 08월 17일 (일) 02:39:50  문승용 기자\n◇공문서 요구에 ""알겠다""…차일피일 미루며 거부◇보험요율산정 질문에…""관련부서 아니다""\n(광주=국제뉴스) 문승용 기자 = 금융감독원(금감원)이 삼성화재의 보험업법 위반을 제기한 보험가입자의 진정을 수차례 묵인해 온 사실이 뒤늦게 알려져 논란이 일고 있다.\n특히 금감원은 보험가입자에게 '삼성화재의 보험요율산정이 잘못됐다'는 사실을 구두상으로 고지했으면서도 이를 확인하기 위한 공문서 요구에는 수개월째 불응해 온 것으로 드러났다.\n또한 보험사들이 보험가입자들의 권리와 재산보호보다는 법과 원칙을 벗어나 기업이윤추구를 내세우는 것도 낮 잠 자는 금감원의 검사·감독업무 수행이 한 몫하고 있다는 지적이다.\n16일 (주)패밀리렌터카 이천곤 전 대표에 따르면 ""삼성화재가 수년간 수차례에 걸쳐 보험요율을 과다하게 인상해 보험가입자를 폐업에 이르도록 했다""며 ""이 같은 사실을 알게 된 금융감독원은 법과 원칙은 모르쇠로 일관, 삼성화재의 눈치보기에 급급해 있다고 지적했다.\n이 전 대표는 또 ""지난 3월 4일 금융감독원 상품감독국 남 모 수석은 삼성화재가 (주)패밀리렌터카를 상대로 '보험요율이 잘못됐다(2008년 105%에서 2009년 250%).'고 했다""며 ""'그거를 단체 할인할증을 할 때 갖다 쓰는 게 잘못 된 것(지급준비금 537,718,619원을 보험요율에 산출)'이라고 명백히 밝혔었다""고 말했다.\n그는 특히 보험업법 제184조, 제189조를 위반인지 아닌지? 지급준비금 537,718,619원이 산정이 정당했는지 부적절했는지 정확히 서류나 메일로 답변을 요구하자 남 모 수석(전 상품감독국/현 기획검사국)은 ""알겠다.""고 답했다고 주장했다.\n이어 상품감독국은 수단과 방법을 가리지 않고 이 핑계 저 핑계 모두 다 동원해 삼성화재보험을 보호하기 위한 동문서답을 일삼고 있다며 삼성화재보험에 자리를 예약해놓지 않고서야 어찌 그리할 수가 있는지 의심된다고 강조했다.\n이 전 대표는 또 보험전문가로서의 자질이 의심될 상품감독국과 보험감독국 담당자들은 삼성화재만을 대변함이 마치 삼성화재보험에 소속된 일부 부서임을 착각하게 만든다며 검사, 감독업무를 태만히 하는 탓에 보험사들은 배 불리며 웃는 반면 가입자들은 피해를 고스란히 떠안으며 울고 있다고 맹비난했다.\n이에 대해 금융감독원 관계자는 ""요율에 반영할 때 경험 통계를 3년을 쓰니까 어느 한 시점에 지급준비금이 잡히면 그 시점에 데이터가 계속 3년간 활용이 된다는 의미""라며 ""경험통계에 대해서 인상분과 할인율을 따졌을 때 과거 3년의 경험통계를, 3년간 반영이 될 수 있다""며 지급준비금 산정에 따른 삼성화재의 과실이 없다고 해명했다.\n그는 이와 달리 보험요율 적용에 대해서는 ""보험요율을 답변하는 부서가 아니고 지급준비금 업무에 관련된 민원처리를 하고 있다""고 말했다."
255503,2018-05-31,2018-06-30,0,6,육아/교육,(답변)국민청원하는곳이 놀이터인가요?,예 놀이터입니다
83015,2018-01-10,2018-02-09,0,5,인권/성평등,"워마드 폐쇠, 까칠남녀 방송 중단, 은하선과 퀴어문화축제 주최측 사기죄 처벌 요청","이미 워마드의 고인 모독은 도를 넘어섰으며, 까칠남녀는 주 시청자가 미성년자인\nEBS에서 당당하게 동성애와 페미니즘을 지지하는 방송을 내보내고 있습니다. 또한 까칠남녀의\n은하선은 담당 PD 번호이니 반드시 #을 붙이고 문자로 항의하라며 퀴어문화축제 후원번호를 남기는\n사기 행각을 저질렀습니다. 워마드는 고인 모독, 명예훼손, 강간 현행범들이 모인 사이트이며 까칠남녀는\n동성애와 페미니즘을 지향해 미성년자들에게 자칫 왜곡된 성적 가치관을 가지게 할 위험이 있는 유해 프로그램 입니다.\n또한 퀴어문화축제의 후원번호를 까칠남녀 담당 PD의 번호라고 속여 성소수자 축제에 3000원을 후원하게 한 은하선과\n은하선의 사기로 후원받은 돈을 착복한 퀴어문화축제 주최측의 만행은 사기죄가 성립되는 상황입니다. 현 정부에게 묻고싶습니다.\n지금 헌법을 어기고 있는게 누굽니까? 국민들의 혈세를 날로 먹고 있는게 누굽니까? 수많은 죄없는 국민들이 돌이킬 수 없는\n선택을 하게 한게 누굽니까? 바로 페미니스트들입니다. 18대 박근혜 전 대통령을 누가 쫓아냈는지 벌써 잊어버린겁니까?\n바로 국민들이 쫓아낸겁니다. 그 추운 날씨에 광화문으로 나온 시민들이 쫓아낸겁니다. 사람들의 손에 들려 있던 촛불들이 쫓아낸겁니다.\n문재인 대통령은 ""사람이 먼저다""라고 했습니다. 그런데 이게 뭡니까? 국민들은 갈등 그 자체에 의해 고통받는 것이 아닙니다.\n갈등을 정치적 이익을 위해 이용하려는 사람들에 의해 고통받는겁니다. 사람이 먼저라는 그 말, 끝내 대선 때의 추억으로 끝나는겁니까?\n국민들의 고통보다 정부의 이익이 더 중요합니까? 제가 기억하는 문재인 대통령은 그런 사람이 아니었습니다.\n故 노무현 전 대통령의 비서실장. 친구. 동료. 그런 사람이 제가 기억하는 문재인이었습니다. 부끄럽지도 않습니까?\n하늘에 계신 故 노무현 전 대통령께, 당신의 이름 옆에 도장이 찍힌 투표용지들에, 당신을 믿고 뽑아준 국민들에게 부끄럽지도 않습니까?\n부끄러운 줄 아십시오, 문재인 대통령. 임산부 육아휴직 10개월같은 법안 말고, 국민들을 위한 법안을 만들라는 말입니다.\n'사람 사는 세상' 이제 그 분의 뜻을 당신이 이어야 합니다. 지금 잇지 못하면 영원히 잇지 못할지도 모릅니다. 이제 그만\n페미니스트들만을 위한 거짓 복지는 그만두십시오."
155465,2018-03-01,2018-03-31,0,6,저출산/고령화대책,다자녀가정 혜택,"중2,고1,대학1, 자녀를 둔 평범한외벌이 중산층 가정입니다 정부는 출산을장려하면서 어린이집,유치원,초등까지는 많은 정책을생각하지만 정작 돈이많이드는 아이들이 큰 중,고,대학때가 되면 지원을 해주는건 없습니다.아이들을키우느라 맞벌이할때는 소득이아이들교육비로(우리애들이어릴때는지원이없었습니다)한명번돈은 다 지출했고 정말힘들게키웠습니다.\n정말 어중간한 가정은 지원도없고 아이들 지출도많고 돈모으기도힘드네요\n이글을쓰게된 결정적이유는 다자녀정책을 함께하는 공기관의 다자녀할인기준이 너무 현실적이지않아서 올립니다 상수도요금 ,가스요금 할인해준다면서 큰애가 대학생이되어서 기준에 들지않네요.돈도벌지않는 대학생자녀가 성인이되었다고 다자녀혜택을주지않는데 누가 아이들을 많이낳아키울까요? 아이들은 육아가 초등에 끝나는것도아닌데 어릴때지원만으로 저출산해법이될까요? 저는 주위에 출산을 장려하고싶지않은 국민입니다! 출산장려책혜택받은거라고는 잘가지도않는 광안대교1000원할인뿐이었습니다!  제대로된 출산장려책부탁합니다!"
98763,2018-01-17,2018-02-16,0,8,성장동력,흙수저...흙수저..듣기도 싫지만,고매하신 저 위에 금수저님들. 그리고 권력자님들.\n당신들 지금의 자리가 흙수저들이 촛불들고 나가서 광장에서 열심히 탄핵 지지해 준덕분 아닌가요??\n모든 기사들이 흘수가가 한탕 할려고 한다는 기사 들 뿐인데...\n그렇다면 흙수저는 한탕 하면 안되는거고....금수저들만 부동산으로 매년 몇억씩 집값올려서\n한탕 하는건 괜찮은건가요???\n기사에도 흙수저..흙수저...지들도 서민서민...그런 서민 흙수저 들이 투자 하고\n조금이나마 돈을 벌어볼려고 했던게 가상화폐인데...\n아주 작살을 내는군요.....금쪽같은 천만원이 지금 126만원이 되었내요...\n당신들이 돌아가면서 언론이 주뎅이 터는 바람에 말이죠....\n이걸 그냥 당하고만 있을까요????  천만원을 모을려면 생활비 빼고 어쩌고 하면 나같은 흙수저는 2년도 넘게 걸려요...\n내 피눈물을 담은 천만원이 당신들 그잘난 주뎅이 터는거 몇번에 거의 90프로가 손해가 났는데\n가만 있을듯 싶나요???\n누군가 한명이 나서서 촛불이라도 들자고 한다면 당장에 나갈것이며...\n지방선거 보궐선거에서 여당 찍어 달라는 말한마디라도 한다면 당장가서 입주뎅이를 갈기갈기 찟어 버릴것 입니다.\n차라리 헤쳐먹을려면 박근혜나 최순실이 처럼 대기업 공갈쳐서 헤쳐먹든가...\n이명박처럼 사대강이다 자원개발이다 해서 해쳐먹으면 나한테 직접적인 피해는 없지 않은가???\n그런 그들도 치가 떨리고 벌레 처럼 보였는데...\n하물며 나에게 직접적인 이런 큰 금액의 피해가 왔는데 어찌 당신들에게 표를 줄수가 있으며\n표는 둘째치고 진정 살의까지 느끼게 하는것인가???\n왜 엄한 흙수저들 코묻은돈을 헤쳐먹을려고 하는지.....진절 머리가 난다...\n그저...적개심만 늘뿐이다...
52552,2017-11-27,2017-12-27,0,27,농산어촌,"살충제 계란 사건, 우리 모두 잊지않도록 해주세요","지난 8월, 살충제 계란 사건이 전국을 강타했습니다.\n후에 계란 가격이 폭등하고, 계란 농가에게 수많은 불신이 생기는 등 소비자와 생산자 모두 큰 타격을 입었는데요,\n이에 대해 한 국민으로서, 대책을 제시해봅니다.\n1. 농림수산식품부에서는 살충제 사용의 적정량을 규정할 것. (기준치를 설정할 것)\n: 현재 농가에서 계란을 생산하는데, 살충제의 사용이 불가피한 것이 사실입니다. 이에 살충제의 사용을 전면 금지하는 것이 아닌, 적정량을 규정하는 것을 제시합니다.\n2. 계란의 살충제 성분에 대한 연구를 장려, 지원한다.\n: 현재 살충제 계란의 살충제 성분에 대한 임상적 연구가 부족한 실정입니다.\n본인은 현재 의료관련 학과에 재학중인 대학생입니다. '살충제 계란이 간에 미치는 영향'에 대한 과제를 연구하던 중, 임상적 연구/논문이 턱없이 부족하다는 것을 알게 되었습니다. 비단 의학논문 뿐 아니라 일반 연구논문까지 말입니다.\n3. 소비자들도 다시는 이런 사태가 일어나지 않도록 경각심을 가질 필요가 있다.\n: 이번 사태의 원인에 있어 소비자의 책임은 거의 없었습니다. 그러나, 사건이 일어난 후의 소비자의 역할이 중요함을 다시 한번 알게 되었습니다. 소비자들은 이러한 사건에 대한 정보, 지식을 공유하고 올바른 행동방침대로 행동해야 합니다.\n계란 살충제 사건. 정부차원에서 검사를 진행하여 사건의 전말이 밝혀지기까지는 비교적 단기간이 소요되었지만, 그 이후 소비자/생산자가 얻게된 타격은 적지 않습니다. 이는 절대 재발하면 안되는 사건이자 앞으로의 좋은 본보기가 될 것입니다."
180700,2018-03-30,2018-04-29,0,178,외교/통일/국방,대선전 탈북자 3000여명 집단 망명 기자회견자 약속이행 청원의 건,"2017년5월3일에 탈북자 3,000여명 집단 망명 기자회견장에서\n""문재인 당선시, 탈북자 3천명 집단 망명""을 하겠다고 하였던바,\n현재 문재인대통령이 당선되었으나 아직 탈북자 3천명은 집단 망명을 하지 않아\n약속을 이행 해야 한다고 생각됩니다.\n모든 정부지원을 포기하고 즉각 망명할 것을 청원합니다."
460599,2018-12-04,2019-01-03,0,38,인권/성평등,조두순 사건 재수사 해주세요,조두순을 모르는 사람은 없으실 겁니다. 한 어린아이와 그 가족의 인생을 짖밟아버린 이 극악무도한 사람이 술을 마셨다는 이유로 죄에 비해 형벌을 낮게 주고 출소 이후에 또다른 피해자가 있을지도 모르는데 이에 관해 아무런 조치도 취하지 않은 것은 당시 사법부의 불공정한 판결입니다. 전문가들은 조두순이 거짓말을 한다고 보고서를 올렸는데도 사법부는 황당하게도 조두순의 말을 믿었습니다. 당시 사법부의 무능함과 당시 조두순의 범죄에 관해 다시 조사를 해 무능한 판결을 낸 사법부와 우리나라 최악의 범죄자 조두순을 징벌해야 합니다.
164619,2018-03-12,2018-04-11,0,2,교통/건축/국토,국민임대 중대형 평형 공급 요청,"다자녀 가정 등 가족수가 많은 가정에 중대형 평형의 국민임대를 공급해 주십시오.\n가족수가 적은 가정에는 공급하는 국민임대를 동일한 수준의 가족수가 많은 가정을 위해서는 왜 공급하지 않는 건가요?\nLH 홈피에 보면 국민임대의 [입주자격]에서 <공급규모별 소득기준>표를 보면,\n□전용 50미만:전년도 도시근로자 가구당 월평균 소득 70%이하(50%이하에 우선 공급)\n□전용 50이상~60이하:전년도 도시근로자 가구당 월평균 소득 70%이하(지역 주민 우선 공급)\n□전용 60초과:전년도 도시근로자 가구당 월평균 소득 100%이하\n로 공급 규모별 소득이 3가지 항목으로 분류돼 있습니다.\n그런데 국민임대를 전용 60 초과로 공급한 적이 있는지요?\n항목은 있는데 공급하지 않는 이유는 무엇인가요?\n저출산대책을 위해 노력한다 하지만 원래 있는 제도도 시행되지 못 하고 있는 실정입니다.\n이건 같은 수준의 가정이라도 가족수가 적은 가정만 혜택을 주는 가족수 많은 가정에 대한 차별이라 볼 수밖에 없습니다.\n4자녀를 둔 가정으로 안타까운 현실을 어렵게 살아가고 있습니다.\n차별 없는 세상에서 살고 싶습니다.\n인구절벽의 위험에 처해 있다고 하지만 그 심각성이 현재의 제도와도 무관하지 않는 것 같습니다.\n▷공공 건설과 함께 민간 건설 아파트의 중대형 평형 임대 공급\n국민임대아파트 큰 평형 공급이 공공 건설만으로 어려움이 있다면 민간 건설 주택의 넓은 평형을 다자녀 가정을 포함한 대가족을 위한 국민임대 형식으로 일정 비율 의무적으로 공급하도록 하면 좋겠습니다.\n지금까지와는 다른 좀 더 적극적이고 효과적인 변화를 시도해 주십시오."
297597,2018-07-06,2018-08-05,0,1,저출산/고령화대책,저출산 대책,어제 발표한 저출산 대책은 진일보 했지만 아직도 시대흐름을 반영하지 못해부족하고 출산율이 개선될지 의문입니다\n정책 초점이 아이낳는 분위기 조성에 그치고 있고 훌륭히 키우고자 하는 인간욕구는 빠져있습니다\n프랑스는 셋째부터 집중적으로 혜택을 주어 인구가 증가한다고 하는데 우리나라도 셋째부터 대학수시 우선전형 셋째가장 인사가점 정년연장 소득보전 연말정산 가족평균개인소득기준(가족총소득/가족수)실시 등 아이를 많이 낳아도 잘키울수 있는 환경조성이 반드시 필요합니다\n잘키울 자신없으니까 하나만 낳고 마는 세태를 잘살펴보셨으면 합니다
425937,2018-10-30,2018-11-29,0,8,인권/성평등,양** 관련 청원 하나로 몰아줍시다.,양** 관련 청와대 청원 글들에 동의 해주세요.\nhttps://www1.president.go.kr/petitions/425267\n위 링크가 그나마 제일 동의수 많아서요....
450470,2018-11-23,2018-12-23,0,7,안전/환경,주취자가  택시기사 폭항,Kbs 뉴스에  보도된내용    만취한  승객이   고속도로를  달리던  도중에  택시  기사를  술병으로  내리치고    폭행을  가하여   생명의  위협을  느꼈다  합니다     이사건은   단순  폭행이  아니고   무기를 들고  무방비  상태의  운전기사를  폭행  하여   살인의  의도도  있어  보이므로   중형으로  벌하여주기를   청원  드립니다
467035,2018-12-12,2019-01-11,0,11,성장동력,국회의원 고위 공무원 월급 반납 제도 시급,"경제가 힘들 때도, 공무원들 월급은 꼬박꼬박 지급한다.\n경제가 힘들 때는, 월급 한 달치 반납하는 제도가 필요하다.\n국회의원, 국장 등 고위 공무원들 월급 너무 올려놓으니,\n자신들을 특별시민쯤으로 생각하여, 큰 차 몰고 다니며, 직접 소통은 불가하다.\n대한 민국이 모든 사람이 사람답게 사는 사회가 아닌 이유는\n기름 한 방울 나지 않는 나라에서, 자전거 타고 다니는 국회의원이 없어서이다.\n지금도 너무 높은 국회의원 월급을 더 높이자는 것은 정신 나간 주장이다.\n폐망으로 가자는 주장인 것이다.\n전세 값 몇 천이 없어, 높은 월세 내며 사는 사람들을 배려하지 못하는 이기적 주장인 것이다.\n날씨도 춥고, 경제도 얼어있는 이런 때,\n한 달치 월급, 사회에 턱 내놓는 국회의원, 장관 등 고위공직자들 없는가?\n챙겨서, 화장실 두 개인 집 마련 하는데 만 혈안 되어 있는 것인가?"
425848,2018-10-30,2018-11-29,0,15,보건복지,병원 진단서 발급비용을 없애주세요,병원진단서를 회사및보험사에 제출할경우가 종종있습니다  그런데 진료비내고 진료받고도\n2만원이나하는  진단서비를 내고있는게 너무과하고\n지나치다고생각됩니다  얼마안되는 보험금청구시\n정말화가납니다  진료받고 진단서비내는게\n너무불공정한처사라 사료됩니다\n폐지해야하던가 금액을대폭인하해주시기바랍니다
309911,2018-07-18,2018-08-17,0,7,저출산/고령화대책,대통령님께 감히 청원드립니다,동두천어린이집 통학버스사고 정말 어처구니없는 사건이라 생각이 되어집니다  같은부모입장으로써  이사건은철저히 수사되어야하고 9인승이라들었는데  어떻게 어린이가 차에서 내린줄도모르고  또 4시에 교육이 끝나고 나서야 부모에게  어린이집출석안했다고 통보하는건지  우리나라가  선진국에 맞게 갈려면  이런기본적인행정절차부터 법제화되어야 된다고 생각됩니다 출석체크란것인데요  보육교사는 어린이들 출석체크를 하루에 한번100퍼센트하게끔하구요  어린이가 안보이면 부모에게 통신망체크를 해서 왜안나오느냐 묻고  만일 부모가 전화를 받지못했다면 어린이집이나 유치원통학버스  수색을 해야된다고 생각합니다  저출산대책보다 더효율적일것같습니다  믿음이 떨어지는 세상에서 이렇게 효율적인 대책을 세운다면 엄마아빠들도 돈을떠나  나라가 아이를 지켜주는세상  한명이라도  더낳을것 같습니다 꼭 법제화시켜주세요 감사합니다
399024,2018-10-05,2018-11-04,0,6,육아/교육,교육홀대 대북올인 북에서 뒷통수치면 문정권 주저앉을 것,교육 이렇게 대충해도 된단 말인가
101067,2018-01-17,2018-02-16,0,16,문화/예술/체육/언론,평창동계올림픽 여자 아이스하키 남북단일팀 구성을 반대합니다.,"정부와 문체부, 조직위원회는 여자 아이스하키 남북 단일팀 구성추진을 중지해야 합니다. 짧게는 4년 길게는 10여년을 올림픽을 바라보며, 피땀을 흘려온 우리 선수들에게 상처를 주면 안됩니다. 남북 단일팀구성은 과연 누구를 위한 단일팀입니까? 보여주기식 단일팀 구성은 첫째, 출전기회를 잃게되는 우리 선수들과 가족에게 큰 좌절을 주게 됩니다. 둘째, 팀워크 부족과 경기력저하로 큰 부진이 염려됩니다. 세째, 설사 성적이 좋다해도 우리 힘으로 이뤄낸 성과가 아닙니다.\n부디 정부의 현명한 판단으로 과정은 공정하며, 결과가 정의로운 올림픽이 되기를 진심으로 바랍니다..."
504649,2019-01-23,2019-02-22,0,86,보건복지,이번 그랜드캐년 청원은 말도 안되는 혜택을 요합니다.,"이번 사고를 당한 청년은 개인의 여행을 하다\n안전부주의로 인한 사고 입니다.\n이 사고에서의 책임 소재는 청년 본인에게 있으며,\n이러한 개인의 사사로운 행동에서 나오는 불이익까지\n국가에서 나서서 금전적인 부분을 해결해 준다면\n국민들의 혈세를  특정인에게 특혜로 적용되는 것으로\n비추어 볼 수 있게 됩니다.\n이번 사건을 만약 국가에서 나서서 도와주게 된다면\n향후 비슷한 사건 즉, 개인이 개인의 영위를 위한\n행동을 할 때 발생될 수 있는 문제를 언제나\n국가가 나서서 해결해 주어야 하는 문제가 발생됩니다.\n청년의 사연은 매우 안타까우나 그것은 청년 본인 스스로가 선택하고 행동하여 나온 결과 입니다.\n현재 나온 청년에 대한 청원 내용을 비추어 봤을 때\n청년의 가족이 금전적인 부분에 어려움을 느끼고\n있는것으로 글을 읽는 이들은 받아들이고 있습니다.\n그러나 현재 20대 사람들 중, 해외 유학은 커녕\n해외 여행 한번 못가본 사람들이 더욱 많습니다.\n이러힌 상황에서 미국 여행을 간 청년을 혈세로\n도와준다? 이건 말이 안됩니다.\n모든 국민은 평등하다고 했습니다. 저러한\n자신을 위한 여행을 떠난 청년을 위해 국민들의\n혈세가 사용되는 것을 원치 않습니다.\n만약 저런곳에 쓰일 세금이라면 국가를 위하여\n노력하는 이에게 쓰이는것이나 형편이 어려워\n난방이나 식사도 제대로 못하고 계시는\n불우이웃들에게 쓰길 바랍니다."
106255,2018-01-21,2018-02-20,0,0,미래,"대학생산업기능요원 선착순폐지 및 확대, 국제협력요원 부활, 대체복무 확대 부탁","병역문제로 힘들어하는 청년들을 위해 제발.. 대학생산업기능요원 선착순 팩스 접수 폐지 및 확대, 국제협력요원 부활, 대체복무 확대 부탁드립니다. 제발요.."
240565,2018-05-22,2018-06-21,0,25,반려동물,동물법을 더 강화하주세요,제가 평소대로 SNS를 하고 있었습니다. 근데 SNS에  올라온 한 영상을보고 깜짝놀랐습니다. 30대로 보이는 한 남성이 강아지를 학대하는 영상이 올라왔던거 입니다.우리나라에선 강아지학대가 흔히 일어나고 있습니다. 왜냐하면 우리나라는 동물을 생명으로 생각하지않고 물건으로 취급하기때문에 학대를하더라도 처벌이 약한거같습니다.
79792,2018-01-04,2018-02-03,0,52,미래,아동성범죄 개선,제발좀 제2의 제3의 등등 아동성범죄 개선좀 부탁드립니다\n절대 형량만 높인다고 아동성범죄자들이 없어지진 않습니다\n심신미약상태에 알콜중독자들은 형량이 무섭다는 인지를\n못느낍니다 그래서 범죄 표적이 된 상황이면 무조건 범죄를\n저지른거죠 이런 사람들인데 형량만 높인다고 개선된다고\n생각하는건가요 도대체 이해 할수가 없습니다 그러니 제발\n약물처벌까지 내려주세요 다시는 술생각 안나게 하면\n아동성범죄률이 줄어들것입니다 형량을 높이되 같이\n약물처벌까지 내려진다면 개선될수 있다고 보고있습니다
20993,2017-10-13,2017-11-12,0,4,일자리,임금체불 관련 법좀 강화해주세요,"첫회사에 취직후 매달 임금이 체불되고 있습니다.\n처음에는 3일 두번째달에는 2주일 계속 이런식으로 미루고 있습니다.\n이와중에 직원들이 나가면 새로운 직원을 뽑고,\n그 직원 분들도 당연히 월급이 미뤄지구요.\n면접보러 오시는 분들 보면 안쓰러울뿐입니다.\n이번 월급도 또 미루게되서. 추석때 얼굴한번 못내밀고,\n집에만 있었습니다. 계속 미루고미루고 하다가 언젠간 주겠지\n하는 마음으로 버티고 버티고 하다가\n오늘은 고용노동청에 신고도 해볼까 생각도 하고있습니다.\n신고해도 임급체불이 14일 이후에만 신고가 가능하다는걸로 알고 있습니다.\n월급날 14일 이전에 들어오기도 합니다.\n사례들을 많이 보니까 신고후에도 못받으신 분들이 많다고 들었습니다.\n'신고 철회후에 주겠다 ' 하시고는 철회 후 못받으신분들\n'벌금내고 말지' 하고 못받으신 분들\n소송까지가고 싸움이 길어지면서 못 받고 계시는 분들\n제가 아직까지 신고하지 못하고 있는 이유 이기도 합니다.\n정말 하루하루 피가 마르고, 어떻게 해결을 해야할지 모르겠습니다.\n제가 마음편히 신고할 수 있도록 임금 체불 관련 법좀 강화해주세요.\n감사합니다."
471448,2018-12-17,2019-01-16,0,8,일자리,최저임금 (주52시간) 및 국민연금 통합 제안,먼저...\n주 52시간 ... 저녁있는 삶......  유럽을 흉내 내는거 같은데.. 그건 이해가 됩니다.\n다만 최저임금을 무분별 하게 올리면 자영업...등등  경기 활성화보다는 경기 악화로 가는게 당연한 결과 아닌가요?\n똥인지 된장인지..찍어먹어봐야 아는건지.......답답합니다.\n솔직히 1970년대 ~  2000년대 이전에는 공무원 월급이 박봉이라....공무원 연금으로 보장을 해줬지요..\n현재 2018년은 공무원 월급이 엄청납니다....최저임금도 안된다고요????    각종수당등등 을 붙이면  금액이 엄청납니다  ...\n시대에 순응하고 시대에따라 변화도 받아들일줄 알아야 합니다.\n이제는!!!!!! 공무원연금 +군인연금+사학연금+국회의원 연금 (이걸 4대연금 통합) 으로 가야 맞다고 합니다.\n이것이 진정한 국민연금이지요....대한민국 국민이라면..............!!! 제발 눈좀 뜹시다~~~~~
443148,2018-11-15,2018-12-15,0,4,보건복지,먼저 문재인 대통령님께 죄송하다 말하고 시작하겠습니다,"제가 올해 4월 부터 현재까지 보험사들의 약탈적이고 사기적인 행위에 대하여 금감원을 시작으로 하여 국민권익위원회 공정거래위원회 감사원 국무총리비서실 서울남대문 경찰서 와 종로 경찰서에 이르기 까지\n다수의 민원 반복과 고발까지 하게 되였습니다 물론 이기간중에 수많은 시민단체와 언로에게 말하고 변호사들에게\n작게는 개인변호사 크게는 로펌까지 여러 자문을 구하게 된것은 말할 것도 없습니다\n그런데 금감원은 불완전 판매 공정거래 위원회는 처음에는 계약조항이 아닌 약관심사를 하는곳이라고 해서\n약관 조항을 알려 주었더니 나중에는 자기들 일이 아니라고 하며 개인적으로 알아서 하라더군요\n그래서 금감원과 공정거래위원회의 이런 형태에 대하여 감사원과 국무총리 비서실에 감사르 요청하였더니\n개인적 비리는 없고 법적 절차에 의해 정당하게 처리하였다고 말하더군요\n뭘 법적절차에 의해 정당하게 처리하였다는 것인지\n국민권익위원회는 다시 잘 재조사해 보라고 해당 부처에 공문 보내준다고 말 할 뿐 더이상 자기들이 할 일이 없다고\n말합니다\n남대문 경찰서는 롯데 보험사의 말인 처음부터 고객의 적립금을 안 줄려고 설계된것이 아니라 급중한 실손의료비의 청구로 인해\n적립금에서 차감해 가는 갱신 보험료가 급격히 올라 고객에게 줄 적립금이 없어 진 것일 뿐이라 말과 보험개발원과 금융위의 허가를\n받는 합법적 상품이라는 보험사의 말을 믿고 무협의 처리하여 서울 중앙 지검에 송치하더니 검찰도 경찰과 마찮가지로 적립금이\n없어진것으로 인해 보험사가 어떠한 이득고 챙기지 않았으므로 불법성을 인정 할 수 없다고 하며 증거 불충분으로 처리하였습니다\n현재는 종로경찰서에 고발한 흥국화재 보험과 남대문 경찰서에서 무협의 처분 내린것에 대한 롯데보험의 항고만 남은 상태입니다\n그런데 말입니다\n보험사의 주장인\n첫번째 적립금에서 차감하는 갱신보험료가 올라 줄 적립금이 없다는 말\n두번째 갱신보험의 변동 과 이자율의 변동으로 인해 적립금이 변동 될 수 있다는 말이 나중에 적립이 없다는 말과\n똑같은 말일까요\n그렇지 않습니다\n첫번째 주장인 롯데 보험사의 갱신보험료가 급격히 올라 줄 적립금이 없다는 오류 증명입니다\n5년주기 67년간 납입하는 최초 갱신보험료가 10,062원이고 25년간 납입하는 적립금이 9,155원입니다\n이때 갱신보험료가 67년간 단 한푼도 오르지 않는다고 가정 할 때 적립금이 납입하는 기간인 25년간에는\n적립금이 차복차복 쌓이게 될것입니다 그런데 문제는 적립금 납입기간이 끝나고 난 후인 갱신보험료 납입기간은\n42년이나 남았다는 것입니다\n25년간 매월 9,155원 납입한 적립금으로 42년간 매월 10,062원을 대체 납입 할 수 있을 까요\n내 머리로는 도저히 계산이 안 나옵니다\n그런데 보험사에서 적립금에서 적립금의 사업비를 단 한푼도 가져가지 않을까요\n그럴리 없겠죠\n적립금에서 사업비가 차감된후의 남은 금액은 더욱더 대체 납입이 안 될 것입니다\n즉 보험사에서는 처음부터 적립금에서 사업비를 빼갈 목적으로 이 상품을 설계했던 것입니다\n두번째 갱신보험료 변동과 이자율 변동이 만기 적립금을 변동 시킬 수 있다는 것이 만기 적립금을 받을 수 없다는\n말과 같다는 말의 오류 증명입니다\n우리말 사전에 나왔듯이 변동과 없다는 말은 전혀 다른말입니다\n위와같은 증명으로 인해\n보험사의 주장인 첫번째와 두번째의 부정한 논리는 결국 자기들 스스로가 고객을 기망하여 악으적으로\n고객의 적립금에서 사업비를 갈취하여 매월 배임과 횡령을 하고 있다는 것을 말해 주고 있습니다\n나도 이렇게 증명할 수 있는 자료인 보험증권과 갱신보험료 안내장을 고발장에 첨부하였는데 경찰서와 검찰청에서는 보험사의 말만\n듣고 보험사가 어떠한 이득을 취한것이 없다고 말하며 증거 불충분으로 무협의 처분을 내렸다는 것이 믿겨지지 않을 정도입니다\n보험사에서는 고객이 받지도 못할 적립금에서 매달 사업비를 꼬박꼬박 차감해 가져가는 배임과 횡령을\n저지르고 있는데도 말입니다\n어느 고객이 대기업인 보험사에서 그것도 합법적으로 판매되고 있는 보험상품에서 이러한 짓거리들을\n하고 있다고 생각하고 있겠습니까\n합법적으로 등록하여 판매 활동하는 대기업에서 고객의 이런 푼돈에 눈이 멀어 부정한 짓을 할거라 생각하겠습니까\n한마디로 정말 쪽팔이는 일입니다\n푼돈모아 엄청 큰 돈을 벌지 모르겠으나 이러한 부정한 짓을 대기업에서 할 짓은 아닐것입니다\n또한 보험사 와 금감원은 제가 너무 높게 책정된 갱신보험료의 상세 내역을 알려 달라 했는데 다들 아무 답변도하지 않고\n영업비밀이라는 말만 되풀이 합니다\n나는 고객이고 내가 내는 갱신보험료가 정당하게 책정되였는지 알 권리가 있습니다\n갱신 보험료이기 때문에 말입니다\n왜냐하면 한번계약한 것에 대한 금전적 시간적 손해가 족쇄되는 일이 되여서는 안되기 때문입니다\n인질을 구출하기 위한 몸값이 합법화 될 수는 없는것 아니겠습까\n보험사에서 무조건 내라면 내고 내기 싫으면 해약하면 된다는 논리가 무슨 논리입니까\n이런 막무가내 식이 이제까지 통용되였다는 것이 너무나 이상합니다\n또한 적립금의 사업비가 보험사 주장 약 연 20%가 아무 문제가 없다는 금감원의 말도 정말 납득이 되지 않습니다\n왜냐하면 보험사의 대출이자도 6%가 안 되기 때문입니다\n고도의 지식이 필요하다는 주식과 각종 펀드의 수수료도 이보다 훨씬 낮아 말할 것도 없습니다\n그런데도 금감원은 아무 이상이 없다고 말합니다\n어느 가입자가 적립금의 연 20%을 사업비로 가져가고 최저이율 연 2%로 이자를 받는것에 가입하겠습니까\n은행보다는 사업비가 많아 은행이자보다는 적다고 들어 알고 있었습니다\n그런데 고객에게 주는 이자보다 몇십배나 많은 사업비를 가져가는지는 상상도 못해고\n또한 가입당시에 어떠한 말도 듣지 못했습니다\n상황이 이런데도 아무 이상없다고 말하는 금감원에 대하여 도저히 납득이 가지 않습니다\n심지어는 보험사 주장 약 연20%도 부정한 회계 방식으로 적어진것이라면 더더욱 이해 할 수 없습니다\n적립금의 사업비는 순수 적립금에서 차감해야 하지만 사업비가 마치 적게 빠져나가는 것처럼 보이기 위해\n보험사에서는 적립금에서 갱신보험료를 차감하기 전에 사업비를 차감합니다\n그리고 나서 남은 적립금에서 갱신보험료를 차감합니다\n이렇게 하면 평균 약 연20%이지만 먼저 적립금에서 갱신보험료를 차감하고 남은 적립금에서 실제 차감한 사업비를\n계산하면 평균 약 30% 최고 40%에 이르게 됩니다\n이건 법정 사채이자보다 더 높습니다\n제가 내돈내고 등록하지도 않는 불법 사채 이용해 이자 내고 있다는 것이 믿어지지 않습니다\n이러한 방식이 흥국화재에서 일어나고 있습니다\n이를 알렸는데도 금감원은 아무 이상이 없다고 합니다\n그래서 이상하다고 말하고 감사를 요청하고 직무유기로 고발한 것입니다\n모든 보험사의 모든 보험의 적립금에 대한 사업비도 그래서 다시 다 봐 달라는 것입니다\n그것이 정당한 사업비 책정인지 아닌지에 대하여 말입니다\n그리고 모든 보험 고객들에게 적립금의 사업비가 얼마가 차감되는지도 알려 주고 증권에도 표기 해 달라는 것입니다\n기존 보험 가입자들에게는 우편과 메일로 문자로 여러가지 방법을 동시에 활용하여 다 알려주고 그 사업비를 인정 할 수 없다면\n보험사의 잘못으로 인해 발생 한 것이니 그동안 적립한 금액에 소정의 이자율을 붙여 돌려 달라는 것입니다\n경찰이든 검사이든 이들의 머리속에는 처음부터 보험사의 잘못이 없다고 결론을 미리 내고 보니 보험사가 마치 선량한 회사이고 나는\n악성 민원인으로 보였던 것인가 봅니다 과거부터 현재까지 이들 보험사를 감시해야 할 공공기관이 이러하니 보험사가 뭐가 무서웠겠습니까\n상황이 이러하니 갱신보험료의 변동이나 이자율 변동이 만기 적립금의 변동이 생길 수 있다는 말이\n어처구니 없게도 줄 적립금이 없다는 말과 똑 같다고 해석 된다는 것입니다\n변동과 없다는 전혀 다른말입니다\n그런데도 불구하고 그 수 많은 변호사들에게 자문을 구할 때도 이러한 변동이 될 수 있다는 말이 없다는 말이라고 하더군요\n그동안 얼마나 보험사의 부정한 논리에 법이 오염되였는지를 알겠더군요\n이러니 그 동안 얼마나 많은 보험고객들이 피눈물 흘리며 지내 왔겠습니까\n보험사들은 고객돈으로 막강한 여러 로펌 변호사들을 고용하여 자기편으로 만들고 고객들은 돈이 없어 개인 변호사도 고용 못하거\n고용했더라고 보험사의 막강한 로펌군단들을 상대 할 수 없어 포기하며 보험사들의 논리에 빠져 들었는지 알 수 있었습니다\n사기꾼들은 피해자의 돈으로 변호사들을 고용하지만 정작 피해자는 돈이 없어 변호사를 고용못해 법정에서 진다는 말이 실감 날 정도입니다\n또한 금감원의 불완전 판매라는 말은 없습니다\n모든 사기꾼들은 피해자에게 불완전 판매에서 시작하기 때문입니다\n돈 없는 사람이 하면 사기이고 돈 있는 사람이 하면 불완전 판매입니까\n왜요\n사기치다 걸리면 다시 돌려주면 되니까 입니까\n그럼 도둑놈들도 도둑질하다 걸리면 다시 제자리에 놓아주면 되는 것입니까\n무슨 논리가 이렇습니까\n사기이면 사기이지 불완전 판매라는 것은 없습니다\n국민의 눈과 생각을 말도 안 되는 말로 가리지 마십시요\n그런다고 빛이 사라지는 것은 아니지 않습니다\n공정거래 위원회는 자기들 일이 아니라고 하지만 그들 홈페이지에서 말하듯 공공의 이익을 표방한다고\n하면서 모든 보험가입자들에게 해당 된다고 분명 말했는데도 자기들 일이 아니라고 해서 직무유기입니다\n보험개발원의 정체는 알 수가 없습니다\n사기업인지 공공기관인지 어느 누구도 알지 못하더군요\n변호사부터 경찰에 이르기까지\n이들의 정체가 무엇입니까\n무엇이기에 보험사의 모든 상품과 높게 책정되는 갱신보험료까지 적합하다 허가 해 준다는 것입니까\n더군다나 이런 사기성 보험까지 버젖하게 합법적으로 팔리게 되는 시발점을 제공하여 경찰서도 검찰청도\n금감원도 모든 공기관이 여기서 허가해준 합법적 상품이라 자기들도 어떻게 할 수 없다는 말만하고 있는것입니까\n그래서 고발했습니다\n사기업이면 사기 공범으로 공기관이면 직무유기로 말입니다\n그런데 말입니다\n처음에 아무리 합법성을 가지고 있다 할 지라도 고발이 들어왔으면 제대로 조사하여 다시 합법성을 검증해야 하는것 아닙니까\n그런데도 모든 공기괸이 무슨 녹음기 틀어놓은것 처럼 똑 같은 말만하고들 있는지 모르겠습니다\n그래서\n또한 흥국화재는 물론 보험 대행 판매사 그리고 전직 금감원장님들부터 현재 공정거래위원장님 보험개발원장까지\n다 같이 종로 경찰서에 처벌해 달라고 증거까지 제출하며 고발했습니다\n문재인 대통령님\n이들 모든 공공기관들이 제 역활을 하지 못한다면 전 문재인 대통령님도 죄송하지만 직무유기로 검찰청에 고발할 예정입니다\n왜냐하면 한 기관이 문제라면 그건 그 기관의 문제이지만 전 기관이 문제 투성이라면 그건 대통령님의 문제이기 때문입니다\n조사하는 경찰이 그러더군요\n다른사람들 처럼 살라고요\n그런데 저는 이 나이 먹도록 다른사람들과 같은 생각으로 살아본적이 내 일생에서 별로 없습니다\n거의 모든 일생을 다른 사람들과 다르게 살아왔습니다\n이제와 세삼 다른사람들과 똑 같은 생각으로 살 자신도 없고 또 살 생각도 없습니다\n종로 경찰서까지 남대문 경찰서 처럼 말도 안 되는 이유로 보험사편을 든다면 저는 큰 이벤트가 필요하므로\n문재인 대통령님을 검찰에 고발 할 수 밖에 없음을 알아 주셨으면 합니다\n모든 상담 변호사가 하나같이 똑같이 말하더군요\n보험사를 상대로 이길려면 보험가입자들을 모아 집단소송으로 하면 이길거라고 말입니다\n그런데 보험사들은 사기업이므로 정보 공개 청구에 해당되지 않아 무슨 수로 보험가입자를 찾겠냐고 말입니다\n그래서 모든언론과 많은 시민단체에도 말했 봤지만 다들 묵묵답답이니 어쩌겠습니까\n결국 모든 국민이 다 알 수 있고 민주당의 상대인 자유한국당등 여러 정당들이 알 수 있는 문재인 대통령님을\n직무유기로 고발 할 수 밖에요\n저는 문재인 대통령님을 지지하지만\n문재인 대통령님도 말씀하셨듯이\n현재 대한민국의 경제가 어느 한곳에서 문제가 아닌 대한민국 전체의 잘못된 구조적인 문제라는 것에 동감합니다\n그래서 이 얽히고 얽힌 실타래를 대통령님 혼자서는 풀 수 없을 거라 생각되어\n내가 칼을 뽑아들고 그 어지럽게 얽히고섥힌 실타래를 단 칼에 베어 풀어내겠다는 것입니다\n그러기 위해서는 큰 이벤트가 필요해서 하는 행동이니 너그럽게 보아 주셨으면 합니다\n제가 이렇게 까지 가지 않도록 잘 살펴 정의가 실현되도록 해 주셨으면 합니다\n그리고 보험사들에게 네마디 말 하겠습니다\n당신들이 이러면 이럴수록 남은 고객은 고객이 내는 돈 보다 더 많은 청구를 하는 고객들만 남게 될거라고 말입니다\n그래서 지금보다 더 힘들어지고 이에따라 보험비는 더 올라 더 많은 고객을 놓치게 되어 당신들 먹고 살기 힘들어 질거라고 말입니다\n이제 보험사의 생각을 바꾸어 정직하게 할 때라고 말입니다\n적게먹고 꾸준히 간다는 생각으로 말입니다"
34888,2017-11-11,2017-12-11,0,0,정치개혁,이명박 전 대통 출국금지,이명박 전 대통 출국금지 동의합니다
107241,2018-01-21,2018-02-20,0,9,외교/통일/국방,문씨 쇼맨쉽에 낚여서찍은분들 겪어보니어떻나요 ㅋㅋㅋㅋ,지금 북한 정은이 첩내려왔다고 거의 무슨 교황이나 국가원수 영접하는 수준으로 물개박수 치면서 대하고있는데 ㅋㅋㅋㅋ\n여러분 안철수가 답입니다. 국물당하고 더민주 더럽당은 그냥 수십년묵은 구태정치 구데기 부산물일뿐입니다.\n박근혜를 거치고 문씨를거치고 5년뒤에 나라가 경제와 서민들 삶은 구데기가 되있을께 뻔한데 우리 안철수님이\n처리하기에 너무 늦지않기를 바랄뿐입니다.
354406,2018-08-25,2018-09-24,0,42,교통/건축/국토,도대체 국토부는 모하고 있나요?,"이렇게 단군이래 가장 큰 빈부격차를  벌려 놓고 아무것도 안하나요?\n아파트가이렇게 오르는데  말한마디 해보세요.\n아파트가 부족하다고 하자나요.  왜 이명박처럼 보금자리 주택등을 만들지 않나요?\n40, 50대 무주택자들 대부분 청약 점수도  낮아서 청약도 안되고 대출도 안되서 집도 못사고\n아파트 가격이 이지경인데  김현미, 김수현 경질 하세요.\n그리고 공급확대 , 보유세 장난하지 말고 OECD평균 1.2  올리세요.\n고위공무원들 말 듣지 마시고 제발 대통령님이  직접 부동산 살펴보세요. 김정은만 신경쓰지 마시고"
276973,2018-06-20,2018-07-20,0,0,일자리,세금을  줄이는 전문 실무 청이나 부서를 만들어 주세요.,"수십 수백대일의 경쟁을 통과한 공무원과 공공기관 직원들  상당수가  너무 내부 규제에 시달리고 있습니다.\n공무원/공기관 직원들이  필요없는 감시와 규제에서 자유로와야 국민이 행복하고, 불필요한 규제와 절차 는 모두 세금낭비 인데 곶간 새는 소리에 너무 무심한 듯 합니다.\n규제개혁, 절차 간소화 등을 위한 위원회는 힘을 받지 못합니다.\n우리나라 성희롱 예방교육처럼  정기적으로 실무자들이 귀에 딱지가 앉도록,\n세금절감, 절차 간소화, 규제완화 만 전담으로 하는 부처나 청을 만들어\n전 공무원/공공부문의  내외부 규제완화, 절차 간소화 관련 교육과 감시에  귀에 딱지가 않도록\n시행해 주세요."
197052,2018-04-12,2018-05-12,0,28,문화/예술/체육/언론,전명규 교수의 권력 남용을 밝혀 주세요,김재열에게 충성하던 비선 권력 전명규 부회장의 권력남용및 비리를 밝혀 주십시요
362613,2018-09-01,2018-10-01,0,7,문화/예술/체육/언론,아시안게임 금메달 병역면제혜택 철폐하라!!,"오늘 나는 진정으로\n아시안게임 야구/축구결승전에서\n일본팀을 응원했다.\n이 글을 올리고 있는 현재,\n축구 후반전이 진행중이나\n일본이 수비에 치중해서 승부차기로 몰고가 승리했으면 한다.\n국가의 명예를 걸고 뛰는게 아니라...\n순전히 군대가기 싫어서 사력을 다하는 모습.\n선수들이 열심히 뛰는 걸 보면...\n얼마나 군대가기 싫었으면 저렇게 죽기살기일까...쓴웃음만 나온다.\n오죽하면 국민들이 원수같은 일본을 응원하겠나??\n일본은 아시안게임따위 크게 신경도 안쓴다.\n그냥 아마츄어 친선경기쯤으로 여기고...\n중계방송조차 안한다.\n그런데 우리만 난리다.\n국가대표가 사회인팀을 이겨서 뭐가 그리 자랑일까??\n병역면탈을 위한 경기....\n더 이상 아시안게임 금메달병역면제혜택...속히 철폐하라!!~*"
329660,2018-08-05,2018-09-04,0,3,일자리,지금이 천하태평성세 인가? 국민들 원성 못듣는 국가!,박근혜는 세월호7시간  멍청히 있다가 쫒겨났다!\n촛불정부는 집권 후 국민민생  1년이 넘도록 방치하고 있다! 오히려 작살내고 있다!\n온 경제장관들이 무더운  날씨에도 불구하고  대기업  쫏아다니며  지원정책 쏟아내며 민생은 뒷전이다!\n문어발식 독과점 폐혜로 국민경제가  거들나고 있는데 그 장본인들 방문하여  더 격려하며  용기를 주고 있다!\n어지간히들   합시다! 천벌 받을짓은 하지말아야 하는것 아닌가?\n국민들 원성이 하늘찌르는 소리 안들라느가?
362033,2018-09-01,2018-10-01,0,5,육아/교육,중고등학교에서 유급제도 강화시켜주세요,중학교나 고등학교에서 유급제도를 강화시켜주세요. 학업은 마쳤어도 학생이 인성이 나쁜 학생들은 나중애 사회에 나가서도 악성종양이 됩니다. 징계를 자주 받는 학생들은 유급제도를 강화시켜서 바로잡아서 진급을 시키는 것이 맞다고 생각합니다
341843,2018-08-14,2018-09-13,0,7,정치개혁,불법자행하는 특검들을 구속수사하라!,수사에 본질 댓글조작 사건이다.\n이와 관계없는 별건수사및  불법적인\n언론플레이로  노회찬의원이 불의의사고로\n죽음을 맞이했고. 특검은  사건본질과 관계없이\n지금도 불법적인 별건수사와 망신주기  언론플레이만 진행하고 있다.\n검찰은  불법적인 특검들을   모조리 구속수사하라!
230175,2018-05-11,2018-06-10,0,17,저출산/고령화대책,성적 문란한 사회. 제발 고심해 주세요.,새댁입니다.\n얼마전에 남편이 회사 상사와 접대부가 나오는 업소에 가 남녀가 옷을 다 벗고 유사행위로 성욕을 채우는 상황을 알게되었습니다. 그것은 비지니스 하는 게 아니었습니다.\n사랑하는 남편과 아이들을 키우며 아웅다웅 살자며 임신을 계획하고 있는데 생각이 복잡해졌습니다.\n제 남편 아주 평범한 사무직 일을하는 남자입니다. 퇴근 후 귀가도 빠르고 주말엔 가정에서 시간도 잘 보내는 다정한 사람입니다.\n길가에 유흥주점. 오피스텔 아가씨 전단지. 문자홍보. 이메일 수두룩하게 넘치는 남편을 향한 유혹들.\n이제는 그 흔한 노래방도 불결하게 느껴집니다.\n기초사회구성인 가정이 원만해야  출산률도 오르고 아이가 정서적으로 안정되게 자랍니다.\n당연시되는 성문화에 청소년들까지 성의 노예가 되고 돈과 욕망이 최고로 꼽아지는 사회에서 절대로 희망이 없어보입니다.\n부부간의 간통죄를 부활하고 외도 및 원칙위반시 죄를 달게 받게해 주십시오. 사회를 썩어들게 하는 성관련 업소와 마사지샵 등 강력한 규제와 벌금을 매기며 사회적으로 결혼의 책임감과 인식을 다시 심어주는 계기가 됐으면합니다.
78276,2018-01-02,2018-02-01,0,2,육아/교육,청소년의 금연 교육의 필요성,"안녕하세요 저는 편의점에서 아르바이트를 하고 있는 대학생입니다. 요즘들어 더더욱 청소년들이 담배나 술을 사려는 경우를 봤으며 심지어는 그것을 위해 신분증도 위조하고 있습니다. 제가 일하는 곳에서도 매일 5명 가량은 담배구매를 시도 하고 있으며 저희 업소에서는 부정행위까지 잡아서 경찰에 신고합니다. 하지만 훈방조치로 인해 이 작업은 끝이 없으며 알바생의 심리에 상당한 영향을 끼칩니다. 저는 이 원인을 교육없는 금연이라고 생각합니다. 청소년 보호법은 당연하게 아이들의 흡연을 금지하고 있습니다. 그러나 그로 인해 오히려 흡연에 중독된 청소년들을 구제하지 못하고 있습니다. 최소한 학교에서 성교육과 더불어 금연교육을 주당 2시간씩만 해도 도움을 주지 않을까 하는 생각에서 글을 쓰게 됐습니다. 판매자가 처벌받는다고 해결되지도 않고 아이들이 처벌 받아도 해결 되지가 않는 문제라고 생각합니다. 중요한것은 누구를 처벌하는게 아니라 그 일이 일어나지 않도록 교육시키는 것입니다. 그런 비행청소년들로 인해 매일 열심히 사는 선한 사장님들이 피해를 보는만큼 올바른 금연교육과 그 교육에 따른 처벌을 교육해야 청소년의 유해 행위가 감소될거라고 생각합니다. 부디 글을 보시는 분들 모두 한번씩만 고려 해 주시기 바랍니다. 그리고 오늘 하루를 새벽에도 열심히 일하시는 분들께 ""힘내십시오""라고 전해 드리고 싶습니다."
12613,2017-09-08,2017-12-07,0,2,인권/성평등,소년법폐지,소년법 폐지해주세요
239207,2018-05-21,2018-06-20,0,594,농산어촌,농정공백을 해소해 주십시오,"농정의 두 축인 농림해양식품부 장관과 청와대 농어업정책비서관이 사임한 지 두달이 넘었는데 아직도 인선이 안되고 있습니다.\n역대 어느 정권도 이렇게 오랫동안 농장관과 농비서관을 비워둔 적이 없습니다.\n백남기 농민의 희생으로 시작된 민중들의 저항은 촛불혁명으로\n이어져 박근혜정부를 주저앉히고 새로운 정부를 탄생시켰습니다.\n문재인 대통령은 '농업은 대통령이 직접 챙기겠다' 고 했습니다.\n문재인대통령님은 일촉즉발의 한반도를 화해와 상생의 변화로 이끌고 계십니다.\n곳곳의 아픔과 상처도 잘 보듬고 계십니다.\n그런데 농업•농촌에 대해서는 눈길도 주지 않고 계십니다.\n남북 문제에 묻혀 농업이 사라지고 있습니다.\n농업이 그렇게 묻혀서는 안됩니다.\n우리 농업은 위기의 상황이며 지금이 농업을 회생시킬수 있는 골든타임입니다.\n그런데 안타깝게도 문재인정부의 백대국정과제의 농업정책은 후보시절의 공약보다도 후퇴했고 대통령 신년사에 농업문제는 한마디도 거론되지 않았습니다.\n지금 우리농업생산의 근간인 중소농은 무너지고 고령화와 저출생으로 농촌은 소멸위기로 몰리고 있습니다.\n한시바삐 농정공백상태를 회복해야 합니다.\n남북 관계가 회복되고 화해와 교류가 이어지면 농업과 농산물 교류도 늘어납니다\n남의 농업농촌문제와 북의 식량문제를 함께 풀어나갈 수 있는 준비를 지금부터 해 나가야 합니다.\n10년 이상의 장기적인 계획을 세우고 농정을 준비해야 합니다.\n대통령께서는 농어업농어촌특별위원회도 설치하겠다고 약속했습니다.\n30%대에 머물고 있는 식량자급문제와 먹을거리의 안전을 위해 지속가능한 식량생산계획을 세워야 합니다.\n한시바삐 농정의 두 축과 농특위 설치를 서둘러주십시오.\n농장관과 농비서관을 농업계와 잘 소통하고 협치를 이룰 수 있는 분으로 세워주실 것을 간곡히 부탁드립니다.\n이번 농정공백상태가 자신의 영달이나 사욕의 디딤돌이 아닌 농어민과 농어업을 살리고 농촌을 유지, 발전시킬 수 있는 혜안과 강력한 지도력을 가진 분을 찾아서 농업백년의 초석을 놓는 기회가 되기를 간절히 바랍니다.\n한국농어촌사회연구소\n02)737-7921"
426362,2018-10-31,2018-11-30,0,7,외교/통일/국방,"한국당은 전쟁을 원하나, 미국은 제제완화를, 종교인들 중지모아 제제 미국설득 .","한국당은 아직도 정신을 못차리고 국정을 발목잡으려 한다\n한국당은 전쟁을 원하는가 ? 평화를 원하는 하는가, 미국은 단계적 제재완화를 실시하여\n비핵화를 진전 시켜라 대통령님 미국 말 듣지말고 철도착공 ,이산가족 만남,등을  제재에\n해당되지 않으니 눈치 보지 말고 전진  시키십시요 종교인들이 나서서 미국에게 단계적\n제재를    완화 시켜 달라고 중재자 역할을   할때입니다  비서실장님 용기를 가지고 대통령님\n보필하십시요  한국당은 후손들이 전쟁없은 세상에 발뻣고 편안히 잘사는 것을 원하지\n않나 봅니다 자중 하세요 비서실장님이 위원장 자격으로  비무장 부대를 간것을 왜 문제\n삼을가요 그건 현정부 정치공격에 불과 합니다 ,꼭 통일이 이루어 세계경제 대국이 되길\n기대합니다 골드만 삭스 남북통일되면 일본 ,독일 능가하는 미국다음 세계 제2위 경제\n대국이 된다고 하니 살맛이 난다 ... ...카테고리 ,링크 뭔 말이여 한글로 표기하라\n지하에서 세종대왕 노하신다 정부가 영어를 남발한다 난 바보가 아닙니다 다른 사람도\n카테고리가 뭐냐고 네이버에 물었네요."
193228,2018-04-10,2018-05-10,0,12,경제민주화,불법 공매도 주식거래 피해자 손해배상,불법 공매도로 인해 발생한 개인투자자들의 피해를 전액 보상해주시기 바랍니다.
323273,2018-07-30,2018-08-29,0,32,반려동물,길고양이 보호관리 실행해주세요,"길고양이 돕는 사람보다 싫어하고 학대하는 사람이 아직까진 더 많습니다 하루가 멀다하고 지겹게 뉴스가 나오는데도 외면하는 나라가 미래는 있을까요?\n싫다는 사람이 많으니까 제발 길고양이 쉼터 좀 체계적으로 많이 만들어서 보호관리 해주세요\n국가에서 말이죠  티비 캠페인도 해주시고요\n불우한 이웃,난민,불체자,유니세프 등 많이들 돕고\n계시자나요?  길 아가들도 봐주세요\n누구의 선택도 아닌데 길에서 태어나\n힘겹게 쓰레기 뜯어먹고 잠잘곳도 없는 불쌍하고\n가녀린 길고양이들을 보살펴 주세요\n로드킬,인간학대,굶주림,여름.겨울에 잦은사망,\n치료부족,중성화 수술부족,예방접종 부족 등등\n나열할게 넘나 많아요 실내 쉼터가 많아서\n길아가들이 보호받으면 학대도 줄일수 있고\n싫다는 사람들은 안봐서 좋고 개체수 조절도 되고\n많은 쉼터가 생기면 일자리도 창출되고\n여러모로 좋은일 입니다  국가에서 돌볼 시기입니다\n개,고양이 언제까지 학대 당하고 죽임을 당해야 하나요\n이제 끝내 주세요 국가에서 말이죠\n실내 쉼터 만들어주세요 길생활 끝내주세요\n전문가들 동원해서 정부와 국회에서 의논 하시기 바랍니다 동물학대는 곧 인간학대,살해로 이어집니다"
343290,2018-08-16,2018-09-15,0,23,저출산/고령화대책,국민연금 선택제,국민연금제도가 극심한 고령화로 인해 문제되고 있습니다.\n많이 내고 덜 가져가는건 정당하지 않은 이중납세일 뿐입니다.\n국민연금제도를 폐지해야된다고 생각하지 않습니다.\n그럼에도 불구하고 해당 제도를 보험처럼 원하는 국민이 있을테니깐요.\n그래서 제안합니다.\n국민연금을 의무적으로 납부하는 것이 아니라 원하는 사람만 납부하는 선택제로 바꿔주세요. 선택제 안에서 여러 방안을 모색한다면 국민들의 동의를 많이 얻으면서도 국민연금납부에 참여시킬 수 있을겁니다.
364273,2018-09-03,2018-10-03,0,7,성장동력,나라 경제.발전에.좀지속적인 계획세우자,서울 집값치솟는 근본원이 공급이부족해서가아니다.서울 빈집도 백만.세대갖된다고한다. 건데.이해찬의원은 서울에 30만채 아빠트 대폭 짓겠다고한다. 이게말이되나? 앞으로.저출산으로.인구.대폭.감소할때면 빈집.더늘어날거다. 그러면.또 예면.이집트.와같은 가짜불법입국.난민들.대폭.받을거냐?\n좀 먼.정책제도.내와도 코앞만보지말고 제대로\n해라.\n인구감소는.필연적이다. 그때가서.아빠트 빈집늘어나서 경제가.거품.경제로. IMF보다더큰.경제위기가올거다. 나라가부도난다. 이미친.놈들아제정신이냐?\n왜 수도권 교통 발전시켜서.서울에.집중된.인구를 밖으로 분산.시키는.정책 할궁리는.안.하냐? 지방은 미분양이 속출하고 빈집이.늘고있다.\n문제해결에서.근본원인찾고 장원한 관점 에서 계획을 짜야지. 이게머냐? 대한 민국 망할짓만.하고있지.더불어민주당 에는 안희정 이재명같은 불륜패륜.행위저지르는 자들밖에.없으니.한심히다.
202547,2018-04-17,2018-05-17,0,3,성장동력,새민정수석으로 교체바람니다,인사검증 실패한 조국 보내고 차라리  주인에게\n충성하는 진도개를 추천합니다.
495958,2019-01-14,2019-02-13,0,2,인권/성평등,온국민 복리후생비 지급하라,공무원에게 지급하는 복리후생비를 온국에게 지급하라\n배려를 가장한 차별적 기만행위
29772,2017-11-09,2017-12-09,0,0,육아/교육,조두순 출소 제지,조두순 출소를 절대 반대합니다!  육아 성폭력과 흉악범들은 반드시 사형으로 다스려 주세요!\n사형이 선고된 피고인들에게는 반드시 사형 집행을 실행해 주십시요!
96092,2018-01-15,2018-02-14,0,5,미래,문통이 도박충.성실히 일하는 국민. 누구를 위해 정치하겠냐?,이 도박충들아.\n그만 떼  좀 써라.\n이제 국민들도 니들 도박충들 떼 쓰는거 보는 것도 지겹다.\n으이그..확 마.
503130,2019-01-22,2019-02-21,0,3,저출산/고령화대책,경제살리는 제안,어떻게 써야 될지 글솜씨도 없지만 혹시나 경제에 도움이 될까싶어서 제생각을 적어봅니다. 부족하지만 참고해주시면 감사하겠습니다.\n자영업. 기업들이 매출감소하는 이유는 국민들이 소비를 하지 않기 때문인거 당연한이유죠..  큰문제는 저출산이예요  그중에 소비층인 청.장년층 인대.  그 세대가 점점 줄어들고 있고 노인층 증가로 이어지고 있어요. 저희 할머니 할아버지 80대신대요.  소득이 줄으니깐 소비를 잘안하세요.  옷도 안사입으시고 외식도 안하시고요.  핸드폰도 안쓰세요.  고장나야 전자제품바꾸시죠.  추운날에도 난방비줄이시겠다고 온수매트만 쓰시고요 손님오셔야 보일러 트세요.  한달에 쓰시는거는 관리비. 병원비. 약값. 교통비. 시장서 장본거 요정도. 이런세대가 늘수록 경기는 악화할게 뻔하죠. 저출산 심각한거 아시죠?  여러가지 제도 많이 내놓고 있지만 마음이 흔들리는 제도는 아니예요.  과감한 시도가 진짜 필요해요.  초등학교 다닐때 부모님 직업란 쓰는게 있었는대  엄마직업란에 전업주부로 썼거든요.  그때는 거의 엄마들은 전업주부가 많았네요.  그래서 생각나는게 전업주부를 직업으로 인정해주는게 어떤가 싶더라고요.  여자들이 자녀를 낳지않는이유가.  직장다니기 힘들거든요. 일단 돈도 못벌고요. 저같이 혼자장사하면 애가지면 장사 그만둬야되는 실정이예요. 신랑혼자 벌이로는 애못낳아요.  문재인대통령님  토론중에 공무원늘리면 소비가 늘어나니 당연히 내수경제 좋아지고 실업률로 줄어든다고 하신말씀이 떠오드라고요.  저출산으로 많은 투자 하는대도 늘지않으니깐 어디지역은 애기낳으면 연금을 지자체에서 내주더라고요.  이런거 별로 안땡겨요.  대놓고 말씀드릴께요  과감하게  월급으로 주세요.  결혼해서 애낳고 싶게 만들어 주세요.  완전 흔들릴만한 제도를 내놓지 않으면 절때 저출산 해결 못할꺼라봅니다.  전업주부(자녀낳을시) 직업으로 국가가 인정하면 실업률 줄고 비혼주의자들도  줄고 당연 소비는  늘테고 최저임금으로 나마  월급주시면 안되나요.  출산장려금  일시금 몇백주는것보다 이게 훨씬 구미가 당길껏같고요. 저출산 해결만이 국력이라 생각합니다.
14264,2017-09-18,2017-10-18,0,0,기타,말하고싶어요,정말  전 고졸도 아닌 고 중퇴입니다 어려운단어 맞춤법  잘 모름니다 하지만 양심은있어요 지금도 방송을보다  답답해서 남겨요 모든방송인이그렇타는것은 아닌지만 말하는것을보면  답답해요 자기생각을 말하는분 절대없고요 그냥 국민여론 흐름?인기위주 자기생각말하는분은 방송출연못하고요 이것은 제 생각이고요^^ 이정도 ...다그렇타는듯 말 자제 좀시켜주세요 방송인 말한마디에 국민은 흔들여요 진짜 대본없이 대화하고싶네요 수고하세요 투표는안했지만 소통하는 대통령 모습 정말 보기좋아요
198225,2018-04-13,2018-05-13,0,1,경제민주화,지금 당장 북한과 통일이 우선이아닙니다,대통령님 항상 수고가 많으십니다. 대통령님 뉴스보면 북한과 통일을 하실려고 많은 노력을 하시는 모습을 자주봅니다. 하지만 통일도 통일이지만 지금 취업난비롯해 대한민국 경제가 IMF수준인거 같습니다. 이상태로 통일을 추진한다면 대한민국 국민들 다 굶어죽습니다. 취업난 대한민국 경제부터 살리시고 통일 추진 하셔도 안늦습니다. 작은곳까지 유심히 보셔서 국민 모두 살기좋은나라 부터 만드셔야죠  제생각인데 1년에 한번씩 각분야별 대표 한분씩 모셔 대국민 간담회를 열어 고충들과 사회에 잘못되고 고쳐야할부분들을 귀담아듣고 실행에 옮기면 좋을거 같습니다. 제발좀 정치권 싸움할시간에 국민들좀 돌봐주세요 지금 정치권 싸움할때 아닙니다.
268775,2018-06-11,2018-07-11,0,8,외교/통일/국방,군대문제,"2018년 남자는 현재 군대를가고있습니다 현재진행형이죠\n헌법에따르면 모든 국민은 국방의 의무를진다\n즉 모든국민은 남자, 여자도 포함인데 남자는 왜가지않는것일까\n궁금하게되네요\n군대에관한문제\n1. 우리가 군대를 가는동안 여자는안그래도 취업률낮을때 취직하고있음\n그래서 가산점제도있었는데 이마저도폐지에가까움\n2. 생리에관한문제 생리는 고통스러운건 저도 알고있습니다\n하지만항상 하게되는걸로알고있으며 주기가있는걸로알고있다 생리주기에는 휴가를주고 휴식을취하게한다. 또한 많은여성들은 임신때문이라는데\n임신은 군대를다녀와서해도되고 선택일뿐이다 군대에전혀지장이 가지않는 말일뿐이다\n3. 군대면제특혜\n우리나라 국대, epl 14등 등 다양한업적으로 우리나라를 빛내는 손흥민선수가있습니다\n축구팬이지만 객관적으로말씀드립니다\n아시안게임에서 우승하면면제로알고있는데\n운동선수는 폼이있습니다\n군대를다녀오면 과연 폼이살까요?\n이집트에 모하메드살라선수는 당당히 자기실력으로 국왕께서 면제를시킨겁니다\n실력이 입증된 선수는 군면제를받아도되지않나싶습니다\n4. 징병제에서 모병제\n현재 병장기준으로이40만원정도받는데 군대간사람들을합하면 몇십억이드는데 오히려 무기, 기본장비등이 더작다고합니다\n지금은 굳이 60만둘이유가없으며 30만명으로 내려 기본장비,\n특수부대등 굳이 강요하며할필요가없다"
509194,2019-01-27,2019-02-26,0,3,일자리,경찰 과목 개편,"안녕하세요.\n경찰 순경 공채 시험 건의 드립니다.\n1.경찰 순경 공채 필기 시험은 영어 토익 400점 또는 지텔프 레벨2 23점으로 대체, 한국사 능력 시험 4급 대체, 형사법, 헌법, 경찰학개론, 총 5과목으로 평생 실시돼야 합니다.\n그리고 필기 시험 출제 범위와 난이도를 하향 조정하고, 지엽적인 문제 출제를 금지했으면 좋겠으며, 필기 시험 합격자는 남경 기준으로 3배수로 선발했으면 좋겠습니다.\n또한 필기 시험 문제수는 각 과목당 총 20문제였으면 좋겠습니다.\n2.토익 또는 지텔프와 한능검의 성적 유효 기간은 경찰청 자체적으로 평생 유효하도록 설정하거나, 검정 기관에서 설정한 유효 기간이 있더라도, 경찰청 자체적으로 접수를 받아서 성적 유효 기간을 4년으로 설정했으면 좋겠습니다.\n3.경찰학개론은 필기 시험 출제 범위를 축소하고, 헌법은 인권 부분만 도입되었으면 좋겠습니다.\n그리고 형사법은 형법과 형소법을 구분지어서 각각 10문제씩 출제했으면 좋겠습니다.\n4.경찰 순경 공채 필기 시험 개편은 2020년부터 되었으면 좋겠습니다.\n그리고 육상 경찰 순경 공채 필기 시험 날짜와 해양 경찰 순경 공채 필기 시험 날짜를 통일하여, 같은 날, 같은 시간에 필기 시험이 실시되었으면 좋겠습니다.\n5.경찰 순경 공채 체력 시험은 윗몸일으키기를 업도미널 기구 운동으로 변경, 팔굽혀펴기를 체스트 프레스 기구 운동으로 변경, 악력을 3000m 달리기로 변경, 100m 달리기, 1000m 달리기로 실시했으면 좋겠으며, 경찰 순경 공채 면접 시험에서 헌혈은 몇 번했는지, 자원 봉사는 무엇을 해봤는지, 응급 상황 시 심폐소생술 가능 여부도 질문하여, 봉사성을 더욱 많이 평가했으면 좋겠습니다.\n그리고 압박 면접은 금지했으면 좋겠습니다.\n6.경찰 순경 공채 남녀 통합 선발은 절대하지 않았으면 좋겠습니다.\n그리고 남경을 90% 비율로 선발하고, 여경을 10% 비율로 선발했으면 좋겠습니다.\n7.경찰 순경 공채 가산점 중 검도 2단은 2점, 대형 면허는 2점, 워드프로세서 단일 등급은 2점, JLPT N4는 2점으로 평생 유지되었으면 좋겠습니다.\n그리고 어학 자격증의 성적 유효 기간을 4년으로 설정했으면 좋겠습니다.\n8.경찰 순경 공채 필기 시험 시간을 조금만 더 늘렸으면 좋겠습니다.\n9.경찰 순경 공채 101 경비단 채용 인원은 1차 시험과 2차 시험 각각 150명씩, 1년에 총 300명을 선발하였으면 좋겠습니다.\n그리고 신체 조건 중 키는 175cm 이상으로 설정했으면 좋겠습니다.\n건의 사항 적극 반영 부탁 드리겠습니다.\n감사합니다."
96737,2018-01-16,2018-02-15,0,9,안전/환경,미세먼지해결해주세요,미세먼지 2013년 중궁에서 공장 산둥성으로 옮김이후부터 미세먼지 유입되면서 심해졌습니다 예전만해도 중국 미세먼지심각하다며 뉴스보도보았는데 지금은 저희나라가 그지경이되가고있는것같습니다 우리나라가 왜 다른나라땜에피해를봐야합니까? 날씨가 따듯해지면 미세먼지수치가 심각수준으로올라가고 예전엔 이정도까지아니였는데요 미세먼지 정부에서 나서서 적극적으로 개선해주셨음합니다 중국에다가도 공장을 저희나라쪽으로 바람유입되는통로로오지못하게다른쪽으로옮기거나 아님 거긴 필터나이런 걸게발을안하나요? 전쟁만안할뿐이지 미세먼지 발암물질이라 화학무기나마찬가지라고생각합니다 빨리 해결해주세요 다른것도 시급하지만 이거 나중에개선해야지하다가는 큰일납니다 하루가 다르게 미세먼지심각해자고 국민들도 매번미세먼지 심각하다고 얘기를하고있는데 너무 안일하게 처리하고 생각하는것같습니다 우리나라만 출퇴근시간에 차량줄이고 대중교통 무료면뭐합니까 유입되는미세먼지는 많아서 여전히 나쁨인데요 손바닥으로 하늘가리지말고 제대로 처리해주세요 너무숨막히고 답답하고 화가납니다
445301,2018-11-17,2018-12-17,0,31,육아/교육,어린이집 교사의 인권,어린이집 교사의 인권은 사라진지 오래입니다.  내 청춘을 바쳐 일해온 일자리에서 이제는 떠나야 될때가 되었구나라는 생각이 듭니다.  아동학대로 교사들의 이미지는 추락을 하였고 나날이 변해가는 아이들의 성향에 교사로써 자리를 지키기가 쉬운일은 아닙니다. 집에서 하나둘 키우기 힘들어 하는데 어린이집에서 7~22명의 아이들의 보면서 교사들은 힘에 겨워합니다. 부모로써 내 아이에게라도 했을 행동이 교사라는 이유로 처벌받아야하고 교사들은 아이들의 잘못으로 넘어져도 부모님께는 죄인이 되어야하는 현실입니다. 영아들은 아기들이니 아이들에게 빰을 맞고 영아들이 발로 차고 머리를 잡아당겨도 보육교사는 웃어야한다고 합니다. 친구를  이유없이 때리고 교구를 던지고 쉴새없이 교실을 돌아다니고 소리지르고 울고 교실을 뛰쳐나가고 이런 아이들이 교실에 한명이라도 있으면 그 반은 순식간에 초토화가 되어버리지요. 교사도 사람인데  cctv로 그상황을 교사는 묵인하게 만들고 그냥 나쁜교사로 낙인이 찍혀버리는 현실이 넘 야속하고 슬픕니다.\n아이들의 성향검사로 따로 반을 만들고 정원을 줄이고 교사대 아동의 비율을 낮춰 교사의 한계를 넘어서지 않도록 법으로 제정해 주십시요. 아동을 위한 법 중요합니다. 하지만 교사의 인권이 무시된다면 인정받지 못하고 슬픈 교사밑에서 훌륭한 제자는 없을 것입니다. 그리고 그 아이들이 성인이 되었을때 스승의 고마움도 모르고 사회에 나가 내가 왕인 듯 이기적인 아이로 자라 이사회는 미래가 밝기 보다 어두운 미래가 될것 입니다.  그리고 누가 교사를 할까요? 교사가 없는 어린이집이 될 것입니다.\n*교사를 위한 인권을  보장해 주세요.\n*문제행동영유아를 조기에 검사하고 치료할수 있도록 문제행동;장애아교사의 인력을 각 어린이집에 의무적으로 근무하게 끔 해서 모든아이들이 행복한 교육기관을 만들어주세요.
175199,2018-03-25,2018-04-24,0,29,외교/통일/국방,미세먼지 중국 산둥성과 협약해 수도권 충청도권 미세먼지원인을 역학적인 조사 부탁드립니다.,오늘 유독 미세먼지가 짙고 결국 월요일 아침 서울은 차량2부제를 실시합니다\n전에도 한번 서울시에서 미세먼지로인해 대중교통활성화 정책으로 예산을 사용하여\n대중교통 출퇴근시간 무료로 하고 미세먼지를 대처한적이 있습니다.\n하지만 우리는 여러 매체 위성 사진 초등학교 과학시간에 우리나라는\n위도30~60도 사이 편서풍지역에 속한다고 들었고 당연히 산둥성에있는 공장의\n미세먼지가 우리나라로 유입된다는것도 상식과 더불어 위성사진의 증거로 이미 다 알고 있습니다.\n그럼에도 불구하고 당국은 중국과 협약하여 역학적인 조사도 하지 않고\n미세먼지 대책은 지자체에서 알아서 해결하는 방법으로 대응하고 있습니다.\n그래도 서울시는 시민들의 뜻은 알았는지 중국 베이징과 협약해 역학적인 조사를 벌인다고 들었습니다.\n하지만 베이징의 공장은 이미 산둥성으로 전부 옮겼고 베이징 총 미세먼지수는 떨어지고 산둥성과\n우리나라 미세먼지 지수가  요몇년동안 급증하였습니다. 또한 미세먼지는 우리나라 영공을 침범해\n넘어 왔기때문에 중국 자체 미세먼지 수가 줄어든것을 당연 알고있습니다.\n당연 이 조사는 베이징이 한국 공기질에 영향이 별로 없다는걸로 나올테고 산둥성은 조사에서\n배제한 체 조사를 마무리 지을것으로 생각이 듭니다.\n때문에  산둥성의 미세먼지와 우리나라 수도권에 집중된 미세먼지 질의 역학적인 조사를 간곡히 부탁드립니다.
68318,2017-12-17,2018-01-16,0,2,보건복지,틀니의료보험,수고많읍니다.저는기초수급자입니다.다름이아니라저가이빨을틀니로해야되는데나이가58세로의료혜택을받을수없어긴급의료보험을받을수없나요.
368859,2018-09-06,2018-10-06,0,5,교통/건축/국토,주택문제해결,하늘 높은 줄 모르고 오르는 집 값 잡지 마세요.\n집 없이 사는 세대만 서러움이 있지 집 있는 사람은 돈 더 가질려는 욕심이지 먹고 사는 것은 괜찮아요.\n집 없는 세대를 위하여 싱가폴처럼 국가에서 주택정책을 하면 될 것 같아요. 집 있는 분들이야 금으로 도배를 하고 살 던 무슨 상관입니까?\n세금만 철저히 거두면 되죠.
350612,2018-08-22,2018-09-21,0,1,안전/환경,국가재난안전대책본부는태풍피해 대비해서 건설현장잠시중단합시다,태풍이 바로 들이닥친다고합니다.건설현장 타워크레인이 번저지는 사고 한두번이 아닙니다.\n이번.태풍은 파괴력이.아주크다고합니다.특히.비보다도.바람\n엄청세게분다고합니다.\n하루이틀.중단.시키고.현장.점검.잘하고.태풍피해 최소로.줄이기바랍니다.인명피해난다음.또 이소리저소리하지말고요.\n재난안전.대책본부는.멀.하는곳입니까?
317408,2018-07-24,2018-08-23,0,1,저출산/고령화대책,LH 공사 신혼부부 대출조건 너무 까다로워 있으나마나,"딸이 LH공사에서 실시하는 신혼부부 대출에 당선되어 기쁜마음으로 전세주택을 알아봤는데 대출 조건이 너무 까다로워 집을 구할수가 없는데 인심만 쓰는 이런 제도가 어디 있습니까,이런 까다로운 조건으로 구할수 있으면 LH에서 직접 연결 한번 해주세요."
165343,2018-03-13,2018-04-12,0,2,성장동력,지역개발채권매입필증 제도개선,지역개발채권인터넷구매제도를청원합니댜\n공공관서에 납품할때 모든품목 서류에 첨부하는지역개발채권사러 농협에가아지요 농협은용지인쇄해서바쁜직원들이 판매해야죠 동전받아서 사무실서랍속에넣어두죠 국가적으로 엄청난손실입니다 요즘같이인터넷발달한세상에 이게무슨짓입니까 이런제도개선해서 국민불편들어주세요.
68147,2017-12-17,2018-01-16,0,3,기타,적폐청산 무관심한 문대통령 참모진들 물러나라,물러나라
285705,2018-06-26,2018-07-26,0,44,일자리,불법 체류  조선족  동남아 외노조 때문에 자국민 일감 급감,건설 인력 거의조선 족 차지\n중소 하청업 체  외노조 차지\n자국민 못배우구 기술 없는 사람 들은\n도대체가 무얼 해먹구 살라구\n이방인들 데려다\n경쟁 시키는 겁니까\n임금두 이제 같이 주니 !!\n선조 대대로 살아온 이땅에\n이방인들 몰려와\n우리같은 사람 들은\n생계마져 우;협 받구 삽니다\n분노 조절 장애가 생길 까봐\n저자신두 겁납니다\n이러다간 자국민 갈수록 빈부 차이가 벌어져\n강력 범죄 외 폭동이 일어날까 우려 됩니다\n이좁은 땅떵어리에\n인구의 5% 정도는 불체류와 동남아 외노조 들이\n판을 치구 다닌는 나라가\n이지구 상에 어디 있겠읍니까\n청년 실업\n절대 불체류 외노조 조선족 내보내진 않는 한\n해결 않 됩니다
318575,2018-07-25,2018-08-24,0,20,성장동력,무리한 에너지 정책을 재고해주시고 백운규 장관의 교체를 원합니다.,"태양광 홍보대사를 산업통상부 장관에 앉혀 놓으니 무리한 탈원전과 태양광 정책 추진으로 혈세를 낭비하고 국론의 분열을 만들고, 시골 동네마다 태양광 발전 결사반대 현수막을 붙이게 하고....\n보다보다 이대로 가다가는 대한민국의 장래가 걱정되어 글재주 없는 제가 적어봅니다.\n산업통상자원부가 에너지 관리 부서입니까?  지금까지 반도체의 호황으로 숫자만 채우다 조선,철강, 자동차 다 죽여놓고 이젠 그 잘나가던 반도체도 중국의 공격속에 얼마 남지 않은 듯 합니다. 전반적인 산업의 아웃라인을 파악하지 못하고 ,  태양광 홍보대사를 그 자리에 앉혔으니 당연한 결과겠지요.\n지금 대한민국 서민들의 삶은 바닥입니다. 모든 경제의 선두에 서 있던 산업군들이 줄줄이 무너지고 있으니 정부에서 원하는 고용안정은 빈독에 물붓기입니다.\n먼저 장관 교체를 통해 다양한 산업들을 다시 건전하게 만들어주실 것을 간절히 청합니다.\n그리고 합리적인 에너지 정책 재조정을 통해 기업들이 전기세 걱정없이 경쟁을 할 수 있도록, 그래서 더 많은 고용창출을 할 수 있도록 해주세요. 앞으로 늘어날 전기차 수요는 정부지원금(국민의 혈세)로 짓고 있는 태양광 발전으로는 감당이 안됩니다.  어차피 앞으로 수십년은 가지고 가야할 원전을 여론몰이로 죽이지 마시고, 정말 무엇이 대한민국을 이롭게 하는 것인지 재고해 주시길 부탁드립니다."
485257,2019-01-02,2019-02-01,0,9,보건복지,경찰병원 간호사 복지에 대하여..,안녕하세요.  저는 대한민국 34살이며 한가정의 가장입니다.\n제가 청원에 글을 쓰는 이유는 저희 집사람 때문입니다.\n병원 간호사 너무너무 힘든 직업입니다. 3교대 근무에 새벽부터 일어나서 출근할때도 있고\n밤 늦게 출근 할때도 있습니다.\n수시로 바뀌는 생활 패턴에 정말 힘들어합니다.\n옆에서 제가 지켜보면 너무너무 미안하고 속상합니다.\n저에게는 16개월 되는 아이가 있습니다. 양가 부모님께서 여유치 않아 보살펴줄 보호자도 없는 실정입니다.\n겨우 방학기간에 처가쪽 부모님께서 봐주시며 이제 올해 2월에 돌아오게됩니다.\n정말 슬픕니다. 저희가족 삶에 기쁨이 되어준 아들이 처가에서 살고있습니다. 돌봐주시는거죠.\n경찰병원에 어린이집이 없는게 너무너무 말이안된다고 생각합니다.\n병원에 반이상 인력이 여성 간호사인데. 어찌 복지가 이렇게 안좋을수 있을까 라는 생각을 매일같이 합니다.\n수시로 변하는 교대근무로 인하여 아이를 돌볼수가없습니다. 그래도 아이가 아프거나 일이 생기면\n바로바로 피드백 해줄수있는 곳에 어린이집이 있어야하지 않을까요??\n이런 고민에 너무너무 속상합니다. 왜 개선이안되지? 라는 생각뿐 안되요..\n주변에 간호사분들 그만 많이 두세요.. 여유가 되시면서 그만 두시는분들이 대부분이구요.\n저희는 맞벌이 하지 않으면 안되는 가족입니다.\n제 마음같아서는 그만두게 해주고싶습니다. 하지만 현실은 그렇지 않아서 너무 답답하고 속상하네요.\n직장 어린이집 꼭.. 좀 만들어주세요.. 7세 이하 자녀둔 간호사분들은 주간 근무만 할수있게해주세요.\n이기적인 마음일수도 있습니다. 하지만 집사람도 나중에 저희와 같은 고민을 갖고있는 간호사를 위해서\n도와줄겁니다. 힘든 마음 알기에...\n1. 대형병원 어린이집 의무화 시켜주세요...\n2. 7세이하 자녀 둔 간호사들 선택근무 가능하게 해주세요...
166196,2018-03-14,2018-04-13,0,2,성장동력,코스닥 활성화 방안에 대해서 좀더 적극적인 대응을 해주시기를,코스닥 활성화를 한다고했으나 기금운영본부장 인사관련이나 코스닥본부장 선임등  너무 미온적으로 대처하는게 아닌가 싶습니다.나스닥이 활성화 하는것처럼 우리나라도 좀더 구체적이고 빠른 방법으로 대응에 힘써주셨으면 합니다.그냥 미온적으로 끝나는 공약이 안되기를 바랍니다.
71226,2017-12-22,2018-01-21,0,10,인권/성평등,현재 낙태법(인공임신중절법)을 개정해 주세요.,"안녕하세요 저희는 현재 중학교에 재학중인 학생입니다. 이번 사회시간, 우리 사회의 문제점에 대해 더 자세히 알아보고 그에 따른 해결방안을 찾는 프로젝트를 하였습니다. 그래서 청와대 국민청원에 글을 올리게 되었습니다. 저희는 낙태법(인공임신중절법)에 대한 이야기를 다루게 되었습니다. 불과 작년까지만 해도 이 법에 관심이 없었고, 별 다른 느낌을 받지 못했습니다. 하지만 최근 들어 여성 인권에 대해 배우던 중 낙태법(인공임신중절법)의 잘못된 점이 있다고 생각을 했습니다.\n첫번째로 불법적인 낙태를 했을 때 크게 여성과 낙태를 진행한 사람을 처벌한다는 것이 잘못되었다고 생각했습니다. 임신은 여성 혼자만 할 수 있는 것이 아닙니다. 여성과 같이 성관계를 맺은 남자만 처벌을 받지 않는다는 것은 부당하다고 생각됩니다.\n두번째로  여성의 자기결정권이 존중되어야 합니다. 물론 태아의 생명권도 중요하지만 여성이 임신을 하고 있으므로 여성의 의견이 적극적으로 반영되어야 한다고 생각합니다.\n세번째로 모자보건법에서 규정하고 있는 허용사유에 해당하지 않아서 불법적으로 낙태를 하는 경우가 많습니다. 낙태를 법으로 금지함으로 인해서 안전하지 않은 방법으로 낙태를 해서 여성과 아이 모두가 위험에 처하게 됩니다.\n다른 사람들의 의견과 생각을 알아보고 싶어서 설문조사를 진행했습니다.\n먼저 현재 낙태법(인공임신중절법)이 개정되는 것에 찬성하시는지와 반대하시는지에 대해 여쭤보았습니다. 양 쪽의 수는 비슷했지만 찬성하시는 분들의 수가 조금 더 많았습니다. 찬성하신 분들의 대체적인 이유로는, 피임을 한다고 해서 100% 임신이 안되는 것은 아니고, 현재 베이비박스에 아기를 두고 가는 경우가 많고 왜 두고 가냐고 물었을 때에는 낙태절차가 복잡하고 키울 능력이 되지 않는다는 무책임한 답변들이 많다고 합니다. 또, 생계가 어렵거나 청소년 시기에 임신을 한 사람들 중 아이를 키우기 어렵다는 의견도 많았습니다.\n저희 모둠원들의 의견과 설문조사에 참여해주신 분들의 의견을 반영해서 만든 낙태법(인공임신중절법)의 개정안을 추가하겠습니다.\n1. 한 사람당 낙태를 할 수 있는 횟수를 정해서 낙태가 가능하게 해주세요.\n2. 불법적인 낙태를 한 여성과 그 낙태를 진행한 타인과 더불어, 여성과 함께 성관계를 맺은 남성도 처벌받게 해주세요.\n3. 기초생활수급자와 미성년자는 낙태를 허용해 주세요.\n글의 문맥이 잘 맞지 않을 수 있습니다. 긴 글 읽어주셔서 감사합니다."
145810,2018-02-21,2018-03-23,0,1,문화/예술/체육/언론,선수로써 자질없다,선수로써 자질없다 박탈 동의한다.
515443,2019-02-02,2019-03-04,0,2,교통/건축/국토,제발 대구 집값좀 내려주세요ㅜㅜ,대구사는 청년입니다\n대구를 떠나고 싶습니다 집갑이 2년만에 2배로 뛰는게 이게 날정상입니까  아기 많이 나으라면서요 결혼하라면서요\n이게 멉니까\n서민들은 수십년 일해야 집 도 못사고\n정말 울고 싶네요
452407,2018-11-26,2018-12-26,0,0,안전/환경,"살듄소독개념으로 유통한 독극물 피해, 책임을 져주시기 바랍니 다.","청와대 국민청원에 동참해 주세요.\n가습기와 살균제를 쓰는 동안 아이가 죽을지경까지\n가서 수술까지 했는데도 15년도 10년도 이미 지나 버려진 영수증 핑계로 또 실험한 쥐새끼와 병 증이 다르게 나타난다고 사람마다 다르게 나타나는 병의 양상을 인정하지 않고 있습니다.\n질병부터 사회적 대우까지 모든 등급에 신분고하를 따져 알음알음 봐주기식 정부일처리도 없어져야 할 행태입니다.\n내 나라 국민들부터 챙겨주세요.\n가습기 사용한 사람들 많을 것입니다.\n저처럼 1999년부터 아이들이 어느정도 클 때까지 가습기 안쓴 사람 지극히 드물것이며 가습기 살균제 한번도 써보지 않은 사람 또한 귀할 것입니다. 가습기메이트 애용자로 가습기살균제를  쓰면서도 이비인후과 내과질환을 달고 살았습니다.  '가습기를 쓰세요' 라던 의사의 당부엔 '가습기살균제까지 넣어 쓰고 있습니다 ' 대답했던 사람으로 우리사회에 시판되었던 유독물질이었다던 가습기메이트를 소독개념으로 알고 썼다가 아이들 눈이상 어지럼 구토 사시 수면무호흡으로 병원까지 실려가서 수술까지 했던 우리 아이들과 유독 그때 생겨났던 원인모르는 특이한 병증의 경험부터 암까지 고생했던 각종 가습기 살균제 사용자들에게 쥐새끼를 기준삼아  해당이 없다고 인정을 해주지 않거나 등급을 나누어 인정을 하고,  이미 10년도 지난 일에 영수증이 없으면 병증이 중해도 쥐새끼를 기준삼아 인정하지 않는,  습식이 다른 사람들의 존엄성,  피해양상을 인정하지 않는 이 정부 공무원들로부터 가습기 피해자들의 외침에 귀 기울여 주세요. 국민청원에 동참해주시기를 부탁드립니다.\n사람은 쥐새끼가 아닙니다. 담당부처기관에서 가습기살균제 사용자들을 실험쥐보다 못한 인간으로 취급해서도 안됩니다.\n가습기 살균제를 이용했다 상세불명의 호흡기내과적 잘환을 경험했던 국민들의 전적인 피해인정을 바랍니다."
130813,2018-02-06,2018-03-08,0,20,정치개혁,정형식판사파면,유전무죄  무전우죄  정의사회 구현
494526,2019-01-12,2019-02-11,0,205,보건복지,황금알을 낳는 사업 노인요양원을 고발합니다,"1월 11일 방송된 추적60분 노인요양원 제보자 입니다.현재 대구 Y 요양원은 검찰에 송치되어 조사중이지만 경찰조사와 검찰청에서도 이들은 아직도 자기의 잘못을 부정하고 거짓말을 일삼고 있습니다. 관할 서구청,대구시청에서도 수년전부터 직원들의 수많은 민원과 투서를 통하여 문제를 제기한 바 아직까지도 관찰 공무원들의 방관으로 재단은 버젓이 운영되고 있습니다. 추적60분에 방송된 내용은 빙산의 일각으로 증거자료가 확보된 몇년간의 자료를 토대로 방송되었습니다. 흔히 말하는 관례상 고기 몇점,우유납품대금,장례식 리베이트 또한 정확한 녹취록과 증거자료가 있는데도 불구하고 이들은 먹은적 없고 본적없다 모르는 일이다라고 거짓말로 진실을 덮고자 합니다. 청와대 신문고,국가인권위원회,건강보험공단,노동청 등 여러기관들을 통한 제보를 하였으나 돌아보는 답변은 경찰조사중이라는 답변 뿐입니다. 경찰과 검찰에서는 관례상 좀 그럴수 있지 뭐가 문제냐라는 식입니다. 일부 자료만 보더라도 적은돈이 아닙니다. 몇십년에 걸쳐 형식적인 감사를 통하여 되물림되면서 이들은 국민들이 내는 세금으로 아무런 죄의식없는 눈먼 돈을 배불리고 있습니다. 저희들은 요양원의 문을 닫고자 청원하는게 아니라 관선이사파견을 통하여 더 이상은 사회적으로 보호해야 될 어르신들을 돈벌이 수단으로 보지말고 제대로된 대우를 받을것을 바랍니다. 현재 대구서부검찰청 조사중이지만 죄를 덮기위해 수많은 자료들을 조작하여 제출하는 등 아직도 잘못을 모르는 파렴치한 사람들입니다. 이들은 마땅히 죄를 지은만큼 벌을 받아야 될것이며 그 곳에 계시는 어르신들 또한 이들이 그 곳에 존재하는 한 비리는 되풀이 될 것입니다. 황금알을 낳는 그런 사회복지시설이 아닌 어르신들이 제대로 된 대우를 받으며 여생을 보낼수 있는 그런곳이 될수 있게 도와주십시요"
221216,2018-05-03,2018-06-02,0,1,일자리,공공조달지도사 국가공인 자격증 등록해주십시오,안녕하세요. 저는 조달시장에서 일하고 있는 20대 직장인입니다.\n현재 조달업계에는 명목화된 국가자격사 부족으로 나라장터 컨설팅 수행에있어 불협화음이 끊이질 않습니다.\n중소기업들을 이용해 자신들의 사익을 추구하는 민간 자격사들이 판을 치고 있으며 이같은 현상은 국가적인 예산낭비와\n대한민국 내수시장 활성화에 해가되는 일이라고 생각합니다.\n공공조달지도사라는 국가자격사를 만들고 그에따라 현장에서 뛰는 자격사들도 전문성과 신뢰성을 증가시켜 중소기업 발전과 국가예산 절감\n내수시장 발전이라는 3마리 토끼를 다 잡아보시는건 어떨지 제안드립니다.
69635,2017-12-19,2018-01-18,0,5,외교/통일/국방,김연아의 빼앗긴 금메달을 찾아주세요.,소치올림픽때 소트니코바에게 강탈당한 김연아선수의 금메달을 국제IOC에 제소하여 원래주인인 김연아선수에게 되돌려 줍시다!
475411,2018-12-21,2019-01-20,0,3,농산어촌,민박과 숙박업 사이,15년 이상 농어촌 민박 운영자 입니다. 우리나라는 규정도 이랬다 저랬다 두서 없이 넘 빈번하게 바뀝니다. 처음 숙박업을 허가 해 줬다 2년차에 안되는 것으로 바꼈습니다. 특히 농어촌민박은 농어촌 즉 군 혹은 면 단위에서 가능 합니다. 이번 사건이 난 강릉은 시입니다. 농어촌에 해당 되지 않는 걸로 아는데 어떻게 가응했나요? 소규모 시 단위에서 무허가로 민박 행위 또는 이례적으로 시에서  허가를 해 주는 경우 단독 주택을 민박으로 변경해 숙박 행위 하는 경우 비일비재 합니다. 그런 경우 어떤 부서에서 관장 하나요?  면 군은 농어촌 센터에서 관리합니다.  군청에서 정기적으로 교육 하구요. 여기선 벗어난 곳이 이번 사건이 난 것과 흡사한 시에 위치하여 운영하는 것 입니다. 농어촌 민박 허가 증 있는지 여부부터 확인 해 보시기 바랍니다.  만약 있다면 군 면이 아닌데  어떻게 가능한지도요. 면 군 시 단위에서도 민박이 아닌 숙박업으로 펜션 영업하는 곳 많은데  빌딩 코드가 명확하지 않고 오히려 특별 규정 또는 감독 없이 운영하는 곳 많습니다. 또한 현재 농어촌 민박은 70평 미만 주택 규모로 묶여 있습니다. 농어촌 부업으로 소득 향상 차원이라고 하지만 일의 특성상 어떻게 농사와 겸업하며 영업할 수 있는지요? 소규모 방 몇 개오 운영하자 보니 고용인을 쓸수도 없는 형편입니다. 도시 소비자의 기대 수준은 점점 올라가고 숙박 시설에 화기 연료 시설은 객실과 별도 떨어져 관리 되야 하는데 보일러실 포함 세탁실 포함 모두 주택 부분으로 포함하여 주인 거주 공간 또한 포함 70평미만으로 현실감 떨어지게 규정을 해 놓으니 이번 처럼 단독주택 안에 연료 공급 보일러가 설치되어 바로 피해가 가는 것입니다. 도대체 말이 안되죠. 이 뿐만 아니라 정부에서는공유 숙박 까지 허가 해 주려고 하는데 그런 경우 사각 지대가 또 생깁니다. 좀 체계적으로 현실감 있게 했으면 합니다.
179825,2018-03-29,2018-04-28,0,2,미래,대한민국,"2년뒤에 우리나라가 공산주의가 된다네요,,,, 2년뒤에 헌법? 그런게ㅣ통과가 되서 ㅇ저희가 북한대표 김정은님이 있는 액자를 보고 절을 한다고,,,, 하나님께서 그렇게된다고 말씀하셨대요 제발 우리나라 지킵시다ㅠㅜㅠㅡ 저도 안믿기는데 진짜 계속 걱정되네요ㅠㅠㅜ"
156568,2018-03-03,2018-04-02,0,1,정치개혁,세월호천막허가받은거요?,시체팔이어지간히하고광장은시민들한테돌려주세요.\n참사에도계급나누는겁니까?
338668,2018-08-13,2018-09-12,0,6,안전/환경,모모 귀신 관련 이야기 정부 차원에서 폐쇄 요청( 여러분의 자녀 와 관련된 이야기 일지도 모릅니다.),안녕하세요\n최근 저희 10대 사이에서 이슈 화가 돼가는 모모 귀신\n많은 10대 들이  관심을 갔는데 일단 모모 귀신 뭔지 먼저 설명드리겠습니다.\n일단 모모 귀신이란?\n일본에서 예술작품으로 세상에 알려졌습니다.\n얼굴은  사람 얼굴이고 눈이 많이 튀어나와있으며 몸은 닭의 몸입니다\n그런데 최근 모모 귀신에게 전화번호가 생겨서 이슈였고 또 그런 앱이 있고 국제 전화로 하는 전화번호가 있습니다.\n그런데 중요한 것은 장난으로 10대 청소년들이 전화를 하고 또 그 모모 귀신이 답장 및 전화를 주고 지속적으로 자신의 영상을 보내고 괴롭히고 있습니다.\n그 사례로 이미 해외에서 먼저 시작이 됐는데 이걸 이기지 못한 10대 청소년이 자살을 하는 등의 사태가 일어났습니다.\n그래서 해외 몇몇 국가에서는 국가 차원에서 모모 귀신을 차단하고 있습니다.\n그러나 중요한 그 모모 귀신 이 전 세계인 보는 유튜브에 자신의 채널을 개설하여 활동 중이라고 합니다.\n근대 그 모모 귀신의 영상을 보면 모모 귀신이  시간과 장소 구분 없이 실제로 자신 앞에 나타난다는 것입니다.\n앞으로의 미레인 저희 10대 들을 국가적 보호 차원으로써 유해한 모모 귀신 관련 이야기를 없애주십시오. 그리고 이게 여러분 아들 혹은 딸의 이야기 일수도 있습니다.
97540,2018-01-16,2018-02-15,0,6,경제민주화,소시민의 꿈을뺏어가는 문재인정부는 가상화폐규제 손떼라 !,국민을 보호하고 바르게 인도하지 못하고\n초기부터 방향도 못잡고 매일같이 잇슈만 양산하여\n가상화폐의 문제만 부각하고 결단도 못내리는\n문재인정부의 책임자들은 모두 물러나게 하고\n국민의 편에 서있지않는 문재인정부도 탄핵을 해야할\n끌어 내려야 한다고 본다
322945,2018-07-29,2018-08-28,0,5,정치개혁,"구국 대청원, 적폐 중의 적폐 사법 적폐 청산을 위한 마지막 호소및 투쟁","도대체 적폐 적폐 하는데 적폐가 뭡니까? 자유한국당인가요? 태극기 세력인가요? 이명박 해외투자 16조원 날린 것입니까. 당파와 부패는 형제간이고 짝인데 여나 야나 같습니다. 특별히 법조3륜의 가증한 형태에 분노하지 않는 국민은 없습니다. 전관예우 금지법이라는 것을 만들어놓고 위반해도 과태료라는 웃지 못할 처벌 규정을 만들어 놓고 기간도 3년은 1년으로 자기들 패거리가 위헌심판 으로 줄이고, 이게 법입니까? 그리고 판사징계나 검사징계 변호사 징계 도 셀프 솜방망이로 하고 누가 재판을 통하여 축재 안합니까? 그리고 김영란법도 변호사는 돈 찔러주는 것을 법 규정에서 제외하고 이게 말이 됩니까? 변호사는 판사나 검사에게 혹은 고위 행정관료나 장군에게 돈을 찔러줘도 괜찮다? 이게 법입니까? 모든 적폐와 부패가 여기서 나옵니다. 이걸 그대로두고 적폐 청산 운운하지 마십시요. 대통령님.\n엊그제 한 고등법원 부장판사 부인이 자기가 직접 남편에게서 받은 돈을 뇌물죄로 신고하였습니다. 거기엔 수천만원 돈다발과 또 간혹 출처 불명의 돈 50,100,200만원을 남편이 갖고 들어온다는 사실도 같이 신고햇습니다. 가장 청렴하고 믿음을 줘야할 판사가 어떤 행동하는지 그 부인은 그대로 신고한 것입니다. 워낙 부패한 조직이고 아예 대놓고 변호사로부터 수임료를 나누어 먹는다는 것까지 알면서 방치 묵인하는 이나라 3부의 지도자들이 결국 같은 동조 세력입니다. 그들 가운데 상당수가 법조출신으로 패거리라 할만한 동조 세력입니다. 국회입법이나 행정부도 같은 세력들이 포진하여 개혁이 불가능하고 점점 나라를 도탄에 빠지게 합니다. 사법불신과 부패로 인하여 국민들의 좌절과 실망은 자살로 나타나고 양극화 및 어두운 미래에 대한 절망을 나타나서 슬프게 합니다.\n이웃 다른나라도 이렇습니까? 일본은 판사가 벌금만 받아도 탄핵 파면 퇴출하고 대법관은 퇴임후 공증만 가능하고 사건개입 불가능합니다. 일본은 부장판사들이 옷벗고 전관 개업 안합니다. 미국도 전관비리가 없고 변호사 판사 유착을 방지하기 위하여 변호사 비리 재판부를 운용합니다. 중국은 16억 챙긴 대법관 출신 변호사 무기징역에 처하였습니다. 싱가폴은 국가가 판사 출장비로 지급한 여비를 아껴 챙겨다는 이유로 파면하였습니다. 독일은 전관예우 판결했다간 나중에 드러나면 피해본 측에 개인적 배상의무가 있고 별도 처벌 받습니다. 서구 유럽대부분의 나라가 이런 사법이 시행된다면 불의의 권력으로 폭동과 내란의 원인이됩니다. 이건 아니죠. 누가 강도나 조폭에게 통치나 재판을 받고 싶어할까요?\n제발 좀 정신 차리세요. 지금 눈에 안보여도 이것은 나라의 미래가 달린 중요한 문제입니다. 미래에 후손들이 어떤 정신의 나라를 유산으로 물려받아서 외침과 국난이 없고 부국강병의 미래 역사를 창조하느냐 마느냐 달린 문제고 과거 치욕의 역사가 다시 일어나느냐 마느냐 문제입니다. 재판은 그나라 불공정 반칙을 잡아주는 그나라 구성원간에 가장 중요한 것입니다. 그런데 그런 재판을 자기들 축재도구만 생각하고 변호사와 대놓고 돈받아 챙기면서 이것을 재판이라고 하니 참 하늘이 웃을 일입니다. 이것은 반드시 심판을 초래합니다.\n매국행위가 이런 부패속에 더 강하게 역사하고 결국 국난과 외세 내란의 원인이되죠. 당파와 부패속에 나라 망한지가 얼마나 되었습니까. 조선중기와 말기가 그랬고 구한말에풍전등화 나라 운명이 그 뒤이어 따르는 운명이었습니다. 그 이전에도 정묘호란 병자호란 임진왜란 등 국난이 많았는데 이것이 이런 부패한 국가 시스템과 무관하지 않습니다. 그래서 선진국은 이런 것에 철저히 방지 시스템을사법 시스템 안에 갖추었고 국민과 지도간에 신뢰도가 높습니다. 한국은 현재 나라가 아닙니다. 미군 동맹해체 후 바로 망하는 구조입니다. 안보는 미국에 맡기고 열심히 돈챙기는 것만 능사라는 것인지 지도자들이 사법과 비호결탁하고 나라가 파국으로 갈때까지 저지를 것인지 미리 방치 유비무환 할 것인지 대통령 및 대법원장 법원 행정처장은 이 청원에 답하십시요. (국회법사위도 포함)"
162800,2018-03-10,2018-04-09,0,0,농산어촌,건축물 시효에 대해,농업생산시설인 축사 돈사 각종창고의 불법건축물에 시효를 적용해서 더이상 단속할수 없게 건축법을 개정해 주세요 돈 범죄 부동산소유 동산소유도 시효가 있는데 건축물에만 시효가 없어 너무 불편합니다 생산시설인 건물에 대한 무기한단속으로 인한 국가적손해와 거래의 안전을 도모하기 위해서도 불법건축물의 시효제도는 반드시 필요합니다
346120,2018-08-18,2018-09-17,0,3,안전/환경,학부모 교직원  평가제  폐지하자  누가  점수를  어찌줬는지  교사가  다  확인되는  그런평가  왜하나,이나라  교육은  아직  멀고도  멀다
115243,2018-01-26,2018-02-25,0,55,교통/건축/국토,공사중 철근뻬먹는 행위를 근절하기 위해 엄격한 법 집행을 위한 공론화,다음 아고라에 들어가셔서 '철근4톤'을 검색하시면 지금 건설중인 건설업자들의 행위를 알 수 있습니다.
369375,2018-09-06,2018-10-06,0,37,교통/건축/국토,서울집값 잡겠다고 지방부동산만 죽어나가요 이사도 못가고 뭡니까?,경남 마산에 살고있는 국민입니다. 부모님 평생모아 입주 하여 살고계신 20년된 32평 아파트입니다. 1년전만해도 2억 조금 넘던 아파트가 지금 1억 초반대 입니다. 반토막이 났다구요. 일년도 안되서... 무슨 정책을 이렇게 폅니까? 서울 시민만 국민입니까? 다녀들 모두 출가하고 작은 평수로 이사가고 싶어도 못 갑니다. 지방은 대출규제해제 해줘야 거래가 될것 아닙니까? 돈없는 서민이 대출없이 어떻게 집을 사나요?
334805,2018-08-10,2018-09-09,0,4,저출산/고령화대책,복지(노인연금 및 아동수당)수당과 연말정산,현정부의 저출산 대책의 일환으로 2018년도 9월부터 만5세 미만의 아이에게 아동수당이 월 10만원씩 지급된다고 합니다.\n지원을 안받는것보다는 받는것이 당연히 좋습니다. (실제 저출산의 근본적인 해결법이 아동수당의 연령 및 금액의 확대라고 믿고 있습니다.)\n하지만 2019년도 연말정산에 이상한 항목이 있어 묻고 싶습니다.\n주요골자\n- 아동수당을 받으면 연말정상시 새엑공재를 받지 못함\n(아동수당도 받고 새액공제도 받으면 2중으로 혜택을 주는 것으로 판단했다고 합니다.)\n노인연금은 몇전전부터 시행되고 있지만 연말정산시 새액공제도 함께 받고 있습니다.\n그런데 왜 아동은 그렇게 되면 안되는 건가요?\n금액도 노인연금 인상으로 아동보다 더 많이 나옵니다.\n잦대를 대려면 공평하게 해야지 노인은 되고 아동은 안된다고 하는건 말이 아니라고 생각합니다.\n세수가 부족하여 그런것이면 다른 방향으로 과세 요율을 올리던지 해야지 주엇다가 뺏는것도 아니고 이게 먼가요?
428242,2018-11-01,2018-12-01,0,3,일자리,고졸대졸임금이 같아진다면 부동산도 잡을수있어요,이유도모르고(공식을 왜 외워야하는지)꿈도없이 무조건 좋은대학교 나오면 다 되겠지 하는 생각을\n이제는 하지 말아야 합니다\n정말 하지 말아야 합니다\n공부는 공부를 좋아하는 사람이 가야하고\n춤추기 좋아하는 사람은 춤을 출수있게 해줘야합니다\n그런데도 못하고 있습니다\n대통령님\n우리 문대통령님께서 임기중에라도 꼭 아이들에게 이유를 알려주실때가 되었습니다 다음정부도 똑 같을것입니다\n강남은 예전에 모래밭 수박밭이였습니다\n차라리 그때가 나을지도 모릅니다 열심히 농사지면 자식들  밥은 먹여줄수 있었으니까요\n하지만 개발정책으로 유명한 고등학교를 이전하면서 부터  오히려 꿈도 꿀수없는 오직 부모님의 허수이비가 될 뿐입니다 집값은 건물값이 되었고 20살되면 밥은커녕 학자금대출로 신용불량자로 시작되어야합니다\n꿈을 이루어주진 못해도 목표는 이룰수 있게 도와주세요
152453,2018-02-27,2018-03-29,0,169,인권/성평등,김어준씨에 대한 거짓 청원글 기록 삭제하지말고 남겨주세요,최근 미투운동이 확산되면서 본질은 사라지고 인신공격과 정치적공세로 치닫을까봐 우려하는 목소리가 커지고있습니다\n청와대 청원에 김어준씨에대한 성추행 성폭행 청원글이 올라오고 있으나 동시에 장난으로 청원했다며 삭제요청을 하는 청원도 꽤 있습니다 만약 청원이 사실이 아니라면 명백한 명예훼손으로 김어준씨가 간과 해서는 안될  문제라고 생각합니다\n김어준씨에 대한 청와대 청원글을 삭제하지말고 김어준씨가 고소할수있게 기록 남겨놓아 주실것을 청원합니다\n이미 유튜브 수구보수 채널에서 마치 김어준이 성폭행을 한것처럼 제목을 달고 생방송까지 했기때문에  김어준씨에 대한 심각한 피해 확산이 우려됩니다 도가 너무 지나치다 생각됩니다\n만약 청원이 거짓이라면  미투운동을 가장해 무고한 사람을 제거하는 음모로 변질될 우려가 있습니다 김어준씨에 대한 기록을 남겨주시길 청원합니다
475685,2018-12-21,2019-01-20,0,1,행정,법인사업자 폐업시 대표이사의 채무소멸을 제발 막아주십시요,제주변에만 해도 법인회사 폐업시 돈한푼 못받은 업체들이 너무 많습니다. 나랏일 관급일을해도 관급이닌까 신용을하고 외상거래를 하지만 법인은 폐업을 하면 돈을 못받습니다. 대표이사에게 청구권도 소멸되며 안주고 폐업하면 끝이라는 이런 법이 어딧습니까...\n신용정보사에 자문을 구해도 폐업은 똥밟았다고 생각하라 이나라 법이 잘못된거고 고쳐져야하는법이지만 우리가 할수있는게 없다라 합니다. 이게 무슨법에 이렇습니까..\n제발 간곡히 부탁드립니다. 이런 악법은 고쳐주시길 희망합니다.
440206,2018-11-12,2018-12-12,0,7,교통/건축/국토,카풀,택시기사들을지켜주세요\n어려운 여건속에서도 열심히 살ㄱㅗ있느\n좋은조건에서 일할수있도록 카풀을 막아주세요
125178,2018-02-02,2018-03-04,0,0,농산어촌,"탁상행정표본 ""수협중앙회 정책보험""","제목 : 탁상행정의 표본  “수협중앙회 정책보험”\n- 과연 어업인들에게 혜택을 주기 위함인지....??-\n수협중앙회에서 실시하는 정책보험 중 “양식수산물 재해보험”에 대해 의문점이 있다.\n2008년부터 도입된 양식수산물재해보험은 이전까지는 해상가두리식 양식에 국한되어 있다가 2016년 ‘육상수조식 전복양식’에 확대되어 실시되었다. 또한 수협중앙회에서는 이러한 상품을 개발하고 어업인에게 권고하면서 국가 정책보험으로 시행하고 있다.\n정책보험 가입요건을 살펴보면 어업장의 허가명이 ‘육상수조식 전복양식장’ 만 가능하다. 하지만 현재 시군구 나 해양수산부에서는 실시하는 전복방류사업에 입찰 및 납품할 수 있는 사업장은 ‘육상수조식 종자생산업’의 허가를 취득한 사업장만 할 수 있게 되어있다. 그러므로 대부분의 육상양식장에서는 ‘육상수조식 종자생산업’ 허가를 취득하여 수협정책보험을 들 수 없는 상황이다.\n이는 보험목적물인 전복이 주가 아니라 단순한 종이쪽지에 불과한 허가가 보험에 가입하는데 요건이 된다는 것이다.\n‘육상수조식 전복양식장’이나 ‘육상수조식 종자생산’이나 허가서 종이 한 장이 보험 가입을 좌우하는 것이 아니라 보험목적물인 전복 3cm이상인 물품이 보험에 가입하는 것이니 보험요건에서 정한 ‘전복크기가 3cm 이상인 전복은 보험에 가입할 수 있는 요건’에 적합하면 허가가 무엇이든지 보험에 가입할 수 있어야 된다라고 생각된다.\n양식보험에 가입하기 위하여 “육상수조식 전복약식장” 허가를 얻으면 시군구 나 해양수산부에 실시하는 전복방류사업에 입찰 및 납품 할 수 없고, 방류사업에 입찰 및 납품하기 위해서는 “육상수조식 종자허가”를 얻으면 보험에 가입할 수 없는 이런 모순적인 행정은 세계 어느나라에서도 찾아 볼 수 없다.\n이러한 불필요한 정책이 어업인에게 적용되기 위해서는 가입요건에 ‘육상수조식 전복양식장’ 뿐만 아니라 ‘육상수조식 종자생산업’까지도 확대되어야 한다.\n*** 이것이야 말로 진정 탁상행정이 아니고 무엇인가?"
413093,2018-10-20,2018-11-19,0,209,육아/교육,"""23개월 아기가 폭행에 장이 끊어져 살해되었습니다."" 울산의 성민이 살해사건의 피의자가 집행유예 3년이랍니다. 꼭 재수사하여 국민들을 위로 하여주십","살인사건에 있어 살해한 피의자는 죄의 경중에 따라 최하 징역 5년 이상의 실형과 사형까지입니다.\n그런데 살인사건에서 징역 1년 6개월에 집행유예 3년 이라는 판결이 나왔습니다. 이게 말이 됩니까?\n여기에 사건수사를 하였던 경찰과 검사와 판사, 변호사, 증인, 사체검안의사 등은 무엇을 했습니까?\n성인인 원장남편 남천석이가 23개월된 어린 성민이의 복부를 발로차 살해한 것입니다.\n아시겠지만 2007년 5월17일 울산 현대어린이집 23개월된 ""이성민""이가 살해 당한일을 기억 하시는지요?\n청와대 국민청원 내용은:  23개월 아기가 폭행에 장이 끊어져 죽었습니다.\n이 청원건은  약 41만여건으로 청원에 대한 답변은  ""엄규숙"" 여성가족비서관이  그냥 일반적인 어린아이들 학대에 따른 조치를 다시한번 엄격히 적용 하겠다는\n답변으로,  성민이 죽음에 대한 우리가 바라는 답변이 아니였습니다.\n우리는 23개월된 어린 성민이를 살해 하였던 어린이집 여자 원장과 그남편에 대해 내려진 형벌 (여자원장은 1년 6개월 실형, 정작 아이를 살해했던 원장 남편은\n징역 1년 6개월에  집행유예 3년),  이게 말이 됩니까? 살인자가 어찌하여 집행유예 3년이 나옵니까?\n지나가는 개를 발로 차서 소장이 끊어졌다해도 최소한 징역 3년은 나옵니다. 하물며 사람을~~그것도 23개월된 어린아이의 복부를 발로차서 소장이 끊어져 3일동\n안 극한의 고통을 겪어며 복막염과 파상풍으로 온몸이 퉁퉁 붓고, 그동안 온갖 폭행에 시달리던 어린아이가 숨졌는데도 집행유예 3년이라니요????\n해도 해도 너무하는것 아닙니까?\n그래서 이사건을 재수사하여 이 악마와도 같은 현대어린이집 원장과 그남편의 처벌을 다시 해달라는 것입니다.\n이사건에 대해 일사부재리 원칙을 적용하여 죄를 물을수 없다고 답변하시는분들은 , 이명박 전대통령의 DAS 사건에서도 이미 대법원까지 확정된 사건도 재수사하\n여 형을 내린것에 대한 사례도 있는만큼 23개월 이성민 아이의 살해 사건도 재수사를 해달라는 것입니다.\n당시 현대 어린이집 원장과 그남편은 성민이가 피아노에서 떨어져 장이 끊어졌다는 얘기로 형벌이 낮게 나왔지만, (다시말하면 피해자가 스스로 피아노에 올라가\n떨어지면서 소장이 끊어졌다고 진술 하였습니다)\n그러나 2018년 10월12일자 KBS1 TV ""추적 60분"" ""성민이 사건 그후 11년"" 이라는 제목에서 전문가들은 과학적 실험을 통해, 똑같은 피아노와 의자를 준비해서 피\n아노에서 떨어져 소장 파열에 의한 복막염으로 사망할 수 있는지 수많은 실험을 하였고, 또 법의학자들의 증언까지 종합하여, 피아노에서 떨어져 소장이 끊어지\n는 그런 결과는 있을수 없다는 의견을 내 놓으며 정확한 수사가 이루어질 수 있기를 ""추적 60분에서도"" 간절히 바랬습니다.\n23개월된 어린아이가 24시간 어린이집에서 3개월을 원장과 원장남편의 학대에 대해, 어린이집 교사가 퇴근한 밤마다 6살 형과 함꼐 수없이 폭행을 당하고 얼마나\n무서움에 떨었는지를 상상을 해보십시요. 23개월된 아이가 무었을 잘못 했겠습니다. 겨우 엄마, 아빠 정도 말하는 아이가~~~\n부모님 밑에서 재롱을 떨 어린아이가~무서움에 떨며 3개월을 원장부부에게 폭행을 당하고 결국에 죽음에 이르기까지, 생각할수록 가슴이 미어지는 일입니다.\n그아이가 사망을 하고 난뒤, 부검 현장에서 본 어린 성민이는 온얼굴에 멍이 들었고 눈주위는 맞은 흔적으로 피멍이 들어 있고, 머리는 수없이 맞은 흔적과 여리\n디 여린 고사리같은 양쪽 손등에는 매질을 피하기 위해 방어흔이 크게 나있고, 배는 소장이 끊어진 관계로 부을대로 부은채 복막염으로 배가 남산만큼 부풀어 올\n랐으며, 부검의사 얘기로는 소장이 끊어진후 차라리 즉사를 한것이 더나았으리라 할만큼 아이가 극한의 고통을 당했을것이라고 합니다.\n물한모금 먹지 못하고 약 한톨 넘기지도 못하는 극한의 고통은 하루만 일찍 병원으로 데리고 왔다면 살릴수도 있었다고 합니다.\n그어린아이는 생각을 했을것입니다. 나는 왜 이렇게 아픈지? 왜 아빠는 오지 않는지? 왜 원장남편은 나를 이리도 때리는지?\n아직도 귀저기를 차고, 엄마 아빠를 겨우 말하는 어린아이입니다. 반사신경도 느리고 신체동작도 미숙합니다.\n피부는 너무 보드랍고 솜털같구요. 배는 너무 말랑말랑 합니다. 손은 어른손의 1/4만 하며 아주 작고 포동포동합니다.\n그렇게 죽을듯이 아픈 아이를 차에태워 3일이나 병원 한번 가지 않고 울산에서 경주까지 데리고 가서는 병원은 가지않고 본가와 경주소재 서라벌대학 도서관으로\n아이를 태워 돌다가 아이가 사망하고 난뒤에 병원으로 갔었고, 그이후 2시간이나 지나 아이아빠에게 연락한 아주 악질의 원장 남편입니다.\n어린 6살 성민이 형의 진술한 내용은, 원장 남편이 인형을 빙빙돌리다 성민이를 맞추고, 심지어 쇠막대로 성민이 머리를 때리고~~ 그아이가 무슨 잘못을 했습니\n까? 당시 원장부부에게는 성민이 형만한 아이들을 키우고 있었습니다.\n똑같은 어린자식을 키우는 원장 부부가 무슨 억하심정으로 아이를 폭행하고, 성민이의 복부를 발로 차 소장이 끊어졌다고 했습니다. 이유는 그날 부부싸움을 하\n는 동안 성민이가 똥을 쌌다고 아이를 폭행하다가 나중에 그 무지막지한 발로 여리디 여린 어린아이 배를 걷어찼다는 것입니다.\n그로인해 어린 성민이는 소장이 끊어지고 극한의 고통에 시달리다가 복부가 부어올라 복막염으로 3일후에 사망하게 되었습니다.\n이것은 분명한 살인행위입니다.\n죽은 성민이를 생각할때마다 가슴이 미어지고, 어린 성민의 영혼을 위로해 주십사하며 주님께 매일 기도합니다.\n청와대 관계자분께서는 성민이의 억울한 죽음을 위해 반드시 해명을 받고, 왜 당시 그런 미약한 처벌이 나왔는지, 잘잘못을 따져 원장과 원장남편에 대해 합당한\n처벌을 해주십사하고 청원 하는 것입니다.\n1)왜 어른에 의한 폭행으로 아이가 살해되었음에도 불구하고, 가해자의 일방적인 진술만으로 판결을 하게 되었는지?\n2)왜 23개월된 어린아이와 6살 된 어린형을 매일밤 폭행했었는지?\n3)왜 어린아이 배를 걷어차 소장파열을 일으키게 만들었는지?\n4)왜 어린이집 선생의 진술이 반복되었음에도 좀더 세밀한 조사를 하지 않았는지?\n5)왜 사건후 상당한 기일을 원장부부를 방면하여 증거인멸의 기회를 주었는지?\n6)왜 아이가 소장이 파열되어 악을 쓰고 울때 제때 병원에 데리고 가지 않았는지?\n7)왜 아이의 사망이 확인되고도 즉시 아빠에게 연락하지 않았는지?\n8)왜 사건후 상당한 기일을 원장부부를 방면하여 증거인멸의 기회를 주었는지?\n9)왜 아이배를 무지막지 하게 차서는 성민이가 장이 끊어져 악을 쓰고 울때. 당시 옆에 있었던 어린 성민이 형(당시 6살)의 진술을 인증하지 않았는지?\n10)왜 평소 달려 있던 CCTV가 없어졌는지?\n11)왜 울산이 아닌 그것들의 본가인 경주에서 재판이 이루어 졌는지?\n12)왜 원장부부는 성민이 아빠에게 미안하고 잘못했다는 얘기를 한마디도 하지 않았는지?\n13)왜 원장남편은 성민이 아빠에게 자기 부인을 돌려달라고 협박했는지?\n14)왜 부검의 소견과 법의학 박사들의 소견은 받아들여지지 않은지?\n15)왜 경찰이 미온적인 수사를 하였다면, 검찰이 나서서 적극적으로 수사를 했어야지 그냥 뭉게버리는 것은 성민이 아빠가 사회적인 약자라서 소홀하지 않았던\n건지?\n참고로 2018년 10월 18일 방영된 ""KBS추적 60분""에 의하면 성민이를 살해한 부부는 현재 필리핀으로 도주했고, 거기서 초호화 어린이집을 열기위해 부동산을 계\n약하는중에 다시 성민이 사건이 떠오르자 1주일전 잠적중이라고 합니다.\n더자세한 내용은 네이버에 ""울산 현대 어린이집 이성민"" 혹은 다음에 ""23개월 어린천사 성민이"" 블로거를 검색하면, 수많은 사람들이 그아이의 억울한 죽음에 분\n노한 글들과 신문, TV기사가 나옵니다.\n이 사건을 꼭 재수사 하여 주십시요.\n꼭 재수사하여 국민들의 아픈 가슴을 위로해 주시기 바랍니다.\n마지막 https://cafe.naver.com/shopjirmsin/351628 이것은 살해사건의 현대어린이집 원장과 남편이 나옵니다.\n(2013년 사진이며, 여자는 성형수술을 했고, 이름마져 개명 하였습니다)\n여자는 채영진(개명후 이름 모름), 성민이를 살해한 원장남편은 남천석입니다.\n얼굴 잘 기억 하셨다가, 필리핀에서 만나면 아예 사람구실 못하게 해야합니다.\nhttps://search.naver.com/search.naver?sm=tab_niv&where=image&query=%EC%9A%B8%EC%82%B0%20%EC%84%B1%EB%AF%BC%EC%9D%B4%20%EC%82%AC%EA%B1%B4&nso=so%3Ar\n%2Ca%3Aall%2Cp%3Aall&qdt=0#imgId=cafe21820768%7C237%7C2660736_362019092&vType=rollout\nhttps://search.naver.com/search.naver?sm=tab_niv&where=image&query=%EC%9A%B8%EC%82%B0%20%EC%84%B1%EB%AF%BC%EC%9D%B4%20%EC%82%AC%EA%B1%B4&nso=so%3Ar\n%2Ca%3Aall%2Cp%3Aall&qdt=0#imgId=cafe20479493%7C25%7C605465_827433774&vType=rollout\nhttp://m.cafe.daum.net/khakimarket/1ECH/64669?q=23%EA%B0%9C%EC%9B%94%20%EC%96%B4%EB%A6%B0%EC%B2%9C%EC%82%AC%20%EC%84%B1%EB%AF%BC&\nhttps://blog.naver.com/boonsuck/22024161666\nhttp://www.sedaily.com/NewsView/1S5W9RT9NP\nhttp://www.etoday.co.kr/news/section/newsview.php?idxno=1673364\nhttps://blog.naver.com/haru8283/221376779271\nhttps://gaoblade.blog.me/221376504934\nhttps://blog.naver.com/lovedestiny8/221376457607\nhttps://cafe.naver.com/shopjirmsin/351628\nhttps://blog.naver.com/2jennyyourterm/221376800408"
23043,2017-10-23,2017-11-22,0,5,반려동물,반려동물과 더불어 살기,"먼저  삼가 고인의 명복을 빕니다.\n사실 이번 사건으로 모든  강아지가 잠재적인 가해자로 부각될까 우려되는 마음이 큽니다.\n한편으로는 저도 가해자가 될 수 있다는 생각에  강아지의 목줄 착용과\n일부 맹견들의 입마개 착용에 대해 깊이 공감하는 바입니다.\n그리고 애견 문제를 해결하기 위해서는\n애견인과 비애견인 모두가 양보해야 한다고 생각합니다.\n첫째,  동물병원의 과잉진료와 기준 없는 바가지 진료비를 법으로 막아주세요.\n한 번 병원에 방문하면 사람의 몇 십배가 넘는 비용이 나옵니다.\n이는 모든 애견인들의 부담이지만 어쩔 수 없이 감내해야 하는 부분이기도 합니다.\n이 때문에 병에 걸린 반려동물을 유기하는 일까지 발생합니다.\n둘째,  반려동물을 키우는 사람들에게 세금을 부과하세요.\n이는 첫째  조건이 충족되어야 합니다.\n한 번 병원에 가면 3-5만 원이 기본이었던 병원비가 상식적인 수준으로 바뀐다면 말입니다.\n그 대신 키우는 반려동물의 숫자만큼 세금을 내고\n내가 낸 세금은 오직 반려동물과 유기동물들에게만 활용되어야 합니다.\n(애견 공원의 조성 및 관리 , 길 고양이의 중성화 비용 , 길 고양이 급식소,  유기동물 보호소 지원 등)\n애견 공원  관리 같은 경우는 새로운  일자리 창출 효과도 있지 않을까요.\n유기 보호소를 지원해주는 조건으로 보호소의 감독 관리도 해야 합니다.\n셋째, 애견 공원을 조성해 주세요.\n반려견을 키우는 사람들  중에 마당이 있는 집을 소유하고 있는 사람이 몇이나 될까요.\n짖음 공격성 등은 주인 개인 책임으로 해결할 수 있지만\n강아지의 본성인 자유롭게 뛰어놀 수 있는 욕구해결은  개인이 해줄 수 없는 문제입니다.\n선진국처럼 애견인에게는 자격이 필요하고\n애견에게는  강력한 제재가 필요하다고 강조하면서\n선진국처럼  애견과 더불어 살 수 있는 방법들이 있다고 이야기하면\n왜 그렇게 후진적으로 외면합니까?\n모든  문제를 해결하려면 서로의 양보가 필요합니다.\n넷째, 동물 보호법 강화\n동물을 학대하거나 유기 했던 사람들은 다시는 동물을 키울 수 없게 해야 합니다.\n불법으로 키울 경우에는 그에 대한 벌금을 부과해야 합니다.\n사건 사고 발생시 손해배상에도 문제가 있습니다.\n강아지를 단순 재산으로 분류하여 배상하기 보다\n가해자와 피해자가 합의하고 결정된 금액으로  문제를 해결해야 합니다.\n(배상 문제가 발생했을 경우 강아지를 등록하고\n그에 대한 세금을 성실하게 납부하였던 기록이 있을  경우에만 보상 받을 수 있게 해야 합니다. )\n동물학대가 점차 강력 범죄로 변하는 경우도 많다고 들었습니다.\n동물 보호 법 강화는 인간에게도 중요합니다.\n다섯째. 강아지 에티켓법\n강아지 소음으로 반복적으로 민원이 들어왔을 때도 외면하고 방치하면\n벌금 등의 실질적인 해결 방법이 있어야 합니다.\n(허위 신고를 막기 위해 신고 시  증거가 있어야 합니다. )\n외출시 배변을 그냥 방치하거나 지정된 장소가 아닌 곳에서  목줄을 하지 않을 경우\n매장, 엘리베이터 등  좁은 공간에서는 반려 동물을 안고 있어야 합니다.\n즉시 사진을 찍어 신고할 수 있는 방법도 있으면 좋겠습니다.\n맹견을 키울 경우에는 해당 교육을 의무하는 방법도 있으면 좋겠습니다."
370312,2018-09-07,2018-10-07,0,5,안전/환경,진실을 알고싶다. 최고의 책임자까지도 엄중한 법의 처벌을 원합니다.,"세월호는 학살이다.\n세월호 학살의 원흉들은 지금도 잠자리에 발뻗고 자고있고 숨을쉬고 있다.\n엄중한 책임을 물어야 할 것이다.\n진도실내체육관에서의 유가족들사이에프락치를 심어서 가족인 것처럼 위장했고,\n실내체육관 관리도 프락치를 심어서 사찰과 보고 받았다.\n어떤 민변의변호사는 서울에 다녀오면 이상하게 자신이 갑인양 행동하며 누구의 삼촌은 변호사로부터 씻을 수 없는 모욕감을 겪었다는 이야기까지도 있었다. 민변에 속해있던 자도 이러할진데.\n박근혜와 함께 하는 무리들은 어찌했을지 짐작이 가고도 남음이 있다.\n박근혜가 누구에겐가 지시하기를 “너무 서두르지 마라.”고 했다는 것을\n이런 말을 아빠와 아들이 들었다고 했다.\n너무 서두르지 마라.\n의미는 두가지로 해석될수 있을것이다.\n하나\n안전하게 또 다른 불상사가 일어나지 않게 서두르지  마라로 해석이될수도.\n또하나\n너무 서두르지 마라의 의미로 봣을때\n너무 서두르면 배의 실체가 드러나기에\n다른 뭔가가존재하기에\n였다고 볼수뿐이 없다.\n너무 서두르지마라 사실이었는지도 이제는 밝혀 내야 할 것이다.\n이 말의 의미는 자한당의 모 의원처럼 수장하기를 바라는 마음이었음에 의심의 여지가 없다.\n이미 저들만의 계획된 세월호 침몰\n선장과 선원들만 무사히 빠져 나오게\n사전에 짜여진 각본\n사실 진도는 부산과 거리 차이가 난다.\n가장 가까운 제주도와 목포 소방헬기의 출동보다는 부산소방헬기의 출동이 가장 빨랐음은 사전에 어느 정도 인지를 한 것이리라. 국정원으로부터 연락을 받은 것인가?\n아니면 어디 윗선이었을까?.\n세월호의 인명구조는 진도 어선들과 함께 구조 했어도 전원 구조 했을 것이다.\n전원구조 했다고 거짓뉴스로 언론플레이한 자들\n언론과 함께 거짓을 퍼뜨린 자들 이 자들을 찾아내어서 생명을 가지고 장난한 죄를 물어야 한다.\n거짓의 방송을 진실인양 방송하게 한 자들까지도.\n퇴선 명령을 누가 한 것인가?\n왜? 왜 ?왜 한 사람도 구하지 않은 것인가?\n또한 구조를 해주겠다는 주변국가의 제안마저  방해한 자는 누구였는가?\n방해꾼들에게도 무거운 책임을 밝혀 내야 할 것이다.\n한 사람 한 사람 참혹하게 시신으로 부모 품에 안겨질 때 얼마나 부모들의 가슴은 타고 또 탔을까를 생각해 보게 한다. 진도 팽목항에서 절규의 소리를 들었다.\n한 사람 한 사람 검시관의 호명소리는 청천벽력과도 같았다.\n메니큐어의 손가락 몇번째와 신발 브랜드가 무엇이었으며, 어디 팔목에 점이 있고,목덜미 어디쯤에 어떤 자국을 확인하며 천국과 지옥을 왔다 갔다 하는 모습들은 아직도 눈에 선하다.\n참으로 많은 고통과 고통의 연속 거짓의 방송은 하루종일 이미 나온 거짓 방송을 다시 틀고 세월호합동조사본부라고 팽목항 앞에 있었지만 모두다 허수아비들.\n누구의 명령이었나?\n해수부 장관이라는 놈은 생각이 있는 자였는가?\n구조에 박차를 가해야 하는데도 구조하는 곳에 집중해야 할 자들이 해수부장관이라는 놈이 왔다고 얼굴 보여주기에 바쁜 자들.잔칫집에 온 것도 아니고 인사할 일도 아닌데 환영할 일인가,?\n통곡과 절규의 소리는 하늘을 울릴진데\n울부짖는 소리는 피눈물이 되었건만\n자원봉사 잠수부들이 왔건마는\n천안함 사고당시에 구조대원도 있었고\n잠수능력을 골고루 갖추신 분들도 몰려 왔건만 파도가 잔잔해지면 물때가 맞으면 출동하게 하겠다.이리저리 핑계를 만들며 미루고\n말로만 새벽녘에 배를 타고 바지선 앞에 가서는 그냥 배에만  타있으라 한 자들! 바지선에 올라보지도 못하고 자원봉사잠수부들은 통곡을 하고 집으로 향하고 자원봉사 잠수대원 분들은 내일 어느 지점을 공략할 것인가 누구는 어디를 서로 밤새워 숙지하고 회의 하는 모습들\n남의 일 같지 않기에 서로가 배의 구조 익히기에 여념이 없었다.\n그런데 바지선위에는 어느 누구도 입수를 허락하지 않았던 것이다.\n왜 왜 왜 허락하지 아니하고 한 사람도 구조 하지 않는 것일까?\n왜 왜 왜 그랬니?\n모든 진실은 저들은 감추고 감춰서 증거를 인멸하고 그리 해왔던 것이다.\n네덜란드업체가 상하이샐비지보다\n인양능력이 우수한데도 불구하고 상하이샐비지를 인양업체로 선택한 이유는 무엇이었는지를\n밝혀내야 한다.\n상하이샐비지는 과연 인양을 한다면서 무엇을 했는지도 삼년동안 상하이 샐비지는 어떤 것을 했는지도 밝혀내야 하고 세월호 구멍은 왜 뚫었는지 그리고 유가족들이 동거차도에서\n세월호의 진행과정이라도 보기위해서\n망원경을 구입해서 보고자하였건만\n상하이샐비지는 바지선선채를 이동해서 망원경의 역할을 못하게 방해해 왔던 것이다.\n무엇때문에 유가족의 망원렌즈까지 방해를 하려했는가?\n알고 싶다.\n색누리당인가?\n국정원인가?\n기무사인가?\n박근혜인가?\n누구였단 말인가?\n쓰레기 모의원은\n세월호를 인양하지 말고 추념공원으로 만들자는 발언도 서슴치 않고 말을 해왔다.\n새누리당 이만희 쓰레기는 세월호를\n새누리호라고도 일컬었다.\n입을 왜 달고 다니는지.,\n당시 해수부 장관이었던 이주영은\n어떤 처벌도 받지 않았다.\n승승장구해서 국회부의장이라는\n웃기지도 않는 위치에 올라있다.\n해수부장관으로서 이주영은 무엇을 했는지를 묻고 싶다.123정장과 해경청장 참으로 뻔뻔함이 극에 달했던 자들이다.\n세월호 다이빙벨 이종인대표에게 살해위협까지 한 자들은 누구인가?\n다이빙벨 투입 후 일부러 배를 부딪치는 장면 또한 눈에 선하다.\n다이빙벨 투입된 상황에서 위험할수도 있을것이 분명한데도 불구하고 배를 일부러 쾅하고 부딪치면서 사람을 오르내리게 한 장면들.\n무엇이 누가 방해를 해왔는가?\n무엇때문에?\n철저히 조사해서 책임질 일을 한 자들은 엄중한 책임을 받게 해야할 것이다.\n남현철•박영인군, 권재근씨와 아들 권혁규군, 단원고 교사 양승진 선생님은 지금도 저 풍랑이 거세고 차디찬 바다에 있는데\n책임질 일을 한자들은 오늘도 내일도 발 뻗고 잠을 이루고 있을 것이다.\n저들은 죄의식을 전혀 느끼지 못하기 때문이기도.\n사람이 아닐 것이다.\n사람이라면 죄의식을 느낄 수 있을 터인데.\n저들은 아마 악마일 것이다.\n세월호는 학살이었다.\n주먹으로 구해달라.\n얼마나 많이 세월호\n손가락으로 유리창을 긁어서\n손가락의 손톱이 닳아서 뭉그러져 있는데도 마지막 절규의 목소리를 들으면서도 한 사람도 구하지 않은 세월호는 학살이었다.\n선장과 선원들만을 구조한 것은\n명백한 직무유기이다.\n진도에 있는 후배에 말에 의하면\n진도 맹골도해상은 그때 당시에 구조에 악영향을 주지 않는 풍랑이었다고\n그리고 퇴선명령만 하지 않았다면 모두 구조가 가능했다고 한다.\n무엇이 이들을 다시는 돌아 올 수 없는 바다로 가게 했는가?\n다시는 돌아 올 수 없는 바다.\n거두절미하고\n세월호는 학살이었다.\n책임자 처벌.\n최고의 책임자까지도 처벌의 대상이어야 한다.\n우리사회는 책임질 짓 한 자들의 법의 처벌이 있는지 없는지 모를 정도의 경고성 처벌에 아주 미약한 처벌뿐\n또 다른 곳으로 영전하던가 아니면 부서만 옮기는 처벌에 그치고 있다.\n이러할진대 또다시 사건이 사고가 안전이 생명이 지켜지지 않는 것은\n당연하다고 말할 수 있을 것이다.\n책임자가 엄중한 법의처벌을 받아야만 안전에 되한 생각이 생명에 대한 생각이 새롭게 다가올 수있다.\n우리 사회는 책임질 일을 한자들이 처벌을 받지 않기에 안전불감증도 팽배할뿐더러 직무에 안이된 생각을 갖고 있다.\n서로 책임질 일이 있을 때는 서로가 나는 아니다.\n내가 책임자가 아니다.\n서로에게 떠넘기식\n이순간만 피하면 되니까.\n불신은 장벽이 되어서 이제는\n벽을 허물래야 허물 수 없는 벽이 된지 오래다.\n세월호는 학살이다.\n세월호 참사 진상규명과\n엄중한 법의 처벌.\n최고의 책임자까지도 책임을 물어 주실 것을 그것이 바로 안전사회로 가는 길이고 안심하게 살수 있는 나라의 건설일지라.\n책임질 일을 한 자에게는 응당한 법의 심판을.\n사법농단을 한자 양승태와 하수인들\n무엇이 두려워서 구속하지 않는 것인가?\n그리고 진도에서 너무 서두르지 마라 말이 사실인지도 밝혀내라.\n촛불은 정의가 바로 서는 나라를 원한다.\n촛불의 승리는 이 땅에 마지막 남은 하나의 적폐까지도 찾아내서 더는 기생하지 못하게 하는 날 그날이 바로 촛불의 승리일지라.\n1,세월호의 진실을 밝혀내라.\n2,화랑유원지 안전공원을 하루라도 빨리 만들어라.\n3,양승태와 그의 하수인들을 즉각 구속 수사하라.\n4,이명박근혜의 경찰,검찰의 진급자들을 즉각 해임하라.\n평범한시민들에게 물대포에 최루액을 섞어 시민을 향해 쏜 공로일지라.\n재판또한 정의보다는 이명박근혜의 하수인에 불과한 재판이었다고 볼 수밖에 없었다.\n용산의 참사 용역동원. 경찰특공대 동원등 일어나서는 안되는 것이었다.\n쌍용차노동자탄압에 헬기동원등 수많은 사건을 은폐,조작 하는 댓가였을지라."
141049,2018-02-17,2018-03-19,0,2,외교/통일/국방,독도에 대한 정부차원의 강력한 대응을 원합니다,"안녕하십니까.청와대민원이라는 다소 막연했지만, 청원하는 곳이 있다는 이야기를 뉴스에서 접하고 묵묵히 살고있는 국민의 한사람으로서 청원의 글을 올리게 되었습니다.심심하면 터져나오는 일본의 독도영유권주장에 대해서 청원을 원합니다.수년전부터..아니 얼마전부터인지 정확히 모르지만 일본이라는 나라는 조직적으로 서서히 독도에 대한 영유권을 계속적으로 주장해 오고있습니다.이제는 초,중,고 교과서에 자기영토라고 학생들에게 교육하는 것을 실시한다고 합니다.\n지난 평창올림픽 경기해설자인 NBC해설자인 조슈아쿠퍼 라모도 식민지배옹호발언을 한것을 비롯하여 영국유력일간지인 더타임스도 2/10일자 독도관련 망언후 사과발표까지 있었고..일본의 고노 외무상을 비롯하여 일본의 수장인 아베고노 또한 영유권발언을 일삼고 있지만 우리나라 에서 대응하는것은 국민의 한사람으로서 너무나도 답답하고 적절한 대응없이 지나가고있는 실정에 마음이 무겁네요.일본이라는 나라는 정치인들이 스스럼없이 망언을 하고 되풀이 하고 있지만 우리나라 정치인들은 그렇게 싸우기는 잘하면서도 어찌 자기나라 영토권에 대한 주장,대응을 하는 사람은 찾아볼수가 없으니 안타깝고 답답하고 괘심하기까지 합니다.수년전부터 서경덕 교수와 일부 국민,연예인이 각출한 돈으로 타임스퀘어 광장에 광고도하고 홍보도하는 모습을 보고 일본이라는 나라는 정부가 앞장서서 주도하는데 왜..왜 우리나라는 대응을 이런식으로 하는지 모르겠습니다.언론화시켜서 국제 사법제판소에  회부하려는것이 일본의 주장이라 우리는 거기에 이용당하지않으려고 대응을 안한다는 말이있지만 오랫동안의역사적근거.자료 모든것이 우리나라의 주장을 뒷받침하고있는 상황에서도 실효지배라는 명분으로 대응을 안하는것이지.. 수시로 터져나오는 일본의 작태에 정치인들,정부차원에서의 주도면밀하고 조직된 강력한 대응을 만들어 나가줬으면 국민의 한사람으로서 바라는 마음입니다."
461112,2018-12-05,2019-01-04,0,9,성장동력,■삼성을 비리 덩어리로 만들고 있는 삼성일가와 이재용이는 물러나라.,삼성 이재용은 나라 팔아먹은 이완용의 후손.\n비리의 온상 친일 이재용은 삼성 경영에서 손떼고 나와야합니다.\n삼성가는 아무리 정치인에게 뇌물주고 해택받아도 이병철. 이건희. 이재용 3대가 구속된적이 단 한번도 없는 이유가 뭘까요?\n그것은 친일 사법 판사무리와 친일 이건희가의 비리라 아니할수 없을것입니다.\n이것은 대한민국 국민의 큰비극입니다.\n삼성은 이완용이가 일제강점기때  일본에 우리 나라를 판 종자돈으로 시작한 삼성이라 하여도 과언이 아닐것입니다.\n삼성은\n이완용이가 나라 팔라먹은 국민의 목숨같은 돈과 우리 근로자의 목숨과 피와 땀으로 만들어낸 삼성 입니다.\n삼성주식도 우리 국민연금공단이 이재용이보다 더 많은양을 가지고 있습니다.\n이젠 이 국민기업 삼성을 국민에게 돌려주세요.\n이 삼성을 계속 비리 투성이로 만들고 있는 돈밖에 모르는 친일 삼성일가와 이재용은 삼성 경영에서 손떼고\n이제는 대한민국 능력있는 젊은 경영 전문가에게 삼성의  경영을 맡길때입니다.\n이 나라의 친일세력 삼성가 이씨일가와 친일한국당을 국민여러분 청산해주세요
169208,2018-03-19,2018-04-18,0,8,보건복지,돈없는  사람도  치료받을수있게  도와주세요,안녕하십니까  존경하는  청와대 여러분  저는 올해 21살인  여자입니다  저는  초등학교때  소아암이라 하는  백혈병에  걸렸는데요 많게는 7000에서 9000하는  돈이 왔다갔다  하는  하나의  병으로써  아직도  저희  부모님은  그돈을  갚고계십니다 또한  가벼운  감기조차도  돈이 없어 병원에  가지도 못하고 더 심해져서  결국엔  비용이  더  드는경우도 있는데요  제가  병원에서  입원해있을  당시에는  병원비가  없어  치료를 포기하고  새벽마다  우시는 부모님들  또한  자신보다  먼저  떠나가는  아이를  바라보시는  분들이  정말  많았습니다  모든  국민이  다 혜택이 안되더라도  꼭 정말  돈이 없어서  자신의  삶조차도 포기해야하는  그런일이 없도록  도와주세요  한번 입원해도 150~200이라는 돈이 나갑니다  그런 돈이  저희에게는  한달 월급에  반이상이  되는거구요... 다시한번  부탁드려 봅니다  정말  돈만 중요시한  나라인가요?  돈없는  사람은  치료도 받지 못한채  죽음만을  기다려야  하는건가요?
97471,2018-01-16,2018-02-15,0,8,경제민주화,가상화폐가 아니라 암호화폐입니다.,"평생 살면서 정말 힘들게 고생해서 번돈인데..\n블록체인에 대해서 공부하고 가치를 바라보며\n백번넘게 고민하고 신중하게 투자햇는데..\n이거를 그냥 막무가내로 폐지한다 내기해도 좋다며\n폐쇄안을 내놓으며 도박쟁이로 몰아서\n시장이 엉망이 되어버렷고,\n한달에 한두번 볼까 말까했던 장기투자한 나의코인이\n정부의 말도 안되는 오락가락정책에 하루에 수십번도 보게\n되어버렸다...청와대 앞에서 투신해야됩니까 ?\n정말\n미처버릴것 같고, 분하고, 억울해서 막 분통이 터집니다.\n왜 암호화폐에 대해서 10%의 얇팍한 지식으로 판단하고 결정하는지요\n2년을 공부하고 매달려온 저보다 잘아십니까?\n진짜 너무 억울해서 돌아버리겠습니다. 제 시간과 투자금 모든것을 뺏아갔습니다."
300580,2018-07-09,2018-08-08,0,2,성장동력,2차 공기업 이전을 실시하라,"저는 부산에 사는 사람입니다\n한 번씩 서울에 올라갈 때 과연 이 많은 인구가 사는 서울은 살기 좋은 곳인가 하는 의문이 듭니다.\n생계를 유지할 수단만 존재한다면 오히려 부산이 살기가 더 좋지 않을까 하는 생각말입니다\n우리나라 인구의 절반 이상이 사는 수도권\n과연 이곳이 누구를 위해 존재하는 곳일까 하는 의문말입니다.\n출퇴근 합쳐서 3~4시간 걸리는 현실, 인구 집중으로 인한 공해문제, 교통문제,그리고 각박해지는 인심, 천정부지로 치솟는 아파트값문제등등 말입니다\n과연 이런 문제가 왜 발생했을까요?\n결국은 인구의 수도권집중때문이죠\n그러면 이런 것의 이익을 보는 이는 과연 누구일까요?\n나는 극소수 다주택보유자(3채 이상),상가건물이나 토지를 소유한 2%안의 사람들이라고 봅니다.\n실제 수도권의 인구 중 10%만 줄어들어서 비수도권으로 간다면 어찌될까 생각해 봅니다.\n우선 46%의 세입자들은 전세가의 인하혜택을 보리라고 생각합니다\n기존의 주택은 일정한데 인구가 줄어드니 전세가가 인하되겠지요\n이것은 일종의 혜택입니다.\n그리고 1가구 1주택 소유자는 심하게 말해서 집값 조금 더 오르거나 내리거나\n상관이 없다고 봅니다 오히려 공기가 맑아지고 환경이 깨끗해지고 교통체증이 줄어드니 삶의 질은 오히려 올라 가리라고 봅니다\n일정 부분 주택담보대출자들의 불이익이 있을 수도 있겠지만\n이것은 차후 보강하도록 한다면 큰 문제는 되지 않으리라고 봅니다.\n고로 수도권 인구분산으로 인한 혜택은 수도권 주민들이 본다고 생각합니다.\n물론 2% 안쪽의 사람들은 불이익을 당하겠지만요\n하지만 결국 정책이라는 것은 다수의 국민을 위해서 존재하는 것이 아닐까요\n결국 정답은 행정도시이전과 공기업 지방이전이 현재로서는 유일한 대안이겠지요\n물론 여기에 해당하는 분들은 불만을 토로할수 있지만 지방이 생활여건만 되면 오히려\n살기 좋은 곳일겁니다"
422349,2018-10-27,2018-11-26,0,18,보건복지,이국종 교수가 무전기가 안되서 카톡으로 연락했단다!!,"카카오톡아 무전기능 탑재해다오!!!!\n너무 안타깝다!!!!\n대한민국 5G시대를 여는 이시점에 무전기가 안되서라는 말이 나오다니 너무 안타깝다!!!\n내 가족,내 친구들을 살릴수있게 카카오톡 니가 좀 도와줘라!!!!"
412123,2018-10-19,2018-11-18,0,8,정치개혁,여성가족부폐지,여성가족부는 쓸데없는 일만 한다\n폐지를 요청한다
318890,2018-07-25,2018-08-24,0,14,기타,성범죄자 형량에 대해서,우리나라 대한민국에서 성범죄자들 형량을 보면 기껏해야 3~4년 살다가 나옵니다\n죄질도 정말 나빠서 세명이상여성을 연달아 강간해도 7년\n성적으로 고문을 100회이상했는대도 삼년\n이것은 말이 안된다고 봅니다\n우리나라 성범죄가 제가 알기론 한해 거의 2만건이상 난다고 알고있는데.\n성범죄자에 대한처벌이 너무나 약합니다\n우리나라도 성범죄자에 대한 처벌을 강화해주셨으면 좋겠습니다\n피해자는 평생을 고통속에서 살것인데 고작 징역 3년 살고 나오면 이건 아니지 않습니까\n성범죄에대한 처벌을 강화해주셨으면 좋겠습니다
239196,2018-05-21,2018-06-20,0,5,정치개혁,부디 국가경제 좀 살리고 실업자 좀 줄여주세여.,"요란한 쇼는 그만 좀 하시고,  국민들 배부르고 등따시게 좀 해 주이소."
460484,2018-12-04,2019-01-03,0,14,농산어촌,"김정은 찬양,방문 환영 집회자들","수사,처벌을 강력히 촉구한다\n도대체 이게 나라인가?\n그것들이 하는 짓도 자유민주주의 국가에서는\n괜찮은 일이라고 생각하는가?"
378115,2018-09-12,2018-10-12,0,5,안전/환경,살인사건 가해자 실명과 얼굴 밝혀주세요,나날이 늘어나는 범죄에 국민들은 불안감에 휩싸여 가고 있습니다\n그러나 뉴스에서는 모두 마스크를 쓰거나 모자를 푹 눌러쓰고 신상을 공개하고 있지 않습니다\n곧 출소하는 사악한 범죄자들 또는 심신미약으로 제대로된 형벌을 받지 않은 그들의 얼굴을 모르고 자칫하면 옆집에서 만날 수 있는 사람들입니다 국민들은 그런 것도 모르고 살다가 당할 수 도 있는 겁니다\n같은 범죄가 또 일어나면 어떻게 제지하실 건가요 범죄가 일어난 후 소 일고 외양간 고치는 듯 사건을 해결할 것이 아니라 예방을 해야하는 게 당연한거 아닙니까? 왜 신상을 알려주지 않는 거죠.\n얼굴 공개해주세요.
341113,2018-08-14,2018-09-13,0,5,일자리,서민위한 정부 서민들 벼랑으로 몰고있네,<통계청의 가계소득동향에 따르면 소득 5분위 계층 중 저소득계층인 1분위 가구의 소득은 작년 4분기 152만여 원에서 올해 1분기 133만여 원으로 후퇴했다.>\n최저임금 올리면 서민들 잘살줄 알았더만\n더 망하게 만들었네\n정말 한심한지고\n아무것도 한일이 없네\n돈만 써대고\n쓸돈 있으면 나라빚부터 갚아라
189891,2018-04-08,2018-05-08,0,101,문화/예술/체육/언론,부패한 빙산연맹을 조사하고 처벌해주세요.,빙산연맹의 부회장 전명규는 자랑스러운 한 국가대표의 꿈을 짓밟고 그것도 모자라 더 이상 볼 수조차 없게 만들었습니다.\n또한 평창올림픽에서 보여준 여자 팀추월은 우리나라 국민을 경악하게 만들었습니다.\n이렇게 부패한 빙산연맹과 관련되어 있는 모든 사람을 조사하고 엄중한 처벌을 내려주시기를 바랍니다.
220375,2018-05-03,2018-06-02,0,577,안전/환경,광주폭행사건 엄중한 처벌을 내려주세요,동영상을 보셨으면 피해자가 살아있는게\n정말 다행이고 기적이라고 밖에는 생각이 안 드네요\n이런 사회에서 어떻게 살아가야할지..\n부디 바로잡아 엄중한 처벌 내려주시길 바랍니다\n지금까지 어떤 기사를 보고도 이렇게\n속상하고 무서웠던 적은 없는것 같습니다.\n정말 한국에서 살아가는게 살떨리고 무섭네요.\n처음으로 청원합니다.정의롭고 미래가 있는 사회를\n만들어 주시길 부탁드립니다.
61990,2017-12-08,2018-01-07,0,37,육아/교육,평가인증! 현장의 목소리 들어주세요,탁상공론 탁상 행정 누굴 위한 평가인증인가요? 잘은 모르지만 아마도 평가인증국 직원들 세금으로 급여 주지않나요? 그돈 아껴서 아이들 급식비나 올려주세요 개 간식도 3천원이 넘는데 개만도 못한 급식비 1745원이 무슨 말이나 됩니까?
513803,2019-01-31,2019-03-02,0,22,정치개혁,이놈의 정권 도둑놈들은 잘못을 뉘우칠 생개은 안하고 도리어 뻔뻔하게  까불거리고 있네ㆍ뜨거운 자유대한민국의  백성을 함성을 한번 들을라고 용천을 하네,이 좌파정권의 끝이  이제 보이기 시작하네\n뜨거운 횃불을 맛을 볼라하네\n어제  400여명의 예비역장성들의 함성을 모르나\n선거 부정이 들통났다
297708,2018-07-06,2018-08-05,0,1,저출산/고령화대책,저출산 대책 개선안,"저출산 대책 관련하여 미비점을 보완 요청드립니다.\n결혼하면 아이를 낳는다는 공식은 이젠 의미가 퇴색됐습니다.\n1. 신혼부부 특별공급 아파트의 경우, 출산계획이 없이 수혜만 보려는 사람들이 주위에 많습니다.\n따라서, 공급은 하되 가령 입주후 5년 내에 출산을 하지 않으면 집을 국가에 반환토록 강제해야 합니다.\n출산을 하고자 하는 다른 사람들의 기회를 뺏는 것이며 정부의 소중한 세금을 낭비시키는 행위이며,\n출산을 장려하기 위해 국가가 만든 공공재이기 때문입니다.\n진짜로 출산을 하고자 하는 사람만 청약토록 서로 '약속' 개념이 있어야 합니다.\n2. 일정기간 거주 후 분양전환 조건이 있다면, 그것은 자녀수에 따라 혜택을 달리해야 마땅합니다.\n다른 세부 조건들도 자녀수에 따라 차등을 두십시오.\n3. 저출산/고령화 모두와 관련하여, 일종의 바우처 제도를 도입함이 어떻겠습니까?\n60~70 초반의 아직 체력이 있는 노인들이 일정 교육을 통하여 아이들을 무료로 돌보고, 자신이 연로하여 실버케어가 필요할 때 자신의 봉사분 만큼 무료로 돌봄을 받는 일종의 사회적 품앗이를 하는 겁니다. 그것을 바우처로 하여 친지에게 무상양여할 수 있게 하는 것도 좋을 겁니다.\n실버케어는 '젊은 노인'이 '연로한 노인'을 돌보게 하고, 자신이 '연로한 노인'이 되었을 때 케어를 받게 하는 식으로도 사회적 품앗이가 가능합니다.\n사회적 품앗이의 장점은 집근처의 어르신이 내 아이를 아침을 먹여서 어린이집에 데려다 주고, 아프면 병원에도 데려다 주고, 집에 데려 오고 할 수 있어 친정 엄마와 같은 기능을 할 수 있고, 사회적인 공동체, 상후부조 기능을 활성화할 것입니다."
319208,2018-07-25,2018-08-24,0,11,경제민주화,내용연수가7년인데 대기업 가전제품(냉장고) 컴프레서10년무상보증라벨부착이라뇨?애당초 실현불가능한 10년무상보증라벨을 제품에 부착하지못하도록하든가 아니면 가전제품(냉장고) 내용연수(7년)를 현실에 맞게 연장해주세요.,"대통령님 안녕하세요.\n현실적이지 않은 기준을 변경,개선해주세요.\n대한민국 가정의 대부분 어머님들, 주부님들은 냉장고(김치냉장고) 한 번 교체하려면 큰 마음을 먹고 구입하실 것입니다.\n크고 무겁고 쉽게쉽게 교체할 수 있는 가전제품이 아니다보니, 그리고 돈이 한 두 푼짜리가 아니니까요.\n그래서 저희집처럼 가전제품을 20년이상 오래 사용하고 교체하는 가정은 드물다고 할 지라도 일반적인 가정의 냉장고 교체주기가 아마도 최소10년~15년은 될 것입니다.\n요즘에 보면 냉장고마다 컴프레서 10년 무상보증이라는 라벨이 부착되어 있는데 그렇다면 제조사에서도 최소10년이상 냉장고를 사용할 것이라고 가정했다는 것인데, 냉장고의 내용연수는 7년이라니?! 말이 안되지 않나요?\n냉장고 컴프레서10년무상보증과 내용연수7년..서로 일치시키든가 아니면 어느 한 쪽을 수정해야 하지않을까요?\n그 기준이라는 것이 소비자의 권리보다는 대기업의 권리를 기준으로 정해졌나 봅니다.\n냉장고(김치냉장고) 내용연수를 현실에 맞게 10~15년 사이로 수정해주시든지, 아니면, 냉장고 컴프레서 10년무상보증이라는 라벨부착해서 상품판매중인 기업들을 고객들을 현혹시켜 구입을 유도하는 고객(국민)기만행위로 처벌해주시고 가전제품에 무상보증라벨 부착못하도록 해주세요!!!"
451048,2018-11-23,2018-12-23,0,420,인권/성평등,나영석 피디의 갑질 행태에 대해 적절한 조치를 청원합니다.,"나영석 피디는 한 사진가의 여행 사진을 무단 도용 하여 프로그램을 제작했습니다.\n그리고, 이에 대해 피해자인 사진 작가는 보상 이전에 적절한 사과를 요구 하였습니다.\n하지만 방송국의 특권을 믿고, 저작권 침해관련 논란이 일자 피해자에게 사과하였다는 해명 보도 자료를 빠르게 언론사에 돌렸지만, 정작 피해자가 원하는 사과는 실제로 아무런 진전이 없었습니다.\n피해자는 수차례 문자와 전화를 통해 적절한 사과에 대한 문의를 하였지만 나영석 피디 측은 ""제가 요즘 너무 바빠서 정신이 없네요.""라는 답문자만 보내고, 그 어떤 통화 시도도 하지 않았습니다.  참고하시라고 피해자가 어느 커뮤니티에 직접 올린 글을 링크 겁니다.\n전형적인 대한민국의 적폐라고 생각합니다. 힘을 가진 방송국 사람들은 여론에만 신경쓰고 약자에 대한 진정한 사과는 전혀 신경쓰지 않는다는 것입니다. 게다가 이러한 인기 피디는 정치가나 유명한 사람들과의 인간관계를 유지하며 명성과 부를, 이러한 과오가 있음에도 불구하고, 축척할 것입니다. 아마도 그가 담당하는 알뜰신잡(해당 사고가 일어난 프로그램 명입니다. )에는 힘있는 사람들 존경 받는 사람들이 인맥과 기득권으로 얽혀 계속 출연할 것입니다.\n실수나 사고가 발생하면 피해자에게 사과하는 것이 우선임에도 방송국, 기득권자의 오만으로 해명 보도자료는 신속하게 내보내면서 사과는 하지 않는이러한 행태에 대해, 힘없는 개인 사진작가가 제대로 할 수 있는 일이 아무 것도 없다는 것에 화가 납니다. 그리고, 이러한 일이 잘 드러나지 않으면 또한 나영석 피디는 유명하고 재능있는 피디로 명성을 누리면서 편하게 살겠지요.\n이러한 일들이 하나씩 하나씩 올바른 길로 갈 수 있도록 작은 행정 처분이라도 나영석 피디에게 주어져, 책임질 수 있었으면 좋겠습니다."
185802,2018-04-05,2018-05-05,0,11,육아/교육,초등 돌봄교실 7시까지 확대,맞벌이를 7시까지 하는것을 원하시는겁니까?\n저희 아이 돌봄교실 늦게까지 이용하는거 싫어합니다 다들 학원으로 빠져요..\n5시에 한번 데리러 갔더니 혼자남아 울상을 짓고 있더라는..\n이게 근본적인 대책 방법이 아닙니다 괜히 세금만 낭비하는 꼴일것 같네요.. 7시까지 돌봄교실 확대 원하지 않습니다.
164518,2018-03-12,2018-04-11,0,6,정치개혁,채팅웹등오로 불륜하러 다니는 여자 집중단속 신원공개 요구,"채팅웹등을 이용해 외간남자와 만남으로 자신의 성적 욕구를 해소하는 몰지각 성도착층 여자를 대량으로 양성하고 있습니다. 에이즈 및 여러가지 사회파괴적 작태를 일삼는 불법행위에 대해서 대대적 단속을 함으로서, 여성들이 이와 같은 남자를 유혹하여 남성들에게 성추행,성폭력을 일삼는 여자들에 대한 신원을 공개하여 주십시오."
448798,2018-11-21,2018-12-21,0,13,정치개혁,주사파정부 적페도 청산 합시다,"우파정부 적폐을 2년간 해서면 좌파정부 청산도 합시다\n1.김대중이가 박지원시켜 현대그룹돈 회유 협박 갈취하여 4조3,000억 대북송금으로\n고난의 행군으로 무너져가는 김정일정권 살려주고 핵개발하고 정몽헌 회장은 자금난으로 자살하시고\n수사하고 처벌해야 당연하다\n2.박연차 뇌물 노무현 640만불 권양숙 자식챙겨준다고 8억 나머지 60억정도는 실세 참모들 뇌물로\n그때 참모들이 문재인에 실세가되어 경제파탄 시키고 북한지원에 올인하고 잇다 수사하고 처벌필요하다\n3.청화대 업무추진비 사용문건내용보면 밤11시이후 주점에서 술처드시고 1인당 15만원씩하는\n고급음식점 스시집에 많이도 드시고 저녁식사도 1인 10만원 넘는 고급 음식만 드시고\n영수증없이 돈빼 써시고 이게 말이 됨니까 세금으로 자기 쌈짓돈인양 마구써면 범죄 해위다\n수사하여 처벌하고 사용되돈 회수해야 한다\n4. 공기업 부채가 심각한데 전문성없는 낙하산인사 365명 임명하여 국가파탄에 이바지하고 있다\n이런적페수사는 문재인 대통령 전정부에 반감이 잇는 채동욱계 특정지역 윤석열을 절차법 위반하면서\n2계급 특진시켜 서울중앙지검장에 임명하여 전정부 정치보복하는 서울중앙지검이 아니라\n서울남부지검에서 적폐수사하여 주시면 국민들이 공감할것이다"
302077,2018-07-10,2018-08-09,0,6,보건복지,고혈압약 교환 방법,"저는식약청에서 발암물질이 포함된 고혈압약 뉴스를 보고 다니는 병원에 전화했습니다. 병원에서는 외래를 잡아서 와서 약을 교환하고 다시 처방을 받아서 가라고 하네요\n저는 부산입니다. 외래로 다니는 병원은 서울입니다.\n고혈압약 교환하려고 하면 저는 직장을 빼고 서울로 가는 경비부터 까지 ... 도대체 제가 왜 그렇게 해야하나요?\n그래서 병원에 서울까지 못간다. 지방에서 교환할 수 있게 방법을 가르쳐 달라고 했습니다.\n알아보고 전화 준다고 해서 기다렸습니다. 안된다고 외래를 잡아 서울로 오라고 하네요\n식약청에 전화 했습니다. 보건복지부에 전화 하라고 하네요\n보건복지부 전화 하니\n환자들이 자신이 이미 처방받은 약이 병원과 약국을 확인을 해야 해서 병원을 방문해야한다고 하네요\n번거럽지만 서울로 와서 약을 교환하라고 하네요.\n서울로 병원을 가는 사람들은 전문의가 필요한 중대한 큰병입니다.\n동네 갈수 있는 병이라면 왜 서울까지 가서 외래를 다니겠나요?\n우리가 비용을 들어가면서 약을 사서 먹고는 죄를 짓는 사람처럼  알아본다고 아둥바둥\n잘못한 사람들은 전화하니 전화도 안받습니다. 특히 보건복지부\n사람 목숨을 가지고 이런 큰일에 대처하는 방법은 정말 절망스럽네요\n청원합니다. 지방에 있는 사람들도 서울 안가도 고혈압약 대체 할 수 있게 해주세요\n지방에 있는 사람들은 재처방을 받기 위해 담당의사와 진료 예약을 할 경우 진료까지 상당 기간이 소요되고 이 기간 동안 환자는 불안에 떨어야 합니다.  조속한 시일 내에 서울에 외래 다니는 사람들 지방에 대체 할수 있는 곳, 아니면 방법을 만들어주세요"
429810,2018-11-02,2018-12-02,0,9,행정,공무원의  감시 처벌환수,일반공무원 경찰공무원등 일부일수있으나 많은이들이 시간외 수당 챙기기 위하여 퇴근후 추가근무수당 받기위해 다시가서 지문등록하는 경우가비일비재 합니다 아무리 국민세금이 눈먼돈이 라고 하지만 기본적으로 도덕적헤이에서 벌어지는 오래된 습관이고 당연시되어 묵살되는 형태에 강도높은 감시와 처벌 환수조취를 통한 투명성 있는 세금운영 부탁 드립니다
246846,2018-05-28,2018-06-27,0,1,일자리,최저임금 거짓공약 사과기자회견 하십시오,세상에서 제일 나쁘고 더러운게 거짓말입니다 당신은\n대선때 최저임금 인상한다고 거짓공약을 했습니다 자한당이나 바른미래는 최소한 당신같이 거짓공약은\n안했습니다 당신과 더불어는 자한당보다도 더 나쁜인간들입니다 거짓공약한 것 공식기자회견을 통해 사과하시길 바랍니다
459873,2018-12-04,2019-01-03,0,4,안전/환경,소방공무원의 야간취침이 대한 문제점과 추가 되었으면 하는 부분이 있어서 청원 드립니다.,안녕하십니까?\n저는 소방공무원의 야간취짐의 문제점과 이런 것이 생겼으면 하는 바람에서 청원을 올려봅니다.\n앞으로 소방공무원 채용을 확대하는 것에는 찬성을 합니다. 그러나 효율적이어야한다고 생각합니다.\n원래 소방공무원의 야간근무시 신고가 없어도 셔터를 내리고 잠을 자는 것이 아니라 대기인 것으로 알고 있습니다.\n그러나 신고가 없으면 자는 것이 당연한 관행처럼 이어져 오고 있습니다. 야간근무출근때 안자고 출근해서\n야간에 잠을 자는 것이지요. 1~2시간 잠시휴식이 아니라 밤부터 아침까지 그냥 쭉 자는 것 입니다.\n소방을 관할하는 지자체에서도 이 부분에 대해서는 자세히는 모르는 부분인거 같습니다.\n야간에 약 2시간정도의 휴식외에 잠을 자지않고 순찰을 하는 경찰관과 소방관의 출동시간에는 차이가 제법 납니다.\n물론 소방이 장비가 많은 이유도 있겠지만 야간에 자다가깨면 비몽사몽한체로 장비를 착용하고 출동해서 이동하면서\n잠을 깨워야하기때문에 제대로 능률을 발휘 할 수가 없다고 생각합니다. 기동성 뿐만 아니라 자다가 멍한 상태로 출동을\n한다면 겉으로는 멀쩡해보이지만 맨정신을 차릴려면 시간이 필요하고 그때까지 효율이 제대로 발휘가 되지 않을거라고 생각합니다.\n주간에 잠을 자지않고 일생생활을 하고 야간 출근해서 신고 없으면 풀잠(정상적인 5~7시간의 잠)을 자는 것을 당연한 관행으로 생각하고 있습니다.\n소방공무원들은 그게 휴게시간이 아니라 근무시간이고 그 시간을 수당을 다 채워서 주는 것입니다. 물론 수당 따질려고 말씀드린다기보다는\n국민의 안전을 위해 자다가 잠깨서 출동하는 건 아니라고 생각합니다. 집에서 충분히 휴식을 취하고 출근하고나서는 신고가 없더라도 신고에\n대비해서 긴장하는 자세로 준비태세가 필요하다고 생각합니다. 대신 소방공무원은 야간에는 다른 행정적인 업무가 없기때문에 충분히 그렇게해도 되는데\n낮에는 일상생활하고 밤에 출근해서 잠을 잔다고 생각을 하니깐 자다가깨서 출동하는 방식이 된 것입니다. 이부분 분명 시정이 되어야한다고보구요.\n지금 고시원이나 각 곳에서 화재에 따른 희생자가 너무 많이 발생을 합니다. 소방채용을 늘리는 것은 찬성이지만 실질적인 효율이 있기위해서는\n야간에 잠을 잘 것이 아니라 경찰관이 야간에 순찰을 하듯이 소방관도 초기진압이 가능한 소형소방차를 만들어 조를 나누어 화재취약지역을 순찰을 하고\n초기화재 발생시 바로 진압이 가능하도록 해야한다고 봅니다. 그렇게 되었다면 고시원처럼 화재취약지역들에서 화재가 일어났을시 이런 희생자는 없었을겁니다.\n솔직히 소방공무원의 활용이 제대로 되지않고 있다고 생각합니다. 큰불 났을때 밤에 자다가깨서 출동해서 화재를 진압하는 것이 고작이지요. 그리고 언론에서는\n그런 장면만 보여주니깐 마치 소방이 엄청 신속하게 움직이고 희생하는 것처럼 보여지겠지만 실상은 소방공무원의 활용이 제대로 되고있지 않다고 생각합니다.\n그럴려면 차라리 화재날때마다 출동해줄 수 있는 업체에게 화재가 위험한만큼 높은 임금을 지불하고 용역계약을 맺는게 재정적으로도 훨씬이득이겠지요.\n그러나 용역계약을 맺어야한다는 말씀은 아니고  제가 청원드리고 싶은 내용은 소방관의 야간 취침에 대한 조정이 분명히 필요한거 같습니다.\n그리고 화재희생자가 더이상 생기지않도록 야간에 잘 것이 아니라 경찰관이 야간에 순찰을 돌듯이 화재취약지역만이라도 소형소방차를 만들어 순찰을 하여야한다고 생각합니다.\n솔직히 소방공무원들이 이 글을 보면 좋아하지않겠지만 소방공무원도 국민의 세금으로 나라일을 하는 공인이기떄문에\n대국민을 위해 좀 더 효율적인 방안이 되어 재난에 대한 희생자가 생기지않길 바라는 염원에서 청원을 드리는 것입니다.\n저의 청원을 참조 해주시면 감사하겠습니다. 좋은 하루 보내십시오.
479284,2018-12-26,2019-01-25,0,4,반려동물,풍산개,암수 한쌍을 받고 싶습니다.\n장인이 개를 정말로 좋아합니다.
341045,2018-08-14,2018-09-13,0,39,보건복지,국민연금 폐지는 합당하다,국마연금 폐지하고  지금껏 낸돈을 환불하라
331148,2018-08-06,2018-09-05,0,3,저출산/고령화대책,출산률 2명 이상 끌어올리는 간단한 방법..,"과거 25년전 일반 병사로 30개월  병장으로 만기 전역한 본인의 경험상,\n실전에서 전쟁을 수행할려면 최소 30개월 은 되어야 유능한 병사가 될수 있음.\n앞으로 다가올 인구 감소와 국방력 약화로 국가 위기 상황을 닥칠수 있다.\n남자,여자. 할것없이 무조건 과거 처럼 강제 징집제 부활..\n최소 30개월 이상 남,녀 구별없이 군대 강제 징집.\n단 ~여자는 2명 이상 자녀를 두고 있는 경우,,강제 징집대상에서 제외..\n남자~2명 이상의 자녀를 두고 있는 경우,,의무 복무기간 축소..\n이렇게 ~하면..국방력 강화와  인구의 증가의 두마리 토끼를 동시에 잡는다.."
52226,2017-11-26,2017-12-26,0,4,기타,조두순 얼굴공개 및 더욱 강력한 처벌,"어린 나영이가 겪었을 엄청난 고통에 비하면 가해자의 복역기간은 너무 짧아요.\n미래를 위해 열심히 살며,견뎌냈을 나영이 에게 더이상 ""상처,아픔,공포""가 없기를 무척 바라는 마음 입니다.\n제발 제발 ..  우리모두의 바램을 외면하지 마시고 염려가 없을 방법으로 처벌해주세요"
305402,2018-07-13,2018-08-12,0,58,외교/통일/국방,여론 조작 그만 합시다 난민 누가 받겠다고,갤럽인지 몬지 여론조작 그만 합시다\n누가 믿는다고 그걸 ㅉㅉㅉ\n문재인 대통령님 생각입니까?\n여론 조작 하지맙시다
121788,2018-01-30,2018-03-01,0,7,육아/교육,다자녀 가족에게 지원이 필요합니다.,나라에서는 출산율이 떨어져 고민이 많은데 정작 사회에서는 무관심이 많습니다.\n특히 기업들은 회사 내부 규정으로 두자녀까지만 학비 등 지원을 하고 셋째부터는 지원을 안합니다.\n대한민국의 앞날과 자녀의 미래를 위하여 나라에서만 정책으로 출산 장려를 할 것이 아니라 기업에서 내부 규정 등을 통한 다자녀 차별의 근본적은 문제 해결이 필요합니다.\n정부에서 또는 국회에서 회사 내부 규정이 합당한지 조사가 필요합니다.
9503,2017-09-06,2017-12-05,0,1,보건복지,간병급여 수정제안,"제가 이렇게 긴 글을 전달하고자 하는 이유는 한가지입니다. 다름이 아니라 산재간병급여 때문인데요. 저의 아버지가 1991년 산업근로에 근무 하고 있을 때 일입니다. 제 아버지가 다루던 기계는 유압프레스 기계입니다. 프레스로 인해 저의 아버지의 오른손목이 절단되고, 왼팔목이 절단되었습니다. 그래서 장해등급 제2급을 받으셨었습니다. 그때부터 지금메시지를 전달하는 지금까지도 그리고 한평생을 이렇게 한손이 없는 체로 그리고 한 팔이 없는 체로 살아오셨습니다. 더불어 약1년후 왼쪽 수술부위에 뼈가 자라나고 그리고 종양이 생겨 병원에 다시 입원하였습니다. 근로복지공단 에서는 재요양 이라하고 2010.02.28. 요양종결이 되었다고 합니다. 그래서 간병급여를 지급받지 못하였습니다. 그래서 이로 인한 피해로 약 2007년까지  지급받던 간병급여 가 있었습니다. 하지만 법 개정으로 인하여 간병급여를 받을 수 없게 되었습니다. 즉 급여 지급이 중지가 된 것입니다. 간병급여란 인터넷에 명시되어 있는바와 같이, 두 눈, 두 팔, 두 다리 중 어느 하나 부위에 장해등급 제1급에 해당하는 장해가 남고, 다른 부위에 제7급 이상에 해당하는 장해가 남아 일상생활에 필요한 동작을 하기 위하여 항상 다른 사람의 간병이 필요한 사람이라고 명시되어 있습니다. 저의 아버지는 일상생활 즉, 자신의 용모를 관리하기 위한 기본적인 세안, 식사, 등 보행이외에는 혼자 할 수 있는 일이 없으십니다. 그래서 머리감기, 샤워, 등등 모두 제가 아버지의 손발이 되어 드리고 있습니다. 그런데 이런 저마저 군대를 가고나면 아버지 곁에 계신 분은 두 다리를 사용하시지 못하시고 그리고 뇌병변 장애를 앓고 계신 저의 어머니뿐입니다. 그리고 저를 제외하고 취업을 준비하고 있는 큰누나 와 대학교를 다니고 있는 작은누나가 있지만 아버지에게 실질적인 도움을 드리기 어려운 상황입니다 그래서 아버지 옆에는 간병인이 있어야 한다고 생각합니다. 그리고 의사선생님의 소견으로도 간병인이 필요한 소견까지 받았었습니다. 정신적 육체적 치료 후 에도 후유증이나 완치가 되지 않아 영구적 장해가 아버지께서는 남아 있습니다. 이런 저의 아버지와 같은 사람에게 지급 되어야 하는 것 이 간병급여이나 법 개정 이후로는 받지 못하시고 있습니다. 제가 알고 있는 바로는 대한민국 장애우중 두 손, 두 팔 이 없는 장애우 분들은 매우 드물다고 합니다. 그런데도 힘겹게 살아가고 더불어 살아가기 위해 애쓰고 노력하는 저희 아버지 및 장애우 분들의 생활사정을 널리 헤아려 주셔서 간병급여 문제에 관한 마찰을 해결해 주시기를 간절한 마음으로 호소합니다. 마지막으로 원하는 방향을 말씀드리자면 2004년 법 개정이 되기 전에 법안으로 돌아갔으면 하는 바램 이자 소망을 전하며\n구분 : 두 손의 손가락을 모두 잃거나 사용하지 못하게 되어 혼자 힘으로 식사를 할 수 없는 사람.\n장해등급 제2급 : 두 손의 손가락을 모두 잃거나 사용하지 못하게 되어 혼자 힘으로 식사를 전혀 할 수 없어 상당부분 다른 사람의 도움이 필요한 사람.\n장해등급 제3급 : 2등급 에 미달하는 경우로서 적응기간을 거친 사람으로 혼자 힘으로는 식사를 할 수 없어 부분적으로 다른 사람의 도움이 필요한 사람.\n수정을 원하는 부분을 끝으로 이글을 마치겠습니다.\n2017년 9월 6일 대필:채명재"
162214,2018-03-09,2018-04-08,0,2,성장동력,주민번호가 년도수대로 틀린 사람들이  많은데 그럴경우 출생신고 자료기간 늘려주세요,저기 어렸을때부터 출생신고가 늦어서 년도수를 다르게하여 올리경우 나중에 내가 커서 성인되도 출생신고서가 기간이 짧아 페기되서 못바꿀경우 영영 그년도수를 대로 살아야하는데 이 출생신고 때문에 바꿀지 못해요 자료가 없어서 만약 내가태어난년도가 95년인데 잘못표기하여 늦게올리경우 96년생으로 바뀌엇는데 내가 출생신고서를 찿을라고 해도 없어서 못바꾸고 잇거든요 또한  이혼한자녀가 나중에 커서 성인될경우 아버지나또는어머니가 연락이 닿지 않아 출생신고서를 바꾸지를 못하고 잇어요 출생신고서 페지해서 다른방도로 올려주시던지 아니면 어떤 다른 방도로 해결해주세요
320176,2018-07-26,2018-08-25,0,3,저출산/고령화대책,강제적 별거부부를 구해주세요.,"안녕하세요.\n저는 서울에 살기도하고 강원도 고성에 살기도하는 데요.\n오잉?\n그게 무슨말이냐구요?\n사실 남편과 저는 서로 다른 지역의 국가공무원입니다.\n국가공무원이라함은 서로지역은 달라도 국가소속이란 이야기겠죠?\n하지만 쉽지않은 이동탓에 저희는 강제적별거부부입니다.\n자녀...정말 많이도 낳고싶고 사랑으로 키우고도 싶습니다.\n하지만...\n강제적별거부부 인지라 쉽지않습니다.\n도와주세요.\n최소한 국가공무원인 부부가 함께 살수있도록!!!\n저 말고도 많으신거같은데 동의해주세요.\n아마 주변 친구,가족 등등 많으실꺼예요.\n동의부탁드립니다."
342406,2018-08-15,2018-09-14,0,4,일자리,강원랜드 새로운 채용비리 사건.,현재 개장한 강원랜드 워터월드.\n5월 중순에 있었던 강원랜드 워터월드 신입 직원 채용 필기시험이 있었습니다.\n필기시험 전형을 서울 양재동과 강원랜드 컨벤션호텔 4F 포레스트 볼룸에서 나누어서 진행했는데\n강원랜드 호텔에서 약 200명 정도 시험을 치뤘는데 그때 진행 한 필기 전형에서\n강원랜드 측 안일한 대응으로 시험지 인쇄가 늦어져서 시험이 계속 지연 된 사건이 있었지요.\n계속 된 지연으로 화장실을 보내달라는 수험생들이 속출 했고\n일부 수험생들에게 시험지가 이미 배부 된 상태인데 휴대폰도 거두지 않고\n휴식시간이라며 화장실에 보내버렸죠.\n지금 합격 한 같이 시험 본 직원은 화장실에서 스마트폰으로 문제 부정행위까지 하고 합격했다네요.\n시험 끝나고 인사과장이라는 사람이 청렴한 채용을 위해 조금씩 나아가는 계기이니\n많은 양해 부탁드린다는 말 듣고 기가찼습니다.\n얼마나 부정채용을 했으면 공기업 신입 직원 채용 시험이 동네 초등학교 시험보다 진행을 못하나 싶더군요.
67546,2017-12-16,2018-01-15,0,58,문화/예술/체육/언론,CBS 정정보도 청원합니다.,CBS 정정보도 청원합니다.
227113,2018-05-08,2018-06-07,0,2,기타,채굴장 전면 단속 및 강력한 규제를 요청합니다,독버섯처럼 퍼지는 채굴장 관련 강력한 규제를 요청합니다!\n산업에 필요한 전기를 채굴기 돌리는데 쓰여진다는게 너무 비효율적이고\n화재의 위험도 커서 강력한 단속과 규제가 필요합니다
449625,2018-11-22,2018-12-22,0,5,일자리,진짜 청년을 위한길은 일자리 지원이 우선이요,전국의 지방자치단체와 정부는 청년들을 위한답시고 청년수당 지급과 건강검진을 확대한답니다. 진짜 청년을 위한길은 건강검진 확대보다 취업을 시키도록 하는게 우선임무. 건강검진 청년확대 백지화 해주세요.
474213,2018-12-20,2019-01-19,0,18,성장동력,국민들 너무 힘듭니다.먹고 살기 힘들다구요. .최저임금 빨리 조정해주세요,지금 국민들 말하는건 다 무시하는 건가요??최저임금 하루 빨리 조정하라고 했는데 지금 아무것도 안하시고 대책이 없네요. .내년부턴 아에 알바고 직원이고 쓰지 말라는 건가요?? 우리나라 경제가 지금 아에 바닥인데 내년은 다 죽겠네요. .정말 우리 국민이 바라는 게 뭔지 모르는건가요? 모르는척 하는 건가요? 우리 국민이 잘 살아아죠 안그런가요?? 민주노총 거기 눈치본다고 지금 그러는건가요? 그사람들은 자기네들 돈벌어 먹을려고 그 생각뿐인 사람들입니다. .지금 상황에서 몇일 안남은 내년 1월 1일 되면 일자리가 완전 더 없어질겁니다. .국민들 다 아무것도 하지말고 중소기업도 일 못하겠네요. .다 아무것도 못하겠네요. .우리나라가 이렇게 쉽게 무너지고 있는게 정말ㅜㅠ 국민들을 위해서 최저임금 내리세요. .그리고 주휴수당이고 주 52시간 하지마세요. .하루가 급합니다..2월에 조정한다고 그 얘기는 믿을수가 없네요. .
84409,2018-01-11,2018-02-10,0,0,경제민주화,더불어민주당 이제 죽어도 안찍어요 가상화패 귀제 반대합니다,더불어민주당 이제 죽어도 안찍어요 가상화패 귀제 반대합니다
29844,2017-11-09,2017-12-09,0,0,인권/성평등,조두순 출소 반대,무기징역이 합당합니다.
225507,2018-05-06,2018-06-05,0,2,육아/교육,"학교 선생님 자격 시험 과 학부모,학생 점수로 자격 박탈","학교 선생님중 선생님 자격이 안되는 사람이 엄청 많더군요\n능력이 안되는 선생님이나 폭언이나 폭행, 성추행등 진짜 가지가지 하더라구요\n본인들도 월급 받는 회사원이라고 하던데 책임감도 없고 그냥 시간되면 집에 가는 뭐 그런것 까지는 괜찮다고 해봅니다.\n초등학교1학년 선생이 애들한테  니들이 짐승보다 낫다. 너 미쳤냐? 너 제정신이니? 누구만 믿을수있다등  소리지르고\n막말하고 대단하더군요. 소문이 자자한 선생인데 그냥 똑같이 선생짓 잘 하고 있던데  학교가서 뭘 보고 배우라는 겁니까?\n학부모가 옆에 있어도 소리지르고  친구가 때려서  스트레스 받는다니깐  때리라고 시킵니다. 학부모한테도 학생한테도\n참 일관적입니다. 나이도 먹을만큼 먹었는데 오히려 젊은 사람보다 나이든 사람이 더 하더군요\n학교 선생님도 학생,학부모 점수랑 실력 테스트해서 애들을 가르쳐야 되는지 안되는지 확인하고 선생님을 해야한다고 생각합니다. 제발 나라를 잘 돌아가게 하려면 가정도 중요하지만 학교에서 잘 배우고 어른이 되어야 하지 않겠습니까?\n자격 안되는 선생은 그냥 집에 있으라고 해주세요~ 제발요~"
295669,2018-07-04,2018-08-03,0,41,외교/통일/국방,정부와 난민의 공통점,"1.대한민국 국민이 이해하고 희생하기를 바라기만 한다.\n2.세금 도둑놈들이다.\n3.대한민국 국민 알기를 개돼지로 안다.\n4.지들이 대한민국 국민보다 높은 위치에 있다고 생각한다.\n5.칼만 안들었지 나라를 빼앗으려는 강도다.\n6.온갖 쇼는 다 하고 있다.\n7.전쟁나면 제일 먼저 도망 갈 놈들.\n8.난민은 종교에, 정부는 북한에  미쳐있다.\n또 뭐가 있을까요?"
214088,2018-04-28,2018-05-28,0,2,외교/통일/국방,사전 북한 방문 허가제도를 폐지하라.,"과거 북한보다 못 살던 시절,\n월북을 막기 위해 만든 사전 북한 방문 허가제도를\n폐지할 때가 되지 않았습니까?\n북한 주민이 남한으로 오는 것을 막는 북한 정권을 비난하면서\n남한 주민이 북한으로 가는 것을 막는 것은 스스로에게 침 뱉는 격이 아닐까요?\n나는\n남한 주민들이 북한을 자유왕래함으로써\n이뤄낼 북한의 변화를 상상할 수 있는데,\n왜 정치인들은 그 상상을 못하는지 이해가 안 갑니다.\n이제\n사전 방북 허가제를 폐지합시다."
65262,2017-12-13,2018-01-12,0,8,저출산/고령화대책,난임부부 울리는 虚정책  시정바랍니다.,"문 대통령님 안녕하십니까?\n저는 경기도에 사는 난임 여성 김수진입니다.  저는 안녕 못합니다. 도움이 아닌 발목 잡는 정책 때문에 말입니다.\n주체인 난임 부부의 실정은 배제된 채로, 일괄적인 난자배양 일수에 따른 개수 제한, 횟수제한, 연령제한으로만 운영되는 것이 이 나라 저출산 국가 대한민국의 난임 부부에 대한 지원 정책인 것을 문 대통령님은 알고 계십니까?\n인간 자유의 기본권리인 출산의 권리를 제한 받는 느낌을 받게 하는 이상한 정책은 조속히 시정되어야 한다고 보여집니다. 특히 난임 부부에게 두는 여러 제한: 1)난자배양일수에 따른 이식 갯수 제한, 2)연령에 대한 제한, 3)시술 횟수에 대한 제한 등은 당사자들을 두번 세번 비참하게 만들고 울리는 변태된 정책임을 꼬집고 싶습니다.\n제 이야기를 해보겠습니다. 저는 올해 33세 입니다, 결혼은 9년차,  자연유산 7회( 절박유산 2회, 계류유산 3회, 불완전 유산 2회) 를 경험하였습니다. 불임 난임센터에서 습관성유산 치료와 병행으로 자연임신 및 시험관 아기를 시도한 것도 이젠 5년째로 접어듭니다.  결과는 아직 슬하에 아이는 없습니다. 아이를 원하는 건 자의적인 선택인 만큼, 엄마가 되고 아빠가 되는 행복을 포기할 수 없어 저와 저의 남편은 이번 달에도 병원에 갑니다.\n그런데 말입니다, 나라에서는 분명히 난임 부부 시술 의료보험 적용정책을 시행 하였는데 왜 저는 울고 힘들고 해야 합니까? 기분 나쁘고 비참하고 억울하고 내지는 참담합니다. 본디 환자의 컨디션과 실정에 맞게 운영되어야 하는 것이 이로운 정책이 아닌가요?\n3일 배양은 2개, 5일 배양은 1개, 35세 미만이라 1개, 보험적용 횟수를 다 사용하지 않았기에 1개... 의사 선생님들도 어이없는 정책이라고 합니다. 알 수 없는 이유에서의 습관성 유산, 염색체 이상 등은 배양된 난자 1개를 사용하면 시술한 의미가 무색해 집니다. 심신상으로 이미 충분히 힘든 난임 여성, 난임 부부에게 왜 이런 이야기를 구차하게 기술하여 청원서를 제출할 수밖에 없게 만드는지?  보건복지부와 건강보험심사평가원에서는 반성하기 바랍니다. 환자의 사정을 이야기하고 현재의 정책의 문제가 있다고 환자와 병원 측에서 이야기를 해도 서로 보건복지부 관할이니 심평원 소관이니 하면서, 탁구공 튕기기만 하고 계시십니다.\n문 대통령님! 난임 부부 의료보험 적용 정책을 인도적이고 인간적으로, 실정에 맞게 펼쳐주세요!\n*배양된 난자의 배양 일수와 상관 없이 몇 개를 사용하던 환자 자의의 마음으로 결정할 수 있게 정책을 시정해 주십시오.\n10월 난임 부부 시술비용 의료보험적용 이전에 35세 미만이어서 5일 배아 1개만 지원으로 가능하다고 하더군요. 누누이 얘기하지만 병명, 유산횟수 등이 그냥 존재하는 것이 아닙니다. 이식 배아 갯수를 의식할 수밖에 없게 만드는 환자의 데이터 입니다. 결국 저희는 지원을 포기하고 자비로 원하는 만큼의 배아로 시술에 임하였습니다. 그렇게 진행 되어도 임신은 아직 저에게 먼 산길로 남아있습니다.\n10월 이후인 지금은 35세 미만이어서 5일 배양 1개, 3일 배양 2개 가능하다고 하네요. 이번에도 지원은 포기하고 자의로 진행하려고 하였더니 의료보험에서 지원하는 횟수를 다 사용하기 전에는 안 된다고 합니다.\n독재 국가도 아니고, 아이를 낳아서 나라에서 키워주는 것도 아니고, 저의 배아로 제가 본인의 비용으로 진행하겠다고 하는데 도대체 왜 안 된다고 하는 겁니까?\n문 대통령님, 저는 임신과 출산은 자유의 기본 권리 중 하나라고 생각되는데, 대통령님은 현재 시행되고 있는 배아 일수에 따른 이식 갯수 제한이 아예 기본권 시도를 막는 것이라고 보여지지 않으십니까?\n*연령에 따른 차별 정책을 폐지해 주십시오.\n저의 경우 33세, 유산 7회, 난임 불임치료 5년, 시술 횟수 2회, 제가 경험한 아픔과 고통은 나이가 어리다고 그 총량이 줄어든다거나, 나이가 어려서 행복한 순간이 빨리 쉽게 찾아온다 거나 하지 않았는데 저는 역차별을 받고 있었습니다.\n상 하한선을 지정하지 않아도 자의적인 판단과 인간의 생리나이가 알아서 이끌어주는 문제라고 생각됩니다.\n*제대로 된 경제적인 지원을 해주십시오.\n2017년 10월 이전에 난임 부부에 대해서 소득수준에 따른 차등 지원정책을 시행하였습니다. 저희는 맞벌이 부부라 최소지원 그룹에 해당되었고, 배아 개수, 나이제한 등 문제로 지원을 포기하고 자비로 시술을 진행하였습니다. 당시 그런 결정을 할 수 있었던 것은 최소지원그룹이라 배아이식 시술 지원금이 30만원 안팎이었기에 기회비용을 치르더라도 저희 부부는 자율성을 선택하였습니다.\n결론은, 지원을 받던, 받지 않았던 경제적으로 힘든 건 차이가 없다는 것입니다. 난소 채취 전 호르몬제 복용과 주사비용, 난소 채취 비용, 채취 후 부작용에 따른 진료 비용, 배아 생성 개수에 따른 보관비용, 배아이식과 착상을 돕는 호르몬제와 주사비용, 배아이식 비용 등 이는 시기별로 진행되는 시험관 절차이고 지출이 정해진 일목요연한 과정일터인데 정부 지원은 이런 목록에 들어가는 실 비용 산출이 아예 잘못 되었고 턱없이 부족하게 산출 되었다는 것입니다. 한마디로 소리만 요란한 지원정책이고 껍데기 정책이었습니다.\n불임, 난임으로 확정 받고 센터 도움으로 자연임신을 시도하는 경우 거의 대부분이 선택진료입니다. 저의 경험으로 최소 500만원 이상이었습니다. 고로, 인공수정, 시험관아기 시술 지원에만 국한 되어있는 불임, 난임 부부의 지원 이 또한 허입니다.\n이 자리를 빌어 청와대, 보건복지부, 심평원에서는 저 출산 문제, 난임 불임문제를 정확히 인식하고, 제대로 대처하고 지원하여 국민의 혈세 국민들이 필요로 하는 곳에서 잘 사용될 수있게 조치하시기 바랍니다.\n문 대통령님, 누가 건드리지 않아도 난임 여성인 저는 아픕니다. 국민에 의한, 국민을 위한 정책을 펼쳐주십시오. 차별 주고, 아픔 주려고 정책을 펼친 거 아니라면 이제 좀 국민의 눈물 닦아주십시오."
373510,2018-09-09,2018-10-09,0,1,행정,계약직 담임을 고3담임 시켜서 발생한 사고,"2018학년도 인천**고등학교 3학년 2반 담임 ** 선생님은 계약직인데 고3담임을 맡았습니다 인생의 중요한 갈림길에 선 고3 수험생에게 계약직 담임을 붙이는 건 말이 안되는 일이 아닌가 싶습니다\n그 계약직 선생님이 고3담임이라는 몰상식한 사실보다도 더 몰상식한 것은 그동안 저희 반에 있었던 일들입니다\n학생들에게 각종 ㅆ이 들어가는 욕설, 학생들에게 부모님 욕을 하고 비난합니다.\n게다가 수시상담카드를 선생님께 양해를 구하고 하루 정도 늦게 내겠다고 했습니다. 그리고 대학을 알아보려고 선생님이 가지고 계신 프로그램으로 내신산출을 해달라고 요청했더니 너가 제출을 늦게 하니 나도 늦게 알려주겠다 라고 하시곤 원서접수 시작 전 날인 오늘까지도 알려주지 않으셨습니다\n저희반에는 수능을 안보겠다는 몇몇 아이들이 있습니다 그 아이들이 수능을 안보겠다하니 따로불러서 ***니 뭐니 하며 강제로 수능을 보게 시켰습니다\n그리고 제가 민원넣기 된 가장 큰 이유는 오늘 발생한 사건입니다\n9월7일 금요일 사설대학입시컨설팅을 받기 위해 교무실에 가서 제 성적표를 받고 바로 컨설팅을 받으러 갔습니다. 받은 그 성적표로 성적을 산출하여 30만원을 들여 대학리스트를 뽑았습니다.그 과정이 2일이 걸렸습니다. 그리고 이틀 후 컨설팅 업체에 제출했던 성적표를 다시 받아 집에와서 봤더니 그 성적표는 23번 이xx이 아닌 동명이인인 22번 이xx의 성적표였습니다. 그 당시 반에 동명이인이 있음에도 불구하고 번호를 제대로 확인하지 않은 본인의 책임도 있기에 전화해서 상황설명을 하고 다음날 바로 제출해야 하는 수시상담카드를 조금 미룰 수 있나 여쭈었습니다. 그랬더니 사과는 커녕 자기보고 어쩌라는 것이냐, 어차피 너네 둘 성적이 크게 다르지 않으니 상관없지 않냐 , 30만원 들인 걸 어쩌라고 나한테 얘기하는 것이냐, 그래서 전화한 목적이 뭐냐, 그건 니 잘못 아니냐 등의 말을 뱉고 책임을 전가하며 제대로 된 사과는 단 한마디도 하지 않았습니다 심지어 바로 다음날이 수시원서 접수 시작일이고 다시 컨설팅을 받으려면 이틀을 또 기다려야 합니다. 이외에도 계약직 선생님을 고3담임으로 채용해서 발생한 문제가 한 두가지가 아닙니다. 인천**고등학교 3학년 2반 ** 선생님에게 책임을 물고 이와 같은 피해자들이 나오지 않도록 교직에서 박탈시켜야 합니다\n[본 게시물의 일부 내용이 국민 청원 요건에 위배되어 관리자에 의해 수정되었습니다]"
235388,2018-05-17,2018-06-16,0,93,반려동물,잔인한 개도축 및 식용을 금지해주세요.,문재인 대통령님\n작은 생명이 존중받지 못하는 나라는\n사람 또한 살 수 없습니다. 아직 전국에 몇 천개에 달하는 개식육농장 및 번식농장.. 하루에도 잔인하게 비상식적으로 도축되며 뜬장에서 오물이 묻은 몸으로 그 모습을 보며 고통에 울부짖고 있습니다.\n어제 오늘 시위하는 육견단체들의 행위만 봐도\n그동안 어떻게 도축을 해왔을지 어떻게 동물을 취급해 왔을지 상상이 됩니다.\n제발 동물보호법 개정해주세요
218301,2018-05-01,2018-05-31,0,3,저출산/고령화대책,국민연금 40년 채울 수 있도록 추납 만 18세 부터,국민연금 40년 채울 수 있도록 추납 만 18세 부터\n국민연금 40년을 채워야 소득대체율 40%를 달성할 수 있다고 합니다.\n그렇다면 만 18세부터 국민연금을 납부하여야 합니다.\n국민연금을 30살에 가입하여서 최대 30년을 납부히였다면\n지금이라도 나머지 10년치 국민연금을 추납할 수 있도록\n추납인정 기간을\n국민연금 가입 이후가 아니라\n만 18세 이후의 기간으로 바꿔주시기 바랍니다.
136326,2018-02-11,2018-03-13,0,6,외교/통일/국방,전세계 올림픽 개막식 해설 조사,"국가를 넘어 세계인이 하나가 되는 동계올림픽 개막식을 아름답게 만든 조직위에게 감사인사드립니다.\n하지만 올림픽주관방송사인 미국 NBC에서 개막식도중 한국에 대한 부적절하고 날조된 정보를 수백만이 보는 미국 TV에 알렸습니다.\n(http://m.news.naver.com/read.nhn?mode=LSD&mid=sec&sid1=104&oid=001&aid=0009879569)\n뿐만아니라 프랑스방송사의 올림픽  개막식 해설도중에도 우리역사에 대해 부정확한 정보를 전달했다는 소식이 있습니다.\n백날 세계적행사를 멋지고 잘 치루어봤자, 해설이 우리나라에 대한 잘못된 정보를 각각의 나라에 전달한다면 이런 행사는 국가이미지에 도움이 전혀 되지 않고 국가이미지만 실추시킬것입니다.\n따라서 저는 외교부가 각 국가의 개막식이라도 조사하여 부정확한 팩트 혹은 역사적 날조를 한 방송사를 찾아, 명예훼손, 국가이미지날조와 같은 이유로 법적조치를 강력하게 취하기를 주장하는 바 입니다."
291369,2018-06-30,2018-07-30,0,1,농산어촌,카바이트   폭음기,조류퇴치  폭음기로 인하여\n매년 소음에 시달리는 사람  임니다\n폭음기 사용 가이더  라인이 필요합니다\n법적으로  하자없다고 시도때도 없이\n폭발음을 발생 합니다.
262868,2018-06-05,2018-07-05,0,2,일자리,방송대 로스쿨 설치를 청원합니다.,사시폐지와\n경제적 어려움으로\n공정한 법조인꿈을 포기하지 않게\n연 1만명 규모로\n방송대 로스쿨 설치를 청원합니다.
107141,2018-01-21,2018-02-20,0,35,반려동물,모든 개와 고양이를 개식용 산업으로부터 보호할 것을 한국 정부에 촉구합니다,"친애하는 문재인 대통령과 한국 정부에 드립니다.\n저는 한국의 개식용 산업 안에서 각종 학대의 상황에 놓여있는 수백만 마리 개들의 복지에 대해 우려하며, 이들을 보호하기 위한 조치를 취해 줄 것을 정중히 촉구하기 위해  본 서안을 보냅니다.\n한국은 식용견들을 대규모 공장식 농장에서 사육하는 세계 유일의 나라로 알려져 있습니다. 연간 250만 마리 이상의 개들이 오직 일부 시민의 ‘별미 요리’가 되기 위해 잔인한 삶을 인내하다 가장 고통스러운 방법으로 죽음을 맞고 있습니다. 이 개들은 좁디 좁은 뜬장(분변처리가 용이하도록 제작된 특수한 형태의 케이지)에 갇혀, 극한의 환경 요소에 대한 어떠한 보호조치도 받지 못하며 고통속에서 살아갑니다. 심지어 이 개들은 땅 한번을 못 디뎌보고 제대로 다리를 뻗기도 힘든 환경 속에서 살아가기도 합니다. 자해나 싸움에 의한 신체적 상해는 일상이며, 질병으로 인한 죽음과 배고픔이 만연되어 있고, 농장의 어두운 삶을 견뎌낸 개들은 결국 고통과 공포 속에서 도살되고 맙니다. 게다가 농장에서 개들을 살아남게 하기 위해 남용되는 항생제는 인간의 건강에도 치명적 위험을 부과하고 있습니다.\n아시아 전역에서는 점점 더 많은 국가와 지역이 개식용이 인간 건강에 부과하는 위험과 반려동물로서 개들의 특별한 역할 그리고 동물보호에 대한 인식의 확대 등에 근거하여 개식용과 개고기 거래를 금지하고 있는 추세입니다.\n한국에서도 반려동물 문화가 급속히 향상되고 있고 이에 따라 동물을 학대로부터 책임 있게 보호하기 위한 적절한 입법이 요구되고 있습니다. 전세계를 통틀어 개들은 학교와 병원에서 인간의 치료 보조활동을 하고 있고, 우리의 안전을 위해 군견이나 경찰견으로서 사역하며 인간을 충성스럽게 돕고 있습니다. 개농장의 개들도 충성스럽고 사랑스럽긴 매한가지입니다. 개식용 산업은 이런 특별한 유대에 대한 전면적 배신입니다. 동물복지와 인간 건강 피해 우려로 인해 한국에서도 이 잔인한 산업에 대한 반대 여론이 증가하고 있습니다. 한국 정부에서 이 극도로 잔인한 산업으로부터 모든 개와 고양이를 보호하기 위한 행동을 취한다면, 한국 내에서 뿐 아리나 세계적으로도 환영 받고 축하 받을 것입니다.\n한국은 개고기를 위해 개들을 개농장에서 집중 사육·번식시키는 세계 유일의 국가입니다. 전국적으로 수천개의 ‘식용견’ 농장에서는 해마다 250만 마리로 추정되는 개들을 사육하고 있습니다. 분변처리가 용이한 ‘뜬장’이라 불리는 케이지 하나에는 수많은 개들이 갇혀 한겨울 혹한과 한여름 혹서에 고스란히 방치된 채 사육됩니다. 이곳에서 개들은 끊임없는 두려움과 공포, 무료함, 배고픔과 질병을 견디며 살아가고 있으며 그들의 정신적 고통은 종종 자해와 같은 정형행동과 철저한 정신적 파괴를 초래합니다. 살아남은 개들을 기다리는 것은 재래시장 혹은 도살장에서의 잔인하고 폭력적인 죽음뿐입니다.\n대부분의 한국 사람들이 개고기를 주기적으로 섭취하는 것은 아니며, 대부분의 대중에게 개라는 동물은 음식이 아닌 반려동물로서 여겨지고 있습니다. 또한 모든 개들이 학대의 상황으로부터 보호되어야 한다고 인식이 바뀌고 있습니다.\n휴메인 소사이어티 인터내셔널와 카라는 한국 개식용 산업의 학대성을 드러내고, 대중 인식과 정치 의식을 고양시키며, 개식용의 단계적 철폐 지원을 확대함으로써 한국 개식용 산업의 종식에 이바지하고 있습니다. 개식용 산업의 종식을 위해서는 ‘모든 개’들이 반려동물로 간주되어 모든 학대로부터 보호되어야 한다는 법적 인지가 첫 단계일 것입니다.\n저는 한국의 동물보호법 강화를 위한 법 개정을 환영하며, 모든 개와 고양이를 그들의 품종 혹은 태어난 장소와 무관하게 반려동물로서 인정하고, 법적 금지를 통해 음식 또는 기타 인간의 소비를 위한 도살로부터 그들을 온전히 보호할 수 있는 법률의 제정을 모든 개들을 대신하여 촉구하는 바입니다."
381624,2018-09-15,2018-10-15,0,964,교통/건축/국토,부동산 시장가격 교란행위 근절 및 국토부 실거래가 시스템 혁신,"정부에서는 연일 급등하는 부동산 가격으로 인해, 최근에 일부 입주민 및 커뮤니티 회원들을 대상으로\n가격 담합 행위를 조사한다는 뉴스를 많이 접하였습니다.\n아주 잘 한 일이며, 끝까지 추적해서 조사해야하며, 잘못이 있다면 철저한 법 적용을 바랍니다.\n이와 더불어 아래와 같이 두가지 청원을 드립니다.\n첫째\n주민들의 가격 담합행위 조사와 동시에 공인중개사들의 시장가격 교란 행위도 철저히 조사하고,\n책임이 있다면 엄중한 법 집행을 하고, 아울러 제도 개선을 청원 드립니다.\n최근 제가 경험한 일부 사례는 아래와 같습니다.\n- 국토부 실거래가 등재가 늦은 점을 악용해 과거 거래 가격을 마치 현재 시세 인양 매도자에게 거짓 가격\n정보 제공.\n- 최근 거래된 가격은 철저히 숨기고 저가 매도 유도\n- 부동산 포탈에 허위 미끼 매물 등록\n- 어느 한 공인중개사에서 가장 최근에 거래된 실거래가 기준으로 포탈에 정상 매물을 등재하면 지역내\n다른 공인중개사들의 집단 항의 및 업무 방해.\n공인 중개사는 우월적 가격 정보를 독점하고 있습니다.\n이것을 악용해서 시장 가격을 교란시키는 행위는 어느 특정 지역에만 국한된 문제가 아닙니다.\n단순히 공인중개사의 직업윤리 문제를 떠나서, 이러한 관행이 매수자와 매도자 모두에게 심리적 불안감을\n조성하고, 급기야 부동산 가격 출렁임에도 일정부분 원인 제공을 한다고 볼 수 있습니다.\n두번째\n국토부 실거래가 시스템은 즉시성 및 투명성을 제공하는 방향으로 대폭 개선되어야 합니다.\n9.13 대책에 의하면 현행 60일 이내 등재를 30일 이내로 개선하겠다고 하였지만,\n이것으로 과연 얼마나 효과가 있을지 의문입니다.\n최대한 앞당겨서 계약 당일 등재를 권고하고, 이틀내 등재를 의무화 할 수 있도록 개선되어야 하며,\n또한 허위 가격을 등재할 경우 시장가격 교란 행위로 엄중한 책임을 물어야 합니다.\n국토부 실거래가는 매수자와 매도자 모두에게 개별 부동산에 대한 시장 가치를 정확히 평가하고\n판단할 수 있는 공신력 있는 시스템으로 개선되어야 합니다.\n어제의 매수자는 오늘의 매도자가 될 수도 있고, 또 오늘의 매도자는 내일의 매수자가 될 수도 있습니다.\n어느 한쪽의 유불리를 떠나, 부동산 거래의 공정하고, 투명하고, 즉시성이 보장된 시스템과 Rule을 만들어\n주는 것은 국가의 의무입니다.\n이러한 기반 위에 정책과 대책이 투입되어야 약발이 먹힐 수 있다고 봅니다.\n유독 부동산 거래는 기회도 평등하지 않고, 과정도 공정하지 않습니다.\n그래서 정의롭지 못한 결과에 국민 모두가 불편해 하는 것 같습니다."
141323,2018-02-17,2018-03-19,0,6,성장동력,◇◇버스 전용차로 폐지를 청원 합니다◇◇,"우리나라에 버스 전용차로제를 도입 한 것 이 1993년 정도이니 벌써 약25년 전 입니다.\n자동차를 운행 하다보면 이건 형평성에 문제가 있다는 생각을 합니다.\n특히 명절이나 휴가철이면 차량이 막혀서 거북이 운행 하고 있는데\n전용차선은 텅텅 비여 있습니다. 누굴 위하여 비워 놓아야 합니까?\n가끔 다니는 차는 사람 몇 태우지 않은 버스나 승합차이고 일반 차량은 단속 대상입니다.\n숭용차나 버스를 탄 승객이나 바쁘긴 마찬가지며 도로를 차지 하는비율 역시 다르지 않습니다.\n10명 태우고 운행하는 버스의 도로 점용 비율이나, 3명씩 태우고 운행 하는 승용차 3대의 도로 점용 비율이\n크게 다르지 않는데 왜 버스에게 특혜를 줘야 합니까?\n생각 하기에 따라서는 오히려 대중 교통의 역활은 버스보다 승용차가 더 하지 않습니까?\n시대의 변화에 따라 이제는 구 시대적 발상에서 나온 버스전용차로는 없어야 한다고 생각 합니다.\n원활한 교통 흐름의 주범인 버스 전용차로 폐지를 강력히 주장 합니다."
39303,2017-11-11,2017-12-11,0,4,인권/성평등,저는 현재 이대부속고등학교 3학년에 재학중인 학생 공윤환입니다 제가 잃어버린것을 되잧아올수 있도록 여러분이 도와주세요...,"저는 이대부속고등학교에 다니고 있는 공윤환입니다. 제가 노00을 처음 만난 건 청운중에 입학해서입니다.\n현재 서울 용산고등학교 재학중인(노00 외 서울 경복고등학교 재학중인 김00,김00,성00같은학교인 유00,채00)5명은 그 이후 6년 동안 저를 쫒아다니며 폭행, 협박, 금품갈취를 일삼으며 저를 괴롭혀왔습니다. 제가 선천성 심장병으로 몸이 약했기 때문입니다. 그런데 가해자들에게 시달리느라 성장해야 할 나이에 성장하지 못한 것은 물론이고 신장기능까지 모두 망가져 혈액 투석을 해야 하는데 심장도 좋지 않아 그나마도 여의치 않은 상태입니다.\n사건은 해결되지 않고 있습니다.\n이유는 증거가 소멸되어 찾기 어려운데다 가해자가 자신의 얼굴이 나와 있는데도 자신이 아니라고 우기는데다 가해자 중 김00의 아버지가 전정부 청와대 행정관으로 경찰서에 전화해서 왜 수사를 하냐고 압력성전화를 하셨다고 들었습니다.또한 소년법 때문에 더이상 수사도 지체가 되고있는상황입니다... 노00은 당시 청운중에서 아이들이 정말많이 따랏고\n일짱이란 말까지 나올정도로 그아이의 말이 법인것처럼 행동하였고 노00은 그것을 이용하다시피 이상한 소문을내어 저를 이상한 아이로 만들었습니다 그 소문은 돈을 자기가 뺏은것이 아닌 공윤환이 돈을 뿌리고 다녔다 소문을 내어 모든아이들이 그말을 믿고 저는 왕따가 되었습니다.. 전 정말 억울하였습니다...또한 가해자들은 저를 무고죄를 고소하였습니다. 하지만 피해자 공윤환에게 무고죄가 성립되지 않는다는 결론이 났습니다 그럼에도 불구하고 가해자들은 자신들의 죄를 인정하지 않고 있습니다\n저는 지금 외상후스트레스장애와 수면장애, 우울증 등 정신적으로 심각한 상태이고 밤이 무섭습니다. 잠들기가 무서울 정도로 악몽을 꾸기 때문입니다. 저는\n지금 절박합니다.저는 사실 지금도 그 아이의 보복이 두렵습니다 왜냐하면 제가중학교때 한번 신고를 하엿는데 그당시에는 저를괴롭히지않았습니다 하지만 사건이 끝나자 노00은 다시저를 괴롭혔고 이번에도 그럴까 무섭지만 저는 저가 잃어버린것을 되찾고싶습니다\n저에게 6년을, 신장을, 건강을 돌려주세요. 또소년법을 폐지시켜주세요. 간곡히 부탁드립니다. 대통령님 꼭 들어주세요"
485549,2019-01-02,2019-02-01,0,0,인권/성평등,로스트 아크 서버 확충 문제,"로스트 아크 기에나 서버의 계정이 생성이 불가 합니다.\n국민이 원하는 서버에 원하는 캐릭터를 만들어서 원하는 게임을 할 수 있는 기본권을 침해 당한 것 같습니다.\n문재인 대통령님은 빨리 로스트아크 기에나 서버의 계정생성 인원을 확충 시켜주시기 바랍니다...!!\n로스트 아크 기에나 서버에서 계정을 만들지를 못해서 둠해머 길드에 가입도 못하고,\n제가 행복해질 수 있는 기본권리를 박탈 당한 것 같아서 너무 불편하네요.\n사람이 먼저다..!!! 문재인 대통령님\n스마일 게이트를 조져서 제발 서버내 계정 생성 인원 좀 늘려주세요"
512395,2019-01-30,2019-03-01,0,238,반려동물,반려동물로 인한 유기동물 언제까지 방관만 하실건가요?,"반려동물 천만시대니 뭐니 해도 국민들의 의식 수준은 그저 귀여운 장난감 수준인가봅니다.\n한해 유기되는 동물이 10만마리가 넘는다는 뉴스를 명절 또는 휴가철에 자주 듣곤 합니다.\n유기 또는 학대 및 살해를 해도 처벌이 솜방망이니 지금의 현실은 나아지지 않겠죠.\n반려동물을 너무 쉽게 사고 팔수 있는것  동물이라 하더라고 생명체인데 너무 쉽게 생각해서\n키우고 버리는게 말이 되는지 묻고 싶습니다.\n동물 학대는 반드시 동물로 끝나지 않습니다.\n키우다 버려지는 개와 고양이로 인한 주민들간의 갈등은 나몰라라 방관만 하는 정부에게 부탁합니다.\n법이 강력해야 반려동물 키울때 조금이나마 신중하게 접근할거라 생각됩니다.\n요즘은 반려동물중에 고양이가 증가해 도시에 길고양이 숫자가 많아졌습니다.\n길고양이 밥주고 TNR 시켜주는 캣맘,캣대디와 주민과의 갈등 어떤 분은 살해 협박도 받았다고 합니다.\n쥐와 길고양이 유기견 모두 사람사는 도시에 없으면 사람이야 좋겠지만 그 길거리의 동물은 누가 만들었나요?\n동물은 사람이 필요해서 곁에 두고 필요 없으면 버리는 물건이 아닙니다.\n길고양이 밥주는 사람과 그걸 반대하고 학대 살해하는 사람들의 사이에서 방관만 하지 말고\n어떤 선택이든 하셔서 법으로 정해주셨으면 합니다.\nTNR만 하면  할일 다했다고 생각하지 마시고 국민들의 의식개선 캠패인이라도 하시는게 어떨까요?\nTNR이 뭔지도 모르는 사람들이 대다수인데 TNR을 시켜서 뭐하겠습니까?\n길에 있는 작은 생명일지라도 같이 살아갈수 있도록 법개정 부탁드립니다."
60172,2017-12-06,2018-01-05,0,6,경제민주화,사행산업 매출총량제 폐지해주세요!!,우리나라는 자체 자원이 많이 없어 각종 문화/관광 및 수출을 통해 나라의 수익창출을 해야 하는 입장인데\n각종 규제와 제도 때문에 갈수록 다른 나라와의 경쟁에서 밀리고 있습니다. 이에 불필요한 제도나 규제를\n하루빨리 개선및 폐지하는것이 옮다고 생각하여 청원합니다!!!
325016,2018-07-31,2018-08-30,0,16,문화/예술/체육/언론,연예인 자녀 방송출연 자제,"현재 방송프로그램을 보면 연예인 자녀 출연하는 방송을 자주 접하게 됩니다.\n짧게 설명 드리자면 이런 연예인 자녀 때문에 정상적으로 방송쪽일을 하고싶어서 노력하는 사람\n오디션도 보지않고 방송에 연예인 부모의 이름을 등지고 나와서 이렇게 노력하고 정상적인 코스를 밟고 입문하는 사람들에게 허탈감을 주고 그사람들의 일자리를 빼았는 겪이지 않을까요?\n예를 들어 방송인 자녀가 랩을 하고 노래를 부르면 지인의 아들,딸이기에 전문가들은 잘하네~,가능성있겠어~이런 식으로 일반사람이 접근할 수 없는 그런상황을 만들면서 성실하게 준비하는 연습생등에게 아무리 자본주의 사회라 하지만 너무 불공평하지 않나요?\n그런자리는 굳이 방송에 나와서까지 표출을 해야 하는지..그냥 그런건 다른사람 자리 뺐지말고 개인적으로 부탁을 하든지...방송에 나와 합리화를 시켜 은근살짝 방송계에 입문시키고 그걸 다른말로 부모에 피를 물려 받았네등등 이런 헛소리좀 안하게 해주십시요~~~"
283238,2018-06-24,2018-07-24,0,36,미래,제발 조두순에게 무기징역을 선고하여주세요,"저는 2020년에 중학교3학년이 돼는 중학교1학년입니다.\n2020년 12월에 출소하는 조두순에게 무기징역을 선고하여주세요.\n조두순은 성폭력 범죄자이며 한 때 대한민국을 떠들썩하게한 성폭력 범죄자였습니다.\n2020년에 학생들은 두렵고 무서움에 떨고있겠죠\n저도 마찬가지로 불안합니다.\n아직 2년이나 남았는데 말이죠\n조두순은 2년밖에 남지않았다고 생각하겠죠\n출소하면 바로 그 피해자에게 가서 다시 성폭력하겠다고\n검거되었을 당시 조두순이 이렇게 말을 하였습니다.\n조두순의 집은 인천입니다.\n인천에 사는 학생들 뿐만아니라 성인,그리고 다른 지역에 사는 여성들도 매우 불안해하고 무서워하고있습니다.\n제가 청원을 하는이유는 제가 무섭기도하며\n다른여성들에게 피해를 주고싶지않은 이유도있지만\n제일 큰 이유는 자신의 딸이 조두순에게 성폭력을 당해\n죽을 위기에 처한다고 생각하면 이렇게 조두순을 출소할때까지 가만히 있지않겠죠 , 이 사실 하나만 알고있길 바라는 마음에 이렇게 간절하게 청원해봅니다.\n제발 조두순에게 무기징역을 선고하여주세요."
458861,2018-12-03,2019-01-02,0,2,농산어촌,농협중앙회를 개혁해야 합니다,농협중앙회를 개혁해야 합니다 농협중앙회를 지방으로 이전하고 단위농협의 수를 반으로 줄여야 합니다  적자상태의 단위농협이 너무많습니다  철저하게  외부감사를 하여 퇴출및합병을통해서 단위농협의 경쟁력을 높이기 위해 노력해야 합니다  선거제도의 모순 때문에 개혁이 이루워지지 못하고 있습니다
466691,2018-12-11,2019-01-10,0,9,행정,국회의원 에 가는 돈 행정부 관리 요청 한다,년봉 을 1억 4천 이 넘는 많은 금액 을 받고 있는 국회의원 이란 자들이 이것도 모자란지\n본인 들 마음 대로\n세비 를 1.8% 인상  해 놓고\n여론 이 나쁘니 돌려 준다고 하는 데\n여론 이 잠잠 해 지면 받으려는 수작 으로 보이는데\n세비 인상\n자체 를 없애야 한다고 보며\n자신 들의 연금 도 만들어 놓았다 하며\n특수 활동비 만들어 영수증 도 없이 마음 대로 가져다 쓰고 있으며\n피감 기관 의 돈으로 해외 여행 이나 다녀 오고\n기회 만 있으면 혈세 를 가져다 쓰려고 하는데\n행정부 소속 으로\n국회의원 에게 가는 모든 돈 관리 하는 부서 있어야 한다고 봅니다\n인간 은 누구나\n돈 에 대한 욕심 은 항상 있는  겁니다\n어찌 본인  의 인건비 를\n본인  들이 책정 할수 있다는 것 인가요\n국회의원 들만 이 누릴수 있는 대단한 특혜 를 부여 한 것 입니다\n돈 으로 부터 정직 해야 국가 도 발전 할수 있다고 봅니다\n국회의원 에게 가는 모든 돈 관리 하는 부서 있어야 한다고  요청 하는 바 입니다
5659,2017-09-05,2017-12-04,0,2,육아/교육,소년법 폐지,"잔인한 청소년 사건들 보면서 5살 딸아이를 키우면서 앞으로 학교보낼생각에 너무 암담합니다.대한민국 우리나라에서 과연 행복하게 아이를 키울수 있을까,,소년법은 폐지되어야합니다"
373726,2018-09-10,2018-10-10,0,21,반려동물,개 고양이 식용금지 합법화 해주세요,전 어릴때 부터 마음의 병이 있습니다\n제가 키우던 사랑하고 의지하던 동물들을 눈앞에서 잃어야했으니까요. 그때의 아픔이 병이 되어 하루하루 고통속에 살고있어요\n제발 동물보호법 강화해주시고\n우리 바로 옆에서 지켜주고 가족이 되어주는 제일 가까운 동물인 개와 고양이 식용금지 합법화해주세요\n눈물로 호소합니다
32930,2017-11-11,2017-12-11,0,0,정치개혁,이명박 출국금지...,이번아니면 안됩니다 출국금지 시켜주세요..
369835,2018-09-07,2018-10-07,0,1,저출산/고령화대책,인구쇼크   이민정책을 어떻게 생각하는지 넘 문재인대통령님생각듣고싶다 ㅋ,인구쇼크. 이민정책전환을히셔서. 이민개방적으로 받아들여야합니다. 그리고.  일본과. 관련된 기사좀 봐주세요 문재인대통령님 일본도. 인구가 부족해서. 외국인대폭. 허용하고 있습니다.  우리나라도.어느분야가 부족한지 보고 외국인을 허용하는. 이민을받아들여야합니다. 문재인대통령님. 청원게시판좀 봐주세요.   이글을보고. 문재인대통령님이 어떡해 생각하는지 한번 듣고싶습니다 이민정책 관해서.   그리고 아베총리는 외국인 허용 적극적으로 하십니다  우리나라도. 이렇게 해주셔야지 되지 않나요. 어떡해 생각하시는지 꼭 듣고싶습니다.   어떡해 생각하시는지 발표라도 해주셨으면.적극적으로. 외국인허용을
407839,2018-10-16,2018-11-15,0,1,안전/환경,나이에따른 형량결정XXX  죄질에따른 형량결정OOO,"나이가 어리다는 이유로 처벌을 가볍게 받는건 정말 말이 안되는거 같아요\n나이가 어려서 보호하는 이유가 뭔가요 아직 사리판단이 미숙할 나이고 개선의 여지가 많다는것인가요?\n사리판단이 미숙한 사람은 나이가 든다고 갑자기 사리판단이 명확해지지 않습니다. 다들 아시지않습니까?\n살면서 여러경험들을 통해 알아가는것이지 나이든다고 저절로 어른이 되지는 않지않습니까\n그렇다면 사리판단이 미숙한 어른들도 다들 가볍게 처벌하는게 맞고 그럴경우 처벌할사람이 거의 남아나질 않겠죠\n그러므로 나이에 따른 처벌과 형량결정이 아니라 죄질에 따른 처벌과 형량결정이 이루어져야 합니다\n법을 고쳐서라도 그렇게 해야합니다\n아니 어떻게 살인,강도,강간,집단린치,유괴납치 이런범죄를 저지른 자들이 다수의 선량한 아이들과동급으로 보나요\n그들은 그냥 흉악무도한 범죄자일뿐입니다.\n제발 법을 뜯어고쳐서 죄질에 따른 처벌이 이루어질수있도록 해주십시요"
393523,2018-09-29,2018-10-29,0,2,육아/교육,쌍둥이라고 혜택을...?,"쌍둥이로 태어나면 혜택 완전 많이 받는데 반 선택가능 왕따 당하면 반 이동 그리고 쌍둥이한테 더 잘해주는거 완전 불공평이네.....\n문재인 대통령님 일반 아이는 그냥 쌍둥이 아닌 사람으로 태어나고 싶어서 태어났나요?  아니잖아요 근데\n그렇게  혜택 받는거 억울하고 불공평하네요\n쌍둥이도 우리랑 똑같은 학생인데  적응  못 할 수도\n있는거는 다 똑같고, 반 선택 걔네만 할 수 있나요?\n저희들도 친한 애랑 하고 싶어요...\n이런 불공평, 쌍둥이 혜택을 없앨것을 청원합니다!!\n특별 지역뿐만 아닌 포항,경주,등 기타지역도 다 같이 해주시길 바랍니다. 학생이지만 부탁드립니다\n문재인 대통령님"
385106,2018-09-19,2018-10-19,0,8,교통/건축/국토,아파트 대책만 세우나 아파트 만 집이 아니다,"수억원 봉급 받으면서 대통령, 청와대비서관, 경제부총리, 국토부장관, 도지사 및 시장 등,\n아파트대책 만 세우시나요?\n아파트 만 집이 아닙니다.\n서민들이 사는 다세대주택도 집입니다.\n서민이나 20-30세대들 저렴한 다세대주택부터 보유하고 살다가\n저축하여 아파트로 넓혀가는 제도를 만들어 주어야 만이\n폭등하는 아파트 문제를 해결 할수가 있습니다.\n서민들이 보유한 다세대주택에 대해서는\n역발상으로 청약 등 인센티브를 주는 제도를 만들어야 만이\n너도 나도 아파트를 선호하는 아파트 천국 공화국 투기판에서 탈피가 가능합니다.\n로또청약을 위하여 무주택자로 수억원 수십억원 아파트에 전세 살면서  기다리는\n금수저집 자식들도 퇴치 할수가 있습니다."
507156,2019-01-25,2019-02-24,0,3,일자리,법을 만드는것보다 있는법을 지키도록하는것이 우선입니다.,"국민들과 기업들 그리고 자영업자들이 최저임금 인상으로 인해 아우성을 칩니다.\n그런데 그중에 조용히 미동도 하지않는곳이 훨씬더 많다고 생각합니다. 이미 법을 따르지 않았던곳..\n그들에게 바뀐법이 의미가 있을까요?\n어차피  확인도 안할거고 확인도 대충 관례처럼해서 모르실거잖아요\n저는 이렇게 생각합니다. 최저 임금 올라가면 물가 올라갑니다. 국민들은 지금 월급으로 먹고살기 힘드니 최저 임금 올려달라고 했는데 월급이 올랐는데 물가도올라서 내가 살수있는것은 그대로입니다.\n그런데 기업들은  이를이유로 더욱 효과적인 원가 절감 방안을 찾고 결국은 힘없는 자영업자,개인사업자,노동자들이 부작용을 떠안아야되는 상황이 온다는것입니다. 근데 여기서 중요한한가지...  법대로 했으면 그런불만은 많이 줄었을거다라는겁니다. 정말 법대로 했다면 최저임금을 올려달란 소리가 적었을것이라는거에요 실제로 주몇시간 해봐야 지키는곳 적고. 최저임금 맞춰도 근무시간중 휴식시간 지급으로 넘어가고(절대로 그시간에 쉬지 못하죠;;;꼼수일뿐) 당연히 쉬어야할 공휴일 그럼 유급휴일인데 이때 근무를 시키고 평일처럼 계산하는것, 과한 업무량과 제한시간으로 스스로 자택근무를 하게하는 등의  많은 꼼수로 넘어갑니다. 그러니 지금 중요한게 뭐겠습니까? 저렇게 하지 못하게 하는게 우선이죠 다짜고짜 임금을 올릴게 아니라...  유급휴일에 부득이하게 근무를 하게 되면 당연히 임금이 두배가 되어야하는데 왜 아니냔겁니다. 왜 정해진 시간이 지났으면 퇴근을 시켜야지 중간 애매한 휴식시간을 지정하는거에요. 왜 시간 내에못할걸 뻔히알면서 일을 마무리 지으라고 압박하고 집에서 일을 마무리하게 하는겁니까? 지금 뭐가더 중요한것 같아요?\n기업이 바보가 아닌데 임금올라가면 정부가 올리라고해서 임금 올랐으니 가격을 올리겠다하는거 아니에요? 결국 쓸데없는걸 해버린거잖아요?  있는법이나 잘지키는지 확인하고 시정 하는게 더 맞다고 봅니다. 제발  엉뚱한 남의다리 그만긁으시구요들"
107,2017-08-20,2017-09-19,0,1248,육아/교육,"이명박 정부가 만든 영어회화전문강사, 스포츠강사 폐지 촉구","이명박 정부에서는 영어회화전문강사, 스포츠 강사 제도를 만들었습니다. 영어와 체육의 몰입 교육이 필요하다는 미명 하에 만들어낸 작품이었습니다. 그리고 교육 현장에서는 피해를 고스란히 보고 있으며, 앞으로도 지속될 경우 더 큰 피해가 초래될 것입니다. 왜냐하면, 다음과 같은 문제가 있기 때문입니다.\n첫째, 정교사의 수업권 침해 문제가 발생되고 있습니다.\n영어회화전문강사와 스포츠 강사들은 정교사를 돕는 보조교사로서의 제도 개념이 아닙니다. 학교 현장에서 그들은 한 학급 학생들을 데리고 학교 학생들을 단독적으로 가르치고 있습니다. 방과 후 강사들도 단독으로 학생들을 가르치는데 무엇이 문제냐고 한다면, 방과 후 수업과 정규 수업은 선택과 의무란 차이가 있다는 것을 말씀드리고 싶습니다. 영어 교과와 체육 교과는 정부에서 만드는 교육과정에 정규 과목으로서 존재합니다. 정부와 교육가들이 정한 과목들을 학생들에게 가르치라는 뜻에서 정규 수업으로 영어와 체육을 가르치고 있습니다. 그리고 이 정규 수업은 정교사에게 가르칠 권한이 주어집니다. 그런데, 영어 교사와 체육 교사와 권한을 같게 만든 것이 이명박 정부입니다. 영어와 체육을 가르치는 교사처럼 영어회화전문강사와 스포츠 강사들은 수업을 단독으로 하고 있습니다. 무려 원어민 선생님도 정교사와 같이 코티칭을 합니다. 각종 단체 및 지역 사회에서 초청된 강사님들도 단독 수업을 할 수 없습니다. 정교사가 필요한 수업이라 생각하면, 강사님께 초청을 하고, 함께 교실에 있습니다. 그러나 이들은 다릅니다. 정교사와 권한이 같으며 더 중요한 것은 책임은 없단 사실입니다. 영어 수업에서 학생들이 영어 시간에 다퉜는데 그에 대한 잘못된 조치를 취해도, 영어를 잘못 가르쳐서 민원이 발생해도, 체육 수업에 학생들이 다쳐도 그들의 책임은 없습니다. 그 책임은 모두 그 수업에 들어가보지도 못한 다른 정교사 선생님들이 맡으며 민원을 온몸으로 감수해야 합니다. 변호사 강사라는 제도를 만들어놓고 변호사의 권한은 같이 하지만, 책임은 떠맡지 않는 것과 같은 논리입니다.\n둘째, 4차 산업혁명에 따른 초등학교 융합수업을 막아버리는 문제입니다.\n초등학교는 융합수업을 하고 있습니다. 정부의 교육과정을 교사가 창조적으로 재조합하여 수업을 구성할 수 있게 하였습니다. 예를 들어,  STEAM 교육처럼 과학과 미술을 창조해 키네틱 아트에서 전기 개념을 알고 프로젝트 학습으로 만들어보는 창의적인 수업을 현장에서 많은 선생님들이 만들어내고 있습니다. 그런데 영어회화전문강사와 스포츠강사의 수업은 이런 융합수업을 가로막는 커다란 장벽입니다. 교대생들은 자기 전공 과목과 함께 초등 과목 교육 방법을 모두 배우며, 친구들과 창의적 수업을 구성하는 연습을 4년 내내 합니다. 그럼에도 더 필요성을 느끼기에 교원 연수, 교사 공동체 등을 만들고 교대 전문성을 더 높이길 원하고 있습니다. 그런데 영어회화전문강사와 스포츠강사는 그러지 못합니다. 영어와 체육을 다른 과목과의 연계성을 부정하고 지식 위주로만 가르치는 영어회화전문강사, 스포츠 강사제도는 4차 산업 혁명을 역행하는 제도입니다. 영어회화전문강사와 스포츠강사는 다른 과목과 연계하는 교육 전문성이 처음부터 없을뿐만 아니라 융합 수업 권한도 없기 때문입니다.\n셋째, 이명박 정부의 목표가 오히려 퇴보되고 있습니다.\n사교육을 줄이고 영어와 체육 전문성을 높이기 위해 이 제도의 도입 목표입니다. 그러나 현실 학교에서는 어린이, 청소년의 발달 능력을 고려하지 못한 수업을 하고 있습니다. 체육 수업에서는 운동부 코치처럼 학생들을 대하고, 생활 지도를 몰라 체벌을 가하기도 합니다. 담임과의 연계교육도 되지 않고 있으며 학부모들은 민원을 넣지만 학교에 있는 교사들이 문제를 해결하기에는 역부족인 현실입니다.\n넷째, 학생들을 가르치는 자격 문제가 발생되고 있습니다.\n위의 모든 문제들은 교사 자격을 학원 강사처럼 생각한 문제에서 발생한 것입니다. 이들은 교육청마다 채용 과정이 모두 우후죽순이며, 알음알음 학교 지인으로 들어가는 문제가 부지기수입니다. 토익 점수가 너무 높다며 낮춰달라는 어이없는 상황도 있었습니다. 반면, 초등 교사는 4년 동안을 초등 영어 및 체육을 포함한 초등 교육에 관해 공부하고 임용 시험을 치릅니다. 이런 공정한 과정을 통과한  현직 교사들도 교육의 전문성을 더 높이기 위해 교사 양성 및 지속적인 교육 전문성 관리에 대한 투자를 더욱 원합니다.\n이를 전혀 고려하지 않고 정치에 놀아나는 교육을 원하지 않습니다.\n부디, 이명박 정부의 졸속 정책인 영어회화전문강사 및 스포츠 강사 제도 폐지를 촉구합니다."
120306,2018-01-29,2018-02-28,0,42,반려동물,길고양이 TRN 적극 지원 부탁드립니다.,"안녕하세요 날씨가 정말 많이 추운데요\n길에 사는 동물들은 어떨까요 ..\n단지 길에서 태어났다는 이유만으로 곱지않은 시선을 받고\n15년~20년 살 수 있는 동물들이 2년밖에 살지 못하고 별이 되고 있습니다.\n15년 20년 살 수 있게 케어해달라는거 아니에요\n조금이라도 편하게 살 수 있는 공간을 좀 마련해 주셨으면 좋겠어요\n지역마다 캣맘 캣대디 많습니다. 싫어하는 사람 분명히 있겠지만 점차 인식 개선이 필요하다고 생각합니다 .\n거창하게 아니더라도 건물에 하나쯤 있는 주차장크기정도 보호소 마련해주시면 그쪽에 사료, 청소, 케어 등등 은\n할 수 있는사람들이 충분히 많습니다.\n보기 싫다고 듣기 싫다고 학대하고 죽이는사람들 처벌 강하게 해주세요. 제발.\n고양이는 꺠끗한 동물입니다.\n보호소만 제대로 만들어주시면 길에서 쓰레기 봉투 뜯는일 절대 없어요.\nTRN만 적극적으로 지원해주시면 더이상 개체 수 늘어나지 않고 시끄럽게 울지도 않아요.\n집고양이들은 사람과 살고 사람들이 소통하는 수단이 말이라는 걸 알기때문에 울지만 길고양이들은 TRN해주면 절대 시끄럽게 울지 않습니다.\n제가 이 글을 쓴다고 당장 바뀌지 않겠지만 노력해주세요 .. 보호소에 기간 겨우 한달정도 정해놓고 안락사 당하는 고양이들 , 길에서 교통사고로 죽어가는 고양이들, 굶거나 얼어죽거나 학대당하고 땅에 묻혀 죽는 고양이들 좀 줄어들게 해주세요. 사람들 인식개선 조금이라도 바뀔 수 있도록 도와주세요 .\n1. TRN 지원\n2. 작은 보호소 마련\n3. 동물학대 처벌강화\n4. 동물보호소 안락사 금지 (보호소가 말만 보호소지 안락사 시키는곳 아니잖아요 . 차라리 TRN을 하고 방사해주세요. )\n5. 인식개선\n조금만 눈여겨 봐주세요. 노력해주세요. 간곡히 부탁드립니다."
108031,2018-01-22,2018-02-21,0,0,보건복지,"외과, 외상의학과 등 의대생들의 기피 전공만을 모아서 의대 정원을 증설할 것을 제안합니다.",미국의 일부 주에서는 시골 지역의 의사 부족을 해결하기 위해 해당 지역의 의대를 나올경우 장학금을 지원하거나 입학시 부터 의무적으로 몇년간 시골에서 복무하는 것을 약속하고 선발하는 제도로 가지고 있는 것으로 알고 있습니다. 현재 의대 진료과목중 인력난을 격고 있는 전공들을 입학 시 부터 따로 쿼터를 만들어서 의대 정원 증설을 원하는 학교나 신규 의대 설립에 확용하는 방안을 제안합니다. 자신의 진료 과목을 선택한 후 의무적으로 몇년간은 해당 과목에서 복무를 하게 하고 그 기간이 지나면 전과를 허용하여 직업선택의 자유와 배치되는 요소를 줄이도록 하는 것도 제도적으로 마련해 놓는다면 지금의 외과 인력난을 해소하는데 상당한 도움이 되리라 생각합니다.
470615,2018-12-16,2019-01-15,0,56,성장동력,경남제약 상폐문제 안됩니다,저는 중국관련비지니스를 하는 사람입니다.\n중국에서는 한국제품에 대한 신뢰도의 기본은 회사의 규모를 많이 따집니다.\n중국시장이 쉬울것 같지만 한국기업이 소매품을 팔기는 만만찮습니다.\n경남기업의 레모나는 그나마 중국현지에서 상당한 반응은ㅅ 일으키고 있는데 이런기업을 상장폐지시키는것은 상품이미지에 치명적입니다.\n정부가 기업을 도와주지는 못할망정 기업을 죽이는 역활을 하니 과연 촛불정부인가요?
48738,2017-11-23,2017-12-23,0,0,외교/통일/국방,국가 안보 지침이 있는지요..,우리나라는 지금 국가 안보 위협에 직면 했습니다..\n그럼에도 너무나 평온한 일상을 보내고 있습니다..\n국가 안보시설을 지금이라도 갖춰야 하는데..\n전혀 심각성을 못 느끼고 하루 하루 보내는 것이\n이상합니다..\n사이버테러를 비롯해서 언제 일어날지 모르는 테러에\n우리나라는 대비가 되어있는지 의심 스럽습니다..\n제발 소잃고 외양간 고치지말고 정부 관계자님들이\n상황의 심각함을 파악하고 빠른 조치로 국민의 안전을 지켜 주세요..
269819,2018-06-13,2018-07-13,0,30,반려동물,반려동물안락사반대,막무가내로 안락사 진행하려는 순천시청에 항의합니다
340166,2018-08-13,2018-09-12,0,25,성장동력,주변국가들이폐지하는 주휴수당 은 우리도 폐지되어야한다,주변국가들은 모두 주휴수당을폐지하고있습니다\n그런데 외 우리는 주휴수당을 고집하나요\n시급에다주휴수당을더하면 만원이넘습니다\n무노동 무임금 이 정답입니다
431551,2018-11-04,2018-12-04,0,14,일자리,화물차 번호판 회사의 횡포가 너무 심합니다,"14톤 트럭을 운전하는 6살 아들 아빠 입니다 얼마전\n제가 달고 있는 번호판 회사가 다른 회사로 매각 되었습니다. 그래서 서류를 다시 작성해야 하고 번호판을 새로운 것으로 교체 해야한다는 연락을 받고 용인에서 김제까지 화물차를 끌고 내려갔습니다. 그랬더니 오자마자  미수금(일종의 임대료)이 있다며 번호판을 교체해주지 않겠다는 겁니다 원래 달고 있는 번호판을 떼오면 주겠다고 유도 하고선 미수금을 핑계로 안주겠다고 하는 겁니다 그래서 부모님께 급하게 돈을 빌려 200만원 넘는 금액을 입금했는데 이번엔 미수금이 있었던 사람과는 계약을 못하겠다는 겁니다 처음에 미수금 때문에 번호판을 못 주겠다는 말을 듣고 약간의 언쟁이 있었지만 상대방이 어른이라서 제가 사과를 하고 정중히 말씀을 드렸지만 안주겠다는 겁니다. 사장이 말하길 그날이 금요일이었고 시간이 늦었으니 일단 집에 가고 월요일에 오면 처리해 주겠다고 하더니 하루가 지난 토요일 현재 사장이랑 싸웠다는 이유로 번호판을 안 주겠다고 직원한테 연락을 받았습니다. 화물차 기사들은 많이 서럽습니다 도로에 나가면 다른 차들이 혐오스럽게 생각하고 국가에서 각종 규제로 힘들게하고 기름값은 계속 올라서 매출의 대부분을 기름값으로 내고있고 잠을 줄여가며 밤새 일하고 일해도 돌아오는건 박봉이고 물류센터 등 짐 싣기 위해 가는 곳 마다 갑질이 만연하고, 을 중에 을인 화물차 기사들이 없다면 택배도 받지  못합니다. 마트에 물건도 없을겁니다 수출은 물론 수입도 할 수 없습니다 기사들이 사회에 끼치는 영향만큼이나 대우해주셨으면 합니다. 이들은 혐오스럽고 무서운 차를 운전하는게 아니라 국민들이 쓸 물건을 나르고 있는 중입니다 .\n글을 쓰다보니 횡설수설했네요  전 번호판이 없어서 일을 못하게 되면 길바닥에 나앉게 될 것입니다 관심 부탁드립니다"
431420,2018-11-03,2018-12-03,0,1,교통/건축/국토,빈집이 없는 대한민국이 되었으면 합니다.,현재 제 주변에서 공가가 이루어 지고 있는데 찾아보면 건설사에 의한 주민의 피해를 막을 수 없습니다. 만약에 건설사가 나가라고 협박을 한다면 나가야 된다는 입장이 되고 나가지 않는다면 거기에서 살던 주민은 범죄자가 되는 온상이 되어 도시의 슬럼화를 가속화 시키는 원인이 됩니다. 그리고 건설사의 투명화를 위해서는 매달 하였던 일에 대한 통계를 제출을 할 필요성이 있습니다. 여기서 건설사에 관련된 사람은 트위터나 페이스북을 통해서 정치적 제안을 하는데 일반인이 피해를 볼 수 있어서 건설사의 거짓말에 속아 넘어갈 수 있다는 가능성이 적지 않습니다. 여기서 베이비붐 세대나 7080 세대 또는 올해에 새로 태어나는 세대에 대한 피해를 볼 수 있다는 것 입니다.\n도시의 슬럼화가 계속적으로 불러오면 경제는 악화가 되고 상인들과 주민들에 이어서 더 많은 사람들이 피해를 보게 됩니다.\n첫번째로 볼 수 있는 것은 젠트리피케이션으로 건설사가 주변 상인들이나 주변 주민들을 불법적으로 내쫒은 행위는 적폐적 대상 입니다. 이 여파로 주변 상인들에게 영향을 끼쳐서 도시의 순환에 문제가 생깁니다.\n두번째로 슬럼화 입니다. 이 링크와 더불어서 주요 건설사들은 주민들에게 공가를 요구하는 경우가 많은데 이 경우는 도시의 슬럼화로 도시의 경제적 악화를 불러오게 됩니다.\n세번째로 건설사의 불투명한 공개 입니다. 온라인 상에서 건설사 인물로 추정되는 인물에게 물어보면 어물쩡 넘어가는 거짓말을 하는 경우가 있을 수 있는데 실제로 건설사와 마주하는 주민들은 피해를 고스란히 입습니다. 좀 더 투명한 공개 내역이 필요합니다.
25039,2017-10-31,2017-11-30,0,1,성장동력,만나뵙고 싶습니다. 문재인 대통령님.,"안녕하세요. 존경하는 문재인 대통령님. 저희는 곧 있으면 2019학년도 수험생이 될 경기창조 고등학교 2학년 학생들입니다. 먼저, 국민 청원 공간에 저희의 이러한 부탁을 드리는 것에 대해 죄송하게 생각합니다. 저희는 현재 문재인 대통령님의 안보 아래, 당장 내일이 아닌 그다음을 바라보며 진로와 미래를 위해 공부 중입니다. 더욱 나은 내일을 위해 힘쓰고 있다는 점에서 대통령님과 저희는 같은 곳을 바라보며 살아간다고 보아도 될 것입니다. 하지만 저희가 내일을 위해 힘쓸 수 있는 이유 또한 문재인 대통령님 덕분인 것을 알고 있습니다. 결코 짧지 않은 시간 동안 언론을 통해 대통령님의 언행을 봐오며, 저희는 나라를 위해 살아가는 한 사람을 존경할 수 있게 되었습니다. 그 영향은 분명 저희 세대에 좋은 영향으로 작용할 것이고, 머지않아 모두가 행복을 의무로 생각하며 살아갈 원동력이 될 것입니다. 11월 3일 금요일 12시 30분에서 1시 사이에 저희 학교 학생들은 청와대 공원을 방문할 예정입니다. 국가 안보를 위해 하루하루가 바쁘시다는 것을 알고 있지만, 이 기회를 빌려 멀리서나마 대통령님을 만나 뵐 수 있다면 저희에게는 보다 소중한 시간이 될 것입니다. 부디 시간이 되신다면 먼발치에서나마 손 흔들어 주시기를 정중히 부탁드립니다."
395099,2018-10-01,2018-10-31,0,20,성장동력,정부! 당신은 허수아비냐!(욱일기라니!!),"관함식을 포기하더라도. 정부가 손해 본다고 하더라도,\n반드시 저지해야 한다!\n미지근한 태도의 문재인 정부는 진정 대한민국의 정부인가?\n국제적인 법이니 의식이니 으례이니 그딴 거 모조리 필요없다!\n그 배가 일본 영역이라고 해도 어쩔 수가 없어!\n일본은 이미 대한민국의 국민이라면 나라로 여기지도 않는다!\n지진이나 태풍 피해도 속으로는 고소하다고 여길 것이다!\n절대적으로 마음적으로 그들을 돕고 싶은 생각은 대가리 빈 요즘의\n젊은 것들이나 그렇지, 지각있는 한국인이라면 어림 반 푼어치도 없다!\n정부는 어물쩡, 어정쩡, 어리벙벙한 짓거리는 하지 마라!\n제발, 단호하게, 목소리를 한 번만이라도 내 보아라!\n관함식 따위는 취소해도 된다!\n욱일기를 달고 오는 일본 탓이라고 외교술이라도 발휘해라!\n<그런 것도 못한다면 촛불로 당선된 당신은... 부끄러워 해라!>\n대한민국 국민은 절벽 끝으로 내몰지 마라!\n모든 분들은 자성하여 한 목소리로 당당하게 몰아내야 합니ㅏ!\n욱일기는 불 태워라---!"
380550,2018-09-14,2018-10-14,0,19,인권/성평등,<울산 성민이사건에 대한 재수사를 청원합니다. > 동의해주세요.,아래 링크글에 동의 부탁드립니다.
319664,2018-07-26,2018-08-25,0,6,저출산/고령화대책,인구를 늘리고 청년일자리를 늘리는 방법제안,"대한민국이 겪고있는 저출산과 초고령화문제는 청년및 노년층 일자리문제와 유기적으로 연결되어 있습니다.\n출산율의 저하는 크게 두가지로 볼 수 있습니다. 첫째는 60~70년대 이후로 여성들의 사회진출이 늘어남에 따라 그동안 그들이 담당해온 무임금 가사노동을 각자의 가정에서 스스로 해결 하도록 국가가 방치한 것입니다.  하지만 육아를 비롯한 가사노동의 대부분은 아직도 여성이 담당하고 있는 형편입니다. 따라서 여성은 두배의 노동을 하고 있는셈입니다. 그런상황에서 아이를 더 낳는다는것은 노동강도의 증가와 삶의 질 하락만을 의미할 뿐입니다.\n둘째는 아이를 낳고 기르는데 드는 비용을 개인이 감당하기 어렵다는데 있습니다. 부부가 힘들여 일해도 아이를 하나 더 낳을때마다 커지는 금전적 부담은 급격하게 증가합니다. 아이가 어릴때는 먹고입는것이 전부겠지만 사교육이 시작되면서 상황은 급격하게 악화됩니다. 중.고등학교, 대학교를 마칠때까지 혹은 결혼하기전까지 자식은 부모와 같이 머물게 됩니다. 그때까지 들어갈 비용의 총액은 너무나 큰 금액이고 아무리 줄인다고해도 부부의 노후는 책임질 수없는 상황이 되고맙니다.\n그래서 제안합니다.\nㅡㅡㅡㅡㅡㅡㅡㅡㅡㅡㅡㅡㅡㅡ\n1. 한 아이를 출산할때마다 월 100만원씩 20년간 지급해주십시오.\n이렇게 되면 여성은 가정에서 육아를 비롯한 가사일을 급여를 받으면서 할 수 있게되고 아이를 낳을수록 이익이되니 임신가능한 직장여성들에게 육아와 가사를 동시에 전념할 수있게됩니다. 이는 여성에게 가정이라는 새로운 직장을 만들어주는 역활을 주게 되는것입니다. 그에따라 부족해지는 일자리는 남성청년들에게 돌아가는것입니다.\n물론 세금의 증가는 불가피하지만 늘어난 일자리만큼 세원이 늘어나는 만큼 부담은 그리 크지 않을것입니다."
246714,2018-05-28,2018-06-27,0,51,반려동물,반려동물 양육에 대한 교육의무화 및 반려동물 등록제 강화를 촉구합니다.,"2014년에 8만 마리였던 유기동물의 수는 계속 증가해 지난해인 2017년에 10만 마리를 넘어섰고, 그 유기당한 동물들은 안락사를 당하거나 자연사를 하는 등 안타깝게 목숨을 잃어가고 있습니다. 또한 반려동물에게 폭력을 행사하거나 화상을 입히는 등 무차별적인 학대들이 계속해서 증가하는 추세입니다. 이 문제들을 감소시키기 위해 반려동물 양육에 대한 교육의무화 및 반려동물 등록제 강화를 촉구하는 바입니다.\n스위스 같은 경우에는, 교육제도가 반려동물의 행동에 큰 영향을 끼치지 못한다는 의견 탓에 지난해부터 폐지했지만 원래에는 반려동물을 키우려는 사람들은 4시간 동안 훈련을 받아야 했고, 반려동물을 처음 기르는 사람이라면 이론 교육도 따로 받아야 했습니다.\n위의 제도를 기반으로 하여 반려동물을 양육하고자 하는 사람은 3개월 동안 주 1회, 또는 2주 1회 반려동물 양육 교육을 받고, 전 과정을 수료한 후 수료증을 발급하여 그 수료증을 가진 사람에 한에서만 반려동물을 입양, 분양 할 수 있는 권리를 부여하는 제도를 제안합니다.\n3개월이란 교육기간이 있기 때문에 단지 귀여워서 라는 생각만 가지고 입양을 생각했던 사람들은 입양에 대해 보다 신중하게 생각하게 될 것이고, 그 생각하는 시간과 교육 받는 시간을 통해 반려동물에 대한 책임이 커져 유기동물의 수가 감소, 반려동물에 대한 학대가 감소 될 것이라고 생각합니다.\n또한 현재 실시되고 있는 동물 등록제에는 결함이 많습니다. 인력 등을 이유로 지자체의 관리 감독이나 현장 단속이 사실상 불가능한 상황이고, 안내가 덜 되고 등록하지 않았을 때 돌아오는 불이익이 적은 탓에 동물 등록제에 대해 아예 모르는 견주들도 많은 상황입니다. 반려동물을 등록했을 때 지급되는 내장형 칩에 대해 견주들의 불안감이 높고, 설사 그 내장형 칩을 지급하더라도 단속이 어려운 상황입니다. 마지막으로 등록 의무화의 반려동물의 월령과 판매 가능 월령 사이의 괴리가 있습니다. 등록 의무화 월령은 생후 3개월부터인데 현재 반려동물 판매 가능 월령은 2개월부터로 2개월 때에 동물을 입양 해온 견주들은 등록을 하지 않는 경우가 많이 발생하고 있습니다.\n이에 따라 동물 등록제 단속 인원을 늘리고, 등록 의무화 월령과 판매 가능 월령을 동일하게 2개월로 맞추는 것을 요구합니다. 또한 앞에서 제안했던 교육 시스템에 반려동물을 등록하는 과정을 함께 포함시키고, 동물을 등록하지 않았을 경우에 대한 처벌을 강화할 것을 요구하는 바입니다. 더불어 내장형 칩의 안정성을 높이고 문제가 없음을 견주들에게 제대로 설명하고 동물 등록제 자체에 대한 정확한 안내가 필요하다고 생각합니다.\n반려동물도 우리와 같은 한 생명체입니다. 말을 하지 못한다고 해서 결코 우리가 무시하고 함부로 대해서는 안 되는 존재들입니다. 반려동물들이 조금 더 따뜻한 세상에서 조금 더 안전하게 살 수 있도록 도와주세요. 다시 한 번 반려동물 양육에 대한 교육의무화 및 반려동물 등록제 강화를 촉구합니다."
469914,2018-12-15,2019-01-14,0,3,성장동력,내년최저임금 상승 지금이라도 유보 결정을,"최저임금 작년 올린 것만으로도 나라경제가 매우 안좋습니다.\n며칠 후(신년1월)면 또 10% 올리면\n내년은 정말 돌이킬 수 없는\n고용, 소비, 투자, 생산 등 경제 전반 문제가 생길 것입니다.\n당장 지금이라도 1년 유예 결정과 발표를 하는 것만이 답입니다."
420748,2018-10-26,2018-11-25,0,0,문화/예술/체육/언론,e스포츠,대한체육회회장이 게임은스포츠가아니했는대\n이러는대게임산업을못키워워요\n게임인식부터바까주세요\n이러다가게임강국이라는말사라저요
492626,2019-01-10,2019-02-09,0,7,외교/통일/국방,카이스트 병역특례 대리출근 및 가짜출근 전수조사 해주십시오.,뉴스타파 보도에서 가짜출근 및 대리출근에 대한 전수 조사 및 대리출근과 가짜출근이 발견되는 즉시 병역특례를 박탈해 주시고 법적 처벌을 받게 해주십시오.\n20대 젊은 나이로 나라를 지키러가는 대다수 젊은 남성들은 국방의 의무라는 의무때문에 의무를 다하기위해 군대라는 조직으로 끌려가는 상황에서 카이스트라는 대학교 학생이라고해서 의무에 혜택을 준다는것은  너무 부당하다고 생각합니다.\n물론 인재를 양성한다는 측면에서는 이제도가 나쁜 제도는 아니라고 생각합니다.\n허나 제도가 좋은 취지라고 할지라도 이걸 악용하는 행동은 젊은 20대 남성의 대다수의 상대적 박탈감과 무력함에 빠질수 밖에 없습니다.\n대통령님 제발 부탁 드립니다.\n정직한 사람이 더 대우받는 사회를 만들어주세요.
358265,2018-08-29,2018-09-28,0,14,저출산/고령화대책,지하철 무임승차 적용 연령을 70세 이상으로하여 적자를 줄이자,"33년간 유지되어오고 있는 지하철 노인 무임승차제도 때문에 현재 서울 지하철의 적자가 심각한 수준이라고 합니다.\n노령인구 14%이상의 초고령 사회에 접어들은 우리나라는 노인 인구가 매우 빠르게 늘고 있습니다.\n고령화와 맞물려 손실액이 너무 커지고 있습니다.\n저도 1953년생으로 현재 무임승차카드를 사용하고 있는사람 입니다.\n노인들의 교통복지 차원에서 보장해야 한다는 반론도 있습니다만,\n지하철 노인 무임 승차의 연령을 매년 1년씩 단계적으로 올려, 70세로 전환 해야 할 때가 왔습니다.\n아니면 무임승차가 아닌, 할인(50% 정도) 제도로 대체하면 좋을 듯 합니다.\n제기동역의 경우는 무인승차 점유율이 무려 51.8%에 이르고 있다고 합니다.\n또한, 무임 승차카드의 타인(65세 미만)에 대여 빈도도 많아져 더 많은 적자를 유발하고 있다고 합니다.\n대책이 시급합니다."
423756,2018-10-29,2018-11-28,0,9,안전/환경,"말  장난뿐인  ""개혁""  이 정부와 공무원이  [대한민국]을 후진국으로 되돌아가게 하고 있읍니다.","가뭄이 있을 때와 호우에 의한 피해가 일어 날때만 빗물 재이용과 방재와 관련해서 모두가 너도 나도 할 것없이 한마디씩  하고는 사라져버립니다. 공무원들게 여쭙겠습니다. 본인들이 살고 있는 APT에 빗물이용시설(저류조)가 설치되어 있는 것을 알고 있는지 ,알고 있다면 위치가 어디에,지하실 혹은 공원 및 주차장등에, 사용했다면  본인 자동차 세차,도로 및 공동 계단 청소, 1층 텃밭, 공원 잔디 및 수목등 살수용으로 1년에 몇 번이나 빗물이용시설(저류조)을 사용했읍니까\n단언컨데 모두가, 한번도 사용한 사례가 없을 겁니다. 아니 있는지 없는지 조차 모를 것입니다 아파트 전문인 LH공사가 그동안 설치된 빗물이용시설(저류조)이용 실태를 전수 조사한 결과 단 한군데도 사용된 사실이 없다는 것입니다. 심지어 APT담당 직원도 관리.사항을 모릅니다. 그 이유는 지하 3층 혹은 4층에 설치하므로 빗물이 넘치면 강제 배수를 위해 펌프를 가동시켜야 하며 저류조가 누수가 되면 바닥이 물바다가 되기 때문에 처음부터 지하로 빗물이 들어오지 못하게 입구를 막아 버려 사용을 못하는 혐오시설로 만들어버렸기 때문입니다. 이런 결과는  인허가만 득하면 된다는 전시 행정의 결과물인데도  단 한차례 사용하지 못하면서도 정부는 통계상으로만 전국에 20년간 몇만톤 설치했다고 홍보까지 하고 있습니다.\n빗물이용시설(저류조) 설치를 위해 만들어진 법률인 “물의 재이용 관련 법률”은 법률 취지와는 다른 실체가 없는 빈껍데기입니다. 공동주택(APT,다세대,연립주택,기숙사)은 건축면적 1만제곱미터이상에 학교는 건축면적 5천제곱미터이상에만 설치토록 개정하였습니다. 간단하게 설치하지 말라고 개정하면 될 것을 전문가가 아닌 국민들은 정부가 정말 일을 잘하고 있다고 믿는 착각을 하게 만들어 버렸습니다. 세계적으로 물을 재이용 하겠다는 정책으로 국민들을 교묘히 속이면서 설치하지 못하게 만든 나라는 우리나라 뿐일 것입니다.거기에 개정시 홍보는 물의 재이용이 새로운 성장산업이 될 것이라는 거짓말까지 한 것이 만4년이 지났지만 달라진 것은 아무것도 없읍니다. 그나마 일년에 약 5천톤(녹색건축대상포함) 정도 설치되는 빗물이용시설(저류조)은 호우시 방재효과를 얻기 위해서와 저류된 빗물을 주민들이 쉽게 사용할 수있도록 지상에 설치토록 하라 해놓고는 담당 공무원들은 오히려 주차장아래 지하에 설치토록 방치하므로 최근에는 건설사,용역사,담당 공무원까지 이런 사용이 불가한 빗물이용시설(저류조)를 설치케 하는 “물이 재이용 관련 법률”은 폐지되어야 한다고 한목소리로 말하고 있습니다.\n일본은 빗물과 관련한 저류조를 매년 80만톤(4천억원) 이상을 설치하고 있으나.물에 관련한 선진국인 우리나라는 빗물이용시설(저류조)은 5천톤(40억원) ,재난방지용 펌프장 규격을 포함해도 3-5만톤 이상이 넘지 못하고 있습니다. 규제개혁은 꼭 필요한 것이면 다소 시민들에게 비용이 부담되더라도 실질적 효과가 개인뿐아니라 국가에 유익하면 추진되어야 함에도 무조건 못하게 만든지  만4년이 지났습니다. APT에도 설치 못하는 것을 다세대, 연립주택,기숙사까지 끼어 넣어 대상이 많은 것처럼 속였고 학교는 세계적으로도 만들수 없는 교실수 100개 학생수 3천명이상에 설치되도록 만든 뻔뻔스러운 공무원은 적폐이며.이런 부서는 없어 져야 될 것입니다. 이렇듯 잘못된 것을 알면서 만4년간 바꾸지 않고 앞으로도 바꿀수 없는 법률이라면 전정부의 탓이라고 하지 말고 지금 당장 없애야 할것입니다 지금보다는 정부의 개입없이 지자체나 국민들 스스로 판단 설치 여부를 결정하는 자율적인 선택이 바람직 하고 지금보다는 더 활성화가 될 것입니다."
508348,2019-01-26,2019-02-25,0,5,육아/교육,"공무원자녀는 중학교, 고등학교 1지망  대로 가는이유가 뭡니까.??","지방인데   중학교, 고등학교 올라갈때\n공무원자녀는  1지망에서  거의 붙는다는\n얘기가 있는데 사실인지 밝혀주세요..!!\n대놓고 자기부모가  공무원이라  1지망은\n붙는다구 큰소리 치고다니는 학생도 있다는데  못믿을 컴퓨터 추첨\n방식을 옛날식으로 공개적으로 은행알\n돌리는방식  같은걸로 공정하게 바뀌어야\n합니다.!!\n무작위  컴퓨터 추첨 방식   혹시 손타는거\n아닌가하는 생각이 든다..!"
393517,2018-09-29,2018-10-29,0,153,외교/통일/국방,관함식 일본 군함 초청을 취소하든지 국기 게양 협조문 보낸 군 관계자를 처벌해 주십시오.,"이번 관함식에서 자국 국기와 태극기만을 게양해 달라는 요청에 대해, 일본 측에서 해군 자위대 상징인 욱일기(전범기)를 반드시 게양해야겠다고 즉각적인 반응을 내놨습니다. 예의가 없다는 식의 모욕적인 발언과 함께요.\n외교의 목적은 우리의 국제적 위상을 높이고 실리를 얻어내는 것 아닙니까?\n일본의 반응에 대해 국군 관계자란 사람이 욱일기 게양을 강제로 막을 수는 없다고 했다던데, 정신이 똑바로 박힌 건가요? 왜 관계자들은 우물쭈물합니까? 군인이 칼을 뽑았으면 무라도 썰어야지요. 그러지 않을 거면 아예 뽑지를 말았어야지요.\n즉각적으로 ""당신들이 다른 데서 다는 것까지는 뭐라고 할 수 없지만 40년 간 나라를 빼앗기고 그 과거가 청산되지 않은 지금 우리에게 욱일기는 군국주의의 상징이기에 국민들에게 굉장한 모욕감을 준다. 더구나 정권이 교체된 마당에 한국 해군 기념 행사에서 욱일기가 휘날리는 것은 더 이상 용인할 수가 없다.""라고 반응하면 상대에게 자존심을 세울 수도 있지만 아울러 국내 극우 세력들도 잠재울 수 있었습니다.\n일본이 두렵나요? 초청하면 안 와 줄까봐요? 관계 틀어져서 무시당할까봐요? 이미 무시당했습니다. 우리 자존심 묵사발 났어요. 일본이 욱일기 달고 관함식 와 주면 우리가 얻는 실익이 무엇인가요?\n전쟁이 아니고 단지 관함식일 뿐입니다. 일종의 국방 외교전이라고 할 수 있습니다. 지금도 늦지 않았으니 욱일기 달고는 오지 못한다고 못박으십시오.\n미국이 일본 예우해 주죠? 그래서 일본하고 마찰 일으키면 미국 심기 거스를 것 같나요? 이거 그냥 넘어가면 미국은 우리를 오래도록 병신 취급하고 일본에 부속된 존재로 인식할 겁니다. 여기서 발끈해 줘야 미국도 남한 만만하지 않은 줄 알 것입니다.\n일본이 욱일기 달고 온다면 이게 망신도 보통 개망신입니까? 애초에 기분 나쁘더라도 참고 넘어가든지요. 문제제기 해놓고 그냥 들어게 해 주면 인정해 주는 게 됩니다. 국제적으로 엄청난 굴욕이고 국민들 자존심 상하게 하는 일입니다. 수를 내다보지 못하고 대책 없이 이런 일 일으킨 관계자도 엄벌해야 하는데 그것만으로 이 사태가 좋은 모양새로 끝날 수는 없을 겁니다.\n남북 문제로 고생 많으십니다. 연가 낸 하루는 잘 쉬셨는지요?\n부디 현명한 판단 내려주십시오, 대통령님."
494953,2019-01-13,2019-02-12,0,1,기타,이왕 채권소각해주시는거  지방세/건강보험/자동차세관련법칙금등등 탕감해주세요~,천만원이하 채권소각해주시면 다끝나는게 아니더군요  다른빚은 그대로\n이왕 탕감해주시는거 싹다 해주시길....청원드립니다
463212,2018-12-07,2019-01-06,0,12,저출산/고령화대책,어째서 조두순얼굴을 공유하면 벌금인건지?,왜 우리나라가 저출산인지아시는지? 물론지원이 모자랍니다 분유값 기저귀값등등 알긴아시는지? 그리고 sns른ㆍ보긴보시는지 모르겟네요 이게 나라입니까? 일본이 햇던짓 눈감아주는식으로 쉬쉬 하는거랑 뭐가다른건지? 제발 한번만 진짜진짜 한번만생각을해보시면안되나요? 조두순사건도그렇고 신안도 그렇고 이게나라입니까? 이래서 딸낳고살수잇겟나요?ㅋ  웃기네요 피해자입장이안되보니 말하는게
98793,2018-01-17,2018-02-16,0,33,행정,국가의 미래를 위하여 가상화폐 규제를 해 주십시요. 도박에 휘청이는 나라를 구해 주십시요.,최근 들어 가상화폐로 인한 투기 수요가 증가 함에 따라\n막대한 국가의 자금이 해외로 무분별하게 유출 되고 있습니다.\n더 나아가 이러한 과정이 가상 화폐에 대한 투자가 아닌 투기적 목적으로 수많은 국민들이 새로운 도박판에 빠져 들고 있습니다.\n블럭 체인 기술이라는 기술 개발의 목적에서 크게 벗어난 결과적으로 투기로 변질되어 헤아릴수 없는 국고가 탕진 되는 이 마당에 이러한 도박 판에 빠진 일부 국민들의 눈먼 규제 반대라는 외침을 들어 준다면 훗날 이는 엄청난 감당할 수 없는 국가적 비극으로 다가 올 것입니다.\n자신들이 하는 행동을 신기술 투자라고 포장하지만 현실은 모두 일확 천금을 쫓는 도박판 속의 도박꾼들인것이 현실입니다.\n전 세계 국가들이 이러한 현실 인식을 하고 서서히 규제의 움직임을 보이고 있고 또 일부 국가는 벌써 강력한 규제를 하고 있습니다.\n일부 정치적 목적으로 가상화폐 논란을 이용하려는 언론과 정치인들의 꾀임에 흔들리지 마시고\n꼭 강력한 규제를 통하여 도박에 휘청이는 나라를 바로 잡아 주세요.\n강력한 규제를 통한 도박 수요를 바로 잡아 주시고\n블럭 체인 기술은 나라가 주도적으로 개발 해 주세요.\n이것이 나라의 길입니다.
88206,2018-01-11,2018-02-10,0,0,성장동력,가상화페,가상(가짜)화페 거래소  폐지되야   우리주식 시장 이 살아납니다   폭탄돌리기식  가짜화폐는  언젠가는 폭발 할것인데  늦었드라도  지금 불발탄으로  만들어야 됩니다       주식시장 이살아야  내수경기가  살아 납니다    주식투자자금 들이   속절없이   가짜화페 시장으로    빨려들어가는것을   막기위해서는     가상화페거래소   정말 진짜로          폐기  해야만됩니다       정부는  투기꾼들에  반대청원을 들어주면   똑같은  투기꾼일  뿐입니다 투기와투자  정부는  제데로  정책을  펼치기바랍니다
51571,2017-11-26,2017-12-26,0,2,저출산/고령화대책,●성희롱●성추행●법폐지,첫 단추가 잘못 되어 있습니다\n●데이트 신청을 하고 좋아한다고 했는데\n○상대의 기분에 따라 성희롱이 되고\n●격려 차원에서 어깨를 토닥토닥 성추행이 되고\n※너무너무 개인 주관적인 법이지요※\n《자유로운 만남을 통해서 출산을 하지요 출산율 높이기를 원한다면》\n!!!!!악법을 당장 폐지 해 주세요!!!!!!\n●결혼을 해서 아이를 출산하거나\n●동거를 해서 아이를 출산 하거나\n똑같이 사회보장제도가 필요합니다!!!!!!!!
468956,2018-12-14,2019-01-13,0,0,문화/예술/체육/언론,대한민국의 모든 프로스포츠를 폐지해라,"대한민국 모든 체육에 대한 것을 청원합니다\n올림픽 아시안게임 월드컵 이런 대회를 왜 나가는지 모르겠다\n정치인들 기념사진 촬영장으로 만들려고 나가나?\n지 뱃속채우기에만 급급하고 학생들한테는 운동은 무슨 지랄 운동이라면서 예체능교과과목시간에 시험공부핑계삼아 자습이 몇십년이 지나도 그대로 이어져 오는데 무슨 대한민국의 체육을 발전 시키나?\n서로 정당정치하는것도 아니면서 계파를 만들어서 서로 잡아먹지 못해 안달난 원로 체육계 인사들 부끄럽다\n대통령 아저씨, 30만이고 100만이고 인원수 채울생각말고 대한민국 체육 없애고 선심쓰듯 만들어 놓은 공원 체육시설도 중장비를 동원해서 철거시키세요.\n백날 입으로만 떠드는 체육발전 망발하지말고 없애버려요\n그리고 당신도 이제 그자리에서 내려오세요\n대통령이 왜 필요한지 모르겠네요\n정치인들 모조리 총살시켜서 죽여버리고 찢어죽이고 바다에 수장 시켜버리고 무정부상태로 됐으면 좋겠네요\n제 2의 IMF도 머지않아 올것같고요 20년의 IMF 때보다 자살하는 사람들이 넘쳐날거에요\n돈과 권력을 가진 인간들은 대한민국을 떠나서 타국으로 망명해서 살아갈거고 빈곤하고 힘없는 사람들만 남아서\n이 나라를 원망하면서 살아가겠죠!\n광화문시대라는 얼토당토 않는 말로 국민들 희롱하지말고 자진하야하세요\n그리고 모든 국무위원들 포함 정치인들은 대한민국의 바다로가서 논개처럼 뛰어드세요"
46306,2017-11-19,2017-12-19,0,3,행정,국민청원 중복동의로 20만 넘겼고 넘기려 하고 있어요. 게시판 관리 안 하나요? 제가 관리할까요??,"쓰레기같은 청원이 많이 올라 오고 있어요. 청원이란 건 원통한 개인사를 알리는 것, 사회의 부조리, 부정부패의 고발  마당입니다. 그리고 요즘 집단의 이익을 취하려고 4개의 SNS로 중복동의가 빈번하고 있어요. 낙태죄폐지도 그 중 하나인 듯합니다. 증거를 링크걸어 놨어요.  그러므로 청와대 관계자는 답변하지 않으셔도 됩니다. 아셨죠? 일국의 청와대 게시판이 이래서야 되겠습니까? 댓글에 욕설이 난무하고 성희롱도 장난 아닙니다.\n여기는 관리자도 없어요??\n1. 부적절한 청원에 대해서는 신고버튼도 만들고\n2. 욕설, 성희롱이 난무하는 청원을 방지하기 위해서는 댓글실명제도 실시하고\n빨리 조치하세요. 외국인이 볼까 두렵고 창피하네요."
88825,2018-01-11,2018-02-10,0,1,경제민주화,가상화폐거래소 폐쇄를 반대합니다.,가상화폐거래소 폐쇄를 반대합니다.
308882,2018-07-17,2018-08-16,0,8,일자리,지방·고졸·저소득층 '공무원 채용' 범정부계획 추진 폐지,"대통령님의 공약이 이건가요?\n기회는 평등하고, 과정은 공정하고, 결과는 정의로울 것이다.\n지방·고졸·저소득층 '공무원 채용' 범정부계획 추진은\n기회는 불평등하니 과정 또한 불공정하고 결과적으로도 불의한 제도입니다.\n지방·고졸·저소득층이 시험에 보다 잘 응시할 수 있는 교육 기회를 주거나 가점을 주는 것은 가능합니다.\n이미 취업지원대상자로 저들은 많은 혜택을 받고 있습니다.\n그런데 채용 비율을 확대한다니요??? 장애가 있는것도 아니고 국가에 기여한 것도 아닌데\n지방출신, 고졸출신, 저소득층이라고 공무원 채용에 배려하는 것은 있을수 없는 일입니다.\n그보다는 근로의 질을 향상시키고 노동자가 대접받는 문화와 임금체계를 개선하는 것이 우선입니다.\n기회는 평등하고, 과정은 공정하고, 결과는 정의로운 올바른 일자리 정책을 기대합니다."
328999,2018-08-04,2018-09-03,0,6,교통/건축/국토,BMW 차량 운행정지,"차량을 몰고 도로를 달리기가 불안합니다.\n요즘 도로에서 불타는 차량을 보고, 그 차만보면\n정부가 뭐하나 하는 생각이 듭니다.\n도로에서 그 차량이 운행을 정지시켜 주었으면 합니다."
263539,2018-06-05,2018-07-05,0,2,기타,주말이 조금 더 길었음 좋겠습니다.,"안녕하세요 저는 올해 고등학교 1학년이 된 여학생입니다.\n제가 중학교 때까지만 해도 하교 시간이 4시 반 정도면 끝나 집에서 밥을 먹고 씻고 해도 제 여가시간이 조금 남았었습니다. 하지만 고등학교에 재학을 하게 된 후 야간 자율학습을 하지 않아도 하교시간은 6시로 늘어났고\n고등학교엔 버스를 타고 가야하기 때문에 일찍 일어나야 돼서 일찍 자야만 했습니다. 그렇기 때문에 그만큼 여가시간이 줄어들었습니다. 저는 학원도 다니지 않고 야간 자율학습을 하지 않아도 이런데 야자와 학원을 다니는 학생들은 어떨까요? 집에 돌아오면 그냥 바로 기절이겠죠. 직장인들은 또 어떻겠습니까?  잦은 야근과 쌓여있는 업무들은 감당 하기도 힘드실 것입니다.\n이렇게 지친 학생들과 직장인들에게 쉴 수 있는 날은 주말밖에 없는데 이 주말마저도 바쁘신 분들이 있습니다. 그래서 쉬어도 제대로 쉰 것 같지도 않겠죠. 저는 그런 점을 고치고자 주말을 조금 더 늘렸음 좋겠습니다. 주말 3일,평일 4일은 안 될까요? 이렇게 바꿨을 때 문제점을 생각 해 봤는데 아마 일 하는 시간이 줄어들면 급여도 작아지고 주말도 길어졌으니 경제생활이 힘들어질 수도 있을 겁니다.\n하지만 '금요일은 일찍 끝내주는 날', '금요일은 반만 일 하는 날' 이런 식으로나마 학생, 직장인들에게 조금씩 휴식을 취하게 하는 것도 나쁘지 않다고 생각합니다. 저의 부족한 생각이였지만 그래도 청원 해 봅니다."
335903,2018-08-10,2018-09-09,0,15,농산어촌,보신탕은 한국 고유의  음식입니다.,"네이버  뉴스  보니까! ~  몰상식한분들께서  개는 "" 가축""이  아니다라고   하시는데....  그럼!  ~  개는  인간인가요???   ~ 보신탕  못먹게  집회  한다는  기사가  떴는데! .....  그럼!  ~ 그집회  참여 하시는 분들은   소   그리고   돼지  ,  닭은   먹나요?    먹을거  다  먹으면서 ...  개는  안된다....  하시는데~~그런   비상식적인  논리는   어디서  나온 건가요??\n참고로  보신탕은 한국 고요의 음식입니다..\n개는  ""가축""이  아니다라는  편견은  쓰레기통에\n넣어둬! ~~  넣어둬!!"
323585,2018-07-30,2018-08-29,0,5,육아/교육,학원을 없애주세요,학원에다니는학생들이스트레스가쌓이고있습니다  저도지금 학원다니고있는학생인데 스트레스가1위가 학원이에요.
378583,2018-09-13,2018-10-13,0,10,교통/건축/국토,부동산 정책 '호가등록제' 시행,"'오늘 부동산 규제가 발표되면 내일 안심하고 집을 산다' 이것이 지금의 현실\n부동산 급등원인은 가격을 마구 던지고 보는 '호가'에 있습니다.\n백날 종부세,대출 규제가 있어봐야 소용 없습니다.\n호가를 높게 던지는데 돈이들지 않고 제한도 없죠.\n일정 기간을 두고 소유자가  직접 호가를 등록고 이에따라 종부세, 보유세 등이 책정된다면 실소유자는 세금을 줄이기 위하여 적은 금액을 등록할 것이고 높은 금액으로  판매를 원하는 사람들은 높은 호가등으로 높은 세금을 감수 해야하는 상황이 생기죠.\n다시말해 실제 팔꺼 아니면 높은 호가를 등록할 수 없다는겁니다.\n그럴경우 마구 던지는 호가를 강력히 억제할 수 있고 선의의 실수요자도 불합리 세금인상으로부터 보호받을 수 있죠.\n물론 고려해야할 사항이 많겠지만 근본 원인에서 해답을 찾자는 의견입니다."
133663,2018-02-08,2018-03-10,0,2,육아/교육,교사는 타투하면 안되나요?,"주변에 교사가 되는이들이나 교사가 되고나서 자신의 신체에 타투를 하고싶어하는 분들을 꽤 많이 보아왔습니다.\n그런데 전부 직업이 교사라서 학생들이 보고 따라할까봐, 공무원들은 보수적성향이 크다, 민원이 들어오면 골치 아파진다 등 여러 이유로 남들에게 잘 보이는 부분의 타투를 꺼려하고 하고싶어도 못하는 분들을 봤습니다.\n외국은 직업에 구애받지않고 자신의 신체를 꾸미는 자유를 가지고 있습니다. 왜 우리나라는 이러한 모습은 받아들여지지 못하는 것인지 왜 특정 직업에 따라 자신의 자유를 포기해야하고 감수해야하는 것인지 이해가 안됩니다.\n교육이라 함은 예전과 달리 자유롭고 어느 한쪽 정치적신념에도 치우쳐서도 안되며 이로 인한 중립적인 상태의 학생들의 교육이 이루어져야 한다고 생각합니다. 이것의 예로 타투또한 들 수 있다고 생각하는데요. 타투를 보수적으로 바라보는 분들이 줄었으면 좋겠고 직업에 자신의 신체를 구애받지 않았으면 좋겠습니다."
275466,2018-06-19,2018-07-19,0,3,외교/통일/국방,국방비리 더 이상 참을 수가 없습니다.,"지난 10년간 남한이 북한에 비해 43배의 국방비를 지출 한 건 보수 언론도 인정하고 국방부도 인정 할 겁니다.\n물론 북한은 사회주의 체제라 전액을 전력강화에 투입하고 우리는 30프로만 전력강화에 투입한다는 소위 국방전문가 분들의 말도 인정합니다.\n하지만 30프로라고 해도 북한의 13배를 순수하기 전력강화에 투입했다는 말이며 이는 북한이 전차 1대를 살 때 우리는 13대를 샀다는 말입니다.\n그럼에도 마치 한국군이 북한에 비해 열세이고, 미군이 없으면 나라가 망한다는 주장을 줄기차게 쏟아내며, 국론을 분열시키고 사익만을 쫓는 무리가 있음을 이제 모르는 붐들은 없을겁니다.\n언제까지 참아야합니까?  국방비리는 경제사범이 아니고, 국가반역죄로 군형법에 따라 사형을 집행해야하는게 아닌지요?\n저는 1996년 육군 통신병 출신입니다.\n그 당시 일반 시중에 최고급 펜티엄 pc가 200만원이었습니다.\n그런데 군대를 갓 장비 관리하다보니, 그보다 사양이 훨씬 떨어지는 pc를 국방부는 800만원에 구매한걸로 장비 대장에 적혀있더군요?  군용이라 보안 때문이라는 말도 안되는 논리는 이제 어느 정도 배운 사람은 다 알겁니다. 기껏해야 한글 프로그램과 군용 재고관리 프로그램(도스체계) 사용하는데 보안은 무슨 ...\n정말 시급합니다. 우리 안보에  필요하고 긴급한 것은 미군이 아니고 국방예산이 투명하게 전력강화에 쓰이는 겁니다.\n부대 행정관은 사병 부식용 소고기를 차 트렁크에 가득 실어 반출하고,  쌀가만, 음료 등등 마치 내 물건처럼 실어나가고, 부대 간부들도 당연한 듯 그에 거부감없이 동조하던 모습들.\n지금이라고 나아졌을까요?  전투기 미가일 같은 고가의 무기에서 돈이 새는게 다일까요?\n군에서 사용 중인 pc의 댓수가 얼마나 될까요?\n지난 수 년간 사병들의 병영환경 개선을 위해 들어간 돈이 얼마인 중 아실겁니다.\n얼마나 나아졌나요? 아마 그 돈을 일반 기업에 다 몰아주었으면\n대한민국 60만 장병 전원이 24평형 래미안 아파트에 4명씩 들어가 살 수 있을겁니다. 과장인가요?\n가끔 티비에 나오는 군용 2층침대들. 매트리스 빼고 사면 개인이 사도 개당 20만원 안쪽이면 하나 삽니다. 30만개 대량구매하면 15만원이면 떡을 치겠죠. 육군 전원에  450 억이면 2층침대 보급 끝나네요?\n이런 거 따질려고 하면 빨갱이소리.\n이제 그만하고 짐정한 자주국방의 기틀은 투명한 국방비 지출이고,  군사기는 장성들이 돈을 해쳐먹는데에서 나오는게 아니고 양질의 장비를 군에 보급 할 때 군의 사기가 오르고 군장병들이 스스로애 대한 자존감을가지게 된다고 믿습니다.\n이제 6년 후면 제 아들도 군대 갑니다.   수십조의 국방비를 쏟아 붇는데 제 아들이 미군들보다 못한 개인장비를 쓴다는 것 전 전혀 이해가 가지 않내요.  말도 안되는 야간 사격연습할게 아니고 야투경을 대량으로 구매하면 되는 일이고, 되도 않는 100사로뵈! 200사로 봐! 하며 애들 굴릴 게 아니고, 홀로그램 스코프 지급하면  됩니다.  국내외 기업 구분없이 투명하기 공개입찰하세요.  1인당 백만원이면 애들 개인전투 장비 미군 수준으로 싹 갈아줄겁니다  6000 억 밖에 안들어요.\n제발 국방비 자기 이익을 위해 손대는 자들(로비 , 리베이트 포함) 반역죄로 처벌합시다."
375327,2018-09-11,2018-10-11,0,14,저출산/고령화대책,서울집값 경제정책 실패하면 어떻게 되시는 줄 아시죠?,해당부처 장관 몇명이 아니라 현정부의 모든 노력이 수포로 돌아가게 됩니다.\n10억이상 아파트부터는 집값이 올라도 절대 매매수익을 볼수 없는 구조를 만들어야합니다.\n그렇지 않는한 50억 100억 말도않되는 집값이 투기세력에 의해 만들어질겁니다.\n누가 30평이하 아파트가격이 20억 될 줄 알았겠습니까? 여기서 2배 더 오르면 50억 됩니다.\n아파트 매매로 돈을 벌지못하고 오히려 부동산세금만 납부하는 정책을 펴야  실수요자들이 집을 구매하게됩니다.
180809,2018-03-30,2018-04-29,0,0,외교/통일/국방,남북회담때 미세먼지관련사항의논부탁드립니다,북한또한 미세먼지의 피해국이라는 점을 명시시키고 해결책을 같이 강구해마갈것을 부탁드립니다!!제발..
502520,2019-01-21,2019-02-20,0,16,정치개혁,◆국회의원수 증가는 절대 불가하다!,"◆국회의원수 증가는 절대 불가하다!\n요즘 정치권에서 비례대표연동제 운운하면서 의원수를 늘리고 세비를 동결하자고\n주장하는데, 이는 꼼수에 불과하다.\n국회의원 1명에 보좌관이 9명이고 모두다 국민세금으로 지급된다.\n세월이 지나면 자기들 손으로 다시 올릴 테니까 아무 소용없다.\n할 일은 제대로 하지 않고 매일 싸움질만 하는 우리나라의 국회의원들!\n전국민에게 엄청나게 많은 스트레스를 안겨주는 우리나라의 국회의원들!\n지금도 놀고먹고 국민들만 괴롭히면서 뭐가 이뻐서 국회의원수를 늘려 달라고 하는가?\n지역구와 비례대표를 구분하여 선출하는 현행 선거제도는 우리나라 국민들의 민의가\n잘 반영되어 왔고, 또한 우리나라 국민성에 딱 맞는 선거제도이다.\n잘하면 화끈하게 몰아주고, 못하면 바로 응징하는 아주 좋은 선거제이다.\n다만 지역구를 조금 줄이고 전국단위의 비례대표를 광역단위로 개정하는 것은 좋다.\n그러나 지역구와 비례대표를 구분하여 선출하는 현행 선거법은 그대로 유지되어야 한다.\n지역구는 개인에 대한 지지이고, 비례대표는 정당에 대한 지지이다.\n순수비례대표연동제는 우리 국민성에 배치되고 우리나라에서는 맞지 않는 제도이다."
72828,2017-12-24,2018-01-23,0,2,저출산/고령화대책,노인집단농장(노인키부츠),노인집단농장(노인키부츠)은 농업. 어업. 공업기타 사회 각분야에서 평생 해오던 일을 계속 할수있는 여건을 조성하여 생산 활동으로이어져 수익 까지 창출 할수 있게끔 만드는 것이다.   지자체별로 노인 타운을 조성하고 그안에는  노인병원. 요양원. 장례식장 까지  갖추는 것으로하고  사회복지시스템과 연계하여 거의 독립적이고 자립적인 집단으로 만들어나가야한다.   세대간의 괴리나 단절을 체험 학습이나 특별활동을 통해  해소할수 있을것이다.    노후에 경제나 건강 측 면에서 편안함을 추구하는 것이  노인복지의 궁극적인 목적 내지는  해결 방법은 아닐것이다.    노인도  할수있다는  존재가치와  자존감을  회복시켜  움직일수있는 한  사회의 구성원으로서 역할을 할수있다는 자신감을 불어넣어주는 것이 궁극노인복지라 하겠다.
454613,2018-11-28,2018-12-28,0,2,농산어촌,맹지인 농지에 신축한 불법단독주택은 강제철거대상인가? 아닌가?,"맹지인 농지에 신축한 불법단독주택은 강제철거대상인가? 아닌가?\n강원도 춘천시 남면 가정리 784-1에 가보면 맹지인 농지에 멋진 단독주택이 한 채 있습니다.  2016년도 6월경에 춘천 남면사무소에 창고로 신고를 하고 불법주택을 신축 하였으며 주택주변으로는 정자(원두막), 정원석과 잔디밭조성, 창고, 연탄보일러실, 연탄광등을 지었습니다.\n또한 측량을 하지 않고 주택을 짓다 보니 인접한 타인의 토지에까지 경계를 침범하여 불법주택을 신축 하였고, 타인의 토지위에 추가로 골프연습장, 컨테이너, 창고2, 화장실, 닭장등을 설치를 하여 살고 있습니다.\n창고나 농막은 사람이 거주를 할 수가 없으나 현재는 24시간 살고 있으며 이곳 거주지에는 주민등록이 없고 인근주택에 주민등록을 위장 전입해 놓고 각종 혜택을 받으면서 살고 있습니다.\n이는 농지법 위반과 건축법 위반에다가 타인의 토지까지 무단으로 점유하여 사용하는 등 범죄행위가 보이는데도 떳떳하게 잘살고 있는걸 보니 춘천시에서 큰 배려를 해주는 것 같습니다.\n춘천시에 계속 문의를 해봤으나 강제철거 할 의사는 없어 보입니다.   불법을 저지른 사람한테 이행강제금이 얼마나 나오는지 모르겠지만 그것 내고 계속 살수 있다면 이행강제금 내다가 양성화 하는게 더 유리할 수도 있을 것 같습니다.\n정상적인 절차를 거쳐 농지전용비나 토목건축설계비등을 납부하고 단독주택을 신축한 사람들만 손해 보는 것 같아서 드리는 말씀입니다.\n법을 무시하는 불법주택에 대해서는 강제철거대상법을 제정하여 불법을 없애야 공평 합니다."
423530,2018-10-29,2018-11-28,0,6,일자리,대통령님? 일자리 100만개가 보입니다.,"대통령님? 일자리 100만개가 보이네요~!\n우리 대한민국의 일자리 창출에 대한 유일한 답이 있다면 산 산 산 뿐이다.\n국토 70% 이상 산지에다 산림이 자라기 딱 좋은 기후 조건인데 쓰임새 없는 장작감밖에 안되는 질 나쁜 수종들이 산야를 뒤덮고 있는 실정이 답답하다.\n제대로 된 지도자가 없어 산을 이 지경으로 방치하고 있음은 유감이다.\n기껏 산림녹화라는 이름으로 벌거숭이 산을 푸르르게 만드려 아까시아 씨앗을 계획성 없이 마구 뿌린 건 60대 이상이면 기억하리라\n지금 당장 산에 올라가 보라 장작감도 안되는 나무들 뿐이다.\n몇 년 전만 하더래도 고기상자라도 만들었으나 이젠 그것조차도 쓸모 없는 산을 그냥 내 버려 둔다는 것은 안타까운 일이다.\n제1 수종인 소나무는 재선충으로 이제 그 수명이 다했다고 봐야겠다.\n수종 변경은 이 시대의 절대적 과제이다.\n어떤 수종으로 변경해야 경제림으로써 그 가치를 발할 수 있을까.\n우리나라는 나무가 자라기에 딱 좋은 기후 조건을 가졌다.\n시베리아 같은 열악한 조건에서도 목재를 수출하고 있다.\n딱 좋은 기후에 지금이라도 수종을 변경하게 되면 100년 후에는 목재 수출국이 될 수 있다.\n어떤 나무가 좋을까\n편백(히노키) 뿐이라 장담한다.\n1, 편백은 곧게 자란다.\n2, 결이 고와 그 어떤 조각도 가능하다.\n3, 반 음지라면 어떤 곳에서도 잘 자란다.\n4, 최고 가치의 건축 자재이다.\n5, 재선충 같은 병충해는 없다.\n6, 피톤치드 미네랄 음이온이 가장 많이 함유된 나무이다.\n7, 잎 줄기 등 버릴 게 하나도 없다.\n어떤 이는 편백의 꽃가루가 알레르기를 이룬다하여 폐목 시키라는 글을 봤는데 몰라도 너무 모르는 처사이다.\n일본에서 히노키(편백)의 모종부터 지름 1m에 이르는 군락을 봤다.\n모종 때부터 제대로 이식하고 표본대로 가꾸려면 엄청난 일자리 뿐 아니라 피톤치드와 미네랄이 풍부한 환경이야말로 멋과 맛이 실감나는 세상이지 않을까 싶다.\n편백이 좋아하는 반음지의 산의 10%만 개발되어도 엄청난 수익이 보장되는 삼림을 후손에게 물러주겠다는 환경친화적인 가치와 무한대의 일자리 창출을 위한 특단의 조치가 대한민국의 미래에 새로운 패러다임이 될 것이라 의심치 않는다.\n논란에 휩싸인 4대강 사업에 비할 수 없는 효과와 요람에서 수출까지 점진적 옮겨심기와 가지치기 관리 등을 위해 산 중턱까지 목재 운반도로 개설은 관광자원과 방화로를 겸비하는 산림 정책으로 세계의 귀감이 될 것이다.\n세계적으로 소멸되어 가는 숲을 살리겠다는 대통령의 의지는 미래의 세계 지도자상으로 자리 매김될 것이 충분하기에 우리의 산림 정책이 세계로 확충되어 간다면 대한민국의 역량은 귀감이 되리라.\n산을 방치해서는 미래는 없다.\n30만명의 일자리라고 말했지만 100만 일자리가 눈에 보이지 않는가 말이다.\n시야를 크게 떠 보자~!.\n복지부동적인 정부는 캄캄하다.\n산림청은 영역 침범인줄 아는 것 같은데 이 정책이 반영되면 부총리급이어야겠다.\n1타 만피의 정책\n정책 하나로 일자리 창출 뿐 아니라 생활환경과 경제발전 전반에 걸쳐 획기적인 대한민국으로 변한다 볼 때 이를 간과한다면 차원 낮은 입안자들 전부 보따리 싸는 게 옳다고 본다.\n20만 국민의 동의로 한사람 한사람이 지혜를 보태면 대한민국의 미래는 사람과 자연이 함께하는 생동감이 넘치리라 장담합니다."
134604,2018-02-08,2018-03-10,0,3,교통/건축/국토,자동차사고 보험규제,얼마전 신호대기중 접촉 사고가 일어 났습니다.신호대기중 신호가 바뀌면서 출발과 동시에 앞 차량이 출발하다 정지한줄 모르고 저의 부주의로 충돌하는 사고가 일어 났습니다.앞 차량을 확인 하였는데 출발과  동시에 일어난 사고라 경미한 사고 였습니다.앞 차량에는 어른 두명과 초등학생 자녀 두명이 타고있었 습니다.차량사고 보험접수를 해주고  다음날 병원에 입원해야 된다고 연락이 와서 그러라고 하였 습니다.그런데 일주일후 또 연락이 와서 아이들이 아퍼서 또 병원에 가야 한다고 연락이 왔습니다.도저히 이해가 되질 않습니다. 저 또한 아이들을 키우고 있지만 일주일이 지날 정도로 아프면 저먼저 병원에 입원하지 않고 아이들 먼저 검사 받는게 정상 이라고 생각 합니다.그리고 의사 소통이  안되는 아이도 아니였고  도무지 이해가 가지 않아서 보험사에 전화 하였더니 법이 그렇다는 것입니다. 그래서 원하는것은 다 해주어야 된다고 그리고 오늘 보험처리 완료 되었다고 문자로 연락을 받았습니다.총 사고처리 비용이 500만원 이상 나왔다고 연락이 왔습니다.아무리 생각해도 너무 터무니 없는 비용 이라는 생각이 듭니다.법이 그렇다는 이유로 다치지도 않았는데 입원을 하고 보험 합의금 을 목적으로 이용하는 것을 방지할수 있는 법을 만들어 주세요.사고를 냈다는 이유로 무조건 적이 아닌 사고의 경도에 따라 합당하게 처리되는 법안을 만들어 주세요.
78147,2018-01-01,2018-01-31,0,0,미래,쓰레기 처리 법안 청원,안녕하세요.\n대한민국 국민입니다.\n쓰레기 처리 법안을 청원합니다.\n쓰레기 처리 법안이 왜 필요한지 말씀 드립니다.\n1.환경오염\n산업이 발달하면서 사람들은 편리하게 삶을 살아갈수있는 반면에 자연 및 환경은 많이 파괴 되어 왔습니다.\n태평양 한가운데 쓰레기 섬이라고 들어 보셨습니까?? 많은 쓰레기들이 모여서 태평양 한 가운데 섬으로 만들고 있으며 우리가 살고있는 한반도보다 훨씬 더 아주 많이 큰 섬(쓰레기로 만들어진)이 존재하고 있고 지금 이시간에도 쓰레기섬은 팽창하고 있습니다.   이러한 문제들이 환경오염은 물론 자연을 파괴하고 생태계 까지 파괴하여 얼마 지나지 않아 인류의 생존을 위협할 것입니다.\n2.에너지 소비 절약\n쓰레기 처리 법안 기업의 과잉생산 및 소비자의 과잉 소비를 막는 효과가 있을 뿐만 아니라 이렇게 절약된 에너지는 국가나 국민의 경제에도 긍정적인 영향을 미칠 것입니다.\n3.기업의 도덕성 및 국민 의식의 발전\n쓰레기 처리 법안은 선진 기업의 도덕성 및 국민의 의식에도 긍정적인 영향을 줄 것이며 더불어 공생하며 살아가는 사회를 만들 것입니다.\n4. 자연 보호 효과\n등등 아무리 생각해도 좋은 점만 있는 것 같습니다..\n이제 청원하는 법안에 대해서 말씀 드리겠습니다..\n지금까지는 우리가 쓰레기를 버릴때에 쓰레기\n봉투를 구입해서 쓰레기를 버렸는데 이렇게 하지 맙시다..\n사람들에게 쓰레기를 알아서 버리라고 하면 바다에 버리거나 고속도로 휴게소등 불법적으로 버리는 경우가 많습니다..\n안녕하세요.\n대한민국 국민입니다.\n쓰레기 처리 법안을 청원합니다.\n쓰레기 처리 법안이 왜 필요한지 말씀 드립니다.\n1.환경오염\n산업이 발달하면서 사람들은 편리하게 삶을 살아갈수있는 반면에 자연 및 환경은 많이 파괴 되어 왔습니다.\n태평양 한가운데 쓰레기 섬이라고 들어 보셨습니까?? 많은 쓰레기들이 모여서 태평양 한 가운데 섬으로 만들고 있으며 우리가 살고있는 한반도보다 훨씬 더 아주 많이 큰 섬(쓰레기로 만들어진)이 존재하고 있고 지금 이시간에도 쓰레기섬은 팽창하고 있습니다.   이러한 문제들이 환경오염은 물론 자연을 파괴하고 생태계 까지 파괴하여 얼마 지나지 않아 인류의 생존을 위협할 것입니다.\n2.에너지 소비 절약\n쓰레기 처리 법안 기업의 과잉생산 및 소비자의 과잉 소비를 막는 효과가 있을 뿐만 아니라 이렇게 절약된 에너지는 국가나 국민의 경제에도 긍정적인 영향을 미칠 것입니다.\n3.기업의 도덕성 및 국민 의식의 발전\n쓰레기 처리 법안은 선진 기업의 도덕성 및 국민의 의식에도 긍정적인 영향을 줄 것이며 더불어 공생하며 살아가는 사회를 만들 것입니다.\n4. 자연 보호 효과\n등등 아무리 생각해도 좋은 점만 있는 것 같습니다..\n이제 청원하는 법안에 대해서 말씀 드리겠습니다..\n지금까지는 우리가 쓰레기를 버릴때에 쓰레기\n봉투를 구입해서 쓰레기를 버렸는데 이렇게 하지 맙시다..\n사람들에게 쓰레기를 알아서 버리라고 하면 바다에 버리거나 고속도로 휴게소등 불법적으로 버리는 경우가 많습니다..\n우선 각 지역 단위로 쓰레기 통을 많이 만들고 국민들은 쓰레기 통에만 버리면 됩니다.. 분리수거 이런거는 해도 되고 안해도 되고 선택사항이고 분리수거를 하는 사람에게는 혜택을 주면 됩니다..\n그리고 대한민국의 모든 쓰레기들은 환경부 공무원이 처리하고 비용은 물건을 생산한 기업이 부담합니다..\n기업은 물건을 생산할때에는 생산한 물건을 폐기하는 비용까지 정부의 세금으로 납부하고 물건을 생산하여야 합니다. 예를들면 기업이 원전을 건설한다면 원전을 폐기할때 드는 비용까지 정부에 납부해야만 건설할수 있는 허가를 내어줘야 합니다..\n과자를 만들때에 과자봉지를 폐기하는 쓰레기 비용을 납부한 기업만 생산할수 있게 합니다.\n소비자는 물건을 구매할때 물건의 폐기 처분 비용을 미리 납부하고 구매하도록 합니다..\n어차피 소비자는 물건을 폐기하때 드는 비용을 미리 국가에 지불하고 구매한 셈이 되고 나라는 이 비용을 걷어서 정부 주도로 쓰레기를 처리합니다..\n이렇게 되면 기업들은 과잉 생산을 하지 않을 것이며 폐기 비용을 줄이기 위해서 친환경 물건을  많이 만들 것입니다.. 그리고 자연의 해로운 물건들은 만드는 것을 자제 할 것입니다..\n그리고 국민들은 불법적으로 쓰레기를 버리지\n않을 것입니다. 어차피 쓰레기 폐기 비용을 내었기\n때문에 쓰레기를 함부러 버리 않고 쓰레기 통에만 버릴 것입니다.  그리고 쓰레기를\n쓰레기 통에 버리지 않고 무단으로 버리는 것만 처벌을 강하게 해서 규제하면 됩니다..\n요약하면\n1.기업이 물건을 생산할때에 생산된 물건의 폐기처분 비용을 정부의 세금으로지불하고\n2.소비자는 물건을 구매할때 폐기처분의 비용을 기업에 지불하고.\n3.정부는 생산물 폐기처분 비용을 기업을 부터 받아서 전국적으로 쓰레기를 청소하는 방식으로 하는 것입니다.
429304,2018-11-02,2018-12-02,0,29,외교/통일/국방,병역 거부자들 이 나라에서 추방합시다,병역거부하는 인간들  이 나라에서 추방합시다.\n병역의 의무가 싫으면 이 나라를 떠나는게 당연하다고 생각합니다.\n대한민국 국민으로써 누릴 수 있는 모든 혜택도 차단 해야 합니다.\n대체복무라는 정의도 불확실하며 대한민국이라는 한 나라의 정체성을 어지럽히는 인간들입니다.\n이기주의적인 발상을 가진 인간들은 그냥 이 나라에서 추방하는게 맞다고 생각합니다.\n양심적이라는 말도 사용 못하게 해 주십시요.\n어떤면에서 양심적이라는 건지 모르겠네요.\n뉴스에 나오는 인간들 보면 치가 떨립니다. 혐오스럽다는 생각도 듭니다.\n뭐가 저리 떳떳한지...\n지금까지 나라를 지켜 온 수많은 장병들의 노력과 시간을 헛되이하는 판결입니다.\n내부 분열을 일으키는 암적인 존재들이니 병역거부자들 그냥 이 나라를 떠나서 살라고 하세요.
135117,2018-02-09,2018-03-11,0,3,인권/성평등,저의 청원좀 들어주세요!,"수치스럽고 너무 분해서 청원 올립니다. 4년전에 처음 본 남성과 만나 술에 취해 실수로 같이 있었는데 아무래도 연락차단하고 하는 행동이 의심 스러워,신고를 했다가, 직장일로 인해 법원까지 갈 시간도 안되서 고소를 취하 했는데, 대전검찰청에서 연락오더니 피의자 취급하며 안오면 강제로 끌고 간다고 말해,일단 가서 얘기해보자 하고 가봤더니,다짜고짜 수사관이 저한테 돈뜯을려는 꽃뱀아니냐고 다그치고 그때 상황을 말하라는데 남자수사관하며 주변에 검사,직원들 있는곳에서 말을하며 정말 수치스러웠습니다.조사받고 나서2주후 법원통지서로 증거불충분으로 불기소 에 벌금 200만원 내라는통지서가 나와 저는 법에 대해 몰라 고스란히 줬습니다. 아직도 그일로 잠도 못자고 불면증에 시달리고 있습니다.그검사한테 사과받고 싶고 강제로 뺏긴 200만원 제돈 돌려받고 싶습니다.도와주세요~"
302323,2018-07-10,2018-08-09,0,15,안전/환경,"아이가 아파트 고층에서 물건을 낙하하여 피해 발생시, 보상 책임을 부모가 하게 해주세요.","최근 아파트 고층에서 벽돌,식칼 등의 물체를 밖으로 낙하시켜 차량 파손과 인명 피해가 일어나고 있습니다.\n하지만 아이가 했다는 이유로 처벌을 할 수 없고, 피해자는 보상을 받지 못하고 있습니다.\n이와 같은 일을 처벌하지 않으면 이를 악의적으로 이용하거나 피해자는 아무런 조치를 취하지 못하는 억울한 일이 발생합니다.\n개가 사람을 물어도 주인이 책임지는 세상입니다.\n자기 자식이 한일은 실수라 하여도 부모가 책임지는것이 도리 아닐까요?"
196438,2018-04-12,2018-05-12,0,14,육아/교육,정시 80%이상 선발...문대통령은 현 제도 하에서는 대입 불가...,"문대통령은 우수한 성적으로 고교에 진학 했으나 방황하였고, 사회 불의에 저항하였고 결국은 재수 끝에 장학금을 받고 법대에 진학하여 사법고시를 패스하고 현재에 이르르셨다고 알고 있습니다. 고교 시절의 일화에 감동 하였고 제가 지지하는 이유 중에 하나이기도 하였습니다.\n하지만 현재의 압도적인 수시 위주 하에서 고교시절 생기부 관리가 되어있지 않았던 문대통령의 대학 진학은 아마도 어려웠을 것이고, 사시제도도 폐지 되었으니 가정형편이 어려웠던 그의 변호인으로의 변신도 불가능 하였을 것입니다.\n이렇게 쓰니 확 와 닿으시지요?\n우리나라 현실에서 대다수의 학부모와 학생들은 대학에 진학하는 것이 조금이라도 미래를 보장하는 밑바탕이라고 생각하기에 입시에 매달립니다.\n따라서 졸업정원제를 하거나 사회가 대학을 진학하지 않아도 삶의 질이 보장되지 않는 이상 대입을 위한 학생들의 고단한 삶은  이어질 것입니다.\n현실이 이럴진데  고생은 고생대로 하고 공정하지도 않은 결과를 마주하게 된다면 속된 말로 미치고 팔짝 뛸 일 아닙니까?\n수시제도가 공정 합니까?  돈이 안 듭니까?  대한민국 일반고에서 교사들이 다 준비를 도와 줄 능력이 됩니까?\n얼마 전 학교 총회에 갔더니 선생님께서 아이들이 고1부터 생기부 관리를 하다보니 나중에는 그냥 생기부에 관리된 그 꿈을 좋아하는 듯한 착각에 빠진 것 같다고 안타까워하셨습니다.\n이게 대한민국 수시제도의 현실입니다.\n그러면 줄 세우는 수능이 뭐 좋으냐? 이렇게 주장 할 수도 있습니다.\n하지만 대학입시 아닙니까?  성적이 좋고 학교 생활에 문제가 없는 학생이 진학하는게 공정한거 아닙니까?\n어떻게 절대평가로 현실적으로 존재하는 서열화된 대학입시의 공정성을 보장합니까?\n아마도 각 대학은 본고사를 부활할 것이고 학부모와 학생들은 더더 괴로워 질 것입니다.\n제발 부탁드립니다.\n공정하고 서민의 사다리인 변별력이 강화된 수능정시 80%이상 선발,  사시제도의 부활을 시행하십시오."
416976,2018-10-23,2018-11-22,0,7,미래,북한과 통일함 경제가 좋아 지나요 ?🤔,남한에서 세금으로 북한 철도와 개성공단 다시 한다고 하면 경제가 좋아 지나요 ?  개성공단 실행해봐도 그다지 좋아 졌나요 ?  북한 돈으로 하면 되지 왜 남한 돈으로 할려고 하는 이유가 무엇인지요 누가 투자하겠으며 누가 돈을 쓸려고 하겠습니까
424381,2018-10-29,2018-11-28,0,48,기타,진짜 제정신인가? 비서실장이 대통령인가?뭐야 대체! 체계가 거꾸로 가나?,"아니 ...진짜...아오...정말 짜증나서 몇글자 적습니다.\n와...진짜 임종석 비서실장이 무슨 외교부장관도 아니고 대통령도 아닌데, 뭔데 지가 나서서 대북정책 특별대표를\n만나서 인증샷 찍고 난리인가? 완전 정신나갔음? 외교부장관이나 통일부장관이면 이해가는데, 무슨 대통령 , 장관\n뛰어 넘고 비서실장이 왜 난리인지?\n그리고 진짜 어이가 없어서 ㅡㅡ 임종석 비서실장 군대도 안가온 사람이 DMZ 가서 별 쌩쇼를 다하던데 ㅋㅋㅋ\n아 ㅋㅋ 진짜 웃겨서 정말 ㅋㅋ 개인적으로 5년 부사관 군복무 한사람으로써 정말 아오 ㅋㅋ 군대도 안갔다온\n사람이 무슨 ㅋㅋㅋ 청와대는 진심 제정신인가?\n비선실세가 아닌 아에 대놓고 실세 행세를 하는건지 뭐하는건지 문재인 대통령은 진짜 생각이 있는건지?\n청와대는 기본부터 자리잡길 바랍니다. 아오...세금 아까워... 군대도 안갔다온 비서실장이 DMZ 가서 ㅋㅋ 아오...\n꼴볼견이다...진짜..."
498579,2019-01-17,2019-02-16,0,3,안전/환경,한양수자인아파트와 안양시청 재건축과 안전 불감증,"안녕하세요.\n안양에서 3명의 자녀를 키우는 사람입니다.\n안양역 앞 한양수자인 아파트를 분양 받은 사람입니다.(103동 2901호)\n분양받을때 2세대만있다고 저에게 통보도 없이 모델하우스도 안만들어 주었습니다.\n그럼 분양가를 할인 해주어야 하는것이 아닌가요?\n그리고 2세대라고 부실시공과 부실설계를 해놓고 시청과 한양수자인 그리고 조합에서\n무시하고 준공을 강행군하려고 합니다.\n부실시공(사진 참조)\n테라스난간 1m20cm 높이에 피뢰침 (수자인 : 안전하다. 대신 번개치는 날에는 테라스에 나가지 말아주세요. 라고 합니다. 제가 번개치는 날을 어떻게 알수 있을까요?, 그럼\n번개치면 테라스에 있으면 사람이 죽나요? 당연하죠.라고 답변을 받음)\n(시청 재건축과 : 사람이 죽으면 누가 책임지냐? 전문가들이 했기때문에 문제없다. 설계는 통과되었다.)\n테라스난간(사진참조)\n테라스난간에는 PC조립할때의 아주 조그마한 나사로 체결했습니다. 여기에 기대면 어떻게 될가요?\n(한양수자인 : 뚱뚱하신 분은 기대면 죽을 수 있습니다. 체경강도 질문에 몇일 후 100kg은 견딜거에요.)\n(시청 재건축과 : 체결강도는 주거용은 법적인것이 없다. 그럼 떨어져 죽어도 저의 불찰이네요 ? 그런건 아니죠. 저에 생각 저의 민원은 귀찮은 일 전화 연락 100번하면 1번한다.)\n아파트사이 통로\n저희 집과 옆 아파트에 바람길이 있습니다. 전국 탑층 아파트를 보았을때 유일함.\n혹시 안전에 문제가 없냐 15m/sec의 바람에서 견딜 수 있는 무게는?\n(한양수자인 : 바람불면 나가지 마세요. 왜 나가요) (안양시청 재건축과 : 정식으로 자료 연람 신청을 하면 보여줄께?)\n이런 아파트에 저희는 입주를 못합니다.\n정부에서는 안전안전하지만 아직도 이런곳이 있습니다.\n저같은 소시민은 의지 할곳이 없어 이렇게 글을 올립니다.\n우리 아들들과 딸 아직 어립니다. 안전한 곳에서 키우고 싶어서 학교 옆 아파트를 분양\n받았는데.. 입주할 수 가 없습니다.\n그렇다고 전세나 월세도 줄 수 없습니다. 너무 위험해서요.\n본인들이 사는 집이 아니라고 이렇게 해도 되는것인지... 답답합니다.\n나랏님들이 해결 해 주셨으면 합니다."
484761,2019-01-02,2019-02-01,0,0,보건복지,대통령님에게,안녕하세요 대통령님한데요 질문이 있습니다  저는 형제부모님도 없습니다 요쯤에요 일자리구하기 너무힘들니다 그래서요 왜 기초생활수급이안돼나요  대통령님 제발좀 도와주세요 너무 힘들니다 저는 재산도 없고 차동차도 없습니다 도대체이유가뭐해요 정말루 힘들고요 진짜 해도해도 너무합니다 대통령님 부탁좀드립니다도와주세요다음달에 방세도 내야돼고요 전기세 수도세 내야돼는데 월세방 살면서 정말루힘들니다 이렇게 부탁좀드립니다저는 충주봉방동에살고있습니다 부디부탁좀드립니다 !여기서나가면저는진짜 떠돌이인생이에요곡부탁드립니다 국민여러분 동의좀부탁합니다
358986,2018-08-29,2018-09-28,0,1,일자리,지역경제 파탄의 진짜 원인,"저는 지방 소도시에서 30여년 동안 신발소매점을 하다 2년 전 폐업한  사람입니다.\n요즘  지역 경제 파탄과 자영업 도산, 그로 인한 일자리 감소의 원인에 대해 '최저시급 인상때문이다', '소득 저하 때문이다' 등 여러 원인을 제시하고 있습니다.\n물론 약간의 원인은 됩니다.\n그러나 제가 보는 진짜 문제의 핵심은  따로있다고 생각합니다.\n1998년도 부터 활성화되기 시작한 홈쇼핑, 인터넷 택배판매, 대형마트 활성화가 자영업 도산의 주된 원인이라고 생각합니다.\n그 추이가 2008년도 까지는 지역에서 감내할 정도였으나, 2009년도 이후부터는 급속히 가속화되어 지역 중소도시는 물론 대도시 소매 자영업자들도, 인터넷 판매와 홈쇼핑 판매에 제한을 덜받는 업종(주로 먹거리 체인점과 편의점)으로  겨우 명맥을 유지하고 있습니다.\n나머지 모든 업종은 초토화되었다고 해도 과언이 아닙니다.\n그로 인해 거의 모든 자영업자들은 먹거리 체인점, 편의점 등 택배 판매의 영향을 덜 받는 업종으로만 몰리고, 그로 인해 서로 작은 시장을 놓고 과밀경쟁을 하여 도산이 속출하고 있는게 현실입니다.\n이러한 현실에서 자영업자들의 수익 감소가 이루어지고 그로인한 종업원 축소 내지는 1인 점포가 많아지고 있습니다. 최저시급 인상은 두번째 이유입니다.\n자유 경제 체제에서 홈쇼핑, 인터넷쇼핑, 대형마트  판매를 제한할 수도 없고, 그러한 판매를 하는 사람들도 우리나라 국민인데, 어떤 해결책이 있을지 막막합니다.\n지역의 작은 내수시장도 지역에서 소비가 이루어지질 않고, 외부로 유출되는 안타까운 현실이 진짜 문제의 핵심이라고 봅니다.\n저의 그동안 경험으론, 택배 판매가 가능한 품목은 80-90%가 지역 구매가 감소했다고 생각합니다.\n이러한 현실에서 골목 상권 활성화, 전통 시장 활성화, 대형 마트 진입 금지 같은 정책들은 절대 대안이 될 수 없습니다.\n제가 볼 때 백약이 무효인데, 우리나라 경제 사령탑에 있는 전문가들이 이에 대한 처방을 강구해주었으면 합니다.\n방법이 없네요.\n안타깝습니다.\n그래도, 서민 경제 파탄의 진짜 원인은 알고 있어야 될 거 같아 답답한 마음에 글 올려봅니다."
63163,2017-12-10,2018-01-09,0,1,육아/교육,전학생 미이수과목 온라인수업 폐지,"저는 현재 중학교2학년인 학생입니다.\n저는 이번년도2학기때 전학을가게되어 전학교에서는 듣지않았던 미술,도덕수업을 현재 학교에서는 들어야하여서 미이수과목 온라인수업을 듣고있습니다.\n하지만 전학교에서는 2학년 교육과정에 들지않았는데 여기는 들었다는 이유로 온라인수업을 듣는다는것은 어찌보면 학생들이 전학가기전 한번 고민을 하게되는 부분이라고 생각이듭니다.또한 이것을 다 이수하지않으면 졸업에 문제가 될 수도 있다고 하더군요.이건은 문제가 있다고 봅니다.이것들을 굳이 꼭 이렇게까지 하면서 들어야하는 정말 중요한 과목인가에 의문이 생기고 또한,이것들을 꼭 다 들어야한다는 부담이 생깁니다.이것들 때문에 졸업에 차질이 생긴다는것은 전학생들에게는 굉장히 불공정한 것이라고 생각합니다."
191561,2018-04-08,2018-05-08,0,6,저출산/고령화대책,저출산 및 결혼에 대한 정책에 대한 청원,"기관명 : ???\n기관 주요 업무\n1) 남성과 여성에게 결혼을 장려하려하기 위한 기획 및 행사 등을 하여 결혼율을 올리는데 목적을 둔다.\n2) 연얘, 결혼 생활 중 발생 할 수 있는 부분의 문제를 중재하는 역활을 하는 상담 진행\n3) 여성에게 관심을 갖게 하는 교육 이나 반대로도 진행.. (연애에 대한 교육등을 말한다.)\n4) 특정 남성과 여성을 주선하여 연애로 발전시킬 수 있도록 지원\n5) 성에 대한 잘못된 인식, 문제 등을 교육하고 성관계 문제를 해결하고자 한다.\n해당 부는 여성가족부의 소관으로 하지 않는다.\n(이유 : 반감을 살 수 있는 문제 또는 그외 여러 문제가 발생 할 수 있다는 점)\n어느쪽을 폐지하여 운영해야 한다고 한다면 여성가족부를 해당 기관의 소관으로 편입시키는 것이 맞다.\n가족부에서 하위 부서 형태로 하향 조정\n장관은 2명을 차관으로 두는 형태로 남성 차관 + 여성차관 두고 이 두명이 장관의 역활을 하게 한다.\n(되도록 평등성을 가지기 위해서 이다.)\n세금 조달 방안.\n1) 모든 소득이 있는 사람에게 세금을 부가 하는 형식으로 세수를 조달한다.\n2) 미혼인 사람에게 비율을 더 크게 책정하여 세금을 부가시킨다.\n- 결혼시기를 놓친것으로 볼 수 있는 나이때 40대 이후에는 정상 부가로 간다.\n3) 기존 지방자치단체에서 출산장려금을 지급하던 액수를 전부 해당 부로 이관시킨다.\n- 평균액수를 산정해서 위 부로 이관하여 집행하도록 하고 해당 업무를 할당한다.\n4) 기업에게도 별도의 세금 부가 또는 지원하도록 하게 하여 운영\n- 기업 또한 남에 이야기가 될 수 없다, 인구수 감소 및 그외 문제들은 현실로 다가올 수 있기 때문임.\n이렇게 하여 세금을 조달하고 결혼율 증가 시키고 출산 장려 등을 목표로 활동한다.\n해당 기관에서 발생 할 수 있는 문제.\n1) 결혼율이 상승하지 못하고 실적이 부진 할 수 있는 문제.\n- 인적 자원 부족 및 법제도 부족의 현실 등 여러가지의 문제가 발생 할 수 있음.\n- 직장인 (청년 20~30대 미혼 남녀)를 기준으로 일정 기간마다 방문 하도록 법으로 의무화 한다.\n2) 운영시간에 대한 문제.\n- 주말 운영 및 저녁 8~10시 까지 운영을 하는 등의 노력이 필요한 분야라고 생각 된다.\n따라서 인적 자원을 충분히 충족시켜야 한다는 점을 두어 노력해야 한다.\n- 10시 운영을 말하는 것은 상담센터에 대한 부분이다. (고민이라던가 문제라던가 등)\n이러한 문제가 발생하고 시간이 해결해주는 것이 아니라 시간이 지나면 문제가 발생 할 수 있다는\n점에서 이다.\n- 주말 운영의 목적은 주로 취업을 한 직장인이라는 점에서이다.\n주말간에 행사가 진행되어야 결혼을 장려하든 말든 할 것이다. 그런 점에서 주말 운영이 필요한 곳이다\n이 곳에는 탄력적 근무 또는 평일 휴무를 부가하는 방식으로 해야 한다고 본다.\n3) 이러한 부서를 만들지 않고 결혼 플래너 같은 현재 있는 시스템을 이용해서 하는 방식은..\n안된다.\n- 이유 : 지금의 문제는 결혼을 하고자하는 의지가 없는데 있다. 지금의 결혼 플래너나 주선을 하는 시스템 행사 등을 이용해서 진행한다고 한다면 별 성과 없이 끝날 가능성이 높다.\n국가 정책으로써 국가 기관으로써 만들어 강제 의무화 하는 것이 중요하다.\n젋은 층이 싫어하거나 강요 받는 것 같아 좋지 않다고 생각 할 수 있다.\n이러한 문제를 부식시키기 위한 노력 또한 병행되야 한다.\n일자리 만큼 중요한 것은 결혼 및 출산이다.\n지금의 정책은 일자리를 만들어 실업율을 줄여 세수를 늘린다는데 목적을 두고 있다.\n거기에 병행하여 이러한 부를 찰섷하여 노력하지 않으면 한국의 미래는 밝지 못하다고 생각 합니다."
359540,2018-08-30,2018-09-29,0,297,육아/교육,상피제는 권장사항이 아닙니다. 학종의 공정성을 위해서는 법적 강제성이 있어야합니다.,숙명여고에서 교무부장인 아버지와 쌍둥이 딸들이 내신시험 문제유출로 나란히 각각 문과.이과 전교 1등을 차지했더는 뉴스가 계속 tv에 나오고 있습니다.\n교육부에서 이런 이유로 부모와 자녀가 같은학교에 있지 못하도록 하는 상피제를 추진한다 했지요.\n하지만 실상은 자발적으로 피하라는 권장사항일뿐 아무런 강제성을 갖지 못한다는 사실에 황당할 뿐입니다.\n지금 대입 전형의 80%가 수시입니다. 그 비율을 3년후에 좀 줄인다했지만 여전히 70% 입니다.아이들은 이렇게 공정성을 잃은 학생부에 잡혀있는데 왜 정부에서는 아무런 대책을 마련하지 않고 여론 잠재우기에만 급급할까요?\n게다가 수능최저등급마저 없어지고 있으니 정부는 이런 교육과 입시의 불공정함을 모르는 것인지 아니면 알고도 모른척하는것인지 답답할 뿐입니다.\n10대 아이들이 사회에 나오기도 전에 국가에 대한 불신과 원망을 뼈속깊이 각인시키지는 않았으면 합니다.\nkbs뉴스에서 보도한 교육부의 문제점을 꼬집은 기사를 첨부합니다.\nhttp://mn.kbs.co.kr/mobile/news/view.do;jsessionid=m6q3lEDIn6u9m8jGLLGabckyQMjIAOy23H1J8DQ8YXuxtcHT020Yd9yvdJ5sWtDZ.newswas03_servlet_engine1?ncd=4031355
157506,2018-03-04,2018-04-03,0,10,저출산/고령화대책,다자녀 아파트 담보대출 공급면적 /금리(수도권 85㎡ /지방 100㎡제한) -담보대출 제한 현실적으로 조정,"다자녀 아파트 담보대출 공급면적 /금리(수도권 85㎡ /지방 100㎡제한) -담보대출 제한 현실적으로 조정\n-요즘 처럼 인구 절벽이라고 한명의 아이도 소중한 시대에, 좀 더 아이를 많이 낳아 키울 수 있는 환경이 되었으면 좋겠습니다. 아이를 많이 낳으면 손해보는구조인데.(의식주)만 해결되도, 아이를 조금 더 낳아 기를 수 있을 것입니다. 가족이 많으면 좀 더 큰집에서 살고 싶은게 기본인데. (더 넓은 집을 원하면 세금에, 금리 혜택 사라지고., 사는게 너무 팍팍해집니다.)- 최소한, 힘들게 사는 다자녀 가정들 생각해서, 금리 혜택도 조정해주시고, 주거 면적 제한도 없도록 해주세요.\n(다자녀 가정에게 임대아파트 공급 면적85㎡ 제한 했던것 이번에 풀어주셨는데 후속 조치로 아파트 분양 받을때 면적 제한도 풀어주시면 감사하겠습니다.) - 모든 사람들이 아이를 많이 낳아도 사는게 크게 지장이 없도록 느끼도록 해줬으면 합니다.\n-다자녀 아파트 특별 공급 청약 받을 수 있도록 시행하고 있는데.\n전세 임대 주택면적도 중대형으로 완화는데. 후속 조치로 꼭 면적 제한 금리 제한도 조정해 주세요.\n한국 주택공사에서 시행하는 디딤돌 대출이나/ 각종 대출을 보면, (가족이 많아도 큰평수는 청약 넣을 수 없도록 해두었습니다.) 5인 가족 이상 넓은 평수 청약을 넣는 순간 우대 금리등 (디딤돌 대출 자격 조건에서 제외 됩니다.)- 대한민구은 인구 절벽이라고 말은 하지만, 아이를 더 많이 낳아 키우는 순간부터 모든게 힘들어요. 좁은 집에서만 살라고 하는 것인지,,ㅠㅠ\n없는돈 모아서 집 장만할려고해도.,, 아이들도 많고 가족은 많은데.. 작은 집에서만 살라고하니.,, 뉴스에서는 다자녀 특별 공급 미달이라고 3인에서 2인으로 조정해야한다고 뉴스를 보았습니다. (작은 금리 혜택만 줘도., 한자녀 가족도 아이를 더 낳아서 키울 수 있는 환경으로 바꾸도록 정책이 변화했으면 하는 바람입니다.)\n지금은 넓은 집 청약 넣고 싶어도 넣을 수 없는 심정입니다. (지방은 중대형 아파트 미분양 난다는 기사/뉴스를 많이 봅니다.) - 국가에 큰 혜택을 바라고 아이를 많이 낳고하는것은 아닙니다. 적어도 남들 처럼 살고 싶지만, 아이를 많이 낳는 순간 그렇게 되지는 않는듯 합니다. 아이들 10만원짜리 운동화 하나만 사줘도 30만원이 들어가고, 아이들 없는 가정보다는 3배 이상 지출이 많아지고, 늘 열심히 살아도 힘들고 버겁습니다.\n※ 다음요건을 모두 충족 시에만 적용 (다자녀 가정에게 우대 금리 혜택을 주려고 하는듯 한데.. 현실성이..\n주택면적 85㎡(「국토의 계획 및 이용에 관한 법률」에 따른 수도권을 제외한 도시지역이 아닌 읍 또는 면지역은 100㎡) 이하\n무상으로 아파트 공급을 원하는것도 아닙니다. (다자녀아이들 키우면서 열심히 살아가고 싶어도., 정말,\n무슨 제한 규정을 면적으로 두는지 알 수가 없습니다. 아이를 많이 낳고 키우고 싶어도., 아이를 많이 낳고 키우는 순간 모든게 제한되는 이상한 정책들 보면 정말 아이 많이 낳는 순간.,, 고생문이구나 합니다.\n안녕하세요. ( 20년 후 면 대한민국 인구 절벽이라고 합니다. 아이 많이 낳아서 키울 수 있는 나라가 되면 좋겠습니다.)\n우선 간단하게 저 소개를 한다면 지방에서 부모님과 3명에 자녀와 처 그리고 저 이렇게 7명이 살고 있습니다.\n사실, 용인 동백쪽에서 외벌이로 3자녀 전세 살다가 살기 너무 힘들어서 4년전에 지방으로 이사했습니다.\n(능력 없으면 아이 낳지도 말라고들 하는데. 그래도 나름 열심히 일하면서 살아가고 있습니다.)-\n저희가족은 집도 없이 살다가,. 아이들도 조금 크고 해서 아프트 분양 받아서 나갈 예정입니다. 사실 제가 살고 있는 지방 지역은 대규모 아파트 건설을 하는 지역이 아닙니다. 이 시골 지역에도 이번에 아파트를 건설할 예정입니다.\n국가에서 다자녀 혜택으로 아파트 공급면적 101㎡ 이상으로 특별 공급으로 청약할 수 있도록 제도를 잘 만들어 주었습니다. 그래서 좋은 기회가 되는 것 같고해서 청약을 넣을려고 합니다. -가족 수가 있어서 조금 넓은 면적 청약 넣고 싶은데, 늘 돈이 문제네요\n저희 가족이 형편이 넉넉한 편은 아니라서, 나중에 한국 주택금융공사에서 아파트 담보대출 받을 예정입니다. 한국 주택금융공사에서 아파트 담보 대출 금리를 확인하다보니,,\n디딤돌 / 보금자리론은 부부합산 연소득7,000만원이아인경우 이용가능하며, 부부합산 연소득 6,000만원 이하의 취약 계층(한부모,장애인,다문화,다자녀가구)은 각각 0.4% 금리 우대 혜택을 추가로 받을 수 있도록 되어있습니다.\n-우대금리 적용 기준이 한정 되어있네요-\n가족사랑우대금리 0.1%p\n""안심주머니”앱(App)에서 “금리할인”쿠폰 발급받은 경우 0.02%p\n취약계층 : 한부모가구·장애인가구·다문화가구·다자녀가구 항목별로 0.4%p 금리우대 가능\n(우대금리 중 택 2, 최대 0.8%p를 한도로 중복적용 가능)\n※ 단, 취약계층 우대금리는 다음요건을 모두 충족 시에만 적용\n주택가격 6억원 이하\n부부합산 연소득 6천만원 이하\n주택면적 85㎡(「국토의 계획 및 이용에 관한 법률」에 따른 수도권을 제외한 도시지역이 아닌 읍 또는 면지역은 100㎡) 이하\n지방인데도 면적제한때문에 -- 100㎡ 디딤돌 대출은 받을 수 없습니다. (차선으로 알아 볼려고 해도.\n면적제한.. 현실은 아파트 건설을 저 규정에서 건설하지 않는데...ㅠㅠ\n요즘 아파트 건설하는 건설사에서 지방이든 수도권이듯.. 85㎡주택면적 아니면 101~3㎡로 건설합니다. 100㎡를 건설하는 아파트는 없습니다. 공급면적 1㎡미리 차이로 우대금리를 못받는게 현실입니다.\n그래서 우대금리를 받고 싶어도 아파트 공급면적 100㎡로 제한해두어서, 받을 수 없습니다. 지방은 수도권처럼 아파트가 5억원이상하는게 아닌데., 지방 분양가는 2억 초중반합니다. 잘 살고 부자인 사람들은, 우대금리 안받으면 어떻게 생각할 지 모르지만, 저희 처럼 부모님 모시고 아이도 많이 있는 가정에서는 단, 몇%로에 금리도 크게 느껴집니다.\n국가에서 좋은제도 만들어서 101㎡ 특별공급 청약해서 특별 분양 받게 할 수 있게 해주었는데, 아파트 주택면적을 100㎡로 제한 되어있어서 우대금리를 못 받는게 이상한합니다. (다자녀가구에게 101㎡ 특별 청약제도를 잘 만들어주셨는데, 아파트 주택면적에서 우대금리는 100㎡로 제한 해두고 있는게 모순 인듯합니다.) 좀더 주택 공급 면적을 완해 주면 좋겠습니다.\n현재 저희가족은 7명이지만, 앞으로 또 자녀를 낳을 예정이라서 조금 큰 아파트를 원하는데.., 저보다 가족이 많은 사람들도 있고.., 국가에서도 아이를 많이 낳도록 장려하고 있고, 아이들을 많이 낳고 키울 수 있도록 많은 예산을 쓰고 있는 것으로 알고 있습니다. 85㎡ 아파트에서 7명이상에 가족이 살기는 크기가 너무 작습니다.\n지방은 수도권처럼 85㎡/ 101~3㎡ 분양가가 5억원 이상하는것도 아닌데., 국가에서 다자녀에게 우대금리 적용해 줄려고 제도를 만들었으면 현실성 있게 조정해주셨으면합니다. 101㎡라고 해도 2억원대 아파트이니.. 현실있게 특별 공급 청약처럼, 아파트 담보 대출 금리 면적도 현실성 있게 조정해주셨으면합니다'\n-한국 주택금융공사에 문의했더니, 국민 주택 면적에 나와있는 기준으로 결정한다고.., 국민 주택면적은 1970년대에 만들어졌다고합니다.\n국민 주택 규모도 현실적으로 조정하고., 금리혜택도 혈실적으로 많은 사람들이 도움 받을 수 있었으면 합니다.^""^\n-왜 85㎡가 국민주택 규모가 됐을까? 85㎡가 국민주택 규모로 처음 등장한 것은 1970년대 초 마련한 ‘주택건설촉진법(72년12월30일 제정)’에서다.\n85㎡가 등장한 배경에 대해 여러 설이 있다. 먼저 정부가 1인당 거주에 필요한 적정 주거면적을 5평으로 삼고, 당시 평균 가구원수인 5를 곱해서 25평으로 정했다는 이야기가 있다.\n그런데 당시 ‘평’이 보편화된 단위였지만 법적으로는 ‘㎡’를 쓰면서 문제가 복잡해졌다. 25평을 ㎡로 환산하니 82.5㎡였고, 이를 토대로 기억하기 좋게 85㎡로 하자고 결정했다는 것이다. 일부 전문가 가운데는 당시 박정희 대통령 신당동 사저가 85㎡였기 때문에 이를 기준으로 했다는 설도 있다.\n그런데 85㎡로 결정한 이후 다시 혼란이 생겼다. 당시 ‘평’에 익숙했던 국민이 이해하기 어려웠던 것이다. 그래서 85㎡을 다시 평으로 환산해 어정쩡한 수치인 25.7평이 국민주택 규모가 됐다. 그 이후 법에선 85㎡, 일상적으로는 25.7평이 국민주택 규모로 사용되다 2007년 이후 계량법이 통일되면서 85㎡만 국민주택 규모로 쓰이고 있다.\n오늘 기사 스샷-- 정부도 다자녀가정을 위에서 공급면적 조정하고 있습니다. (금리 혜택도 받을 수 있도록 조정해주세요.)\n현행 85㎡(평방미터) 이하로 제한됐던 다자녀가구 등을 위한 전세임대주택 면적이 완화돼 보다 쾌적한 주거환경을 제공할 것으로 기대된다.\n‘주거복지 로드맵’ 후속조치의 일환인 전세임대주택의 면적제한을 완화하는 내용의 ‘공공주택특별법’ 시행령 일부개정안이 지난 12일 국무회의를 통과했다. ‘공공주택특별법’ 시행령 일부개정안은 오는 19일 공포될 예정이다.\n이번 개정안에 따라, 3자녀 이상 다자녀 가구 및 5인 이상 그룹홈 등 다수가 거주할 경우 현행 85㎡(평방미터) 이하 전세임대주택만 입주 가능하던 조건이 완화돼 이를 초과하는 주택도 입주할 수 있게 된다.\nhttp://www.lenews.co.kr/newsdb/newsread.asp?uid=55777"
367133,2018-09-05,2018-10-05,0,8,외교/통일/국방,스포츠 예술의 분야의 대한 국위 선양의 기준(군면제),최근 아시안게임 이후 스포츠 예술 분야에 국위 선양에 기준이 부족하다 라는 얘기가 많이 나오고 있습니다 그래서 저희도 국위선양의 기준이 필요할것 같아서 이러한 청원을 올리게 되었습니다. 현재는 올림픽 3위 이상 아시안 게임 1위 국제 콩쿨 (예술) 2위 이상이 군면제 대상입니다. 하지만 이러한 국위선양의 기준은 개선되어야할 필요가 있다고 생각합니다. 예를 들어 현재 케이팝이 전세계에서도 인기있을 뿐만 아니라 현재 대중 가요도 예술에 한분야에 자리 잡아 있으므로 예술 분야에 국위선양의 기준이 필요하다고 생각합니다. 그리고 스포츠 또한 더 명확한 기준을 가지고 월드컵 우승 축구의 같은 경우 올림픽 보다 더 큰 행사이므로 군위 선양기준을 맞춰야 한다 축구로 예를 들면 군면제를 위해 후반에 잠시 뛰게 해주는 선수들의 군위선양 기준을 맞춰야 한다고 생각합니다
107081,2018-01-21,2018-02-20,0,8,반려동물,반려동물,반려동물 입양할때 어디서든\n절차가 까다로웠으면 좋겠어요\n너무 쉽게 사고 버려지는아이들이\n많아서 마음이아파요\n그리고 반려동물 입양시\n강아지 호적이생겼으면 좋겠어요
371360,2018-09-08,2018-10-08,0,20,성장동력,장하성을 사퇴시키지 않으면 민주당 정권이위험,대통령지지율하락의 80 % 이상은 장하성이 기여를 했다고 봅니다\n길가다가 초중고생보고 물어보아도 알일을 정부만 모르고 있단말인가\n장하성이 하는일은 마치 수영을 한번도 해보지 안한사람한테\n바닷물에 들어가 손과 발만저으면 잘나갈것이라고 하는것과 무엇이\n다르다는 말입니까 마치 바닷물이 소금물이기때문에 부력이있어 잘뜨기\n때문에 수영하는데 안성맟춤이라고 하는것과 진배 없읍니다\n장하서 1 인때문에 수백만 촛불과 수십년간 쌓아온 지지기반을 잃을 것인가를\n심사숙고하여 결정하면 좋을것입니다
375657,2018-09-11,2018-10-11,0,10,교통/건축/국토,주택값 잡을  수 있다.,"서울을 포함한 수도권지역의 집값이 한달 사이에 1억원이 뛰었다 한다.\n상품의 값이란 수요와 공급의 불일치에서 비롯된다는 기초경제 이론도 현실 집값에선 통하지 않는다.\n아파트 등 집이 부족해서 오른다면 그건 어쩔 수 없다하더라도, 지금의 주택가격은  수요측면에서 부족한 것도 아닌데 천정부지로 오르고 있다.\n그 이유를 간략히 쓰자면 수많은 원인이 있으나,,대단히 죄송스러운 말이기도 하지만,,,주택공급수요를 담당하는 장관부터가 아파트부녀회장 보다 못한 사람을 앉혀 노니,, 나 같은 서민들도 아는 정책을 못쓰고 있다는 것이다 .\n주택값 잡는 방법\n1. 아래 어떤 분이 점진적으로 물가상승률와 제세 공과금을 제외한 집값 상승분을 양도소득세로 추징 하자는 의견 동감한다.\n2. 지난 10년(또는 5년)간 물가인상률(또는 예금 이자률)보다 월등히 인상된 지역을 지정해서\n그 지역은 신규주택을 제외(주택공급은 늘려야 하므로)한 모든 주택에 주택매입자금의 금융기관 대출을 단 10원도 안해주는 방법이 있다(이 경우도 집값이 안정되거나 내려갈 땐 대출의 비율 등을 탄력적으로 운용한다)\n위 두 가지 정책만 써도 주택값은 잡힌다\n이 정책을 썼으에도 주택가격이 안잡힌다면\n나를 광화문 네거리에 내 목을 효수해도 좋다."
397916,2018-10-04,2018-11-03,0,5,인권/성평등,성폭행 악용신고로 당하는 남자들,"이나란 정신병자들로 가득찼고 법원도 쓰래기들이 너무많이 차있습니다.\n성추행,성폭행하지 않은사람인데도  여자가 했다고 하면 증거도없는데도 남자들에게 ‘너 성폭행범임’ 이라고 만드는 나라입니다.\n이게 나라입니까\n뉴스도 볼수록 가관이네요\n성폭행,성추행 하지않은 cctv가 발견되었는데도\n이미 남자는 인생 다망하고 사람들에게 손가락질받으며\n일자리도 쫒겨나고, 참 이상한 나라입니다.\n그러면 그 허위로 신고한 여성은 ? 벌금 30만원이엿나?\n이게 나라입니까?\n한사람 병신만들고 벌금으로 간단하게 끝?\n솔직하게 벌금이아니고 사람하나 병신만들면\n말한마디로 시작된거고 악용이니 벌금 3천이든\n감방 5년정도씩은 넣어줘야하는거아닙니까?\n물론 성추행 성폭행하는 범인들 진짜 죽이고 없애야하는것맞습니다. 하지만 요즘은 하지도않고 범인만들고 범인이아닌데 억울한사람들이 너무많더라구요. 이거 법안같은거 막는사람있으면 제정신아니라 생각됩니다.\n허위신고에 대한 강력한 법안 요청합니다."
129306,2018-02-06,2018-03-08,0,5,미래,"판결에승복하지않는자,,  적폐1호  사상범","판결에승복하지않는자,,  적폐1호  사상범"
194090,2018-04-10,2018-05-10,0,1,농산어촌,소형 어선 및 새우조망업 종사자아들입니다,안녕하세요.\n전남 여수권에서 아버지가 소형어선을 운영하여 새우조망어업을 하고계십니다.\n다름이아니라 요즘 너무 힘들어보이십니다. 어렸을때 약 13살 초등학교6학년떄부터 지금까지 약40년가까이\n배를타고 운영하시는데 요즘 무궁화어업지도선이나 전남도시에서 나온 해양경찰분들이\n어업구역 이탈 및 허가가있음에도불구하고 불법어장 등등으로 단속에 너무쫒기십니다.\n저는 눈으로보고 해보고 잘알지도모르지만 그래도 어느정도 사정은압니다.\n그런데 너무 나라에서 단속을 너무 심하게하지않나 싶어서 이렇게나마 올려봅니다.\n저희 아버지는 대형도 아니고 중형도아니고 고작 동료분들도 그렇지만 작은 소형어선입니다.\n사람이 살면서 뭐 하나하나 따져서 살수야없지만 그래도 진짜 너무합니다.\n대형 중형 어선들도 위치추적장치끄고 불법으로 어구를 손질해서 조업위반도 심하게하는걸 눈으로 보고 듣고했는데\n왜 나라에선 대형 중형 이런배들은 단속을 안하는지 궁금합니다.\n저희집은 고작 소형어선 하나입니다. 한척가지고 한두명이 먹고사는 문제가 아니라 저희집이 대가족이라\n한척가지고 10명이서 먹고삽니다.\n소형 어선 새우조망어업에 관하여 단속만하지말고 대형 중형급 어선들도 단속을 좀 해주셧으면합니다.
254175,2018-05-30,2018-06-29,0,0,기타,외교만 신경쓰지 말고 경제를 신경 써주세요,요즘 너무 외교에 매달려 서민들 힘든 것은 생각 안하는 것 같습니다.\n체감 경기는 밑바닥이고 하루하루가 살기 힘듭니다.\n정책 또한 포퓰리즘 정책으로 가는 것 같구요.\n외교는 잘하고 있다고 생각하나 그 전에 경제 좀 생각해 주세요.
275483,2018-06-19,2018-07-19,0,154,미래,'김상조'를 짤라야 하는 이유 : 나라꼴이 말이 아닌 사회주의적 먹물경제(학자적관점),"'김상조'를 짤라야 하는 이유 : 나라꼴이 말이 아닌 사회주의적 먹물경제(학자적관점)\n지금 ""나라다운 나라가 아닌, 나라꼴이 말이 아닌 나라가 된 이유""는 몇가지가 원인이 있다.\n그 중에 한가지는 ""문재인표 스텝(김삼조,문정인,조국)""이 대통령의 눈과 귀를 어둡게 하고 있다는 것이다.\n'정주영'공법이라는 것이 있다. 맹골수로와 같이 유속이 빠른 곳에서 뚝을 쌓는 공사를 해야 하는데,\n기술자들은 ""유속""때문에 모래와 자갈이 쓸려내려가서, 도저히, 공사가 어렵겠다고 하니,\n유조선'에 물채워서 수로를 막고 하면 되지 않는가'라는 이야기가 있는데..\n이 사람들은 현업(현장)경험이 전혀없고, 삼성SDS 'IT,정보통신' 제 4차 산업을 이해하지 못하는\n공사장의 기술자들과 같이 모든 것을 과거의 학자적 관점에서만 바라보는 교수출신 '금수저'들이라는 것이다.\n겉으로는 '흙수저'들을 대변하고 있다는 '참여연대'출신을 기반으로 하지만, '참여연대' 집단의 특징인\n타협하지 않는 '아집'과 편협적인 '사고'를 하는 사람들로써, 세상을 긍정적으로 바라보지 못하는\n'영웅심'에 불타는 자신의 이론에 빠져 헤어나오지 못하는 사람들이다.\n길거리에  낙엽이 떨어지는 시점에 가지치기를 하지 못하면, 다음해에 나무는 벌레에 썩고\n말라죽어 풍성한 나뭇가지 나무 그늘 아래서 쉴 수 있는 미래는 결코 오지 않을 것이다.\n이성계가 나라를 세우고 가장 먼저 한 일들은 개국공신들을 멀리하고 없애는 것이었다.\n그러니, 이러한 '먹물'들이 대한민국 국민들 얼굴에 먹칠하기 전에 문재인은 '김삼조(공정거래위원장)'를 짤라라..~\n- 삼성SDS 천사 -\n-----------------------------------------------------------------------------------------\n* 김상조 공정위원장\n출생1962년, 경상북도 구미소속 공정거래위원회(위원장)학력서울대학교 대학원 경제학 박사수상2008년 제7회 공정거래의 날 대통령 표창\n1999년 노사정위원회 공로상경력2017.06~ 공정거래위원회 위원장\n2015.02~2017.01 한국금융연구센터 소장\n* 조국 민정수석, 대학교수\n출생1965년, 부산광역시소속 대통령비서실(민정수석), 서울대학교 법학전문대학원(교수)학력미국 캘리포니아대학교 버클리캠퍼스 로스쿨 법학 박사수상2012년 동아일보 2020년을 빛낼 대한민국 100인\n2011년 동아일보 2020년을 빛낼 대한민국 100인경력2017.05~ 대통령비서실 민정수석\n* 문정인 : 문정인 대학교수\n출생1951년 3월 25일, 제주특별자치도 제주소속GlobalAsia(편집인), 연세대학교(명예특임교수)경력2016~ 연세대학교 명예특임교수\n연세대학교 김대중도서관 관장\n2006~ GlobalAsia 편집인\n2006~2008 외교통상부 국제안보대사"
94270,2018-01-14,2018-02-13,0,1796,미래,<가상화폐 규제 찬성> 정부는 국민의 소박한 작은 꿈까지 앗아갈 가상화폐 투기열풍을 잠재워 주시길 바랍니다.,"저는 정부에게 묻고 싶습니다.\n90년대 후반 2000년 초반 닷컴 버블과 붕괴로 수많은 국민들의 소박한 꿈들이 무너졌던 걸 기억하시는지요? 저는 똑똑히 기억합니다.\n제 옆자리 구대리는 가족과 함께할 작은 자동차 구입의 꿈이 무너졌고 옆 팀의 김과장은 결국 자기집 마련의 꿈을 접어야 했습니다. 그들은 그저 자신들의 소박한 꿈을 위해 하루하루를 열심히 살아가던 직장인이자 이 땅의 국민이었습니다.\n“닷컴 버블” 오래된 18년전 이야기이지만 지금의 가상화폐 투기열풍과 너무나 흡사하기에 당시의 예를 하나 들겠습니다.(여전히 너무나 많은 사람들이 똑똑히 기억할 것입니다.)\n2000년 2월 14일 한 신문기사 제목입니다.\n“ 새롬기술 시가총액 – 금호+롯데+동아+코오롱 추월. 14일 종가기준 2조 4720억. 재계 서열 7위.”\n“다이얼패드” 공짜 인터넷전화라는 기술을 앞세웠던 직원 60명에 불과했던 새롬기술은 공모가 2300원에 상장했고 불과 6개월만에 30만원까지 150배 올랐습니다. 고작 일년 매출이 수십억원에 영업적자였던 이 회사의 시가총액은 한때 무려 5조에 달했습니다. 그리고 그 끝은 굳이 글로 설명할 필요도 없을 듯 합니다. 그 버블에서의 탈출 러쉬는 최근 상영중인 “신과 함께”라는 영화에서의 지옥 불과 같았습니다.\n단순히 그 뿐만이 아닙니다. 닷컴 버블이 붕괴된 이후 몇 년간 대한민국의 국민들은 주식시장 등의 자본시장을 철저히 무시하고 경멸 했고 그 결과로 지금 한국 대표 기업의 지분들이 당시에 엄청난 헐값에 외국인들의 손에 넘어갔습니다.\n무엇이 다릅니까? “다이얼패드와 블록체인기술”, “닷컴 버블의 투기판과 현재 가상화폐의 투기판” 버블의 붕괴는 엄청난 부작용과 국부의 유출을 가져왔고 수 많은 국민들의 작고 소박한 꿈들을 앗아갔습니다.\n“가상화폐로 피해를 본 사람들이 없다구요? “\n네. 어쩌면 아직 금전적으로 큰 피해를 입은 사람보다 수익을 낸 사람들이 많기도 하겠지요. 이유는 지금은 버블만 급격히 쌓이는 기간이기 때문이지요.\n365일 24시간 열리는 이 투기판에 열심히 공부하고 이 땅의 미래를 책임질 학생들. 심지어 초등학생까지 뛰어들었다는 이야기도 나오고 잠을 자지 못한 눈 빨간 직장인들의 수가 크게 늘어나고 있고 연일 계속 되는 언론 보도로 인해서 동네 노인정 할아버지들 조차도 “어디 가면 그 동전을 살수 있는지 묻는다”는 웃지 못할 이야기도 있습니다.\n하지만 결국 가상화폐의 버블은 머지않아 붕괴될 것이며 가상화폐에 투자한 대다수 국민들은 회복하기 어려운 큰 피해를 입을 것이 불을 보듯 뻔합니다. 가상화폐는 하늘 끝까지 자라는 “잭의 콩나무”가 절대 아니며 아무런 내재가치를 가지고 있지 않은 허상이기 때문이지요.\n투자라는건 성공하던 실패하던 개인이 책임지는게 맞다구요?\n네 맞습니다.\n일차적으로 개인이 책임져야지요. 워렌 버핏을 포함한 전설적 투자자들과 많은 세계적인 경제 학자들이 그리고 우리 손으로 뽑은 대한민국 정부가 그렇게 경고하고 주의를 했음에도 불구하고 개인 스스로 선택한 것에 대한 실패의 책임은 개인 스스로 지긴 해야 하겠지요.\n하지만 그렇다면 정부는 무엇을 하는 곳입니까?\n뒷짐을 지고 “난 상관없어 다 너네 개인들 책임이야. 난 분명 조심하라고 말했어” 그러면 되는 것이 정부입니까? 그러라고 국민들이 세금을 내는 것입니까?\n국민들은 바보는 아닙니다. 하지만 그렇다고 투자에 대한 해박한 지식이 있는 것도 아닙니다. 그저 조금이라도 가계에 도움이 될까 싶어서. 주위에서 너도 나도 돈을 벌었다고 하니깐 혹시나 하는 심정으로 뛰어들고 있을 뿐입니다. 고개를 돌리면 온통 비트코인 이야기 뿐인 세상이니까요.\n가상화페에 투자하는 아주 정상적인 투자자들은 어떤 사람들이고 어떤 투자를 하는 것입니까?\n제가 알기론 그나마 정상적인 투자자들은 투기판인 줄 누구보다 잘 알기에 뛰어든 전문트레이너(타짜)들과 뛰어난 투자지식과 천재적인 컴퓨터 알고리즘으로 무장한 재정거래자(차익거래) 두 집단 뿐인 것 같습니다. 그 외에 가상화폐시장에서 정말 열심히 공부하고 알아보고 투자한다는 사람들은 도대체 무엇을 어떻게 공부하는 것인지 저는 정말 궁금하기 짝이 없습니다. 고작 할 수 있는건 나보다 더 바보를 찾는 일이 뿐 일텐데 말입니다.\n정말 가상화폐에 투자한 국민 대다수가 블록체인기술에 대한 제대로 된 지식이 있긴 한 것일까요? 블록체인기술과 지금의 투기판은 완벽히 별개란 것을 알기는 하는 걸까요?\n우리 국민들이 가상화폐로 여태껏 대한민국에서 가져보지 못한 행복한 꿈을 꿀 수 있었다구요?\n잠깐의 단꿈을 꿀 수 있을지 모르지만 결국 처절한 악몽만 남게 될 것입니다.  과거의 모든 비정상적인 버블의 결과는 그랬습니다. ""이번엔 다르다"" 라는 두 마디 말은 다시 한번 세상에서 가장 비싼 말이 될것입니다.\n알뜰살뜰 부지런하고 건전하게 행복한 가정을 이루려고 모아가던 작은집의 꿈, 작은 차의 꿈을 다시 한번 쪽박 내버릴 것입니다. 또한, 대한민국 경제에 크나큰 데미지를 입힐 것입니다.\n과연 가상화폐시장에 대한 규제가 정말 대한민국 국민들이 처음 가져본 행복과 꿈을 뺏는 일일까요?\n가상화폐로 인해 정말 꿈과 희망을 정말 처음 가져보셨다면 그 자체로도 비정상적이지 않을까요?\n현재 전세계적으로 1300여개의 가상화폐가 유통되고 있고 계속 급속히 늘어나고 있습니다.\n아무런 내재가치가 없는 신기루 같은 휴지조각을 그것도 유독 대한민국 국민들만 20%~50% 더 높은 가격을 주고 사고 있고 연일 글로벌 가격을 올리는 역할을 하고 있습니다.\n저는 가상화폐에 대한 즉각적이고 과감한 조치가 대다수 국민들의 꿈과 희망을 지키는 유일한 일이라고 생각합니다.\n지금 법무부 등에서 나오고 있는 거래소 철폐 등의 규제는 늦었지만 그나마 현재로서 가장 적절하고 강력한 조치라 생각됩니다. 빠른 시간 내에 입법화해서 호미로 막을 일을 가래로도 막지 못하는 일이 생기면 안 될것입니다. 현재의 수익에 도취되어 정상적인 판단을 하지 못하는 사람들의 반대에 못 이겨 물러선다면 이는 여우를 피하려다 결국 호랑이를 만나게 되는 꼴이 될 것입니다. 또한 일부 정치인들이 당장의 표를 의식해 국민들의 눈과 귀를 막는 일 또한 있으면 안될 것입니다.\n물론 똑똑한 분들이시니 더 좋은 방안이 있는지도 더 열심히 검토해 주시기 바랍니다.\n저는 대한민국 국민으로서 정부에 진심으로 청원합니다.\n(당장은 일부의 비판과 반대등의 어려움이 있겠지만)\n다수 국민의 소중한 꿈을 지키고 자본시장의 건전성을 유지하기 위해서 그리고 더 나아가 대한민국 전체 경제를 위해서라도 즉각적이고 강도 높은 가상화폐 규제 대책을 실행에 옮겨주시길 바랍니다."
240103,2018-05-22,2018-06-21,0,1,미래,금수저는 금수저답게 대우해주자 정치하는금수저 빼고,여기는 자본주의 어찌 금수저들을 죽이려하느냐\n다만 정치하는 금수저들은 잡자
515388,2019-02-02,2019-03-04,0,22,저출산/고령화대책,문재인 설날인사 당장삭제해라!!!,국민들은 당신 보기싫어하는데 반강압적으로 인사하노\n네이버 메인에서 당장삭제해라
101071,2018-01-17,2018-02-16,0,66,문화/예술/체육/언론,평창올림픽 단일팀 반대합니다,한반도기 공동 입장이야 개인적으로 평화적인 취지에서 동감합니다.\n하지만 이런 급작스럽고 일방적인 남북 단일팀 추진은 열심히 피땀흘린 선수들의 노력을\n일방적으로 짓밟는 행위이며 정치적인 세레모니를 위해 피해자를 만들게 되는 일이라 생각합니다.\n업적을 만들기 위한 소통없는 일방통행은 대통령님을 지지한 국민들을 배반하는 일이라 생각하며\n짧은 청원글을 올려봅니다.
216651,2018-05-01,2018-05-31,0,11,교통/건축/국토,기름값과 과도한세금,"자동차는 이제 우리생활에 없어서는 안되는 존재가되었습니다.\n특히 아기.아이가있는 집일수록 자동차는 더욱더 필요합니다.\n아기에게 많은것을 보여주기위해 대부분 주말마다 밖으로 외출을하게 되는데 이때 준비물이 굉장히 많습니다.\n유모차를  비롯 기저귀가방등 많은짐을 가지고 대중교통을 타기 힘들기 때문에 기름값이 부담이 되지만 자동차를 끌고 나가게됩니다.\n그렇기  때문에 기름값은 우리 가계에 큰 영향을 끼치고 있다고 할수 있습니다.\n우리나라 기름값은 국제유가에비해 많이비싼편으로  알고있는데. 그 이유는 기름값에 과도한 세금이  붙어 있기때문입니다.\n아래는 네이버 검색을 통해 어느분이 설명해준 내용입니다.\n우리가 구입하는 휘발유 1리터에는 무려 6가지의 세금이 붙어 있는데요. 수입할때 내야하는 관세와 수입부과금, 판매할 때 매겨지는 교통에너지환경세(교통세)와 교육세, 주행세, 마지막으로 부과세까지 총 6가지 세금이 덕지덕지 붙어 있습니다.\n이중 가장 큰 비중을 차지하고 있는 것이 바로 교통세인데요. 특이한 점은 교통세는 '공장도가의 몇%' 같은 비율로 매겨지는 세금이 아니라 '리터당 529원' 이라고 하는 고정적으로 매겨진 세금이라는 점입니다. 원래 초기 교통세는 휘발유 공장도가의 150%~190% 처럼 비율로 매겨지는 세금이였지만 1996년 법을 개정하면서 리터당 345원을 법정 세율로 정하게 되었습니다. 이후 금액의 차이는 있지만 현재까지 교통세는 리터당 얼마로 매겨지는 세금이라는 점에선 큰 변화가 없답니다.\n비율로 매겨진 세금보다는 교통세처럼 고정금액으로 매겨진 세금이 세수안정성이 더 높은 것은 사실입니다. 원가 비율로 세금을 정하면 유가가 낮아지면 세수가 줄어들게 되지만, 반대로 고정금액으로 세금을 정하면 유가가 내리더라도 소비가 늘어나 더 많은 세금을 걷을 수 있기 때문이죠.\n휘발유 1리터 가격을 1,489원 이라 가정하면, 원유관세는 3%로 약 15원, 수입부과금 16원, 교통세 529원, 교육세 19.35원, 주행세 137.54원, 부가세 135.91원 등 총 912.8원이 세금으로 붙는다고 하는데요. 이는 휘발유 1리터 가격 1,489원의 61%나 되는 수치입니다. 원유수입가격과 중간비용, 판매이윤 등을 다 포함해도 판매가격의 39% 정도인 반면, 세금으로 61%나 내야 하는 것이 조금 심하다 생각되기도 하네요.\n위처럼 기름값에는 과도한 세금이 붙어있습니다. 국민들 서민들을 위한다면 과도한 세금  조정해야 하지  않을까요?"
10932,2017-09-06,2017-09-13,0,0,미래,청소년법 폐지,범죄자가 살기 좋은 나라가 범죄자를 양육시킵니다... 근본적인 원인을 당장 해결할 수 없다면 제발 법을 강화 시켜 주세요
452047,2018-11-25,2018-12-25,0,5,미래,경제가 불황이니 욕구불만은 상승하고 이유없는 폭행에 국민청원글도 참 ㆍㆍ,정권교체? 똑같습니다!  다를줄 알았는데!\n경제나 ㆍ정치나ㆍ사회나ㆍ여론이나ㆍㆍ\n똑같습니다!  민주당이나 한국당이나!\n독재가 따로 있는게 아닙니다!\nㆍ\n뉴스에 우리나라 경제뉴스가 먼저 입니다!\n북한뉴스부터 먼저 내보내지 마세요\nㆍ\n자살율ㆍ 출산율ㆍㆍ 우리나라  참ㆍㆍ 씁쓸합니다
467659,2018-12-12,2019-01-11,0,0,행정,국민연금은 빠른시일에 삼바 주식을 팔아라,불법으로 주식상장후 법적조치중에 있는 불법 주식회사 삼바에 국민 노후자금은 빨리 빼기를 바랍니다\n국민 노후자금으로 불법과 위험한 투자는 빼주기를 바랍니다
80241,2018-01-05,2018-02-04,0,9,반려동물,여러면에서 꼭 법이 좀 더라도 강화됬으면 좋겠습니다. 특히 동물법이요!!,"안녕하세요 저는 평범한 스무살 대학생입니다. 물론 제 나이로써는 법적으로 법을 어떻게 할 수 없고 바꿀수도 없다는걸 알아서 이런 청원을 하게 되었습니다. 저는 반려동물을 키우고있습니다. 그래서 더욱 동물학대나 방치 이런걸보면 화가나고 그렇지만 제가 어떻게 할 수 가없어서 눈물밖에 안납니다. 이렇게 작은 대한민국안에서도 강아지 공장은 만곳이 넘고 학대당하고 유기 되어지는 동물들은 훨씬 더 많겠죠 ,,, 솔직히 믿고 싶지 않았는데 유기동물들은 보호소에서 입양이 되지 않거나 찾아지지 않게되면 바로 안락사를 시키더라고요 아무것도 모르고 죽어나가는 동물들 너무나 불쌍합니다. 사람들은 동물들을 그저 귀여운 존재, 자기의 소유로 생각하며 학대하고 때리고 버리고 장난치고 하지만 이런사람들에 대한 처벌은 너무나 작은 감옥 일년 아니 처벌이 안된다. 식으로 많은 동물들이 죽어나가고있습니다.예를들어 대낮에 부산진돗개를 끌고다니는 사건,학생들이 장난으로 강아지 등에 담뱃방을 한 사건 , 비글을 대상으로 실험견이용하고 버리는행위, 강아지개농장 수많은 임신을 반복시키고 결국엔 버리거나 죽이는 등등 사람들은 인간의 탈을 쓰고 너무 못된 짓을 하고 있습니다. 정말 많이 많이 많이 항상 생각해본거지만  대한민국은 여러가지로 법이 참 약한것같습니다. 술먹고 범죄를 저지르면 술먹었으니 감형해준다,청소년이니까 사람을 죽여도 봐줄게 등등 범죄가 줄어들지 않는 이유는 그만큼 그 일에 대해 감옥 일년 이년정도 갔다오면 끝인데 대수냐 라는 생각으로 끊임없이 나쁜일들을 저지르는것같습니다. 아마 사형이 허용되는 나라였다면 하루가 지나지 않아 이런 나쁜일들이 발생할까요.. 개인적으로 저는 범죄를 저지르는 사람들의 권리는 지켜줄 의무가 없다고 생각합니다. 왜 얼굴을 공개하지않고 참 화가납니다. 마지막으로 문재인대통령님! 법개정 강아지농장주인처벌하게해주세요. 꼭 법적으로 안된다라는 말이 아닌 법적허용이라는 말이 들리게요 또 동물법강화 및 범죄여러방면에서 조금이라도 법강화시켜주세요 제발 부탁드립니다."
18149,2017-09-29,2017-10-29,0,1,문화/예술/체육/언론,암표상 관련 제제 법안 마련,"프로야구 뿐만아니라, 콘서트, 타스포츠 종목에 관련하여 모든 티켓이 필요한  장소에 암표상들이 매우  많습니다. 꼭 제제할수있는 법이 시급하다고 보여집니다. 매번 일반인들은 갈수있는 기회를 놓치고  그러다보면 암표상들은 3,4배는 기본 심지어 몇십배이상의 가격으로 판매를 시도합니다. 제발  국민들이  문화를 제대로 즐길수있도록 암표상 제제 법안을 꼭 만들어 주십시오."
88072,2018-01-11,2018-02-10,0,0,기타,가상화폐 거래 폐쇄 반대합니다,가상화폐 거래소 폐쇄라는 보도만 나오면 코인 가격은 반토막 나고 그때마다 손해보는 사람들은  한푼이 아쉬운 가난한 사람들이란것을 대통령님은 기억해 주셨으면 감사하겠습니다.
332997,2018-08-08,2018-09-07,0,5,안전/환경,반려동물은 담배와 같은 존재입니다.,비흡연자는 흡연자를 굉장히 싫어합니다.\n흡연자가 담배 피고 오면\n비흡연자는 그사람이 옆에만 와도 썩은냄새가 크게 느껴지죠.\n그래서 매우 불쾌해 합니다.\n반려동물도 마찬가지 입니다.\n개를 만지고 온 사람이 옆에 오면 개냄새가 납니다.\n흡연자가 담배를 피면서 길을 걷습니다.\n비 흡연자는 냄새도 짜증 나지만\n담배꽁초를 버리고 가래침 뱉고 다니는거 보면\n정말 몽둥이로 실컷 두들겨 패주고 싶은 충동이 일어납니다.\n애완동물을 데리고 걷는 사람들...\n개들은 구역 표시인지 뭔지는 모르겠지만\n나무만 보면 오줌싸고\n공원에 똥싸놓고 주인은 치우지도 않고..\n심지어 물려고 하는 주인닮은 사나운 개XX들도 있습니다.\n거기에 똥개들 똥/오줌 싼 이불은 지들도 빨기 싫으니까\n코인세탁소에 가서 세탁 합니다.\n코인세탁소는 일반인들이 속옷도 세탁하는 곳입니다.\n이런게 반려동물을 키우는 자세인가요?\n엄격한 규칙과 처벌이 필요하다고 생각 됩니다.\n개고기 먹지 말자 !!라고 주장만 외칠줄 알았지\n지들 시민의식 -100% 인건 생각 못하는 건가 봅니다.
336103,2018-08-11,2018-09-10,0,2,보건복지,배우자와 함께 받는 국민연금,가장으로써 능력이 없어 헤어 졌는데  왜 연금을 나누어 가져야 하나?\n불공평 하다.\n대책이\n연금을 혜약하거나\n연금 불입을 않거나\n결혼을 하지않고 혼자 살면되다.\n연금을 받고 싶다면 결혼을 하지 않고 혼자 살면서 넣겠다.\n여러분 동참해주세요.
4548,2017-09-05,2017-09-12,0,0,저출산/고령화대책,법은 피해자의 편에 서야합니다,존경하는 대통령님..\n이번부산여중생폭행사건을보면서..\n두아이의 아빠로써 걱정이 되었습니다.\n과연 이런 나라에서 아이를 낳고 싶을까요?\n학교폭력도 적폐입니다. 강한 법을적용한다면 줄어들수 있을것이라 생각됩니다.\n꼭 피해자 그리고 그 부모가 만족할 만큼의 처벌을 받을수 있도록 처리해주세요..\n두서 없었습니다. 감사합니다 항상
194756,2018-04-10,2018-05-10,0,3,육아/교육,지금 교육제도의 문제는 수시냐 정시냐를 두고 따질 것이 아닙니다.,"안녕하세요. 간절한 마음으로 다시 한번 올려봅니다.\n남들과 같이 본인의 미래를 위해서, 사람의 삶을 위해서 달려가는 중인 고등학생입니다.\n저는 어렸을 때부터 꿈을 이야기한 순간 특정 대학을 목표로 한 아이로 친지어른들의 입에 오르내렸고\n우리나라의 교육현실에 회의감을 가질때면 공부하기 싫어 투정부리는 아이가 되었습니다.\n현재는 정처없는 메아리에 꿈을 위한 모든 저항을 포기하고 소위 '본인을 위한','선택의 폭을 넓게하기 위한'어른들의 뜻에 따르고자 합니다. 이에 저항의 마지막 한 가닥의 의미로 감히 한 말씀올립니다.\n우리나라의 교육제도는 틀렸습니다. 좀 더 막 말하자면 틀려먹었습니다.\n잘못된 것을 잘못됐다 라고 말하지 못하게 한 세태가 국가와 사회를 이지경까지 이끌어 왔습니다.\n이제는 말해야합니다.\n잘못된 것은 잘못된 것이라고.\n저는 감히 말합니다.\n우리나라의 교육제도는 잘못됐습니다.\n우리는 국어를 배울 때, 작품마다 사람이 느끼는 것이 다르다고 배웁니다. 하지만 시험을 볼 때면 이 작품에서는 이런 것을 느껴야한다고 강요받습니다.\n우리는 영어를 배울 때, 선생님이 설명하신 문법들을 교과서 본문에 적고 그것을 달달 외웁니다. 본문을 통째로 외워버립니다.\n우리는 수학을 배울 때, 교육부가 내놓은 '수학은 부침개 먹을 때 쓴다'는 말같지도 않은 내용을 담은 영상 같은 것들을 보며 목적을 찾습니다.\n우리는 교육을 잘못 받고 있습니다. 우리나라의 교육방식은 틀려먹었습니다.\n이미 '대학입시기관'으로 전락해버린 '교육기관 고등학교'에서, '친구를 사귀어 사회성을 기른다'는 목적을 뺴면 사교육 기관보다 나은 것이 없는 이 고등학교에서 우리는 더 깊은 배움이 아닌\n'대학을 잘 가는 방법'에 대해서 배우고 있습니다.\n이러한 현실을 바꾸어주십시오.\n말로만 선행학습이 나쁘다고 하면 뭐 합니까. 누가 안좋은 것을 모릅니까?\n선택이 아닌 필수가 되어버렸기 때문에 하는 것입니다.\n'개천에서 용난다'는 격언은 정말로 옛말이 되어버렸고,\n'학생들을 시험의 압박과 경쟁으로부터 잠시 떼어놓고 소질과 적성을 찾도록 한다'는 자유학기제는 초등학교를 갓 졸업한 중학생들을 사교육장으로 밀어버렸습니다.\n영재로 여겨지던 아이들은 획일적인 대학입시 위주의 교육과 개성따윈 애들 장난이라며 짓밟아 버리는 사회속에서 '여느 평범한 아이1'이 되어갑니다.\n이쯤되었으면 문제가 있는겁니다. 아니, 문제는 원래부터 있어왔던 것입니다.\n잘못된 사회 제도를 비판하면 어째서 '낙오자'라는 낙인이 찍혀야 합니까?\n""그래도 그 속에서 버티는 애들이 있잖아?"" 라는 식의 기득권층이 제 밥그릇 지키기 위해 내는 논리로 언제까지 버틸겁니까?\n잘못된 교육제도 속에서 고통받는 것은 학생들입니다.\n물론 지금 당장 바뀌어도 그 수혜를 저희 세대는 받지 못합니다.\n하지만 우리의 후배들에겐 좀 더 나은 대한민국을 물려주고 싶습니다.\n투표권도 없어 저희에게 미칠 영향을 저희는 고르지 못합니다.\n제가 게으른 탓인가요?\n제가 공부를 그렇게 잘하지 못하는 탓인가요?\n그렇다면 할말이 없지만 감히 한 말씀 올리겠습니다.\n교육제도를 바꿔 주십시오.\n지금 이 상황은 수시가 공정하다, 정시확대가 답이다, 어떻다 해서 바뀔 상황이 아닙니다.\n애초부터 다 틀려먹었으니까요. 이건 전면 개혁만이 답입니다. 교육을 싹 뜯어고쳐야합니다.\n틀부터가 잘못됐는데 거기에 석고를 쏟건 시멘트를 쏟건 대체 무슨 상관이란 말입니까?\n긴 글 읽어주셔서 감사합니다."
247369,2018-05-28,2018-06-27,0,176,성장동력,국회의원 임금부터 최저임금으로 모범을 보여야합니다. 유럽정치인들처럼~,"국민의 대표로 국민을 대신해 일하시는 국회의원님들부터 모범을 보여야합니다.\n최저임금으로 국회의원들이 봉사와 책임감, 청렴 그리고 국민을 위한 정치의 삶으로  국회가 먼저 바뀌어야만 한다 생각합니다.  선거가 끝나도 국민을 위해 일하며, 국민을 위해 봉사와 희생을 하기위해 있는 자리란걸 국회에서부터 모범을 보여야합니다.\n그래야만 국민들이 가지고 있는 정치에 대한 불신을 없애고, 권력의 휭포와 갑질들이 조금이나마 사라질거라 봅니다.\n유럽 선진국의 국회의원들은 임금이 최저임금뿐 아니라 국민들에 대한 사명감과 책임감, 봉사와 희생의 정치를 하는  정치인들을 다큐에서 보며 정말 부러웠습니다.\n왜 우리나라는 저들처럼 할수없을까~T.T\n배울점은 배워서 적용해야한다 생각합니다.\n이미 대부분의 우리나라 국회의원님들은 사회적으로 지위와 재력을 갖추었습니다.\n그렇다면 최저임금만으로도 유럽 선진국의 국회의원들보다도 더 좋은, 그들보다 더 봉사의 정신과 사명감으로 더욱 많은 모범적인 생활과 정치를 할수 있다봅니다.\n우리나라는 유럽에 그런 정치인들보다 특혜와 권력,처우가 아주많이 과다하다 봅니다. 그래서 많은 사람들이 국회의원 될려고 날리~날리~인것 같습니다.\n저만에 생각일수도 있지만, TV다큐에서 유럽 정치인들의 삶이 너무나 고귀하고 아름다워보였습니다.\n우리나라 정치인들도 다른나라에 TV다큐에 모범적이고 아름답고 고귀한 희생과 봉사의 삶을 사는 사람들이라고 보도되고 닮고 싶은 나라이길 바랍니다."
212095,2018-04-25,2018-05-25,0,41,정치개혁,계엄령선포해서라도 국회강제해산해주십시요,세금 먹는 하마들 최악의 20대국회입니다.\n계엄령을 해서라도 국회해산에 동의하는 국민이 동의하리라 믿습니다.\n총선비용 기꺼히 수용합니다.\n총선후 반드시 무노동 무임금 적용해주십시요
83772,2018-01-11,2018-02-10,0,1,안전/환경,종현(연예인)이라는 귀한 사람이 죽었습니다.,돈도 많이 벌어서 나라를위해서 세금도 많이 냅니다 국민들에게 기쁨도 줍니다. 소수이지만요  이번자살을 보아서\n우리나라에 총대제적으로 자살방지 운동프로그램이 대통령이 바뀌어도 임기가 끝나시구요 그래도 자살을 방지하는 프로그램이 필요합니다 도와주십쇼 부탁드립니다.
58273,2017-12-04,2018-01-03,0,24,정치개혁,국회의원 보좌진을 7명에서 8명으로 늘리고 세비를 인상하기로 한것에 대해 절대적으로 반대합니다.,"공무원 보수 인상율(2.6%) 만큼 국회의원 연봉을 올린다고 합니다. 그러면 국회의원 연봉이 1억 4000만원이 된다고 합니다. 거디다가 여기에 더하여 차량 유지비, 유류대 등 연간 1억원을 더 받는다고 합니다.\n삭감해도 모자랄 판에 이것은 정말 아니라고 생각합니다.\n진정한 개혁은 국회부터 해야 한다고 생각하는 바 입니다."
97998,2018-01-16,2018-02-15,0,8,성장동력,나도돈있으면 부동산투기를하지 비트코인은안했다....,나도 꼰대들마냥 돈좀있었으면 맘편하게 서울아파트서살다가 2.3년후에 3-4억씩받고 아파트처분하지...불안하게비트코인안했다.....집살돈도없어...일해봐야푼돈이여...허리띠졸라메며사는데도 희망이없어...이제결혼도포기하고 문화생활전반포기한건오래고...그돈모아서 비트좀투자했다가 도박꾼소리나들어~~~~~\n정부입김에 개박살나고......니들청년청년따지더니..정책마다 청년죽이고 계층사다리박살내더라.....박근혜때보다 더살기안좋아졌어 그건아나???
208501,2018-04-21,2018-05-21,0,12,문화/예술/체육/언론,YTN사장 최남수을사퇴청원합니다 ytn노조가78일 파업하고있습니다,YTN노조가 78일이나 파업하고있다고합니다\n그이유가 YTN사장인 최남수사장 이 부적절한일대해\n저도 자세히잘모르지만 ytn노조가 청와대밖에서 시위\n하고있답니다\n최남수사장을 사퇴청원놓습니다
218708,2018-05-01,2018-05-31,0,37,기타,큰스님께 묻습니다,조계종이 문제가 아니라고 생각하고 싶습니다\n조계종의 몇몇이 흙탕물을 만든다고 생각합니다\n큰스님께 묻습니다\n사실관계에 따라서 MBC PD수첩에 대응하셔서\n조계종의 정통성을 무너트리지 마시고\n철저한조사로 바로 잡아야합니다
149688,2018-02-24,2018-03-26,0,19,외교/통일/국방,김영철의 방한을 반대합니다,"북한은 지금 궁지에 몰리자 대화 협상을 하려는 '척'으로 보입니다.\n존경하는 문재인 대통령님 저는 과거 故노무현 대통령님이 펼치셨던 대북 지원 정책에 대하여 의도 자체가 나쁘다고 생각하지 않습니다. 아주 평화 지향적인 정책이었지요. 하지만 북한은 대북 지원을 기회로 삼았다고 생각합니다. 이를 통하여 북한 주민들의 생활이 개선되는 모습은 보이지 않았으며, 도리어 핵을 개발하는 결과를 가져왔지요.\n대통령님도 모르실 것이라 생각하지는 않습니다. 북한이 현 김씨 일가 체제를 포기하지 않을 것 이라는 것을요.\n저는 대한민국 해군을 병장 만기전역 했습니다. 모든 해군은 알 것입니다. 천안함 참사가 어떤 일인지. 평택의 2함대 사령부에 덩그러니 반토막 난 채 전시되어있는 천안함을 봤을 때 처량함은 잊을 수 없습니다. 제가 문재인 대통령님의 생각을 헤아릴 수는 없지만 김영철의 방한은 천안함 참사 유가족에 대한 결례라 느껴집니다. 대북에 대한 협상의지를 보여야 할 때가 있을 것입니다. 하지만 저는 김영철이 방한하는 일은 협상의지라고 생각할 수가 없습니다.\n북한은 남한을 쉬이 보고 있다고 생각합니다. 부디 완강한 대처를 부탁드리겠습니다."
384941,2018-09-19,2018-10-19,0,4,반려동물,개인이던 회사던 대형견이나 사람에 위협이 되는 맹수들 키우는 것에 대해서 금지 시켜주세요.,"동물원 수족관은 없어져야 하고 모두 자연으로 돌려 보내야 합니다.그들이 구속 되어야 할 이유는 없고요 사람들은 동물원에 인간을 잡아 넣으면 어떨까 생각 해 봅니다.체불임금하는 인간,사기치는인간,악질적인 인간 갑질인간 흉악범 성범죄자들들 동물원에 쳐 넣고 구경하는 것이 어떨까요?"
241616,2018-05-23,2018-06-22,0,8,외교/통일/국방,김정은 북한비핵화 쇼 또 속는 일 없을까?,너무 많이 속고 속았습니다.\n또 속을 가능성은 여전합니다.
209788,2018-04-23,2018-05-23,0,53,보건복지,병원에 대한 더 철저한 감시부탁드립니다.,"요즘 보니 병원에 대한 문제점들이 많이 뉴스, 신문에 나오고 있습니다. 병원에서는 실수라고 하는데 실수가 나오게 된 원인은 분명 무언가가 있을거라고 생각이 듭니다. 부정부패와 비리들이 그 원인 중 하나이고 부주의 또한 원인 중 하나라고 생각합니다. 병원은 인간의 삶과 가장 밀접한 곳입니다. 또 실수로 어떤 일이 일어나게 되면 그 사람에게는 영원한 정신적 상처 등의 여러 가지의 문제가 됩니다. 병원에 대한 감시가 더 강화되어야 한다고 생각합니다.(특히 한예슬씨 사고만 생각하면.. 정말 팬인데 하..)"
323690,2018-07-30,2018-08-29,0,7,기타,총기 허용으로 자기 안전 이제는 스스로 지킵시다.,불법체류자 범죄나 제주 실종사건이 몇달 사이 3건이나 발생했습니다.\n무사증 제도도 폐지 안해 불법체류자 단속도 안해\n이제 스스로 자기 안전은 자신이 지켜야 하지 않나요?\n국가나 정부는 방치만 하고 있는데 아이들이 안전한 나라\n개소리 하지 말라고 하세요.\n얼마전에도 불법체류자에게 여중생이 강간당할뻔한거\n일반 시민들이 구해준것 같은데\n불법체류자 관리도 안되면서 이 쓰레기 정부도 쇼만 하고 있습니다.\n정부에서 자국민 안전을 지켜주지 못할거면 총기 허용하세요.\n당신들 믿을바에는 스스로 지키는게 더 안전하겠습니다.
66003,2017-12-14,2018-01-13,0,5,인권/성평등,온라인 1 : 1 대화도 모욕죄 처벌가능및 처벌강화해주세요,안녕하십니까. 저는 나이 30에 남성입니다.\n다름이 아니라 온라인 모욕죄 처벌 강화와 1 : 1 대화도 모욕죄 성립 할수 있게 해주시면 감사하겠습다.\n제가 이런글을 올리게 된 이유는 저는 2달전 제가 일하던 곳에서 단기 알바가 들어왔는데\n이넘이 예의가 없가 건방지고 싸가지가 없어서 상대를 안하고 있었습니다.\n그런데 이놈이 단기 알바 끝나고 연락이 왔는데 카카오톡 차단 과 전화 수신거부를 다하고 무시를했더니\n제3자를 에게 지욕을 전달하게하는겁니다. 너무 어처구니가 없어서 차단을 풀고 12명있는 카카오톡방에서\n대화를 하는데 거기서 욕을하였고 저는 모욕죄로 신고할려고하니 실명이 언급안되었다. 욕설이 약하다라는 이유로\n기각되었고 2달이 지난 지금 갑자기 이유없이 이놈이 1 : 1 대화로 조롱과 모욕감을 주었습니다.\n막 욕설이 오간는 욕을 하다가 이넘이 도가 지나치게 저희 어머니 보고 홍등가 창녀라고 욕설을 하는데도\n저는 이녀석을 처벌할수 없는 대한민국 법이 너무 화가 났습니다. 부탁드립니다\n모욕죄 강화와 1 : 1 대화에서도 모욕죄 적용 부탁드리겠습니다.
310645,2018-07-18,2018-08-17,0,2,행정,국민연금장애연금 억울합니다,"국민연금 장애연금기준 지급조건 청원합니다!\n안녕하세요\n국민연금가입기간중 작년 7월 경추간판탈출증장애 판정을 받고 작년8월 나사못 고정술을 경추5,6,7번을 하여 올해 동사무소 지체장애 6급 판정후 국민연금 장애연금 제도가 있다하여 지사방문후 신청을 하였습니다\n운동제한표 상으로도 경추 95도 증 33도 제한이라 장애4급에 해당된다고 하더군요\n오늘 장애심사접수한 지사 담당자에게 전화가 왔습니다\n초진일 기준 미납에의해 안타깝지만 연금제한이 있다고요\n문제는 저는 직장생활중 사업장가입자로 되어있고 사업장에서 미납되었던 부분때문에 현재 제가 이런 심사결과를 받았다는것에 너무 억울하고 이해가 가지 않습니다\n현재도 직장에 재직중이며 현기준 국민연금미납금 확인시 지금은 정상납부로 되어있습니다\n너무 억울합니다!!\n원치 않게 장애를 가지게 된것에도 속상하고, 국민연금가입자로서 현시점으로 정상적으로 납부하고있으며, 초진일기준으로 미납이 있었다는 이유로 그리고 본인이 자초한 미납이 아닌 사업장사정으로 인해 미납이 되었던 부분으로 가입자에게 불이익을 준다는것 자체가 이해가 되질 않습니다 저뿐만 아니라 다른 여러분들도 이러한 처분을 받으신분들이 많을것으로 보입니다.\n가입자로서의 수급권이 보장되지 않는 기준조건은 개선되고 바로잡혀야한다고 봅니다.\n다시한번 국민연금 장애연금기준 지급조건 개정에 대해서 청원하고 사업장가입자들이  불이익처분을 받지 않았으면합니다!"
344975,2018-08-17,2018-09-16,0,71,보건복지,"공무원 연금.사학/군인연금,먼저 개혁해라","공무원연금 등은 60살에 스급하는데 극민연금은 단계적으로  65세에 수급하는 구조부터 불합리하다. 공무원등은  많이 돈을 내니까 많이 받는다 하지만 국민연금과 공무원 연금은 수급액 산출식부터 다르다. 국민연금을 공무원 연금과 같은 금액으로 납입해도 공무원 연금보다 적게  받는구조 먼저 개혁해야 한다. 철밥통 공무원들 사기업에서 일하는것의 반도 일안하면서 평생 철밥통으로 국민세금 축내고  정년퇴직햇음,,,됐지 ...노후까지 일반 국민들 보다 더 좋은 대우를 해주는 현실부터 개혁해라"
57903,2017-12-04,2018-01-03,0,4,행정,반드시  정부포상업무지침이 수정되어야만이 현정부가 할의무입니다.,"최근에 청와대에서 발표한 고위직후보자 임명시 7대비리중 전혀 해당사항이 없습니다. 정말 성실하게 앞만보고 살았습니다, 제가 22녀전에 젊었을때 단순음주운전1회(대물,대인사고 없습니다) 벌금100만원 받았습니다. 그이후 특별사면이 되었지만 2016년 정부포상업무지침에 여러번수정하여 최초로 음주운전을 추가 산입되었고 또 주요비위에 포함하여 사면또는 징계.형사벌,횟수관계없이 무조건 정부포상을 받을수 없도록 영구적으로 지침변경하였고 전정부박그네정부가 지침을 변경하였습니다. 너무억울하고 답답함을 호소합니다. 왜 음주운전도 종류가 많은데 상습음주운전자(2회이상자),뺑소니도주,측정거부,허위진술,측정도주,무면허 음주,등 분류하여 주요비위에 포함하는것이 원칙입니다. 무조건 분류없이 모둠하여 적용한다는것은 형평성위원리에도 맞지않음을 호소합니다. 대통령님만 할수있는일이라 생각합니다. 마지막 한가지의희망을 잡기위해 오죽하면 직접 대통령님에게 글을 올립니다 7대비리에도 전혀 해당이 없습니다. 특히 단순 음주운전사항에도 해당이 없습니다.\n청와대에서 발표한 '7대비리 검증기준'을 구체적으로 살펴보면,\n1. 병역기피 : 본인 또는 직계비속이 도망, 신체손상, 입영기피 등 병역법 위반으로 처벌을 받은 경우, 본인 또는 직계비속이 병역회피 목적으로 외국국적을 취득하거나 우리 국적을 포기한 경우, 본인 또는 직계비속이 고의적 또는 불법적으로 병역을 면제받거나 보직 등 복무와 관련하여 특혜를 받은 경우\n2. 세금탈루 : 본인 또는 배우자가 부정한 방법으로 조세를 포탈하거나 조세의 환급, 공제를 받아 조세범 처벌법 위반으로 처벌을 받은 경우, 본인 또는 배우자가 국세기본법 및 지방세기본법에 따라 고액·상습 체납자로 명단이 공개된 경우\n3. 불법적 재산증식 : 본인 또는 배우자가 공직자윤리법 및 자본시장과 금융투자업에 관한 법률 등을 위반하여 부동산 및 주식·금융거래와 관련하여 미공개 중요 정보를 이용하거나 타인이 이용하게 한 경우\n4. 위장전입 : 인사청문제도가 장관급까지 확대된 2005년 7월 이후 부동산 투기 또는 자녀의 선호학교 배정 등을 위한 목적으로 2회 이상 위장전입을 한 경우\n5. 연구 부정행위 : 연구윤리 확보를 위한 지침이 제정된 2007년 2월 이후 학위논문(박사), 주요 학술지 논문(해외 : SCI 및 SSCI급, 국내 : 등재지 이상), 공개 출판 학술저서에 대해 연구 당시 연구자가 소속된 기관에서 표절·중복게재 또는 부당 저자 표시 등 연구 부정행위가 있었다고 판정한 경우, 2007년 2월 이후 연구 부정행위 또는 연구비 부정사용으로 처벌된 사실이 있는 경우\n6. 음주운전 : 최근 10년 이내에 음주운전을 2회 이상 한 경우, 최근 10년 이내 음주 운전을 1회 한 경우라도 신분에 대하여 허위진술을 한 경우\n7. 성 관련 범죄 등 : 국가 등의 성희롱 예방 의무가 법제화된 1996년 7월 이후, 성 관련 범죄로 처벌받은 사실이 있는 등 중대한 성 비위 사실이 확인된 경우\n다만, “위의 기준에 미달하더라도 각각의 비리와 관련하여 고의성, 상습성, 중대성 등이 있는 경우에는 임용을 배제한다”고 덧붙였다.\n이 기준에서 세금탈루와 부정축재에 대한 기준, 구체적인 적용연도를 남발한 점, 적용 부처를 구분한 것 등은 인사검증의 혼란을 최소화하려는 행정편의주의가 과도하게 작용했다는 지적을 받을 수 있다.\n존경하옵는 문재인 대통령님 한번 재검토하여 저와같은 동료들이 많습니다, 구제하여주시고 정부포상업무지침에 주요비위에 제외해주시면 됩니다. 대통령님 간절히 부탁드립니다. 재,퇴직자공무원들이 바라고 있습니다."
338423,2018-08-12,2018-09-11,0,20,미래,제발 여성가족부(?) 폐부해 주세요..,나라의 발전에 저해 됩니다.\n제발.. 제발 없애 주세요..
153961,2018-02-28,2018-03-30,0,8,문화/예술/체육/언론,대한체육회를 비롯한 모든 각 종 연맹의 대대적인 조사를 요구합니다.,이번 올림픽에 나타난 연맹과 대한체육회의 문제점을 바탕으로 모든 체육연맹들을 대대적으로\n조사를 하여 각종 연맹에 있는 문제점들을 하나하나 밝혀내서 다시는 그런 일이 일어나지 않도록\n해야한다고 생각합니다.\n제가 생각하는 체육연맹과 대한체육회는 각각 하나의 조직이지만 하나의 국가랑 같은 역할을 해야한다고 생각합니다.\n국가에 있어서 국민이 먼저 이듯이 각종 연맹과 체육회는 선수들이 먼저여야합니다.\n그래서 모든 체육연맹과 대한체육회가 존재하는 이유는 선수들을 위한 지원하기 위해 존재하여야합니다.\n선수들의 지원보다 위에 있는 것은 없습니다.\n대통령님의 정치철학인 '사람이 먼저다'처럼\n각종 체육연맹과 대한체육회는 선수가 먼저다라는 철학을 가질 수 있도록 이번 기회에 대대적인 조사를 해서\n각종 연맹에 숨어있는 적폐들을 제거하여 선수가 먼저인 각종 체육연맹과 대한체육회가 될 수있도록\n해주시길을 부탁드립니다.
434978,2018-11-07,2018-12-07,0,11,미래,정권에 충성하는 군대는 없어져야 한다.,"국민을 탄압하고, 국민에게 총질하는 군대는 어느나라 군대냐.\n현 정부에서 국민의 군대로 거듭나게 노력해야 한다."
185547,2018-04-04,2018-05-04,0,11,일자리,GM대우 철수하게 하고  강성노조도 없애주세요,수익이 안나는 회사는 망해야 합니다.\n경쟁시대입니다.\n수익이 안나는 회사직원은 급여가 적어야 합니다.\n세금으로 보조하는거 이제 보기 싫어요.\n정말 확신이 있다면  수만의 노조원들이  대출 1000만원씩만 받아 증자를 하면  몇천억이네요\n자기회사 살리고 자사주도 보유하고 연봉 억가까이 되는데 아무것도 아니죠 쉽죠. 전 대출도 안되던데\n협력업체 등  연관된 수십만의 사람들 밥줄이 어려운건 알지만  썩은 곳은 도려내야죠\n새살이 솟는 아픔없이  발전은 없고\n한번의 뼈아픔은 방만한 경영과  낮은 생산성이 부메랑으로 언제든 모두에게 다시 돌아온다는걸 알거에요\n25년차  연봉 4000만원의  40대 중반 두 아이의 아빠 바램이네요
294541,2018-07-03,2018-08-02,0,7,교통/건축/국토,원주에서 인천공항가는 KTX 운행해주세요~,"교통의 중심지 원주에 KTX가 인천공항까지 가지 않는다는게 너무 불편하고 슬픕니다..\n계속 운영하기 힘들다면 7,8월 12,1,2월 방학기간이라도 인천공항까지 KTX가 운행하면 정말 좋겠습니다!!!\n휴가 연차도 아껴쓰는 현실에 여행다녀오기 너무 피곤한 현실에 교통의 편리함으로 피곤함이 덜해질거같아요ㅠㅠ\n부탁드려요~!!"
309567,2018-07-18,2018-08-17,0,51,반려동물,"문재인 대통령과 반려견 ""토리""의 상업적 이용을 중단시켜 주십시오","문재인 대통령의 반려견 ""토리""를 기증한 ""동물권단체 케어""에서 지속적으로 문재인 대통령의 사진과 반려견 토리의 사진을 이용하여 사업을 진행하고 있습니다.\n해당 단체가 공익을 목적으로 하고 있지만 별도의 기금의 모집을 위해서 대통령의 사진을 이용하고 있으며, 대통령 및 대통령 반려견의 얼굴을 이용한 지속적인 수익활동을 통해 실질적인 수익을 창출하는 점은 분명 문제가 있습니다.\n식용견 및 반려견 문제에 대해 대통령께서 공식적인 입장을 발표하신 적이 없음에도 마치 해당 단체에서는 대통령께서 해당 단체의 의견을 동조하는 것 처럼 표현하고 있기도 합니다.\n대통령께서는 해당 단체의 요청으로 유기견 한마리를 입양하셨을 뿐, 국민의 대표인 대통령의 초상을 이용해 ""분양""받으신것이 아닙니다. 대통령께서 이러한 정책에 찬성하신다 하셔도 해당 찬/반의 의견은 대통령의 정책과 발언으로 표현되어야 하며, 제3자가 대통령의 명예를 빌려 본인의 의견을 대통령의 의견으로 포장하는 행위는 분명 문제의 여지가 있습니다.\n해당 행위가 중단될 수 있도록 조치를 부탁드립니다.\nhttp://fromcare.org/archives/34635 - 문재인 대통령과 토리의 사진을 새긴 달력을 조건으로 각 5만원의 후원구좌 모집중\nhttp://fromcare.org/archives/48865 - 문재인 대통령의 사진을 내걸고 토리 인형 판매 (인형 가격은 3만원)\nhttp://fromcare.org/archives/50812 - 문재인 대통령께서 개 식용 반대에 찬성하는 것으로 표현\nhttp://www.yes24.com/24/goods/59515536 - ""검은개 프로젝트""의 일환으로 청와대의 휘장과 토리를 주제로 한 동화책 판매"
17475,2017-09-27,2017-10-27,0,7,육아/교육,초등돌봄교실 이관을 반대합니다,"2004년 부터 초동돌봄교실은 맞벌이, 저소득층. 조손, 외부모, 다문화등 방과후에 안전의 사각지대에 놓일 수 밖에 없는\n자녀들을 위하여 도입하여 성공한 정책입니다. 그런데 현정부의 돌봄확대 발표로 각 시도 교육감들은 보육, 교육 이원화 운운\n하며 학교에서 잘 자리잡아 운영되고 있는 돌봄교실을 학교밖 지차체로 이관하겠다니 현장의 소리를 무시하는 처사입니다.\n제발 현장의 소리를 들어 주세요."
97058,2018-01-16,2018-02-15,0,1,정치개혁,"가상화폐 패쇄는 아닙니다,","존경하는 문재인 대통령님,\n서민들에게도 꿈꽈 희망을 부탁드립니다,\n미국,중국 등등 많은 나라에서 4차 혁명으로 부상중인 혁명이\n대한민국에서는 왜 불법이고 합법적이지가 않다는 의원님들에 말씀이 타당하지가 않다고 생각이 듭니다,\n극민이있어 존경하는 대통령님이 계시고 존경하는 대통령님이 계셔서 나라가있지 안습니까?\n국민에 소통 국민에 의견을 들어주시고 수렴해 주십시오,\n존경하는 대통령님 가상화폐 거래소 패쇄가 꼭 국민을 위한 답은 아니라고 생각합니다,\n감사합니다,"
90434,2018-01-12,2018-02-11,0,12,경제민주화,로또 주식 강원랜드 도 가 없애세요 국가가 서민 피 정당하기 먹는 건 불법이 아니고 정당한 거고 서민들 끼리 사고팔고 하는 꼴은 못보고 없애버린다하고..,로또 주식 강원랜드 다 없애세요\n로또는 그럼 정당한 건가요?\n로또도 국민들의 서민들 가난한 사람들 코 묻은 돈 나라가 피빨어 먹는 거 아닌가요?\n서민들이 로또 보더 코인주타하면서 더 확률높고 이윤이 조금이라도 얻을수있으니 하는 겁니다\n현실을 제대로 보세요\n부자들은 로또 안합니다\n서민들이 주식공부해서 어찌 투자합니까\n코인으로 왜 돈이 몰리는지\n무조건 폐쇄만 한다고 답인가요?\n서민들 월급 150-250벌어서 언제 집사고 차사고 저축할수 있는 줄 아세요?\n저도 맨날 로또하다가 코인하는 겁니다\n코묻은 내 피같은 돈 은행에선 몇만원 이자 주는데\n장기적으로 일년 넣어노면 국제시세 따라 올라갈거 기대하고 적금 300넣은 주부입니다\n법무부장관말에 하루만에 반토막 되더군요\n서민들이 돈버는 꼴은 못보는 구나\n우리끼리 사고 팔고 하는 데 무슨 범죄\n규제를 하는 건 옳습니다\n거래소도 점검하시고 여러가지 규제는 옳다고 봅니다\n하지만 투기도박이라고요? 폐쇄요?\n주식과 뭐가 다른가요?\n회사고르듯이 투자처 골라 투자하고 이윤을 바라는 마음이 도박이라고요?\n세금이나 받으세요\n300모으려면반년에서 일년을 모아야해요 저는\n문재인을 뽑은게 짜증나네요\n민주주의요?\n그냥 공산국가네요\n야당에서 말하는 빨갱이?\n이게 결국 현실이 되는 군요\n빨갱이냐 친일파 냐 그 투표인가요 결국\n다 싫고 그녕 바른 정당이나 정의당 찍을랍니다\n폐쇄해봣자\n국제적인 추세시장이라면 사람들 해외 거래소로 갈겁니다\n막을수없다면 건강한 규제를 해주십시오\n해외거래소도 가면 아예 서버 규제 하실러고요?\n그럼 북한이네요 인터넷  막는\n참으로 안타깝습니다
33951,2017-11-11,2017-12-11,0,0,정치개혁,이명박,이명박출국금지
190433,2018-04-08,2018-05-08,0,51,경제민주화,주식 공매도 제도를 폐지하여 주십시요,외국인 및  기관에서 주식을 거래할 때 공매도(가지고 있지 않는 주식을 매매함)를 허용하고 있어 개인투자자들은 많은 손해와 고통을 받고 있습니다. 요번 삼성증권 공매도와 같이 있지도 않는 많은 주식을 매매함으로 삼성증권 개인투자자는 많은 손실을 받습니다. 이건 정말 말이 않되는 제도로 당연히 폐지되어야 한다고 생각합니다. 주식을 공매도함으로 고의로 주식을 하락하여 많은 이익을 보고 있습니다. 다시한번 공매도 제도를 폐지하여 주십시요
50258,2017-11-24,2017-12-24,0,5,육아/교육,교원 성과급 폐지를 강력히 요청합니다.,"강력히 주장합니다.\n교육의 본질을, 교사들의 교육관을 흔들리게 하는 성과급제 폐지해주세요.\n전문사과 사기를 높이기는커녕 교사 간 갈등과 위화감만 조장하는 성과급은 폐지해야 한다고 봅니다.\n실제 현장에서도 성과급 지급 기준을 정할 때 공공연히 싸움이 나고, 언성을 높이는 등 교육적으로 유용한 점이 전혀 없습니다.\n또한, 성과급 지급 기준을 충족하기 위해 기계적이고 의미없는 공문생산에 몰두하게 되는 경우도 있습니다.\n교사의 가장 중요한 본분은 학생과의 수업, 교육이라고 생각하는데 교원성과급제도는 이러한 본분에 역행하는 시대착오적인 제도입니다.\n이미 수년전부터 교사들이 주장해왔지만 번번히 묵살되었는데 바로 잡을 때는 지금이 아닌가 싶습니다.\n교육은 백년지대계라하는데 1년의 성과를 단순히 공문의 수, 맡은 업무, 학생수 등으로 평가하는 제도는 지극히 잘못되었다 봅니다.\n교원성과급을 폐지하고, 이를 교원연구비로 전환해주십시오! 강력히 촉구합니다."
151293,2018-02-25,2018-03-27,0,8,정치개혁,"박근혜의 세월호7시간, 5촌 살인사건","박근혜의 세월호7시간, 5촌 살인사건\n박근혜 전대통령이 세월호 침몰 당시 7시간 동안 어디서 무슨 짓을 하느라 세월호 사고 처리를 늦장 대처 했는지 국가대통령기록물관리원을 압수수색을 해서 낱낱이 밝혀내야 합니다.\n그리고,\n2011년 박근혜의 5촌 조카와 사촌이었던 2명과 그들 주변인 여러 명이 살해되거나 실종된 사건을 당시 한나라당 정권 시절의 경찰이 5촌 쌍방간 살인 및 자살사건으로 처리하였으나 최근 이들이 제3자에 의해 피살되었음 방증하는 방송이 보도된바 이 사건을 재수사 해야 합니다."
65260,2017-12-13,2018-01-12,0,4,행정,영화 ‘밀정’의 주인공 김시현 의사의 독립유공자 서훈을 청원합니다.,"평생을 독립운동에 헌신하고도 독립유공자 서훈도 받지 못한,\n영화 ‘밀정’의 주인공 김시현 의사의 독립유공자 서훈을 청원합니다.\n저는 최근 우연히 김시현 의사의 26년간이나 이어진 독립운동에 대한 행적을 알게 되어 놀랐고 그런데도 독립유공자 서훈도 받지 못했다는데 더더욱 놀랐습니다.\n많은 분들이 잘 아시겠지만 그래도 김시현 의사가 어떤 분인지 다시 한번 소개드리고 김의사에 대한 합당한 평가와 아울러 독립유공자 서훈을 청원하고자 합니다.\n- 김시현 의사 -\n철석 같은 신념과 초인적인 의지로 무려 20여년간 옥고를 치르면서\n조국 광복을 위해 싸웠고 해방후에는 이승만 독재에 맞서 일생을 바쳤던 애국 지사-\n그리고서도 숨을 거둘때까지 분단된 민족의 현실을 안타까워하며 마지막 유언으로 아내에게\n""권 동지, 미안하오, 내가 조국 독립을 위해 몸 바쳐 투쟁했는데도 반쪽 독립 밖에 이룩하지 못했소,\n여생을 조국 통일 사업에 이바지해 주오""라는 마지막 유언을 남긴,\n우리 현대사의 가슴아픈 대목마다 크나큰 이정표를 남긴 항일투사 -\n1883년 안동 출생으로 일제시대에 동경으로 유학, 메이지 대학 법과를 졸업하고 귀국,\n평생을 남부럽지 않게 살 수 있는 엘리트였음에도 그의 높은 뜻과 큰 의기는\n그의 평생을 고난과 위험의 길로 이끌었다.\n그는 1919년 3•1운동에 참여, 체포된후 상주 헌병대에 약 2개월간 구금되었다가 만주로 망명하여 의열단에 입단하였다.\n1920년 1차 폭탄 반입사건 당시 국내로 잠입하여 군자금 모금 등 독립운동을 하다 일본 경찰에 검거되어 대구형무소에서 1년간 복역, 1921년 출감후 상해로 망명하였고 1922년 약소민족 문제를 다루기 위한 동방 민족 대표회의에 김규식, 여운형 등과 같이 모스크바로 가서 한국대표로 참석하였으며 1923년에는 일제 식민통치기관의 파괴, 일제 요인 암살 등을 위해 다량의 폭탄과 권총, 전단지를 국내에 들여오다 체포되어 징역 10년을 언도받고 복역, 1929년 1월 석방되었다.\n이른바 황옥 사건, 2차 폭탄반입사건이다.\n1929년 다시 만주로 떠나 길림에서 독립군 양성 기관 설립을 추진하다 또다시 중국 관헌에 체포되어 3개월간 구금되기도 했고 1932년 이후 김원봉과 함께 조선혁명군사정치간부학교 학생 모집활동을 전개했으며 1935년 의열단 중앙집행위원으로 변절자 처단에 나섰다가 징역 5년형을 선고받고 나가사키 형무소로 송치,  수감되었다가 1939년 9월 출옥후 1940년 다시 북경으로 건너갔다.\n그 후 북경과 국내를 오가며 항일투쟁중 1941년 북경에서  체포, 일본영사관 구치감에서 약 1년간 구금되었다가 1942년 풀려났다. 이후 1944년 4월 북경에서 다시 일본 헌병대에 체포, 수감되었다가 1945년 서울로 이송되어 경성 헌병대에 구금중 해방을 맞았다.\n일본 경찰에 잡혀 고문을 받다가 비밀을 누설하지 않기 위해 스스로 혀를 깨물어 자르려고 하다 이 후유증으로 평생동안 발음조차 어눌하게 했고 2차 폭탄 반입사건으로 5년 5개월의 옥고를 치르고 1929년 1월 대구형무소에서 출옥한 후 몸을 조리하라는 가족의 만류에도 ""나의 섭생은 독립운동뿐""이라며 허약해진 몸을 끌고 다시 만주로 떠나는 등, 보통 사람으로서는 상상하기조차 어려운 고통의 길에 자신의 모든 것을 던졌다.\n해방 정국에서는 해외 귀환 동포를 원호하는 활동을 펼치고 민족자주연맹과 좌우합작위원회에 가입,  통일 민족 국가를 수립하기 위해 활동했으며 교육 사업에도 힘을 쏟아 당시 재정 부족으로 어려움을 겪던 동양공과 전문학관(동양미래대 전신) 초대 이사장 김봉주씨와 함께 2억원의 기금을 모아 동양공과재단을 설립하고 학장을 역임하기도 했다.\n그후 1950년 5.10 선거에서 안동 갑구에서 민주국민당 소속으로 출마, 2대 민의원으로 당선되어 정치인으로 변신하였으나 그의 뜨거운 피는 당시 민주화를 거스르고 독재로 치닫고 있던 이승만을 그냥 두고 보지 못했다.\n1950년 5.30 선거로 야당이 압승하여 제헌국회의 초대 대통령 선거와 같은 간접 선거로는 재선이 어려워지자\n1951년 11월 정부는 대통령 직선제 개헌안을 국회에 제출하였고 52년 1월 국회가 이를 부결하자 이승만 정부는 ‘부산 정치파동’을 일으켰고 이후 결국 군과 경찰이 국회의사당을 포위한 가운데 대통령 직선제를 골자로 하는 발췌 개헌안이 통과되었다.\n이에 김 의사는 이승만 대통령이 독재자이며, 6•25 발발에도 대비하지 않았고 국민들을 서울사수라는 거짓말로 속이고 본인은 도망한 사실, 한강 철교 폭파, 국민 방위군 사건, 거창양민학살사건, 김구 선생 암살 등의 죄상을 들어 이에 대한 응징을 위해 역시 의열단 출신이자 평생의 동지였던 유시태 선생과 함께 이승만을 처단하기로 결심, 1952년 6월 25일 부산에서 열린 6•25 기념식 및 북진결의대회에서 김 의사와 모의한 유시태 선생이 권총으로 이승만 대통령 저격을 시도하였으나 권총 불발로 실패하고 말았다.\n이 일로 유 의사와 김 의사는 사형선고를 받고 복역 중 무기징역으로 감형되었다가 1960년 4•19혁명으로 이승만 정권이 무너진 후 복역 만7년 10개월만인 1960년 4월 28일 석방되었고 허정 과도 정부에 의해 그해 6월 25일 특별사면 되었다.\n그의 부인 권애라 여사도 개성지역 3.1운동을 주도하여 유관순 의사와 함께 같은 감방에 투옥되었던 독립투사였고 동생 김정현 의사 또한 의열단원으로 활동한 투사였으며 김 의사의 장남은 서울대 문리대를 다니다 해군장교로 입대해 한국 전쟁에서 전사하였고 차남은 같이 중국에서 아버지를 도와 연락책으로 일하다 검거되어 옥고를 치르는 등 국가와 민족의 위기에서 온 가족이 헌신하였지만 그는 만년에 서울 불광동에서 단칸방 전세를 전전하며 전세금이 부족해서 쫓겨날 처지에 놓이기도 하고 하루 세끼를 극빈자에게 주는 무상배급 밀가루로 연명하는 등 불우한 생활을 하였다.\n1961년 박정희 당시 국가재건 최고회의 의장이 이러한 김 의사의 형편을 듣고 2만원(당시 쌀 한가마니 1820원선)을 희사, 전세금 4만원짜리 전세방으로 이사를 가기도 하였으나 생활고에서 벗어나지 못하고 지내다 1966년 83세를 일기로 숨을 거두었다.\n그는 평생을 조국 광복을 위해 싸운 독립운동가로 독립운동의 공적이 뚜렷하지만 이승만대통령 암살미수사건’ 전과로 인해 ‘3년 이상 징역이나 금고형을 받은 자는 포상 받을 수 없다’는 규정에 묶여 독립유공자 서훈을 받지 못했다.\n그러나 김의사는 4.19 이후 당시 허정 정부에 의해 특별 사면된 바 있고 또 현행 우리 헌법에서조차 '3.1 운동으로 건립된 대한민국 임시정부의 법통과 불의에 항거한 4.19 민주이념을 계승'한다고 규정하고 있는 상황에서 독립운동에 일생을 바치고 불의에 항거한 김의사를 독립유공자로 서훈하지 않는다는 것은 앞뒤가 맞지 않다.\n이를 볼 때 김의사는 아무런 대가없이 자기자신의 혹독한 희생만으로 평생토록 일제와 싸우고 독재에 맞섰지만\n그가 그렇게 토대를 닦았던 해방된 조국의 민주 헌법에서조차 오히려 외면당하고 있는 게 아닌가 싶다.\n그는 여전히 고독한 투사로 남아 찬바람 부는 광야에 홀로 서 있다.\n지난주 경북 예천 호명면에 있는 김의사의 묘소를 참배하였으나 비신만 김의사 묘소 옆에 놓여 있고 원래 바닥에 두려고 했던 것으로 보이는 거북이 모양의 기단은 70미터 정도 아래 밭두렁에 방치되어 있었다.\n마을 주민 한분의 이야기로는 예전에 기단과 같이 설치를 하려고 두차례 큰 차가 와서 작업을 했으나 못들어올려서 그냥 포기하고 던져놓고 가버렸다고 하는데 게다가 김의사의 묘소라고 알려주는 표식도 하나 없어서 아쉽기만 하다.\n정부에서는 하루속히 김시현 의사의 공적을 인정하고 독립유공자로 서훈해주기를 청원한다.\n아울러 김시현 의사와 행동을 같이했던 유시태 의사에 대해서도 독립 유공자 서훈이 이루어지기를 간절히 바라본다."
68739,2017-12-18,2018-01-17,0,2,일자리,직업에도 중간상인이 필요한가요?,지금 하청 및 파견업체의 이야기 입니다.\n과연 이것들이 합법적으로 정상적으로 이루진다고 생각하시나요? 아니면 모르시는건가요?\n이번 파리바게트 사태에서 불법파견으로 전원 고용명령에서 볼수 있듯이 거의모든 99.99%의 대기업 중견기업이\n다음 사항위반에 해당합니다  원청은 하청근로자에게 직접적으로 지시를 할 수 없다인데 과연 직접지시를 안하는\n기업이 있을까요? 더군다나 중간상인이 얼마나 있을 까요? kb를 예로들면\nkb - > 자회사 kb어쩌구에 하청을 줍니다 ->kb어쩌구가 다시 하청회사에 하청을줍니다.->여기서탄생되는게\n파견근로자 입니다. 거의 최저임금에 가장가까운 급여입니다.\n중간 구조가 둘이나 껴있는 구조로가기때문에 급여는 올라갈래야 오를수가없는 구조로 가고있는 상황입니다.\n그러면 파편근로자의 회사는 과연 무었을 할까요? 하는일은 사람필요하면 인력구하는것 이외에는 하는일이  단1도\n없습니다.\n그냥 일하는 사람따로 돈버는 사람따로있는 겁니다.\n원청회사인 대기업 및 중견회사들은 천문학적인 영업이익을 벌어들입니다. 이것중에는 어디에도 속하지 못하고\n어떠한 해택도 받지못하는 사람들이 있습니다. 성과급이요? 보너스? 이거 다른나라이야기입니다. 같은공간에서\n일해도 혜택전혀없습니다. 같은대우를 바라는건아닙니다. 단지 중간에 도둑놈들이없다면 좀더 삶이 나아지지\n않을까요? (그중간 도둑놈들 거의대부분 어느기업출신 퇴직자 전관예우처럼 사람장사 하게끔 원청이 도와줍니다.)\\n직업도 중간상인이 정말 필요한건가요? 이구조가 지속되는한 항상 최저임금에서 벗어나지 못하는 많은 사람들이\n있을겁니다.\n위에서는 모르는게 당연합니다 격어보지못하면 모릅니다 지금의 파견법또한 탁상행정의 결과물이닌가요\n파견법 정부가 나서서 손봐야한다고 생각합니다. 썩은고름을 짜줄 정부가 되어주길 부탁드립니다.
372926,2018-09-09,2018-10-09,0,41,교통/건축/국토,부동산대란 민주당5년집권 으로 끝.,제발 집값좀 잡아주세요.  서민 맘좀 살펴봐주세요.  정부 의지를 보여주세요!
273413,2018-06-18,2018-07-18,0,8,문화/예술/체육/언론,인터넷방송문화 (아프리카TV서수길대표청원),제가 오늘 청원하고자하는건 가상문화인터넷방송 1인자플렛폼 아프리카티비를 청원하는동시에 서수길대표를 폭로합니다  아프리카티비는 한때 유명한플렛폼입니다 벤쯔 양띵 대도서관 윰댕 피디대정령등이 많이 다녀간곳이죠 그치만 아프리카티비는 수수료많이 때먹고 갑질논란이 심합니다 날로먹으려는 의혹이 있습니다  주가조작의혹도있습니다 이에대해 아프리카티비 압수수색을 요청드리는바이고  다른플렛폼에비해 노출이심하고 욕설이 자연스러운가상문화플렛폼입니다 우리가 가상문화를만든건 이렇게사용하려고만든것이아닢니다  또한 서수길대표는 불법체류의혹 갑질의혹 사기혐의 의혹 언론및지상파방송국 뇌물수수혐의 의혹 그리고 더중요한건 성상납의혹이있습니다 우리는 정작 중요한걸놓치고있습니다 정치농단을바로잡는것도중요하지만 가상문화공간농단도중요합니다 그리고 추가의혹은 감사뇌물혐의라는겁니다  아프리카가 가상문화상대로 도박을하는의혹있는거같아 청원합니다  반드시 철처히 밝혀주세요 욕설이없는 가상문화공간 노출이없는 가상공간 뇌물 불법체류 성상납 사기 갑질 이렇게 심하고 아직까지도하고있습니다 바로잡아주세요 아이들에게 좋은공간을보여주고싶습니다 그러기에 아프리카플렛폼압수수색을 청원합니다
396366,2018-10-03,2018-11-02,0,0,일자리,노동법,저는  공단에서근무하는 근로자입니다여지껏 법정공휴일에 출근하면 특근처리됬는데  노동법에 근로자의날빼곤회사에서 특근처리안해줘도 법에어긋나지않다고 무조건빨간날 출근하고 일당으로한답니다 만약 출근안할시 주차도 안준다고하는데 이건 너무합니다\n글구 여지껏 정부가노동법 거론한건 우리노동자한텐 적용되지않는거라는데 우리 노동자를위한 법률을 검토해주세요\n우린 절대정직원도안되고 너무 불이익만당하고  고작 일당직밖엔될수없습니다 관공직말구 노동자를위한 법을검토해주세요
282255,2018-06-24,2018-07-24,0,0,보건복지,무연고 장애인 도와 주세요,무연고  최중증 장애인을 10년 동안  딸 처럼 돌보고 있는 강 선미 입니다.\n부모님이 돌아 가신후 장애 정도가 넘 심하여 시설에 입소 하지 못하고 저와 인연이 되어서\n하루 하루 살아 가는것이 기적으로 살고 있습니다. 집으로 오기까지 많은 사연이 있었지만 병원에서 생명이\n얼마 남지 않았다고 하여 (그당시 1달정도)정성껏 간호 한것이 벌써10년이란 세월이 흘렀네요\n그래서 문대통령님께 감사 선물도 받았습니다.\n간절한 마음을담아 글을 올립니다\n저는 평생 소원이 시설에서도 돌볼수 없는 사각지대에 있는 사람들과 함께 어울어져서\n저희 가족과 함께 생활하고 싶은것이 소망이였기에  그렇게 생활하고 있지요\n현제 4명과 같이 한명 한명이 시설에서 외면한 사람들을 가족이 되고 생활하고 있습니다\n처음에는 장애인 시설로 하고 싶어 장애인 시설로 재건축 하여 생활하였지만\n2010년 일본 지진 사건이후로 제도가 변경되어 모든 시설은 내진 설계가 되어 있어야\n시설 허가가 된다고 하여 포기 하고  비인가로 하고 있습니다.\n그런데 담양 군청에서 저희집을 폐쇄 하라고 합니다.\n그 이유는 개인이 법적으로 장애인을 돌볼수 없다고 하여 다른 시설로 이동하라고 합니다.\n행복하게 가족 되어 생활하고 있는 저희에는 폭탄 입니다.\n그래도 법적으로 하라고 한다면  따를는데 넘 마음이 아픕니다.\n최중증 장애인은 시설로 입소 하지 못하고 병원으로 인계한다고\n하니 도저히 보낼수가 없습니다. 죽으라고 가는것 같습니다.\n지금까지 욕창하나 없이 신생아처럼 돌봐 주었는데 ....\n하루 하루가 기적처럼 생활하는 아이을 24시간 돌봄이 필요한 사람입니다(항상  위험한 상태)\n사랑의 돌봄은 기적을 만든다는것을 몸소 체험하면서 생활합니다.\n대통령님 진정한 인권이 무엇입니까?\n이들이 평안하고 안전하게 생활하는것이라 생각 합니다.\n이 아이는 병원으로 가면 얼마 가지 못해서 사망 합니다.\n병원으로 가지 않고 시설로 입소 할수 있게 하든지\n아니면 끝까지 부모처럼 제가 돌볼수 있도록 도와 주세요
177524,2018-03-27,2018-04-26,0,1,경제민주화,저신용자 제1금융 생애 첫 대출(1억원한도)를 시행해 주세요,지금 현재도 재도권 밖에서 저축은행 및 각종4금융 권 대부업 등에 의존해서 살아가는 국민들이 너무나 많습니다. 정부 서민 지원금 대출 조건은 너무 까다로와\n아예 엄두도 못내는 서민들이 대부분 이구요.\n고금리 대출로 인해 높은이자및 원금의 변재후 남은 급여로 힘들게 살아가는 서민들이 태반입니다.\n열심히 일해서 고금리대출금 갚다가 생을 마감하겠죠...\n이에 정부는 4대 보험이 적용되지 않는 자영업자 및 급여소득 자 등 이들 에게도 희망에 문을 열어주셨음 하는 마음 간절합니다. 생애 첫 대출한도는 1억원 까지이며 저금리 대출을 해주며최장 10년까지 이용할수 있게 하면 고금리 채무는 저금리로 바뀌게 되고 날로 늘어나는 신불자및 파산자 방지에도 효과적일 것입니다. 부디 서민들도 희망을 품고 양질의 삶을 살수있도록 길을 열어주세요...
108868,2018-01-22,2018-02-21,0,6,육아/교육,식당에 애들데리고 음주못하는법,짧게 글 올리겠습니다\n식당이나술집보면 어린아이들데리고부모들이\n술먹고많이그러는데 그애들이뭘보고자라겠습니까\n무조건 애들이같이있는자리에서는 술팔기를금지해주십시요 금연구역도많이늘어나는데못할꺼없지않겠습니까 아주보기안좋습니다
88301,2018-01-11,2018-02-10,0,0,보건복지,보건복지부장관 박능후는 사퇴 해임 요청합니다,정부조직법 제7조제1항) 각 행정기관의 장은 소관사무를 통할하고 소속공무원을 지휘·감독한다.\n(정부조직법 제38조제1항) 보건복지부장관은 보건위생·방역·의정(醫政)·약정(藥政)·생활보호·자활지원·사회보장·아동(영·유아 보육을 포함한다)·노인 및 장애인에 관한 사무를 관장한다.  이법을 지키고있는지 그리고  수급자 생계급여는\n왜 무조건 1인당 40만주는지 답변해주세요  먹고살수있게 혜택을  조야죠 입장바꿔생각해보세요  장관은 한달40으로\n먹고 살수있나요?
288776,2018-06-28,2018-07-28,0,16,외교/통일/국방,예비군 훈련에 대한 보상과 연기 제도의 변화를 청원합니다.,"안녕하세요 저는 대한민국의 평범한 20대 남성입니다.\n2년 가까이 한달에 십만원 받아가며 국방의 의무를 성실히 이행하고 나왔는데 매년 며칠씩 또 훈련장에 가서 훈련을 받으라고 합니다.\n최저시급이 만원을 향해 올라가는데도 하루 8시간 훈련받고 오는데 교통비만 딸랑 던져주고 땡볕에서 훈련을 받아야 한답니다.\n저는 시험 공부를 하는 학생인데, 예비군을 안가는 수험생보다 매년 4일 이상 손해를 보고 있습니다.\n단지 남자로 태어나 국방의 의무를 지는 신체로 태어났다는 이유 하나만으로요.\n나라에 전쟁이 일어나면 싸우겠습니다. 도망치지 않고 억울하다 생각하지 않고 최선을 다해서 조국을 지키겠습니다.\n하지만 이런 대우를 받으며 예비군 훈련을 받고 싶지는 않습니다.\n과거처럼 국가의 재정이 예비군 훈련자에 대해 제대로된 보상을 해줄 수 없을만큼 어렵다면 감내할 수 있습니다.\n하지만 세계 경제 10위권의 대한민국이 대략 300만 가량의 예비군중 몇퍼센트에 해당하는 예비군 훈련자에 대한 보상도 못해준다고 생각하지 않습니다.\n제대로된 보상을 해주시고 제대로된 훈련을 시켜주세요. 간절히 부탁드립니다.\n또한 앞서 말씀드렸다 싶이 저는 수험생입니다.\n수험공부를 위해 예비군을 연기해봤지만 당해 시험이 끝난 시점까지만 연기가 됩니다.\n대한민국의 많은 시험들 중 한번에 합격하는 시험은 많지 않습니다.\n수험생의 경우 수험생활이 끝난 후까지 예비군 훈련을 미룰 수 있게 연기 제도를 바꿔주세요.\n해외 유학 생활을 하는 유학생들의 예비군 훈련은 유학생활이 끝날때까지 연기가 되는데 왜 국내에서 공부하는 수험생들의 예비군훈련은 미뤄지지 않는지 이해가 되지않습니다.\n또한 기타 자영업에 종사하는 분들과 일반 회사원들의 예비군 훈련 또한 마찬가지입니다.\n자영업 종사자들의 경우 초기엔 자리잡기가 쉽지않다고 알고 있습니다.\n그분들에게 당장 예비군훈련을 4일씩 나오라고 하는것은 업종에 따라 밥벌이를 4일 멈추라는것과 같습니다.\n자영업자들이 자리를 잡을 때 까지 예비군 훈련을 미룰 수 있도록 청원합니다.\n회사원분들의 경우도 상황에 따라 예비군을 미뤄야할 상황이 올 수 있습니다.\n이 분들의 경우에도 원하는 시기까지 자유롭게 예비군훈련을 미룰 수 있도록 해주세요.\n결국 대한민국의 모든 예비군훈련 대상자가 현재의 훈련제도 그대로 예비군을 받되 특정 나이까지는 원하는 시점까지 예비군을 미룰수있고 원하는 시기에 예비군을 받을 수 있게 해달라는게 제가 바라는 점입니다.\n의무를 피하지 않겠습니다. 하지만 그 의무로 인해 국민의 이익에 피해가 가는것을 최소화 해주시길 바랍니다.\n다소 어리광으로 볼 수 있고 많은 분들의 공감을 얻지 못할 수도 있는 청원이라 생각합니다.\n하지만 이런 어리광이라도 부리라는 취지에서 만들어진게 이 청와대 청원이라는 제도라 생각하여 청원합니다.\n부디 저의 청원에 대해 한번이라도 생각해보시길 부탁드립니다. 감사합니다."
425428,2018-10-30,2018-11-29,0,38,경제민주화,최종구 금융위원장 사퇴시켜주세요,일반 국민들에 반하는 경제 상황인식에 분노를 금치못하겠습니다~지금 까지 대책이란게 어이없는 정도가 아니라 실소를 금치 못할정도네요~공매도 로 일반 개미 주주들이 죽어나가는데 공매도 이로운점을이야기하고 무차입 공매도 없다던 무차입 공매도는 계속 이어져오고 몇십조가 빠져나가는데 몇천억으로 증시 안정시킨다 그러고 이제 분노를 넘어서 자포자기 심정입니다~지금이라도 금융위원장 금융감독원장 사퇴시키고 한시적 공매도 금지라도 시행해주시길 청원드립니다~
344370,2018-08-17,2018-09-16,0,2,반려동물,반려동물 화장시설 설치에 관한 토지 보상금 제도의 개선을 요구합니다.,"현재 우리나라의 반려동물 사육 인구는 갈수록 증가하고 있습니다. 관련 산업의 시장 규모 또한 커지고 있습니다.\n또한, 반려동물 사망 시 화장을 원하는 사람들도 늘어나고 있습니다.\n하지만, 현재의 우리나라는 반려동물 화장시설이 시장 규모에 비해 턱없이 부족합니다.\n국가와 지방자치단체는 다음과 같은 의무를 지고 있습니다.\n제4조(국가와 지방자치단체의 책무) ① 국가와 지방자치단체는 묘지 증가에 따른 국토 훼손을 방지하기 위하여 화장·봉안 및 자연장의 장려와 위법한 분묘설치의 방지를 위한 시책을 강구·시행하여야 한다.  <개정 2015. 12. 29.>\n② 지방자치단체는 지역주민의 화장에 대한 수요를 충족할 수 있는 화장시설을 갖추어야 한다.\n이러한 근거로 국가는 화장시설 확충에 최선을 다해야 하지만 관련 법의 미흡함 때문에 난항을 겪고 있습니다.\n화장시설 설치에 따른 보상금을 지급해야 하지만, 관련 법 조항에 의하면 보상금이 공시지가를 기준으로 하기 때문에\n실거래가와는 차이가 있어 적절한 보상을 해주지 못하기 때문에 더 거센 반발이 생기고 있습니다.\n따라서 이러한 미흡한 법의 개정을 요구합니다."
341674,2018-08-14,2018-09-13,0,10,농산어촌,지원금 노린 가짜 해녀 엄벌해 주세요,"울산시 울주군 주변에 지원금을 노린 가짜 해녀들이\n엄청 많다고 합니다~\n병원에 입원해 있는 사람도 해녀, 직장에 다니고 있는 사람도 해녀, 가게 하는 사람도 해녀, 바다에 한번도 들어가보지 않은 사람들이 한수원의 지원금을 노리고 해녀로 등록해 있다고 합니다~~\n이런 불법행위는 선량하게 법을 지키며 성실하게 살아가는\n국민들의 힘이 빠지게 하는 일입니다~\n제발 실태 조사후 법위반자에게는 엄벌해 주시기를 바랍니다~"
228498,2018-05-09,2018-06-08,0,8,정치개혁,국민의분노를 이용하여 국정운영하면 좋습니까? 그게 당신들 능력있니까? 그게 소통이라고 생각합니까?,웃기고 자빠졌네
385008,2018-09-19,2018-10-19,0,6,반려동물,"퓨마 사살로 여론이 시끄러운데, 퓨마 사살에 대해 처벌은 하지 말아주세요.","퓨마사살 청원이 동물 관련이기에, 카테고리를 반려동물로 선택하긴 했는데, 솔직히 반려동물은 아닙니다.\n카테고리도 '반려동물' 목록을 없애고 '동물'로 바꿔주시는게 좋을 거 같네요.\n동물은 야생동물이죠. 개, 돼지, 소 등 동물은 다 야생에서 살아가던 동물들 아닌가요.\n퓨마 사살이 검색어에 오르고 여론이 시끄러운데 솔직히 적절한 대응이었다고 봅니다.\n만약에 민간인이라도 다치거나 혹은 사망에 이를 수도 있는데, 탈출한 퓨마를 단순히 말로 다룰 수 있다고 생각하지 마세요.\n요즘 인권 얘기가 많아지는데 사람보다 동물을 우선시 하는 거 같아서 안타깝습니다.\n인권의 주체가 사람과 그리고 범죄에 당한 피해자 이거늘.. 동물이니 가해자니 이런 부류에게 잘못 적용되는 거 같습니다.\n솔직히 무분별하게 성교를 시켜 동물을 만들거나, 무분별하게 동물 사냥을 하는 것은 법적인 처벌과 제제를 하는 것은 맞지만, 사람에게 해를 끼치거나 위협을 가하려고 하는 동물에 대해서는 안락사 혹은 상황에 따라 사살이라는 방법을 해도 된다고 생각합니다.\n동물보호단체나 동물을 존중하자는 사람들은 자신들이 얼마나 다른 사람들의 노력에 의해 동물의 위협에서 보호 받고 있는지 모를겁니다. 나라에서 동물을 자유롭게 풀고 동물을 존중해준다면서 제제하거나 관리를 안하면, 애초에 사람들이 사는 지역이 동물로부터 위협을 피할 수 없게 됩니다.\n동물 사육사들도 완전히 동물들을 길들일 수 없습니다. 동물은 사람과 다르니까요. 생명체라는 건 같지만 엄연히 다른 존재입니다. 지능, 언어, 본능 등 이런 것들이 사람과 같지 않기 때문이죠.\n이렇게 얘기하면 개 키우는 개 주인들이 뭐라 하겠지만 사실은 사실이죠. 개도 다를 바 없습니다. 말도 못하는 개, 사람보다 덩치가 작고 귀엽게 생긴 외모로 사람들이 멋대로 친구니 반려니 부르면서 자유를 억압하고 집에서 멋대로 키우는 거죠. 동물을 존중한다는 사람들이 동물한테 의사를 물어봤나요? 안 물어봤겠죠. 말이 안통하는 존재니까요.\n동물을 본능의 생물입니다. 사람과 어울리기 힘들어요. 자신의 욕구가 충족되지 않으면 본능적으로 욕구를 채우기 위해 달려드는게 동물이니까요. 기르는 개들조차, 주인의 머리에 서서 자신의 욕구가 충족되지 않으면 공격하고 달려드는게 태반인걸요. 동물들은 사람보다 더 서열을 정하는 약육강식의 동물들이니까요.\n동물 사랑하고 동물을 존중한다는 분들 밀림지역에 가성 동물들과 함께 공존할 수 있는지 살아보세요. 눈 앞의 동물들을 두고 서로 얘기로 풀어나가봐요. 이렇게 말하면서 대화하고 보듬어 줄 수 있는지 해보세요. 다들 무서워 도망가기 바쁘겠죠.\n동물들을 키우다가 함부로 학대하거나, 버리거나, 무분별하게 동물을 사냥하고, 억지로 공장으로 만들어서 생산하는 것은 분명 법적으로 처벌하고 제제해야 하지만, 그 이외에 동물들이 사람을 공격하거나, 위험이 되는 요소가 있으며 사람의 안전을 위해 제제하고 관리하는게 맞다고 봅니다. 필요하면 안락사와 사살도 허용된다고 생각합니다.\n동물의 생명 존중을 안하는게 아니라, 사람의 생명이 위협 받을 경우 사람의 생명을 지키기 위해 해야된다고 생각합니다. 저는 사람이니까 동물보다 사람이 우선이라고 생각합니다. 아무리 싫은 사람 미운 사람이 존재해도 사람은 사람과 함께 무리지어 사는 생명이니까요.\n동물 챙기려다 애꿎은 사람 목숨 잃은 뉴스도 많이 봤습니다. 동물 구하려다 소방관이 죽고, 동물이 사람에게 물려 죽었는데 그 동물은 멀쩡히 살고, 그럼에도 그 동물의 주인들이 죽은 사람보다 동물이 더 중하다며 잘못이 없다며 동물의 생명을 우선시 하자고 하죠. 그런건 아니라고 생각합니다.\n우리나라 동물법에 대해서도 제대로 재정비 하지 않으면 정말 사람 사는 곳이 사람답지 않게 살아가게 될 거 같습니다. 동물은 동물, 사람은 사람. 명확히 구분짓고 동물 보다 사람이 먼저인 세상에서 살고 싶습니다.\n동물 보호 단체에서 동물 생명 존엄을 외치면서 동물로 인해 다친 사람들은 외면하고,\n특히 개한테만 관대하며 정작 견주들에 대한 문제는 외면하는 이런 상황이 없어졌으면 좋겠습니다.\n우리나라 동물법 다시 강하게 사람의 안전을 우선으로 개정되야 합니다.\n퓨마 사살하신 분들도 사람의 안전과 목숨을 우선시하면서 벌어진 일이니 처벌은 아니라고 생각합니다.\n동물원 폐간도 아니라고 생각합니다.\n동물원 폐간 되면 그 동물들 먹이 관리 어떻게 해야하는지는 뒷일을  생각안하고 무조건 동물생명존엄만 외치는 사람들의 말은 듣고 싶지 않습니다."
37595,2017-11-11,2017-12-11,0,0,정치개혁,이명박 출국금지,이명박 전대통령 출국금지 시켜주세요
476352,2018-12-22,2019-01-21,0,2,문화/예술/체육/언론,"초,중학생 게임 금지법을 청원합니다","최근 심해지고있는 게임 중독과 요즘 온라인상에서 벌어지는 넷상 따돌림,사기 그리고 명예훼손 범죄등 이는 대부분 게임으로 인터넷과 여러 사람을 접하고 그과정동안 배우며 행해질수 있는 일들입니다. 게임을 할때는 정서적 불안감과 스트레스 그리고 더 많이 나아가서는 정신병까지 이르게 될수 있습니다. 저는 이러한 문제들로인해 우리나라의 자라나는 새싹들이 문제들을 겪지 않는것을 원해 청원합니다. 가장 중요한 인격이 형성되는 그 나이 바로 초,중생입니다. 초,중생들이 대한민국의 옳바른 인재로 자라나기위해 초,중생은 게임을 제한하는것을 청원합니다."
395501,2018-10-02,2018-11-01,0,16,육아/교육,깨끗한정치 국민이 이해하는정치,"국가의 모든 권력은 국민으로부터 나오며,  관리는 청렴해야합니다  국가고위직이 거짓말과 권모술수로 자리를 탐하면  그자리는 악취를 품을것이고 국민이 납득할수없는 인사는 불신을 낳습니다  유은혜 부총리의 인사를 접으셔서   땀흘리며 살아가는 서민들을  돌아봐주시기를  원합니다. 땀흘리지않고 한탕주의로  고위직에 임명되면은 어떤백성이 땀흘리고 살아가겠습니까,\n아름다운 금수강산 대한민국을  냄새안나게 보존하여 주십시여."
83070,2018-01-10,2018-02-09,0,3,저출산/고령화대책,3억 이하 양도세 면제?    지방 서민들은 투기세력의 먹이로 던져주려는건가요?,"부동산을 투기꾼들을 잡으려면   지역을 가리지 말고  동시에 해야 합니다.\n강남집값 잡겠다고 하면서   지방집값은 폭등하던 말던  신경 안쓰겠다는 뜻인가요?\n지방에 서민들이 사는 아파트들이  대부분 3억 이하입니다.\n서울 투기꾼들이  지방 아파트  수십채씩  사들여서   갭투자 하는걸 모르고 계십니까?\n그들 때문에 지방 서민들이 고통받고 있는데,    지금  뭐 하자는겁니까?\n정책을 펴려면 목표를 위해 일관되게 행동해야지,   바로 직전에  투기세력이 도망갈 구멍을 다 만들어주려면  뭐하러 정책을 펴는 겁니까?\n노무현의 재앙을 보고도  깨달은 바가 없나요?\n다음 정권을  또 다시 한국당에 던져줄 작정입니까?\n민주당이  다주택자들이라서  스스로를 지키려고 그러는 것이라고 밖엔 볼 수 없어요.\n내가 이런 꼴 보려고  촛불시위를 다닌 줄 압니까?"
40344,2017-11-11,2017-12-11,0,1,정치개혁,이명박출국금지,출국을 금지해주세요
103017,2018-01-18,2018-02-17,0,11,문화/예술/체육/언론,아이스하키 단일팀반대합니다,단일팀 한반도기.반대합니다.국민의 소리를듣지않는 대통령은 더이상 대통령자격이 없다생각합니다.민심에 귀를 기울여주시기바랍니다
456771,2018-11-30,2018-12-30,0,239,기타,중부대학교 총학생회와 선거관리위원회의 총학생회 선발 투표용지 비리 처벌해주세요.,"안녕하세요. 중부대학교에 재학 중인 학생입니다.\n총학생회와 선거관리위원회의 총학생회 선발 투표용지 비리에 대해 고발합니다.\n많은 분들이 학교에 애정을 가지고 계시지만  옛 학생회의 비리와 여러 사건때문에 애정을 잃고있습니다.\n긴 공백기간이 지나 새로이 총학생회 후보자들이 나왔지만. 이렇게 캠퍼스별 총 투표용지 5000장.\n충청캠퍼스 2500장 - 고양캠퍼스 2500장 해서 나눠질 상황이였지만, 선거관리위원회에 독보적인 판단에따라\n충점캠퍼스 2500장 / 고양캠퍼스 2500장 - 300장 해서 2200장만 투표용지가 올라왔습니다.\n빠진 300장은 모두 찬성표가  찍혀있었으며, 투표용지를 조달하기 위해 빌린 렌트카 서랍에서 300장이 발견되어서\n이슈화 되고있습니다. 이것은 선거법 위반과, 사기행위이며, 학생들을 농락하는 행위입니다.\n이에 대해 선거관리위원회는 이하\n--------------------------------------------------------------------\n중부대학교 선거관리위원회 사실확인 및 진상규명입니다.\n중부대학교 선거관리위원회(이하 선관위)입니다.\n현재 에브리타임, 페이스북 중부대학교대신말해드립니다. 등의 여러 페이지 및 게시판에서 선거과관련 의문점들에 대해 선관위의 사실관계 및 공식 입장을 알려드리는 바입니다.\n먼저 학우 여러분들의 의문점에 대해서는 한점 부끄럼 없이 공정한 선거였음을 알려드리는 바입니다. 오늘 9시 20분경 이 상황을 인지하자마자 학교측과 회의를 진행하였고 회의과정에서 이번 선거 봉인함을 같이 열어 인명부에 서명한 학우분들의 수와 투표수 차이가 없음을 확인 받았습니다. 선거관련 시행 세칙에 따라 공정한 선거를 진행 하였으며 현재 떠돌고 있는 이야기와 전혀관계가 없고 어떠한 부정투표 등의 사실은 전혀 없습니다.\n투표권을 행사하신 유권 학우여러분들이 아시다시피 투표는 [본인 확인 → 선거인 명부 날인→ 번호지 절취 및 보관 → 투표용지 배부 → 유권자들의 투표 → 투표권 행사] 의 과정을 통해서 이루어 집니다. 또한 [선거인 명부 날인 인원수, 번호지 배부 수량, 투표용지 수량]이 오차가 있을 경우 개표를 진행하지 못합니다. “때문에 부정투표는 있을 수도 없고 할 수도 없다” 가 선거관리위원회의 공식 입장입니다.\n학우 여러분들이 궁금해하시는 투표용지의 출처에 대해서는 저희 선관위 측의 부주의로 인한 과실이고 선관위에서 투표용지 관리 소홀 및 부주의로 인해 이런 사태가 발생된 것에 대해 학우여러분들과 총학생회 당선인 측에 매우 송구스럽고 죄송스럽게 생각합니다.\n선거관리위원회의 부주의로 인한 사태에 대해 잘못을 인정하고 공식적으로 사과의 말씀을 올립니다.\n또한 유권 학우분들이 행사하신 투표결과와 투표율 그리고 득표율과는 전혀 무관함을 알려드리며 선관위의 부주의로 인해 발생된 일이므로 총학생회 당선자와는 전혀 무관한 일임을 학우여러분들께 공식적으로 알려드리는 바입니다.\n학우여러분들이 제기하시는 의문점에 관하여 간략하게 설명드리자면 렌트카는 선관위에서 고양캠퍼스 선거진행을 위해 선거기간동안 대여한 사실이 맞습니다. 렌트카에서 발견된 투표용지 및 도장은 선거 종료 후 기자재 정리 과정에서 차에 실어진것이며 투표용지 번호는 충청캠과 고양캠 총 5000장 중 각각 2500표씩 나누어 투표를 진행예정이었지만 선거관련기자재 운반 과정에서 2501번부터 5000번 까지 고양캠 투표소로 운반되었어야 하나 선관위 실수로 인하여 2801번부터 5000번 까지 운반하게 되었습니다. 직전 학년도 투표율을 비추어 봤을 때 부족함이 없을 것이라 생각되어 선거를 예정대로 진행하였고 2501번부터 2800번 까지의 총 300장의 투표용지는 기존 투표용지와 동일한 효력을 가지지 못하는 것으로 결정하고 따로 보관을 하였습니다. 그렇게 투표가 종료되고 선거인명부와 번호지 그리고 투표용지의 오차율이 없는 것을 확인했고 이에 따라 개표를 절차대로 진행했으며 개표가 완료된 투표용지와 번호지는 따로 보관중이던 300표를 제외하고 모두 봉인하였습니다. 따라서 300장의 투표용지는 이번 선거결과와 아무런 관계가 없다는 것을 알려드립니다. 또한 찬성에 찍혀있는 도장은 투표 및 개표가 종료되고 고양캠퍼스 선관위 임원들이 충청캠퍼스로 봉인된 투표용지와 선거관련기자재를 본캠퍼스 선관위 사무실로 이송하는 과정에서 약 세시간 반정도의 소요시간동안 선관위 임원이 투표가 진행된 용지와 관련이 없다는 사실을 알고있었고 무의식적으로 찍었다는 사실확인을 하였습니다. 실제 투표에 사용되지 않았고 모든 용지는 투표소에서 모두 봉인되었기 때문에 폐기를 결정하였고 선관위에서 보유하고 있는 파쇄기로는 파쇄하기에 부담이 있어 따로 소각 하기로 결정을 하고 남은 용지를 차에 실어 퇴근하게 되었고 이 과정에서 담당자가 용지를 차에 실어놨다는 사실을 잊고 새벽 2시경 렌트카를 그대로 반납하게 되었고 익일 이 사실을 인지하여 영수증 수령차 방문 하여 회수하고 폐기 처리 하려 했으나 현재까지 업체측과 시간이 맞지 않아 늦어지게 되어 이런 상황이 발생되었습니다. 여기까지가 확인된 사실입니다.\n추가적으로 자세히 설명할 내용이 많지만 서면으로 하는데에는 많은 제한이 있으므로 학회장님 및 학부장님들을 참석하시는 전학대회를 통해서 구두로 자세하게 설명드리도록하겠습니다. 관심이 있으시거나 확인이 필요한 학우분들께서는 학회장 또는 학과 임원진이 아니시더라도 참석이 가능하니 꼭 전학대회에 참석하시어 사실확인 및 더 자세한 내용을 들어주시면 많은 궁금증이나 의문점들이 풀리실 수 있도록 충분한 설명과 사실확인을 해드리겠습니다. 그러니 이번 상황에 관심이 있으신 학우분들은 꼭 참석하시면 되겠습니다.\n전학대회 일정은 학회장 및 학부장 단톡과 페이지 및 게시판에 공지하겠습니다. 이점 참고하시고 꼭 참석 부탁드립니다.\n다시한번 선관위의 불찰로 인하여 물이를 일으켜 학우여러분들을 동요케 한점 깊이 사과드립니다.\n중부대학교 선거관리위원회\n------------------------------------------------------------------------------------------\n이러한 상황글과 무의식적으로 찬성표를 300장을 찍었다는 말도 안되는 말과  투표율에 연관이 없다는 입장을 표하는바입니다.\n학생 총대로써\n국민의 알권리와 학생인권에 유례되는 사례이며, 학교 대위원회에 총학생회 신상 공개와 선거관리위원회의 신상 공개, 모두 퇴학 조치를 할 것을 권할것이며 이례되는 일이 없도록 요구하겠습니다\n그리고 학생 여러분은 이번 사건이 학교 이미지 훼손과 명예실추 행위이며, 학생권리를 무시하는 행위였다는걸 다시한번 각인 하셨으면 좋겠습니다.\n교수와 이사장이 학교를 바꾸는게 아니라 학생이 학교를 바꿉니다.\n모두 이번 사건을 주의깊게 봐주시면 좋겠습니다."
488399,2019-01-06,2019-02-05,0,12,반려동물,아파트 층간소음보다개짖는소리땜에 힘듬니다,왜 층간소음은 규재하고 조심 해야하는걸 아는데 개짖는소리는 규제가 안된다니  그것도 공동주택에서 개짖는소리땜에 미쳐버리겠습니다 개를 키울때 교육 받게하는제도 아님 밤에 짖으면 벌금을  매기거나 이웃에게 피해가지 않도록 키우도록 제도적으로 만들어 주세요
367536,2018-09-05,2018-10-05,0,28,교통/건축/국토,김현미장관! 발언을 좀 신중히 해라. 아니면 바로 시행하든지.,할거면 과감히 하든지 이건 찔끔 찔끔 효과도 없게 아예 국민을 거지로 만드는 정부
26480,2017-11-06,2017-12-06,0,6,인권/성평등,성폭력무고자 최소 징역4년 이상으로 입법 청원합니다.,"성폭력으로 혐의를 받으면 무죄로 판명되더라도 그 남자는 인생 끝장납니다. 이사실을 대통령님은 아십니까? 지금의 법률은 대한민국 모든 남자들을 잠재적 성범죄자로 보고 있으니 이보다 더한 악법이 어디 있는지요. 꽃뱀들은 순간 기분이 나빠서, 저 남자에게 원한이 있어서, 바람피다가 남편한테 걸려서, 한 몫 단단히 잡아으려고 등등 기가 차서 말이 안 나옵니다. 걸려도 집행유예 이상 안 나오니 너무도 불공평하지 않습니까? 이 사실을 대통령님은 아십니까?  허위성범죄 무고, 교사, 위증 등 꽃뱀들은 불구속에 소액벌금뿐 너무나 불공평합니다. 미국은 최소 징역 20년 이상에 벌금도 수십억입니다, 우리나라도 구미 선진국처럼 허위성범죄 신고, 위증하거나 성범죄당했다고 금품갈취, 원한 등등 허위 신고한 죄명의 형량의 10배로 가중처벌하고 성범죄자와 똑같이 20년 신상등록 및 공개, 동네주민 우편고지, 전자발찌착용, 취업금지케 해 재범을 못하도록 허위성범죄 무고 가중처벌특별법을 만들어야 하며 허위성범죄 누명으로 억울하게 피해를 본 사람에게 일반 형사보상금의 10배 보상과 치료를 국가에서 의무적으로 해 주는 허위성범죄 무고 피해자 보호에 관한 법률을 빨리 제정해 주세요!!\n말뿐인 성범죄사건에서 여자진술만 믿고 처벌하는 것을 악용하여 성범죄당했다고 무고하는 꽃뱀들이 매우 많은 게 현실입니다 !! 허위성범죄 무고범죄 전세계 1위 !! 성범죄로 누명 쓰면 살인죄보다 더 크게 처벌되지만 꽃뱀은 소액벌금뿐 대한민국 현실은 너무나도 불공평합니다. 앞으로 꽃뱀에게 무고한 죄명의 형량보다 10배로 가중처벌하고 성범죄자와 똑같이 인터넷에 꽃뱀이라고 사진포함 신상을 공개하고, 동네주민에게 꽃뱀임을 우편으로 알리고, 전자발찌를 착용시켜 다시는 재범을 못하도록 허위성범죄 무고자 가중처벌 특별법을 제정하여 사회 악질 꽃뱀을 이 사회에서 격리시켜야 된다고 봅니다!!\n대통령님 강력하게 건의합니다.\n성폭력 무고범들을 성범죄자와 똑같은 수준으로 처벌해 주시고 꽃뱀처벌법같은 관련 입법 법안을 발의해서 정의로운 사회구현에 앞장서 주세요.\n간곡히 부탁드립니다.\n좋은 하루 되세요. 건강하시구요."
110089,2018-01-23,2018-02-22,0,1,미래,If 통일후 2xxx년 예언글,"학생들 의무교육 과정에 김일성, 김정일 사상을 추가하느냐 마느냐 여,야 보수,좌파 갈등대립함.\n좌파: 통일이 됬으니 과거 북한, 그들의 주체사상과 역사를 이해함으로서 우리 남한 학생들이 깨닫고 상호존중을 할 수 있는 밑바탕이 될수 있다고 주장함\n보수: 하아.. 정말 답 없는 ㅅㄲ들...."
43567,2017-11-14,2017-12-14,0,0,일자리,일자리 창출 방안및방안,"건설업  면허에 관련하여 유지조건등을 이유로 실 근무가능자가 실업상태에 있음 또한 유령근무자로 급여로 해택받는한사람으로 인해 부정수급이 보이지 않음\n대책\n4대보험은 조작이 가능하니 발주처에서 실근무자 1 차확인  휴대폰 위치확인 유령인은 거의 본사 근무로 되어 있으니 건설사업자 본사방문 및 외근무자 위치확인\n효과\n실근무자 근무 , 유령 퇴출, 부실사업자 퇴출, 건설업 적정단가유지"
422942,2018-10-28,2018-11-27,0,26,성장동력,이나라가 어디로 가고있습니까?,"최저임금 대폭인상, 원전폐기 , 근로시간 단축, 법인세 인상  기업하기 힘든 정책이 쏟아지고 있습니다\n기업은 해외로 나가고 일자리는 줄고 있습니다\n주식시장도 폭락을 거듭하고 있습니다 대책을 세워야합니다\n이 같은 기업하기 힘든 정책들  모두 철회합시다.  금강산도 식후경이라고 배가 불러야 저녁이 있는 삶도 즐겁습니다 주식시장대책은 우선 거래세를 절반으로 인하합시다 . 주식시장이 붕괴하면 국민연금도 절단납니다\n경제도 주식시장도 다 살려야합니다"
80589,2018-01-06,2018-02-05,0,0,외교/통일/국방,남북한 지도자 상호초청 및 참석,이번 남북간 대화채널을  통해  평창동계올림픽과 노동당창건70주년행사에 남북한지도자(문재인대통령과 김정은위원장)간의 상호초청  및  방문을 제안하고 실제로 추진하면  한반도평화에 획기적인 계기가 될 것입니다.\n이번 북한 김정은위원장의 신년사를 보면 올해를 '사변적 시간'이 될 것이라고 언급한 것이 본인의 의중을 표현한 것으로서  평창동계올림픽에 초청하면 긍정적 답변을 할 것 같습니다. 그러면 또한 북한의 9.9절에 문재인대통령을 초청할\n것입니다.\n이를 통해 평화적인  한반도통일의 물꼬가 트일지도  모릅니다.\n속히  그 날이 오기를 기대합니다~
254601,2018-05-30,2018-06-29,0,2,일자리,병장 김민우 전역시켜주세요 제발,제발요 제발 진짜 제발
297716,2018-07-06,2018-08-05,0,2,저출산/고령화대책,시니어들을  출산육아 도우미로 고용해주세요,"시니어 노후걱정\n인구수 절벽걱정\n출산률 최저걱정\n고용률 감소걱정\n참..\n걱정이 걱정이네요\n그러지말고 그냥\n경륜과 연륜이 있는 시니어들을\n출산,육아 도우미로 고용해서\n집에서 애봐주면\n출산률 높이고\n고용률 늘리고\n시니어 돈벌고\n경단녀 줄이고\n시니어는 우리의 큰 자산입니다\n이 자산들이 우리의 미래(아이들)에\n도움이 될것 같습니다."
492917,2019-01-10,2019-02-09,0,9,외교/통일/국방,"민족주의 외교, 남북정상회담 결사 반대합니다","김대중 김정일 남북정상 회담과 동시에\n서해NLL침범 , 연평해전 벌였습니다\n대화와 공격 병행은 북한 전법입니다\n북 지도부 3가지 목적은 절대 변하지 않습니다\n첫째.\n북한 깡패 정권 유지\n둘째.\n남한 적화 통일\n셋째.\n핵무기 완성\n북베트남도 문화,체육행사로 평화 원한다는 거짓선동하여 적화통일 했습니다\n북한 전법은 베트남과 같으며 같은 민족을 내세워 미녀 북한 치어리더들은 평화 원한다는 거짓 선동 입니다\n체육,문화행사로 평화 공격 동시 구사하여 남한을 길들이고 핵무기 완성 시간 벌고 남한을 혼란과 공포에 빠뜨리고\n남한 미국 갈등시키고 주한미군 철수시키고 한일관계를 파탄내고 남한 일본 갈등시키려는 목적 입니다\n젊은 청년들은 현재 한국이 미국 일본과 멀어지는것을 바라지 않으며 한미일 협력이 지속되길 원합니다.\n문화적으로 가까운것은 우방국가들이지 북한이 아닙니다. 오히려 문재인 정권은 세계가 규탄하는 북한을 도와주고 있습니다. 북한이 없어도 한국은 발전해왔습니다.\n지금은 세계의 많은 나라와 교류하여 감성적 민족주의가 지배하던 80년대와는 다르게 사람들의 생각이 많이 달라졌습니다. 문재인 정권의 독선적인 외교가 선진국들과 우호적으로 지내려는 청년세대의 반발을 불러오고 우방들과 협력 관계에 악영향을 끼칩니다. 일본 여행을 다니고 서구사상을 받아들이고 미국 문화를 즐기는 청년들이 얼마나 많은지 보셨으면 좋겠습니다.\n지금은 세계화(글로벌)을 넘어 미래와 우주로 나아가는 시대입니다. 한국은 민족주의로 퇴보하려는 현실이 개탄스럽습니다. 자유란 세계이고 개방입니다. 언제까지 우물안 개구리식 좁은 세상에 갇힐 겁니까?\n감성적 민족주의가 아닌 글로벌 스탠더드에 입각한 현실적인 외교를 해야 할때 입니다\n""같은 민족끼리 싸우지 말자"" 며 월맹 문화 선동은 야당, 평화주의자, 작가,연예인이 주도했습니다\n월남은 무력전쟁 이전에 이미 심리전에서 진것입니다\n문재인 정권은 선택해야 합니다. 세계의 선진국들, 우방들과 미래로 갈 것인가? 반외세, 파시즘, 전체주의, 주체사상 조선인민공화국과 민족주의 전선 동맹을 맺을 것인가?"
257809,2018-05-31,2018-06-30,0,6,반려동물,법이 너무 약해요,"우리나라에서 반려동물의 법이 너무 약해요.\n이렇게 생각해보세요 자신의 자식(아들, 딸)들이 누군가에게 학대당하면 어떻겠어요?\n누군가에겐 소중한 가족인데.... 누군가에겐 소중한 자식인데..."
437459,2018-11-09,2018-12-09,0,16,안전/환경,미세먼지 공약을 지키지 않을꺼면 대통령은 사과하라,"매년 감기 환자는 감소세를 보이는데\n미세 먼지로 인해 기관지염 발생자 수는\n증가하는거에 대해 유아 건강, 국민 건강보다\n지네 정치에만 쓰는 한국 정치인들이 모두 역겹습니다.\n이에 대해 정치인들의 우두머리라고 생각되는\n문재인 대통령의 사과를 요구 합니다.\n출마 당시 미세먼지 대책 얼마나 이행하셨나요.\n못 지킬 꺼면 솔직히 사과하고 이민 비용이나\n지원해주던가 대책을 내시기 바랍니다."
465640,2018-12-10,2019-01-09,0,3,외교/통일/국방,"전상수당 월 23,000원 청와대 에서 먹는 한끼 도시락 값도 안됩니다.","전쟁 중에 다쳐서 국가유공자 된 어르신들에게\n전상수당을 월 2만 3천원 주는 것이 제대로 된 나라입니까?\n국가보훈처에서는 전투 중 부상을 입은 전상군경에게 매월 23,000원의 전상수당을 지급하고 있으나\n수당액이 적어 수당인상을 요구하는 민원이 다수 제기되고 있습니다.\n터무늬 없이 낮은 수준(월 23,000원)\n전쟁이라는 특수한 상황에서 부상을 입어 지급하는 전상수당\n희생과 공헌이 높음에도 불구하고 그 수당액이 어처구니 없습니다.\n한마디로 애들 과자값\n돈있는 사람 한끼 밥값도 안되는 푼도 입니다\n심지어 최근 언론에서 보도된\n청와대 에서 먹는 한끼 도시락 값도 안됩니다."
69948,2017-12-19,2018-01-18,0,0,성장동력,평화를 위해,유엔법10조38항
277182,2018-06-20,2018-07-20,0,0,성장동력,한문학과를 없애주세요,한문학과 학생이 시험중에 컨닝을 했습니다\n없애주세요
482279,2018-12-29,2019-01-28,0,0,보건복지,노인연금,공무원연금을 일시금으로 받았다고 노인연금 대상이 아닙니까?\n어쩔 수 없이 명예퇴직까지 해서 받은 경우와 연금기간이 안되어서 받은 경우는 다르지 않을까요?
398033,2018-10-04,2018-11-03,0,6,농산어촌,축사 악취좀 해결해 주세요,축사 악취로 창문을 열어두고 생활하기 거의 불가능합니다.\n민원을 넣어 현장 단속을 하면 악취 기준치 이하라고 합니다.\n그러니까 단속 대상이 아니라는 것 입니다.\n그 기준치 이하는  과연 누구를 위하여 만들어 놓은 법(악취방지법)인가?\n제발 악취 방지법을 개정하여 서로 상생할 수 있는 법안을 만들어 쾌적한 환경에서 살아 갈 수 있도록 제도 개선을 해 주셨으면 합니다.\n갈수록 대한민국 사회가 싫어집니다.
425705,2018-10-30,2018-11-29,0,5,일자리,좀비 기사 좀 살려 주세요,"너희는 좋겠다.\n시급 올라 좋겠다.\n주당 근무 시간 줄어 좋겠다.\n너희는 국민이다.\n좋은 나라다.\n나라님이 신경 써 주셔서.\n난 위장된 사업자다.\n특례 업종 종사자다.\n특별한 존재다.\n그래서 우린 국민 아니다.\n그냥 좀비다.\n그래서 나라님이 신경도 안 쓴다.\n바로 자신을 좀비라 자조하는 배송 기사다.\n우린 죽어도 배송 후에나 죽을 수 있다.\n그래서 좀비다.\n개인 사업자라 노조도 없다.\n단체가 없으니 단결 된 표도 없다.\n그러니 나라님도 신경 껐다.\n오늘도 13시간 일했다.\n토요일 인데.\n어린 아들과 추억 만들 시간도 없다.\n초딩 5학년 아들\n점심에 혼자 라면 끓여 먹었단다.\n엄마도 파견직 노동자다.\n토요일 날도 일 한다.\n그래도 좀비인 나보다 낫다.\n수당이라도 있으니\n나는 사장이라 수당도 없다.\n그저 화주가 가라면 가야하고\n반발하면 계약서 들이 댄다,\n그래서 잘릴까 봐 말도 못 한다.\n계약?\n이거 정말 공정 하지 않다.\n운송 회사는 일감 따려고 말도 안 되는 계약을 하고\n그 계약서로 좀비 기사들 피를 빤다.\n좀비큘라 들이다.\n계약서 한 장 차에 붙이고\n또 나라님이 허락해 주신 영업용 넘버 달고\n1톤 차 한 대에 찻값 빼고 2000만 원 이상 가져간다.\n그렇다고 그 영업용 넘버가 우리 좀비 기사 소유가 되는 것이 아니다.\n지정된 그 일 그만두면 좀비큘라께서 친절하게 넘버 떼어 가신다.\n그러면 좀비 기사 들은 웃돈으로 준 2000만 원 이상의 돈이 날아간다.\n그래서 우리들은 그걸 보고 코 뀄다고 한다.\n그 차 사는 순간 그냥 노예 좀비로 신분이 바뀐다.\n화주들은 책임 없다.\n그래서 기사가 일을 감당하기 힘들어 다 포기하고 그만 두면 거기다 일을 더 얹어 버린다.\n운송 회사는 또 차를 팔수가 있으니 일내용을 모르는 바보 예비 좀비 하나 속이면 된다.\n하루도 빠지지 않고 일을 하면\n매월 운송 회사에서 친절하게 한 20만 원쯤 관리비 명목으로 떼고 보내준다.\n무슨 관리를 해주는지 모르겠지만 하여튼 뗀다.\n그리고 아파서 입원이라도 하면 한 3~4일은 봐 준다.\n물론 위장된 사업자이기 때문에 쉬는 동안 배송 비는 좀비기사 자신이 내야한다.\n자신이 받는 급여의 2배 정도로\n사고가 나서 차가 부서져도 마찬가지다.\n그래서 우리는 좀비다.\n아파도 안 되고 차가 부서져도 안 되고, 고장 나도 안 되고\n아프던 차가 부서지던 고장이 나던 배송은 해야 한다.\n죽어도 죽지 못하고 배송 끝나고 나서야 죽을 수 있는 그래서 좀비기사 인거다.\n그나마 안 잘리는 것만 해도 감지덕지다.\n대책 없이 1주일 이상 병원에 있게 되면 내가 장담컨대 100% 잘린다.\n그렇게 일 하는데도 운송회사 좀비큘라들의 경쟁에 운송료는 생활비가 안 된다.\n좀비기사들은 운송료 받아서 차 고치고, 보험 들고 , 바퀴 갈고, 사고 나면 어지간하면 자기 돈으로 합의 하고 만다,\n아! 참 세금도 내야 되는 구나.\n어지간하면 보험처리 안한다.\n사고 이력 쌓이면 그나마 좀비 생활도 접을 수밖에 없으니\n그래서 우리 좀비들이 기다리는 것은 나라님이 은전을 베풀어 벌점 사면해 주는 것이다.\n현실이 이러니 새벽에 일을 하나 더 해야 한다, 그래야 먹고 사니까.\n낮에 13시간 일하고 새벽에 일을 해야 그나마 애 키우고 평생 벌어 자기 집이라도 하나 가질 수 있다.\n하긴 요즘 집값 오르는 추세 보면 그것도 안 되겠지만...\n낮에 13시간씩 주6일을 일하고 새벽에 또 일을 해야 먹고 살 수 있으니 사고는 피할 수 없는 일이다.\n요즘 버스 기사들이 부럽다.\n노조가 있어 자신의 처지를 이야기 할 수 있고 표가 있으니 나라님도 신경 써 주시니 말이다,\n오늘 또 하나의 좀비가 왔다.\n좀비큘라한테 중고차 값으로 따지면 1000만원도 안하는 4년 된 차를 영업용 넘버 붙이고 계약서 한 장 붙였다고 3,600만원 할부로 주고 일 하러 왔다.\n이 좀비도 오자마자 새벽 일 하나 더 한다 할부 갚으려면 어쩔 수 없다.\n화주는 때는 이때다 싶은지 가야 할 거래처 2개를 더 얹었다.\n좀비큘라와 화주의 기가 막힌 하모니다.\n들은 바에 의하면 대법원에서 배송 코스를 계약에 의하지 않고 화주 임의로 조정 한다면 그건 회사 소속의 노동자로 본다는 판례가 있다고 들었다.\n그러자 좀비큘라와 화주 간에 계약을 아주 포괄적 계약으로 바꿨다.\n즉 새로운 거래처가 또 생기면 가는 지역에 상관없이 화주가 코스를 지정 할 수 있도록.\n말하자면 이제 아주 포괄적 노예 좀비가 된 거다.\n그리고 좀비큘라는 좀비기사 들한테 화주와 맺은 계약서를 절대 보여주지 않는다.\n단지 좀비가사가 화주의 처사에 항의 할 때 만 전가의 보도처럼 꺼내 들어 좀비기사의 입을 막아 버린다.\n그러면서 왜? 좀비 기사들한테 관리비를 받는 건지 의문이다.\n화주한테 받아야 하는 게 맞는데.\n좀비기사들은 모른다. 노예 생활의 고단함 때문에 신문 볼 시간도 없으니 주간 일 끝나면 바로 자야하고 몇 시간 자고 나면 또 새벽일 나가야 하니까\n그것도 주 6일 국, 공휴일도 없이 1년에 구정 이틀 , 추석 이틀\n연휴는 이게 전부다.\n그러다 보니 요즘 좀비기사를 구하기 힘들다.\n그러자 좀비큘라하고 화주가 또 의기투합 했다.\n주 5일 하는 대신 금요일에 두 번 배송하고 주5일 하는 것으로 바꾸고 있다.\n즉 이틀에 할 일을 하루에 다하고 쉬는 것으로 나라님 마음에도 쏙 드시는 대책 같은데 좀비 기사들은 금요일에는 단1시간도 못 잔다는 거다.\n사고 안 나는게 이상 한거지.\n우울한 이야기.\n시급이 오르니 점심값이 올랐다.\n물론 점심 먹을 틈도 없고 주차할만한 식당도 없다.\n주차할 수 있는 식당은 감히 좀비들은 못 간다.\n좀비들의 자랑은 어느 곳에 맛 나는 식당이 있다는 정보가 아니라\n어느 곳에 5.000원으로 배터지게 먹을 수 있는 식당이 있다는 정보다.\n그런데 요즘 시급이 오르니 그 식당들이 식사비를 올렸다.\n식비 만 오르나?\n아니다 수리비도 오른다. 모든 게 다 오른다.\n안 오르는 게 하나 있다.\n좀비들의 운송료는 안 오른다.\n우리는 나비 효과애서도 소외 되어 있다.\n왜냐하면 우리 좀비들은 나라님도 특례로 인정 한 특수 한 존재이니 당연히 제외다.\n배송 효율을 따진다.\n그것도 서울 본사 사무실 책상 앞에서\n책상 위에는 단지 좀비 하나당 매출 표 만 있다.\n거래처에서 발주가 줄어 든 것은 생각 않는가 보다.\n거래처는 본사 입장에서는 고객이니까 고객은 늘 옳다.\n새로운 거래저가 생기면 그냥 좀비들에게 가라고 하면 된다.\n이 좀비가 몇 시간 일하고 하루에 몇km를 가는지 관심 없다.\n단지 매출 표만이 그들이 따지는 배송 효율이다.\n그런 건 이 좀비도 할 수 있다.\n좀비 보다 더 많은 급여를 받는 사람이 이렇게 초딩 수준으로 단순하게 일을 하니 또 좀비만 죽어난다.\n그러니 좀비들끼리도 서로 견제한다.\n사이가 좋을 리 없다.\n그러니 단체도 없다.\n그러니 본사 사무실이나 좀비큘라, 나라님은 이런 건 건강한 긴장관계로 치부 하고 오히려 즐긴다.\n좀비들만 좁은 내부에서 좋지도 않은 머리를 굴리며 피 튀기며 싸운다.\n그래서 좀비는 오늘도 차를 가득 채운다.\n적재정량 이런 것은 모른다.\n반항하면 잘리니까.\n과적으로 걸려도 그건 좀비 기사 책임이다.\n불합리 한 게 어디 한 ,두 가지라야 말을 하지\n그렇게 과적과 무리한 운행이 계속 되다 보면 차는 금방 망가진다.\n그러면 또 차 바꿔야 된다.\n토요일 인 오늘 고속도로에서 차가 고장 나서 멈췄다.\n견인해서 공업사애 갔더니 보링 해야 된단다.\n보링비 210만원\n헐~~ 한 달 치 운송비다.\n다음 달에는 무엇으로 생활 하지 ... 고민이다\n괜신히 화주에게 연락해서 회사차를 빌렸다.\n사실 이건 좀비 큘라가 처리 해 줘야 하는 것이다. 화주와 좀비 큘라 간의 계약에 의하면.\n하지만 운송료에서 관리비 받을 때만 좀비 큘라가 나서지 고장이나 배송에 관한 사항은 온전히 다 기사 책임이다.\n그러느라고 3시간이나 배송이 늦었다.\n하지만 인정사정없다.\n화주 측에서 전화가 빗발친다.\n배송이 늦는다고 거래처에서 항의가 빗발친다고\n내 차 고장난거 자신들도 다 알고 있으면서 나 더러 차 세워놓고 거래처에 사과와 해명 전화부터 하란다.\n난 “그 시간에 한 군데라도 더 배송 하겠다” 고 말 했다.\n자기들은 이미 다 알고 있는 사실 이니까 자신들이 말해도 되는데 한 마디로 자신들이 주말에 쉬고 있으니까 늦어서 더욱 바쁜 당신이 해명하고 사과해서 조용히 자신은 쉬게 해달라는 거다.\n그러니 우린 좀비이자 노예인 노예 좀비 인거다,\n몇 년 전만 해도 새 트럭 값이 2,000만원 초반 대 였는데 지금은 2,700만 원 이상으로 올랐다.\n좀비들 보다 몇 배의 임금을 받는 자동차 회사 노조원들의 생계? 때문에 좀비들은 또 한 번 희생을 한다.\n불쌍한 자동차회사 노조원들 또 데모 한단다. 왜? 하는지 모르겠다.\n주5일 근무에 월급도 좀비에 비해 몇 배 더 받고 잘릴 일도 거의 없고 각 종 수당에 보너스 , 나라님도 실직 수당에 회사 문 닫으려 하면 세금 걷은 거 풀어서라도 살려주는 애틋함도 보이고 그런데 좀비들까지 주머니 털어서 보태주니.\n근데 불쌍해서 보태 주는 거야? 아님 강제 징수 당 하는 거야?\n하였튼 좀비들은 제일 바닥에 살기 때문인지 뜯기는 것도 많다.\n그래도 난 사장이다.\n화주 회사 사장과 동급이다.\n그래서 내가 제일 잘 났다.\n이렇게 생각하려 한다.\n그런데 이번 공휴일에 학교 안가는 아이를 혼자 집에 두고 일해야 하는데 아이의 점심과 저녁은 어떻게 해야 하나 걱정이다.\n곧바로 여름 방학이다 ㅠ ㅠ\n청원 드립니다.\n1.운송료가 현실화 될 수 있도록 지도 ,감독해 주십시오.\n더 이상 투 잡 안하고도 살 수 있도록 현실화 해 주십시오.\n2.영업용 넘버로 인해 화물회사가 부리는 횡포에서 벗어날 수 있도록 해 주십시오.\n3.근무 시간의 상한선을 만들어 화주들의 횡포에서 벗어나도록 해 주 십시오.\n4.위장 사업자들을 근로자로 대우 해 주십시오.\n대법원 판례에도 있습니다.\n5.적절 한 휴식을 보장해 주십시오. 사고내고 싶지 않습니다. 또 한 다른 피해자를 만들고 싶지 않습니다.\n잘 먹고 잘 살게 해 달라는 게 아닙니다.\n일 열심히 하면 안전하게 먹고 살 수 있도록 도와주십시오.\n청원 드립니다."
374723,2018-09-10,2018-10-10,0,4,반려동물,제친구가 아픕니다,제친구하고 같이 목욕탕을 갔는데 제친구가 먹으려는건지 양쪽 가슴에 초코핀이를 붙이고 왔길래 목욕탕에 초코파이도 파냐고 물어보니 자기 유륜이라고합니다 전 큰충격을 먹고 친구에게 당장 수술하자 하니 욕을 하더군요 아마 정신적 피해가 큰것 같았습니다. 당장 렛미인에 나가 치료를 받아야할거같습니다\n제 친구이름은 임X원 입니다
283967,2018-06-25,2018-07-25,0,0,미래,대한민국 시민의식 함양 추진,문재인 대통령님 어리석고 이기심 많은 대한민국 국민들 때문에 고생이 많으십니다 제가 국민을 대신해서 문재인 대통령님께 대신 사과 드립니다 제주도 난민 문제는 대한민국의 국제적 위상에 걸맞는 적절한 조치를 부탁 드립니다
31121,2017-11-10,2017-12-10,0,0,안전/환경,조두순 출소를 막아주세요.,조두순 출소 막아야 합니다.\n나영이가 편안하게 살기 위해서\n그리고 제2 제3의 나영이를 막기 위해서는 반드시 필요하다고 여겨집니다.
487620,2019-01-05,2019-02-04,0,2,문화/예술/체육/언론,nxc의 해왜매각은 절대 안됩니다,어제 뉴스를 보니 nxc의 지주사 매각을 추진한다는 기사를 보았습니다. 우리나라의 게임산업이 개인의 머리에서 나온것이 아닙니다. 그 힘든 게임의 개발주체는 그곳의 훌륭한 개발직원의 몪입니다. 중국업체로 넘어간다면 그야말로 국부유출입니다. 제발 막아주십시요.
473051,2018-12-19,2019-01-18,0,27,미래,공무원 수 줄여야 합니다,오늘 올라온 기사를 보니 강원도 어디는 2만6천여명 군민에 공무원 수만 수백명이라 이사람들 절반 정도가 해외여행비로 엄청난 혈세를 썼다는 보도를 접했어요.\n타지역들도 마찬가지고요.\n우리나라 이러다 큰일납니다.\n인구는 점점 줄어드는데 공무원 수만 늘려서 어쩌자는 겁니까?\n우리 후손들 세금만 내다가 인생 종치라는 건가요?\n내년부터 공익요원들 남아 돈다는데 동사무소니 구청이니 단순업무는 공익근무자로 대체하면 되지 무슨 혈세 퍼주는 공무원들을 늘비하게 배치해 놀고 먹게 합니까?\n요즘 애들 똑똑해서 전산업무 잘하잖아요.\n공무원 수 대폭 줄이고 남아도는 공익자들 적극 활용하라고요.\n나중에 인당 수백만원 공무원 연금은 우리 아이들 몫이잖아요.\n쓸데없이 군인들 연금은 왜 그리 퍼준답니까?\n쓸모없는 지방의원들은 제발 없애자고요.\n국회의원 연봉이나 올리자는 의원들 중국처럼 명예직으로 돌리세요.\n우리나라 이러다 큰일납니다.\n혈세가 이리저리 줄줄 새어 나가고 있어요.\n남아돈다는 신검 4급 받은 공익근무자들을 적재적소에 배치하고 공무원은 뽑지 말아주세요.\n지금 근무하고 있는 공무원들도 철저하게 감시해 혈세낭비 하지 마시라고요.\n해외연수 보내는 거 없애고요.\n국민연금과 기초연금은 벌벌 떨면서 공무원과 의원들 군인들에 관대한 잘못 된 부분은 과감하게 고쳐 나가야 합니다.\n우리 아이들에게 살 만한 미래를 보여줘야 결혼해서 아기를 낳지요.\n20초중반 우리 애들도 결혼 안한대요.\n공무원 군인 의원들만 살 만한 세상에 미래는 없어요.\n정말 한심합니다.
348129,2018-08-20,2018-09-19,0,1,보건복지,지역별 출상장려지원금의 차이를  조정해주세요,출산 장려지원금이 지역별로 너무 격차가 심하네요..\n어느정도의차이면 이해를하겠지만..셋째출산부터 경남 창녕은 4천만원이 넘게 지원해주고..같은 경남 지역이래도 김해지역은 백만원지급이네요..타지역보다 출산율이 높아서 지원금을 작게줄수밖에 없다는게 말이 맞지를않는거 같네요..자기자식들 낳는건데 무슨 돈을 자꾸 내놓으라는 분들도 있겠지만 너무 격차가 심한부분이라 저를포함한 많은분들이 불만을 갖는부분이네요..줄거면 또같이줬음 좋겠어요..저출산문제 매번 심각하게 정부에서 언급하지만말고   이런 부분부터 빨리 해결해주시기바래요
419689,2018-10-25,2018-11-24,0,33,문화/예술/체육/언론,어른들의 편법 행정에 상처받는 아이들,"아이가 태권도를 시작하면서 '국기원'과 '도장'들의 문제점들에 대해 하나씩 알게 됩니다.\n최근 어른들의 관행과 편법 행정 때문에 1,2년을 열심히 훈련하고 연습한 아이들이\n국기원에서 정정당당하게 심사를 받았음에도 품띠를 따지 못한다 라는 일방적인 답변을 들어야 했고,\n이 아이들이 단순히 ""어른들의 실수 때문에 우리가 심사를 다시 봐야 한대""라고 자포자기 하는 모습들을 보고 있어\n답답한 마음에 글을 올려 봅니다.\n초등학교 1학년이 되는 남자아이들은 누구나 할 것 없이 태권도장을 한 번씩 방문하게 됩니다.\n태권도장에서 아이들은 예의범절을 배우고 기본적인 태도를 배우고 마음가짐을 배우고 튼튼한 신체를 키우기 위해\n일주일 2~3번 많게는 매일매일 태권도장에서 친구들과 놀고 사범님께 가르침을 받습니다.\n이 아이들은 1년 정도 꾸준히 태권도장을 다니게 되면 '국기원'이라는 세계태권도협회로부터 인정받고 싶어 하고\n'단'을 따기 위해 '품띠'를 따기 위해 품 심사 연습을 하게 됩니다.\n이 연습의 과정이 지루하고 힘들지만, 나도 인정받고 싶다는 의욕으로 아이들은 품새를 외우고 태도를 갖춥니다.\n이 국기원 심사에 필요한 비용은 예상보다 어마어마했고, 전국적으로 아이들이 태권도를 누구나 배우며 태권도를 가까이하며 국기원도 이런 아이들 덕분에 유지할 수 있고 성장할 수 있는 거라고 태권도가 더 발전할 수 있다고 생각했습니다.\n그렇게 연습해온 아이들이 국기원에 가서 1품 심사를 받았습니다.  정말 어마어마하게 많은 수의 아이들이 심사를 받았고, 아 이 아이들 덕분에 국기원은 발전할 수 있는 거고 이 아이들을 무시하면 안되겠다 라는 생각도 하게 되었는데요,\n심사 과정이 모두 끝나고 아이들이 누구보다 진지하게 심사에 임하고 나서 그 다음날 들었던 통보는 정말 어이없는 것이었습니다.\n아이들이 다녔던 도장이 정식 등록을 하지 않았던 도장이었고, 그래서 아이들이 받았던 심사를 모두 무효처리 된다는 얘기였습니다. 그 도장에서 수많은 아이들이 심사를 모두 받았었고 모두 정상적으로 품띠를 따왔기 때문에 의심한 적이 없었던 일이었는데,\n그동안 관장은 편법으로 국기원 심사를 받아왔고, 그동안 심사위원들이 그런 일을 묵과했으나\n이러한 편법과 관행이 이번에는 통하지 않아서 심사가 모두 무효가 되었다는 설명이었습니다.\n편법과 관행을 바로잡고, 이 생태계를 보다 건강하게 만드는 것에는 동의합니다.\n하지만 수년동안 그 편법과 관행을 저지른 게 어른들이라면, 그런 것들을 저지른 어른들이 책임질 문제이지\n이걸 아이들이 희생하고 받아들이라고 강요해서는 안됩니다.\n아이들에게 이걸 뭐라고 설명해야 할까요?\n내가 그동안 그렇게 깍듯하게 따라왔던 관장님과 사범님이 편법을 저질러와서\n이번에 그게 걸려서 나는 정정당당하게 심사에 임했지만 그게 아무것도 아닌 게 됐다!\n그렇게 설명하는 도장 측도 과연 ""태권도""의 정신을 알고 있는 건가, 이 사람들이 아이들을 가르칠 자격이 있나 싶지만\n행정적으로 정책적으로 안되는 것이어서 아이들에게 품띠를 줄 수 없다고 말하는 국기원 측도 이해가 되지 않습니다.\n이전에 편법을 용인했던 국기원측, 그리고 원래 그런거다 라고 넘겼던 도장 측에서 책임을 질 부분입니다.\n몇년 동안 도장에 다니며 태권도를 배우고, 심사를 위해 몇개월을 연습하고, 그날 심사 때 몇시간을 기다리며\n어려운 심사를 받았던 아이들이 상처받고 희생되지 않도록 해 주십시오.\n그건 어른들로서 현명하게 책임지고 길을 찾아야 하는 의무입니다.\n자라나는 아이들이 태권도를 좋아하고 가까이 하지 않는다면, 과연 국기원이나 태권도협회나 도장은 얼마나 성장할 수 있을까요? 아이들이 이런 처분과 이런 행태를 보면서 과연 '태권도'를 뭐라고 생각할까요?\n몇몇 아이들에게 편의를 봐준다 라는 성격이 아닙니다.\n이건 아이들에게 책임을 전가하지 않아야 한다 라는 이야기입니다.\n국기원에서 이 글을 보고 다시 한 번 깊이 생각해 주시기를 간절히 바랍니다.\n메일을 보낼 곳도 항의를 할 곳도 없어서 결국 국민청원까지 왔습니다."
339346,2018-08-13,2018-09-12,0,20,보건복지,노후준비도 중요하지만.. 강제로 65세까지?,노후준비도 중요하지만 현재도 너무중요합니다\n아파트대출에 보험료에 자동차세금에 기타등등\n저축도못하고 살고있는데\n100세 시대라고는 하지만 65세 이전에 내가 죽는다면 한푼도 받지못할테고 국민연금제도는\n불합리고 강제적이라고 생각이들어요\n가입하고싶은 국민들만 가입하고\n가입한 사람에게만 노후에 연금을받을수있도록 바꿔주세요\n저는 현재가 지금이순간이 더 중요합니다.\n경제적여유로 결혼 3년차임에도불구하고\n2세 계획을 계속미루고있습니다.\n조금이나마 국민연금에 대한 부담을 줄여주세요
300305,2018-07-08,2018-08-07,0,219,외교/통일/국방,경찰관 순직.. 공권력 강화 요청 519명의 국민의 생명,"안녕하세요저는 고등학교 3학년 경찰을 꿈꾸고 있는 학생입니다.다름이 아니라 오늘 경찰관 경위님 한 분이 한 남성의 칼에 찔려 순직하셨습니다. 가끔 경찰관분들이 순직, 다치셨다는 기사를 보게 되면 경찰관 분들은 항상 맨몸으로 늘 시민의 안전과 자신의 몸을 지키십니다. 막상 상대방은 언제 돌변할지도 모르는 상태인데도 말입니다. 미국처럼 위협이 되면 바로 총과 테이져건을 사용하는 것도 아닙니다. 다만 최소한... 위험한 상황이 있을 시 부득이하게 사용을 해야 되는 상황이 온다면 최소 경찰관분들께서 국민의 눈치를 안 보고 범죄자들의 인권보다 경찰의 몸을 더 신경 쓸 수 있도록 상부의 커버가 잘 되어야 하며 국민의 인식이 바뀔 수 있도록 해야 합니다. 경찰도 사람입니다. 경찰도 국민입니다. 경찰은 로봇캅이 아닙니다. 경찰도 한 가족의 소중한 가장입니다. 부디 경찰의 공권력을 높여주세요 그래야 범죄자들이 경찰을 우습게 안 볼 것입니다. 감사합니다. 대통령님 대한민국 국민이 약 5000만 명 경찰 한 분당 지켜야 하는 국민의 수가 519명 정도입니다. 범죄자의 손에 경찰분이 순직하게 된다면 519명의 국민의 누가 지키나요 대한민국 경찰의 공권력을 높여주세요 간곡하게 부탁드립니다."
497396,2019-01-15,2019-02-14,0,6,성장동력,한달에 1억 벌기는 문제도 아니라는 수의사들,한달에 1억 벌기는 문제도 아니라는 수의사들\n반려동물 2천만명 시대\n한달에 1억 벌기는 문제도 아니라는 수의사들\n수의사들 요즘 한마디로 대박입니다.\n그런데 아직도\n수의대 입학정원은 연 500여명 수준입니다.\n수의대 입학정원을 지금의 연 500여명에서 5천여명으로 획기적으로 늘려야 합니다.\n시대가 바뀌면\n그에 맞게 입학정원도 늘려야 합니다.\n수의대 입학정원을 연 500여명에서 연 5천여명으로\n늘려야 합니다.\n그리고\n사범대 교대 입학정원을\n지금에서 반절 이상으로 줄여야 합니다.\n이미 늦었습니다.
71121,2017-12-21,2018-01-20,0,1,안전/환경,안전분야 공무원 상시 현장대응 근무지침 제정,"O 안전분야 공무원 상시 현장대응 근무지침 제정 필요\n<분야>\n- 소방, 경찰, 해경, 행정안전, 국방\n1. 소방 :  다중이용시설 등에서 용접, 전기, 가스 등의 작업시  소방차량 및 화재진압장비, 소방관 작업종료까지 입회\n2. 해양경찰 : 구명정, 구명함정 등에 24시간 탑승대기 상태로 근무, 조난 시 즉각 출동태세 유지\n3. 경찰 : 연말년시 특별지역(술집 밀집 지역 등)지정, 상시 근무, 24시간 음주측정 실시, 고속도로 입, 출구 상시 근무\n4. 행정안전 : 명예질서유지원 고용배치( 지하철역, 버스 정류장, 다중이용시설 등 )\n5.  국방 : 군복무중인 현역군인 제대 휴가(1월 ~ 2월)활용, 질서유지요원으로 현장근무 배치(교통, 학교치안 등)\n(현역군인 근무부대 근처 배치)"
482348,2018-12-29,2019-01-28,0,1,농산어촌,토지 상 속에 관한 특별 조치법,"저는 전남 영광에서 태어나자 라쓰며 ,부모님이 모두 돌아가셨습니다 .집터와 농지가 있는데 집터는 조모 앞으로 돼 있으며 ,밭은 돌아가신 어머니 앞으로 되어있습니다 .상속을 하려고 하니 국가에서 토지 상 속에 관한 특별 조치법을 시행한다고 하여  기다리는 중입니다 언제쯤 특별 조치법이 시행이 되나요 ?"
304175,2018-07-12,2018-08-11,0,9,교통/건축/국토,지방 부동산 경기는 역으로 활성화해야 합니다.,현재의 경기침체 중 일부는 부동산 규제를 통해  집값을 바로잡겠다는 데서 비롯되었다고 생각합니다.\n최저임금의 상승은 찬성하는 바입니다. 최저임금의 상승을 통해 저소득층의 소비를 촉진시켜 경제순환의 활로가 될 수 있다는 점에 대해서는 지지합니다. 또한 수도권 및  경기도 세종시 등 규제가 필요한 지역에 대한 규제도 찬성하는 바입니다. 하지만 이들 지역의 규제가 지방의 경기 마저 침체시킨다는 것은 문제가 있다고 봅니다. 지방의 경기가 활성화가 되어야 전체적인 국토의 균형발전이 이뤄질 수 있는 게 아닐까요?\n그래서 지방의 경기활성화를 위해 지방의 부동산 규제를 완화하는 쪽으로 정책을 이끌어 주시기 바랍니다. 예시로 지방 부동산에 대한 양도세 완화 또는 보유세 인하 등 의 조치가 이뤄져야 할 것이라고 생각합니다.
75293,2017-12-28,2018-01-27,0,1,기타,청소년 보호법률 개선과강화,"요즘 청소년보호법률를 악용한 범죄가 늘어나고있습니다.\n청소년을 보호하자는 취지는좋지만, 그것을\n악용해 범죄를 일으키는 청소년들이 늘고있는상황입니다.\n그래서 조금 더 개선하여 범죄를 일으킨 청소년들에게\n확실한 처벌을 내릴수있게 개선하여 청소년 보호법률을 강화하였으면 좋겠습니다."
434521,2018-11-07,2018-12-07,0,9,농산어촌,노량진 구 수산시장에 불법 상인들 강제해산 청원합니다.,"구 수산시장 상인들은 우리가 생각하는 서민이 절대 아님니다. 양의 탈을 쓴 늑대인간들입니다. 카드결제 거부하고 탈세에 범법 행위를 일삼았고, 신 노량진 수산시장으로 이전 협상을 맞췄음에도 생때 부리네요. 공권력 투입해서 확실히 밀어버리세요."
205539,2018-04-19,2018-05-19,0,0,성장동력,상장폐지 법 금지,개미 투자자들 설자리가 없습니다!! 살려주세요!!
184721,2018-04-03,2018-05-03,0,2,교통/건축/국토,택시회사의갑질,"저는청주 동남택시에서 근무하는 김진상입니다. 2016년입사했는데 사주가 2017년7월에 변경되었고,2017년말 택시발전법시행으로 인한교육에서 하루입금118000원에서 30000원(유류보조금미포함)인상하여,148000원으로 인상하면서,택시발전법에위반되지만 유류미사용시 환금을 약속헀고(초과시는 아무말이 없었음)한달은 이행을 하였으나,초과기사에게 개인적으로 상담하며 월급에서 공제한다며 압력을가하자 그중 몇사람이 반발하고,한명이 청주시에 신고하기에이르고 결국은 퇴사로 이어지게되었습니다.그러던중 2018년에들어서 미사용분에대해 돌려주질않고 기다리라며 말하면서,회사에 충성하는 노조와 결합해 충성노조원들만 미사용분을 환급해주었습니다.이말은들은 전 사무실가서 따졌고,돌아온말은 기다리라는말뿐...그리고 한달정도 지난후 또다른사람에게 같은 말을 듣고서 다시이야기했더니 같은말뿐.그래서 큰소릴치며 따라다녔더니 1.2월 초과유류분을 지급합니다.이것자체가 택시특별법위반입니다.그리고 3월 30일에 회사로부터전화가와서 배차중지했으니 차량을 반납하라고 하며 4월2일에회사에들어오라고 합니다.회사에들어가니 역시나 고용보험해줄테니 퇴사하시라고 해서 거절했더니 4월 3일 다른차량으로(노후차량) 배차했으니,승차하라고...갑질의정석을보여주는것이지요.여기까지는 택시발전법을 위반한 청주 동남택시의 일이고요.제가하고싶은 말은 전국 택시의 세무조사와 택시발전법이 택시기사를 더욱더 생활고의 구령텅이로 빠뜨리고 있다는 것 입니다.복잡한 정세속에서 미세하지만 살아가고 있는 법인택시기사들의\n조금이라도 생각해주시길 바랍니다. 더불어 위에서 언급한 30000원이란돈은 유류보조금미포함으로 실질적으로\n148000원이아닌 거의 156000원이라고 생각하시면되고, 할당유류를 소비할려면 최소 시내주행으로15시간운행을 하여야합니다 .이렇게입금하고나면 하루5시간근무(5시간근무시잘해야75000원법니다)한거로해서 약1000000원정도의 월급을 수령합니다.이것이 일지옥이고 회사만살찌게하는것아닙니까.한번\n쯤은 생각해주시길..."
493765,2019-01-11,2019-02-10,0,0,반려동물,애완견종류가 아닌 크기에 따라 입막음의무화,올해부터  애완견 종류에 따라 입막음의  의무화가 된걸로 알고있는데  견의  크기에 따라  더강화 해주세요   길 다니기가  무섭습니다
200524,2018-04-15,2018-05-15,0,20,문화/예술/체육/언론,불법 만화공유사이트에 대해 정부의 책임있는 대처를 요구합니다.,"얼마 전 네이버웹툰이나 다음웹툰과 같은 웹툰의 유료결재분을 불법으로 업로드 하는 B사이트의 방문횟수가 증가하여 정작 원 컨텐츠 제공 사이트를 추월했다는 인터넷 기사를 보았습니다.\n(출처:http://www.dt.co.kr/contents.html?article_no=2018011502100151043001)\n또한 해외의 출판 만화 등을 번역 작업을 거쳐 불법으로 업로드하는 M사이트도 사람들의 신고에도 불구하고 별다른 제재를 받지 않고 사이트가 운영되고 있다는 기사도 보았습니다.\n(출처:http://www.hankookilbo.com/v/5e58be62b8d740c8898b020001c708ce)\n현재 우리나라의 인터넷 페이지 방문자 통계에 따르면 위 두사이트는 각각 11위, 19위에 랭크되어 있습니다. 방문 횟수 상위에 랭크되어 있는 것이 네이버, 다음, 구글, 유튜브, 페이스북, 디씨인사이드인 것을 고려하면 한국을 대표하는 포탈사이트, 세계 최고의 SNS, 대형 커뮤니티 사이트를 제외한다면 불법사이트가 방문횟수가 가장 높은 수준이란 것입니다.\n그럼에도 불구하고 만화 불법 공유사이트는 지난 수년간 별다른 제재를 받지 않고 성장을 지속해왔고 정부는 서버가 해외가 있다거나, 행정적인 절차에 시간이 많이 소모되는데 반하여 복제사이트가 순식간에 생성된다는 등의 이유를 거론하며 실효성 있는 조치를 취하지 못해왔습니다.\n만화 불법공유 사이트의 폐해는 매우 다양하고 많지만 크게 두 가지를 지적하고 싶습니다.\n첫째로, 이득 배분의 문제입니다.\n만화를 창작한 사람, 그리고 그것을 출판, 유통하는 사람들에게는 전혀 수익이 돌아가지 않고, 해당 사이트를 운영하느 사람이 많은 방문횟수를 통해 광고수익을 얻는 사람이 모든 이득을 독점합니다. 재주는 곰이 부리고 돈은 엉뚱한 사람이 가져갑니다.\n또한 이런 추세가 계속되면 만화창작자는 만화를 그리고도 제대로된 수입을 얻지 못하니 창작활동을 지속하기 어려지고, 출판 유통하는 사람들도 해외의 양질의 작품을 국내에 들여오고 좋은 작품을 사람들에게 선보이기 어려워집니다.\n결과적으로 한국의 문화적 토양이 고갈되는 것입니다.\n둘째로, 인식의 문제입니다.\n불법 사이트가 몇년간 성행하고 있음에도 별다른 조치가 이루어지지 않는다면 사람들은 그게 불법인지 인지하지 못하고, 불법이라도 나쁜 일이라고 생각하지 않을 것입니다.\n이미 만화를 보는 사람들 중에서 만화 불법 공유사이트가 불법이라고 인지하면서도 이용하는 사람들이 매우 많고, 오히려 보는게 무엇이 문제냐는 의견도 어렵지 않게 찾아볼 수 있습니다. 정부측에서 책임있는 모습을 보이고 있지 않아 불법사이트가 성행하는 것이 현재 자연스러운 인터넷 환경이 되어 있는 것입니다.\n또한 만화 불법사이트에 게재된 광고 대부분이 성인용 광고입니다. 최근 한국에서 벌어지고 있는 미투 열풍을 비롯하여 여성에 대한 성인식이 왜곡되어 있는 것에 위와 같은 사이트의 책임이 전혀 없다고 할 수 있을까요? 청소년에게 더 큰 영향을 끼칠 것이란 사실 또한 언급하지 않을 수 없습니다.\n이미 청원 사이트에 해당 사이트를 폐지하달라는 청원이 여러차례 올라온 것으로 알고 있습니다. 인터넷 공간에서 불법이 전혀 발생하지 않는 것은 현실적으로 어렵다고 생각합니다. 그러나 불법이 자행되고 있음에도 아무런 처벌을 받지 않고, 오히려 해당 불법을 저지르지 않고자 하는 사람이 어리석은 사람으로 취급되는 것은 매우 잘못된 것입니다.\n인터넷을 자주 사용하지 않는 사람은 체감하기 어려울 수도 있습니다만, 인터넷을 자주 사용하는 사람 입장에서 이는 한낮 대로변에  불법도박장이 놀이공원 같은 규모로 운영되고 있음에도 불구하고 아무런 제재를 받지 않은 채, 오히려 성장을 계속하고 있는 것과 같습니다.\n해외에서도 이런 문제가 발생하지 않을 리가 없는데, 검색을 해보니 일본 정부도 자국내 불법 공유 사이트에 대해 인지하고 대응방침을 정했다고 합니다.\n(http://news.hankyung.com/article/201804136192i)\n서버가 해외에 있어서 붙잡기 어렵다는 식의 책임회피식 답변 말고, 국제적인 협약을 새로이 체결하든, 불법 사이트 운영자를 기소하기 위한 새로운 법률을 제정하든 정부의 책임있는 대처를 요구합니다."
345359,2018-08-17,2018-09-16,0,16,경제민주화,국민연금 그냥 고갈시켜라.,연금 안받을테니까 그냥 고갈시켜라
82143,2018-01-08,2018-02-07,0,2,교통/건축/국토,교통사고 2차사고 예방건의입니다,고속도로에서 사고 나면 삼각대나 트렁크를 열어둠으로써 2차사고 예방이라는것을 하는데 밤에는 이 마저도 위험 감수를 하고 해야 하는데요\n사고 후 부상자가 몸을 피한뒤에 112에 신고를 하면 112에서 사고부근도로공사로 연결해서 가로등! 을 몇키로 전부터 깜빡이게 할수는 없을까요? 방금 이 근방에서 교통사고가 났다 알려주는 방법으로요 전광판이 있지만 유심히 안보게 되잖아요\n제가 잘 몰라서 어디다 물어봐야할지 자세히 알아보지는 못했지만 가로등도 구간구간으로 킬수있지 않을까요? 밤이라 깜빡이는게 위험하다면 공사현장에 키는 깜빡이 조명같은걸 약속된 부근 (50 km당 100m)정도 설치를 해서 사고났을때 깜빡여주면 앞 50키로전방에 교통사고 발생했으니 전방주시하자라는 약속을하는거죠..다친사람이 있을수 있으니 112나 119에만 신고해도 연결해주신다면 당황할 필요가 없겠지요..예산이 들겠지만 제방법이 아니더라도 비슷한방법이 있지는 않을까해서 올려봅니다
170867,2018-03-20,2018-04-19,0,5,일자리,군필자 임금협의 시 조금이라도 높게 받게끔 제도적으로 보완 해 주세요,"복무일수가 단축되었다지만, 현재 기준으로라도 1년 6개월은 정말 긴 시간인데요.\n호봉으로 쳐도 한 호봉이 올라갑니다.\n게다가 건강하다고 힘든 자리로 보내고 일 더 시키고,\n실제 사내에서도 조용조용 군필자를 미필자에 비해 더욱 선호하죠.\n마치 경력직 같은 취급을 하는데, 비용적인 보상은 없어요.\n공무원을 제외하면 군대에 대한 보상이 전혀 없다고 생각되는데요.\n중소기업, 사기업에서도 신규직원의 임금을 협의할 때 군필자의 경우 미필자에 비해 한 호봉만큼의\n금액 정도를 높여 협의하게 했으면 좋겠네요.\n큰 기업이라면 모르겠는데 작은 데는 쳐주는 곳 거의 없습니다.\n공공기관 일자리마저도 군 호봉이 인정 안 해 주고요. (기관마다 다르지만 거의 안 해줌)\n새로 입사하시는 분들이라도 군 복무에 대한 이익을 좀 받았으면 좋겠네요.\n맨날 군대 갔다 온 남자라고 건강하다고 일이나 더 시키지 보상이 없어요."
241305,2018-05-23,2018-06-22,0,9395,반려동물,동물 학대 보호법 강화 해주세요,안녕하세요\n저희나라는 동물보호법 동물학대법 동물에관련된 법이 너무 약합니다\n전기톱으로 강아지를 죽이고 무죄를 받은 사건도 있었고\n강아지들을 수간 하는 사건\n길냥이를 아무 죄없이 쥐약을 뿌려 먹이게 하고 죽이고\n강아지를 때리고 학대하고\n길냥이를 위해서 스티로폼 박스로 집을 만들어놨는데\n누군가가 거기에 못을 박아놓는일도있었습니다\n이런일들이 지금도 어디선가 일어나고있습니다\n그런데 법은 말도 못하는 동물에겐 너무 약합니다\n반대로 강아지가 사람에게 해를끼쳤을땐\n저 강아지 죽여라 강아지주인 신고해라 등등\n반대로 사람이 강아지에게 학대를 했을땐 너무 처벌이 약합니다\n말못하는 동물도 하나의 생명이며 누군가에겐 딸이며 아들이고\n평생을 지켜줘야하는 가족입니다 보호가 필요한 아이들에게\n법이 있으나 마나한 이런법이 어디있습니까..\n부디 동물 학대 보호법을 강화해주시기 바랍니다
275590,2018-06-19,2018-07-19,0,0,농산어촌,인터넷 통신 소외지역 문제를 해결해 주십시오,4차선 국도에서 2km밖에 떨어져 있지 않은\n오지 아닌 통신 오지에서 살고 있는 주민입니다\nKT에서는 저품질( 속도 2mb)의 인터넷을\n십수 년째 공급하면서 전혀 품질개선을 하려 않습니다\n국민신문고를 통해 민원 제기를 했으나\nKT에서는 1ㆍ5Km만 연장하면 될 광선을 예산부족\n(6백여만 원)을 이유로 할 수 없다고  버티고 있습니다\n통신은 도로 상하수도 전기와 같이 국가의\n기간산업인데  5G를 선도한다는 KT가 통신소외\n지역을 외면하고 도시지역의 고품질 통신품질만을\n욕심내는 것은 기업으로서의 도리가 아니라고\n생각합니다\n인터넷 통신 소외지역인 농어촌 지역에 대해 관심과\n투자를 통해 지역간 균형있는 발전과 지역간\n정보 소외가 해소될 수 있도록 모두 관심을 가져주시기\n바랍니다
46767,2017-11-20,2017-12-20,0,2,행정,"적폐, 불법, 나태 공무원의 처벌은 정확하고 빠르게 해주세요","안녕하십니까?\n이 나라에 수많은 공무원 중 나라를 위해, 국민을 위해 밤낮으로 헌신하며 일해주시는 분들이 많으시다는것은 압니다.\n하지만 그 중에 어떤 공무원분들은 직무태만, 직권남용 등 불법과 합법사이를 오가며 권력이라면 권력인 공무직에 기생하여 지내는 분들이 많이 있습니다.\n그런분들이 국가의 세금으로 월급을 받고 있지요.\n허나 대부분의 국민들은 공무직을 늘려 일자리를 해소한다는 현 정부의 방침에 쌍수들고 환영만은 하지 못하고 있습니다.\n저 역시 일자리를 늘린다는 것에는 동의하지만..\n잘못을 실수로 치부하며 아무렇지않게 그 자리에서 여전히 공무직을 수행하는 사람,\n월급은 받으나 그 일에 전문지식도 없이 열일하지 않는 공무원,\n월급은 매년 올려받으면서 나랏일도 제대로 못하는 국회의원,\n등등\n따지고보자면 현 정권에서 내세우시는 적폐.\n적폐 공무원이 너무도 많다는것입니다.\n일자리를 늘리시기에 앞서 현시대에 맞지않는\n국회의원 면죄권, 이전 대통령 구속불가침법,\n공무원은 잘리지않는 신의 직장이다!\n이런 내용을 가진 생각, 행정, 법, ,, 등등\n변화를 준 후에 진행하는것이 맞다고 봅니다.\n이전에는 어떠했을지 모르나\n현 시점의 대한민국에선 공무원도 넘쳐나고,\n경찰도 넘쳐나다보니\n진짜 공무직에 맞는 성향을 가진 사람보다\n그저 시험봐서 자리를 차지하다보니\n공무원이 X무원으로 치부되는 상황입니다.\n저는 적폐청산을 지지하는 한 국민입니다.\n적폐의 가장 기본은 비리, 나태 공무원으로부터 시작입니다.\n강력하고 빠르게 처리될 수 있는 공무원법을 만들어주세요.\n어떤 공무원이든 의심스런 정황, 무기명 투서를 받을 시 절차상관없이\n공무원 감사부에서 바로 바로 처리하여\n언제든 비리나 나태적인 업무처리, 직무태만, 직권남용 등 적폐적인 일들이 일어나지 않도록\n원칙을 법을 만들어 주십시요"
477098,2018-12-23,2019-01-22,0,22,정치개혁,여성가족부 해체해라 국민세금아깝다.복지부로 통합해라 지금당장,"여성가족부 해체해라 국민세금아깝다.복지부로 통합해라 지금당장\n국민세금 빼쳐먹는 도둑질 그만해라 피같은 국민세금 도둑질 그만해라\n지금당장 복지부하고 통합해라 지금당장 지금당장 말이다 지금당장.\n국민세금 빼쳐먹는 흡혈귀같은 도둑년들 여성가족부 지금당장 복지부하고 통합해라\n독거노인,조손가정,기초수급자등등 이런사람들 방문하는데 배치해라\n피같은 국민세금 도둑질 그만해라 여성가족부 해체해라 지금당장 지금당장 말이다 지금당장"
435956,2018-11-08,2018-12-08,0,0,인권/성평등,의사교수가 신체감정 법원 3차 허위제출 과 공무원 계획적인범행 피해를 당했습니다,청원개요\n의사교수가 신체감정 법원 3차 허위제출과 공무원 계획적인범행 피해를 당했습니다.\n1. 직장인 귀가 중 불의사고로 두 귀를 잃어 서울삼성병원 청각2급 인정 재조사 연 세대세브란스병원. 예수병원. 인정 양측 보청기의존 앞에서 큰소리 아니면 글로적어  의사소통직장 더 이상 연연할 수 없기에 퇴사 후유장애보험 청구 보험회사 지급사건을 흥국생명 직원만을 위한 하나로 보험 부부 계약 후유장애청구 결렬 법 제소  조정 보험약관 지급 최후절반 제의 받아주지 않아 결렬 승소 하였다. 새마을금고직원친분 신 상해보험 실적 거절할 수 없기에  부부가입 장애2급 20년 매월 200만원 지급 청구 장애5급 500만원  더 이상은 지급할 수 없다고 하여 보험회사 지급하였다고 하나 새마을금고 는 다르다며 더 이상은 지급할 수 없다며 당신 법대로 하던지 마음대로 하라고 하여 법원제소 재판장 양측 원만하게 화해권고결정 약관지급 3/1. 1억6천만 원 기간 내 지급하지 않으면   나머지 연 20% 가산 지급한다. 화해권고 결정함에도 전관변호사의해 보험회사와 흥국생명승소 사건을  새마을금고 기각하였다.\n2. 새마을금고는 00대학병원 교수 신체감정서촉탁 법원제출 의하면 1차. 교통사고 후 발생 하였다고 하고 양측 난청 모두 불치로 사료된다고 신체감정서제출 위사실 알고 평생  동안 교통사고 입원한 사실이 없는데 허위제출 교수예약방문 위 사실을 전하나 잘못되었다며 빌어 다시 정정하여 제출하겠다고 하였다. 2차. 사실조회서의하면 교통사고는  잘못 기재와 좌우측을 부정하게 기록한 사항에 대하여 잘못되었다고 인정 2차. 의하면 또다시 사고와 관련 없는 질환과 질병으로(돌발성난청 좌측) 사실조회서 법원제출 위사실 교수예약방문 사고와 관련 없는 질환과 질병제의 왜 당신이 신체감정서를 가지고  있느냐 언성을 높여 의사인교수가 신체감정번복 법원제출 되느냐 답변 않고 인정하지 않았다 3차. 또다시 사실조회서 제출 의하면 돌발성 난청은 원인 질환 없이 갑작스럽게 난청이 오는 질환으로 과로를 포함한 심신허약체질로 발생하였다며 법원사실 조회서 제출 하였다. 위사실 알고 또다시 교수예약방문 이제는 더 이상 번복할 명분이 없기에 손목을 잡고 잘못되었습니다. 빌고 빌어  신체감정 잘못됨을 정정 빠른 시일 내 법원에 제출 하겠다고 하여 또한번 믿고 자리에서 나왔다\n3. 교수는 신체감정서 잘못됨을 1년 내 제출 않고 순간만 모면 할여고 거짓말이 들어났고 변호사는 교수가 신체감정 잘못됨 써준다며 받아오라고 하여 예약방문 신체감정   잘못됨 법원에 제출 1년 지나도 제출 않는 사실을 전하나 언제 그랬느냐며 부인하였다. 간호사는 위 사실을 알고 전에 보내주지 않았느냐고 하나 제출 않았다고 하나 교수는 거짓말이 들어났고. 교수는 더 이상 명예에 실추 사실 확인서 써주었다.\n4. 00대병원 교수로서 전주지방법원으로부터 신체감정을 의뢰 받고 신청인대하여  신체감정을 한 사실이 있습니다. 작성자는 신청인 청력 종합적인 진찰 및 검사를 시행 신체감정서를 작성 법원제출 신체감정상에는 좌. 우측을 부정하게 기록  잘못 하였고 우측난청 발생한 것을 가해 생각되나 그 원인을 교통사고 후 발생한 것으로 잘못 기재와 좌측난청에도 돌발성으로 감정하면서 그 원인을 질병으로 기록과 질환으로 과로를 포함한 심신허약 후 발생하였다고 이를 기제 하지 않는 신체감정서 상의 오류를 범하였음을 사실 확인서 써주었다. 교수는 사실 확인서를 써줌에도 써준 일이 없다고 거짓말까지 하며 신체감정서허위제출 서울삼성병원. 연 세대세브란스병원. 예수병원.  장애2급 인정등급을 새마을금고는 인정 아니 하고 전북대병원 교수 신체감정서가 사실이 다며  전관변호사의해 첨부제출 장애2급 1원도 받지 못하고 기각 흥국생명. 새마을금고 전관의해 승소 변호사소송비 1900여만 원 압류 압박을 가하고 있으며\n5. 여기에다 고용노동부직원 장애인이용 고용 장려금계획적인범행 57.869.620원 징수 고용노동부조사 죄가1%위법이 없음 인정사건을 직원징계 않고 보호 죄 없는 장애인인권차별 고용노동부 법이냐 연락 전화를 끊고 받지 않았다. 직원고용 장려금범행자 수차   찾아가면 도망가 나타나지 않고 계획적인범행 내용증명 9차 제출 기간 내 제출 않으면 어떠한 처벌도 민형사상 이유 없음을 인정한다. 인정 제출하지 않았다.\n고용노동부민원 장애인인권차별악의적인행위 제49조1항 법원은 3년 이하 징역과 3천만 원 이하의 벌금을 처한다. 20차 12건 제출 기간 내 제출 않으면 어떠한 처벌도 이유  없음 인정한다. 인정 제출 않고 귀하의 제기한 민원은 수용하기 곤란함을 회신 세상을 죄가 있다면 세상을 정직하게 사는 것이 죄 너무 억울하게 당하여 교수 신체감정허위 제출 전관변호사의해 보험금기각 1원도 받지 못하고 압류 여기에다 고용노동부직원 장애인이용 계획적인범행 집까지 압류 장애인인권차별 너무 억울함을 알리고자 청와대국민청원제안 두서없는 글 올 리며 읽어주세요.
284745,2018-06-25,2018-07-25,0,8,안전/환경,국민에티켓 지키기 범국민운동 실시합시다.,"우리는 얼마전 북.미싱가포르 회담을 통해서 그리고 익히 알아온 바와같이 싱가포르가 얼마나 쾌적한 나라인지 듣고 보아서 알고 있습니다.\n그동안 우리나라는 산업화와 경제발전을 우선하는 정책적 목표하에 시람들이 모여 살아가면서 가장 소중히 지켜야할  공동체규범인 기초질서와 에티켓을 얼마나 무시하여 왔습니까?\n아름다운 한강변을 나가보면 먹고 마신 술병을 아무데나 투기하고, 주취상태로 고성방가하고, 흡연금지장소로 지정되어 있음에도 개의치않고 흡연을 하고, 아무데서나 소변을 보고, 아무데서나 침을 뱉고, 늦은시간 다른 사람의 취침을 방해하는지도 모르고 편의점에 앉아 부어라 마셔라 하면서 소리질러대고, 아파트에서 애완견을 키우면서 마구 짖게하여 짜증나게 하고, 아랫층은 무시하듯 층간소음 발생시키고, 아무데나 나 편하면 된다고 도로가에 위험하게 불법으로 주차시키고,\n언제까지 이런 무질서한 사회를 그만 보고도 방치할건가요?\n미세먼지 문제도 그렇습니다. 언제까지 편의에 건강을 양보하게 할건가요? 경유차에서 발생하는 미세먼지가 꼭 중국발 미세먼지가 아니더라도 숨쉬기 힘들 정도인데 언제까지 노후된 경유차량이 우리의 폐를 갉아먹도록 방치할건가요? 바른 것은 바르게 좀 규재를 하고 다소 불편하더라도 사회성원 전체가 감내할 수 있는 수준의 사회정화,\n기초질서 확립캠페인을 범국가 차원에서 시작했으면 좋겠습니다.\n기초질서 위반 방치가 큰 범죄로 이어지는 이른바 깨진유리창 이론과 같이 우리사회의 정신이 더 병들기 전에 이제 더욱 안전하고 살기좋은 선진사회, 후손들에게 물려두고 싶은 나라를 위해 기초질서지키기 운동을 시작해 주실 것을 부탁드립니다."
15104,2017-09-19,2017-10-19,0,3,육아/교육,국.공립유치원 증설해주세요ㆍ,국.공립유치원 많이증설해주세요ㆍ
367667,2018-09-05,2018-10-05,0,28,경제민주화,이번 정부는 너무 무능합니다,"세상에 이번 문재인 정부는 박근혜정보다 무능하다.\n여러분 촛불은 이럴때 들어야 합니다.\n문재인 정부 들어서고 무주택자, 청년 실업자 더 희망이 없습니다."
412581,2018-10-20,2018-11-19,0,12,육아/교육,잘못을 했음에도 더 당당한 유치원협회와 각종 협회를 조사 처벌해주세요,왜 오히려 잘못을 했음에도 더 당당하죠?\n누구한데 배운거죠????\n왜 오히려 당당하죠????\n세금과 아이들 가지고 장난치는거 아닙니다\n엄중 처벌바라며\n그 자 들은 원장과 고소를 진행하고 남탓을 하는 협회는 자격이 없습니다\n자격을 박탈하여 다시는 이쪽으로 발을 들이지 못하게 해주세요\n뉘우치지 않는 자들입니다 개선될 인간들이 아닙니다\n강력 조사와 처벌을 간곡히 부탁드립니다
120974,2018-01-29,2018-02-28,0,3,보건복지,공동주택의장애인주차구역이용시간지정,공공장소나 쇼핑몰들의장소에 장애인을배려해 만든 장애인전용주차구역이 아파트나 오피스텔에도 있습니다 그런데 이런공동주택에서 주차공간이 부족한경우가 많습니다  그래서 아주밤늦게귀가를하거나하여  불법인줄알지만 본의아니게 주차하는경우가있는데 주차공간이 부족한현실에 비추어 봤을때 장애인주차구역도 상업지역은 영업시간이후 아파트나 오피스텔등 공동주택은 밤12시후에는 아무나 주차하는걸로 법개정을 건의하는바입니다 특히 공동주택의 경우 다똑같은 관리비 집값을지불하고 생활하는곳인데 장애인배려도 중요하지만 일반적으로 활동하지않는시간까지 자리를 비워두는것은 비효율적이라고  생각됩니다 그리고 장애인 주차 가능 이라고 부착된 차량을 봐도 보행이 불편하신분이 차량을 이용하는경우보다 그분들의 가족들이 차량에 부착하고 장애인 구역에 주차하는경우가 더많습니다 그런데 현재법상 24시간 언제라도 일반차량이 주차되어있으면 이걸사진찍어서 신고하는사람들이있는데 이또한 밤12시 이전에 주간에 사진을찍어 신고 하는것이라면 당연히 과태료를내는거이 합당하나 밤12시 이후에 신고하는경우가 있느데 이런경우 신고한사람들은 대부분 보행이 전혀 불편하지않은 장애인들의 가족들이 자기가 주차할자리가 없다고 신고하는경우가 많습니다  상식적으로생각할때 납득할수있고 이해할수있는법으로 개정되었으면 해서 건의합니다
87701,2018-01-11,2018-02-10,0,0,성장동력,변호사라 법무부와짜고 머하는짓입니까???,후진국입니까\n법무부 와 짜고 쳐서 주가하락 시키고\n그걸 국가가 추매를 하다니 ㅋㅋㅋ\n이거  국가 맞습니까 ??? ㅋ\n정말 청년들 모든걸 포기하고  조금씩 모은돈 투자하겟다는데. .  그걸 발목을잡고\n암걸리게 하고 ㅋ서민대통령?? ㅋㅋ정말비웃습니다
365991,2018-09-04,2018-10-04,0,13,경제민주화,국민연금 당장 폐지하라,국민연금 당장 폐지하라\n내가 들기 싫다는데 왜 강제로 가입시키고 난리냐\n안내고 안받는다는데 니들이 뭔데\n당장 폐지하라
506302,2019-01-25,2019-02-24,0,17,경제민주화,주식회사 엑시아(코인빗) 의 자전거래 의혹 및 덱스터코인의 에어드랍건에 관한 조사 부탁드립니다,코인에 관한 제대로 된 법률제정으로 인해 주식회사 엑시아가 품은 자전거래 의혹 및 회사마음대로 지급약속했던 코인에 대해 소각하고 지급방식을 일방적으로 바꾸는 소비자 기만행위 조사을 요구합니다
452094,2018-11-25,2018-12-25,0,7,반려동물,풍산개를 분양 받고 싶습니다.,"저는 얼마 전까지 풍산개를 키우던 농촌 사람입니다.\n3개월이 넘은 '둥이'였었는데요,\n목줄이 끊기면서 길 가다 로드킬 당했습니다.\n처음 보는  밝은 성격의 강아지는 찾아 오는 모든 사람을 좋아해서\n제 성격과 잘 맞는다 싶어 정이 많이 들었었지요.\n관리 잘 못한 저를 자책하지만 아른 거리는 둥이 모습을 지울 수가 없네요.\n제 형님은  진도견 한 쌍을 키우셨고 묻어 줄 정도로\n목숨 다할 때까지 함께 한 가냘픈 마음을 갖고 있는 형제들입니다.\n둥이와 같은 성격은 아니겠지만\n한 생명을 받아서 생활을 함께 할 수 있다면  큰 기쁨이겠습니다.\n그리운 마음으로 분양 신청합니다."
56002,2017-12-01,2017-12-31,0,8,기타,개인회생 채무자의 변제액 소득공제 필요,"안녕하세요?  개인사정으로 개인회생중인 채무자입니다.\n개인회생신청을 하여 법원으로 부터 회생판정받아 회생중인 채무자입니다.\n5년(60개월) 상환으로 매달 1,954,055상환하고 있습니다.\n현재 30회 상환 앞으로 30회 남았습니다.\n개인 회생할 수 있는 기회를 주셔서 정말 고맙게 생각하고 열심히 상환하고 있습니다.\n세자녀의 가장으로 월급에서 회생변제와 집대출금 상환하면 경제적으로 매우 쪼들리게 됩니다.\n자업자득이라 모든것을 감수하고 있지만 쉽지가 않습니다.\n특히 연말정산때가 되면 더욱 힘들게 됩니다.\n1년 상환변제액(약 2,300만원)이 소득공제 되지 않고 총소득에 포함되어  2월에 세금 폭탄을 맞게 됩니다.\n세금내기 위해 또 빚을 져야하는 처지가 됩니다.\n경제활동 재기기회를 주는게 회생이라 생각합니다.\n상환변제액을 소득공제 해준다면 회생 채무자들이 희망을 갖고 열심히 경제활동을 할 수 있다고 생각합니다.\n검토 부탁드립니다."
378287,2018-09-12,2018-10-12,0,3,일자리,국민을 상대로 거짓선동한자를 처벌해야한다,"소득주도로 인한 일자리감축이 일어나자, 6월이면 모든것이 호전되어 좋아진다고 장담하던 반장식 전 일자리수석이\n국민을 상대로 거짓선동 하였음이 백일하에  들어났으니 그 죄값을 받게해야 합니다."
503357,2019-01-22,2019-02-21,0,21,반려동물,견 번식 농장 폐쇄 혹은 규제 요청,"애견 번식 농장이 시 허가를 받은 곳 이라 하더라도, 개체 수가 너무 많다는 이유로 관리되지 않고 있습니다.\n허가를 받으면 뭐합니까.\n개들은 털이 엉키다 못해 이물질이 묻은 그대로 갑옷마냥 단단해져 있고 피부병이 생겨 온 몸에 딱지와  고름이 흐르며 철장에 오랜시간 갇혀 지내 발가락이 휘어진 상태로 피고름이 차 오르고,  발톱은 자라고 자라 패드를 찌르는 실정입니다.\n허가를 받아 개업하면 끝입니까?\n시 허가를 받아 동물학대를 하는것과 무엇이 다릅니까?\n동물 번식 농장을 폐쇄하던, 농장주가 관리 가능할 정도로 개체 수를 줄이던 규제 해 주시기 바랍니다.\n시에서 허가한 동물학대, 더 이상은 그냥 둘 수 없을것입니다."
242135,2018-05-24,2018-06-23,0,1,성장동력,무게,"진리의 무게는 사랑과 같은 가치를 가진다고 나는 생각한다. 즉 진리의 세계와 사랑은 동일시된다. 우리나라 기업들이 눈부신 성공에도 불구하고 국민으로부터 비난을 받는 것은, 앞먼보고 달려오다가 주변을 잘 살피지 않았기 때문이고, 자기집 식구를 잘 챙기지 못한 것이 한 이유일지도 모른다. 그래서 노조외 회사가 올바른 관계가 정립되지 않았다. 나는 우리 기업들이 존경받는 기업으로 성장해야 한다고 오래전부터 생각했고, 또한 우리 기업에 대한 평가도 여러 부정적 시각에도 불구하고 국제적으로 좋은 평가도 많이 받는다. 이제 한 걸음 더나아가서, 우리 기업들이 ‘사랑받는 기업’이 되기 위해 노력해야 한다고 생각한다. 국민에게 사랑받고, 인류에게 사랑받기 위해서는, 결국 인간에 대한 무한한 애정을 바탕으로 기업이 일어서야 한다는 것을 뜻한다.  경영학을 공부한 사람으로서 한가지 덧붙이고 싶은것은, 삼성의 경우 지금 AI에 역량을 집중하고 있다는 뉴스를 보았다. 약간 늦었지만, 매우 잘하고 계신다고 느껴진다. 아울러 바이오와 전장사업도 동시에 더욱 집중해야 한다고 생각한다. 이 세가지 사업이 그룹의 향후 성장 동력이 될 가능성이 높고, 아울러 지금 매우 중요한 시기라고 판단되기 때문이다. 참고 해 주시기를 기대한다."
82264,2018-01-08,2018-02-07,0,3,육아/교육,4년제 대학 수를 축소 시켜주세요,"대학이 취업을 하기 위한 수단이나, 당연히 다녀야하는 곳이 아닌 소수만이 학문을 연구, 발전시키는 기관이 될 수 있게 도와주세요.  그것을 강력히 추진하기 위해서는 무수히 많은 영리적 목적으로 운영하며, 비 교육, 비 연구적인 4년제 대학을 축소해야 한다고 생각합니다.  혈세 측면에서나 교육 측면에서나, 경제 측면에서 낭비되는 4년제 대학들(저의 견해로는 전체 4년제의 30%)을 폐교 수순을 밟게 국가적으로 추진해야한다고 생각합니다. 이를 청원하는 이유는 현행하는 대학구조개혁평가 등의 정책은 사실 정원 축소에 초점이 맞춰있지 폐교에 초점이 맞춘 것이 아닙니다. 즉 저는 더 강력한 정책을 시행해야 교육계의 변화가 일어난다고 생각합니다.\n그리고 이렇게 시행해도 요즘은 4년제 학위를 취득 할 수 있는 경로가 다양합니다. 그런데 이러한 상황에서 배우고 싶지 않아하는 학생들을 데리고 강의에 연구하지 않는 교수님들이 강의하는 학교를 그대로 놔둔 다는 것은 안됩니다. 앞에 언급한 대학에 취지만 맞춰 추진한다면 대입이나 교육방식에도 큰 변화를 볼 수 있을 것으로 기대합니다."
57178,2017-12-03,2018-01-02,0,6,육아/교육,크림하우스 환불조치 및 유아제품 인증제도 다시점검,아이를 키우는 엄마입니다\n얼마전 아기매트 보니를 사용하다가 유해물질로 인해 환불조치 요구했으나 받아지지않고 비싼돈 날리고 아기건강에 해를 끼친건 아닌가 자책하며지냈는데...겨울이 되니 크림하우스 매트가 또 문제네요 왠만하면 제품의 하자가 있어도 소비자인 내가 잘못선택한거라 생각하며 담에 안사면되지...하는성격인데 아이들꺼니 가만히 있을수가없습니다 여름철 보니회사선 그냥저냥 넘어가버리고 크림하우스까지 이렇게되니\n우리나라 친환경마크가 어떻게 선정되는지 국가에 대한 믿음이 사라질려하네요 나라에서 꼼꼼하게 챙긴다면 소비자가 억울할일은 없을꺼같습니다 사람들이 해외제품을 선호하는걸 탐탁지 않아했는데 이런사건이 자꾸 터지니 왜그런지 알만하네요 아이들쓰는것에 자꾸 이런일이 생기니 말이죠\n당장의 환불도 중요하겠지만 제도와 법적인 부분을 개선해야 이런일이 안생기지 않겠어요?\n부디 앞으로 이런일이 반복되지 않았으면합다
415564,2018-10-22,2018-11-21,0,6,기타,강서구pc방 살인사건 청원합니다,강서구  pc 방 살인사건 청원 합니다
327779,2018-08-02,2018-09-01,0,2,정치개혁,커플 데이트 비용을 지급 요구 청원은 황당 청원이 아닙니다,"지난 2017년 11월 08일부터 2018년 7월 17일까지 커\n플들에게 데이트 비용을 요구하고 있는 청원 게시자입\n니다. 저의 청원이 황당 청원이라고 말씀을 하시는데 황당 청원이 아닙니다\n직장인, 대학생 커플의 한달 데이트 비용이 얼마인지\n아시나요 20만원, 25만원입니다 한달이 이정도의 금\n액인데 매일 만나면 100만원 정도는 훌쩍 넘어설 금액\n이라고 생각합니다\n20만원을 넘어서는 금액을 커플들이 뭘로 해결하는지\n아시나요 6:4 비율로 나눠서 내던지 데이트 통장으로 대처하던지 한사람이 내는식으로 대처하고 있습니다\n문제는 이런식의 데이트 비용을 해결하는 자체가 부담\n이 될수 있을것 같다는 생각이 들었습니다 데이트 비용\n을 마련하기 위해 아르바이트까지 한다는 기사도 접한\n적이 있었습니다\n취업을 준비하고 있는 청년들에게 청년수당을 지급하\n는 것처럼 데이트 비용에 부담을 느끼고 있는 청년들\n에게 데이트 비용을 지급해준다면 어느 정도의 부담\n감이 덜것 같습니다\n커플들에게 데이트 비용을 달라고 하는 청원이 황당 청원이라고 하니 기가 막히네요"
516125,2019-02-03,2019-03-05,0,11,육아/교육,수시폐지를 원합니다,"교육은 백년앞을 내다봐야 하는데 대다수의 부모가 등골 휘게 뒷바라지해도 있는집 자식들 돈으로 전략적으로 준비해서 좋은대학 가는 현실을 따라갈 수 없습니다.\n예전처럼 완전 정시로 바꾸어서 공평하게 경쟁할 수 있어야 합니다.\n그래야 결과에 긍정적으로 승복하고 위화감과 상대적,절대적 박탈감도 줄일 수가 있습니다.\n우리 아이들의 교육마저도 힘있고 돈있는 자들의 리그가 되어서는 점점 더 불신과 자괴감으로 힘들고 피곤한 사회가 될까 걱정입니다."
389286,2018-09-24,2018-10-24,0,8,행정,유류세 폐지,"유류세 이중과세 페지해야한다\n자동차세를 매년 내고 있는데 유류세를 내는 것은 이중과세입니다\n◇휘발유 10만원에 유류세 5만5000원\n휘발유·경유 값에는 유류세 비중이 크게 영향을 끼쳤다. 경유·휘발유에는 교통·에너지·환경세, 주행세, 교육세, 부가세 등을 통칭하는 이른바 유류세가 종량제 방식으로 일정하게 붙는다. 9월 셋째 주 기준으로 리터당 휘발유 가격의 55%, 경유의 46%가 유류세다. 휘발유 10만원을 주유하면 5만5000원이 세금인 셈이다.\n특히 현재 유가는 유류세를 인하했던 2008년 때와 비슷한 수준으로 오르고 있다. 백 의원에 따르면 2008년 당시 휘발유 평균 가격은 리터당 1691.3원이었다. 2008년 당시 가격이 현재보다 리터당 50.4원 높았다. 1주당 10원 가량 오르는 현 추세가 계속되면 올해 하반기에는 2008년 당시 휘발유 가격보다 높아질 것으로 보인다.\n이 때문에 유류세 인하를 요구하는 목소리가 커지고 있다. 앞서 홍준표 자유한국당 전 대표는 지난해 4월 대선 후보 당시 “서민들의 유류비 부담이 너무 커서 유류세를 절반으로 내리려고 한다”며 유류세 인하를 공약으로 제시했다. 파격적인 제안이었지만 현실성은 떨어졌다. 세수가 확 줄어드는 등 여당이 난색을 표해 논의조차 제대로 되지 못했다.\n이에 국회 산자중기위 야당 간사인 이언주 바른미래당 의원(경기 광명을)은 휘발유에 한정해 유가에 따라 세율을 탄력적으로 조정하는 교통·에너지·환경세법 개정안을 최근 대표발의했다. 이는 리터당 휘발유 가격이 1400원 미만이면 기본세율보다 최대 15% 세율을 올리고, 1400원 이상이면 단계적으로 세율을 조정해 가격을 낮추는 방안이다. 휘발유 가격이 1750원 이상 시 최대 15%까지 세율을 낮추게 된다.\n현행 법에도 이 같은 탄력 세율 개념이 존재한다. 현행법(교통·에너지·환경세법 2조)에 따르면 국민경제 등에 필요한 경우 대통령령(시행령)으로 유류세율을 ±30% 범위에서 탄력세율을 적용하도록 했다. 하지만 기획재정부는 유가가 올라도 현재 마이너스 유류세율을 적용하지 않고 있다.\n이 때문에 법으로 구체적인 구간을 정해 마이너스 유류세율을 의무적으로 적용하자는 게 이 의원의 주장이다. 이 법안이 시행되면 요즘처럼 유가가 오를 땐 인상 폭을 줄여 서민 부담을 줄일 수 있다. 유가가 확 떨어질 때는 세율을 일부 올려 세수 기반을 유지할 수 있다. 일종의 연료비 연동제와 비슷한 개념이 적용될 수 있는 셈이다.\n기재부 “고유가 상황 아냐..대기오염 봐야”\n그러나 정부는 유류세 인하는 불가하다는 입장이다. 기재부 관계자는 “아직은 2008년 때처럼 글로벌 위기나 리터당 2000원에 달하는 고유가 상황이 아니다. 환경부 등이 대기오염 감축에 나서는 상황인데 유류세를 낮춰 화석연료 사용을 늘리는 게 맞는 방향인가”라며 “이 의원의 법안대로 적용해 당장 내리더라도 유류세를 올릴 때가 문제다. 국민 정서를 고려하면 유가가 낮을 때 탄력세율을 올리기 힘들다”고 말했다."
383434,2018-09-17,2018-10-17,0,15,농산어촌,양봉 산업의 실질적인 방안을 모색 했으면,저는 취미로 양봉을 하고 있습니다  . 그런데  매년 정부 지원이 신청한 액수의 오분의 1수준도 되지 않아 실잘적으로 아무 도움도 되지 않고 있습니다. 세계적인 석학 아쉬타인 박사는 꿀벌이 없어지면 4년 인에 일류도 멸망 할것이리 하였습니다. 그만큼 꿀별의 중오성을 말한 것입니다. 양봉을 범 국가 산업으로 생각하고 정부에서 지원 했으면 합니다
273693,2018-06-18,2018-07-18,0,1,행정,자동차 지방교육세,친애하는 대통령님\n자동차 지방교육세 부분에 관하여 건의드립니다\n자동차세는 당연히 납부해야될 의무가 있겠거니와\n지방교육세는  어떤 목적의 교육세인지요?\n뚜렷한 사항과 교육이념 없이 지방교육세와 자동차를 함께 납부하라고 청구서가 날아왔는데  지방교육세를 납부하면 교육청에서 담당하는 것으로 알고있습니다\n그렇다면 자동차에 관한 교육세가 아니라면 이 부분은 분류하여 다른 목적의 교육세로 담당해야 되는것 아닐련지요?\n자동차에 관한 교육세라면 매년 세금만 내고 자동차에 관한 교육은 언제 이루어지나요?\n제 짧은 소견으로 글올립니다\n이 사항을 부디 검토해주시기 바랍니다
13964,2017-09-14,2017-10-14,0,1,인권/성평등,대한민국 성폭해범죄,얼마전 학원장이 본인의 학원 학생을 성폭행 한 사건을\nTV를 통해 보았습니다. 본인이 성폭행 사실을 인정 했으\n면서도 아이가 경찰에 스스로 하의를 벗었다는 진술 때문에 합의하에 이루어진 성관계로 사건이 종결되었\n더라구요.  아이에게 어떻게 진술을 유도하고 이런 아이들의 상처를 치유 할 수 있을지 걱정도 됩니다.\n학윈장도 엄연히 의제간으로 인정 되는데 아이는 다연히\n스스로 벗을 수 있는 상황이 발생 할 수도 있는 겁니다.\n학원장은 처벌 조차 받지 않고 학원 앞에서 1인 시위하는 아이 엄마에게 오히려 자기가 피해자 인 것 마냥 행동을\n하더군요.  17세 미만의 미성년자를 상대로 한 성폭행은 무조건 처벌을 받아야 하는거 아니가요!!  처벌이 약하\n니까 재발 확률도 높아요!!  이렇게 불안한 대한민국에서 어떻게 아이를 또 낳고 싶겠어요. 지켜줄 법이 없는데요.\n미성년자 성폭행 및 성폭행법을 강화 시켜주시기를\n바랍니다 .  다른 이들의 인권을 짓밟은 그들에게 왜 인권\n을 존중 해 주어야 하나요?
339258,2018-08-13,2018-09-12,0,82,보건복지,국민연금 관련 촛불시위 날짜와시간만 알려달라 !!!,언제든 갈것이다\n10명이 100명되고\n1000명 10만명 모일때까지\n박근혜 탄핵때는 한번 나갔지만\n이번에 결정되면 최대한으로 참석할맘있다 !!
323578,2018-07-30,2018-08-29,0,12,미래,구미집단폭행 가해자들강력처벌,구미집단폭행사건을 보고 놀라고 화가났습니다 이젠 하다하다 성인이 집단으로 폭행을 저지르는구나\n과거에는 10대들이 폭행을 저지르더니 이젠 20대 과연 구미집단폭행 가해자들이 갑자기 성인이되서\n폭행을했을까요 10대때부터 계속 살아왔을것같은데요 법이 너무약하니까 자꾸만 안좋은일이벌어지고있습니다\n이게 세상입니까? 무서워서 다니겠어요 가해자들이 하는말이 금전관계도 있고 마음에 들지않아서랍니다\n맘에안든다고 사람을패고 사람을죽입니까? 살인죄로 평생 감방에서 살게해야합니다\n생활규칙여겨서? 사람을죽입니까? 사형제를부활해서 범죄저지른사람들 모두 죽여버려\n법안바꾸고 흐지부지 넘어가면 계속이런일이벌어집니다 도대체 법은 누굴위한법입니까? 재벌들? 정치인들?\n서민들위한법좀만들어요 뭐만터지면 그때서야 대책을세우고 진짜 한심한나라네
302303,2018-07-10,2018-08-09,0,22,교통/건축/국토,과댜한 부동산중개료 조정 요청,"부동산중개료 산정법이 거래금액별로 차등적용되고 있습니다.\n서울의 수 억원짜리 집의 전세계약에 수백만원, 매매계약에 1~2천만원의 중개수수료가 요구되고 있습니다.\n과연 1억짜리 집과 10억짜리 집을 중개할 때 부동산중개업자가 하는 일의 양과 질의 차이가 존재할까요?\n차이가 없다면 거래금액에 따른 중개수수료 적용은 불합리하다고 생각합니다.\n관련 규정의 개선을 요청드립니다."
384332,2018-09-18,2018-10-18,0,13,일자리,공무원도 무인화해주세요,알바자리도 요즘에 기계로 대체되고 있는데  공무원도 무인화로 하면 안되나요? 동사무소에서는 사람 일처리가 너무 느린데 ㅜ 민원 24시라던가 무인서류기계 같은걸 차라리 늘리고 공무원 수 를 줄이면 어떨까요? 물론 꼭 필요한 분야면 어쩔 수 없지만 .......
164867,2018-03-12,2018-04-11,0,4,인권/성평등,인간의 존엄성 및 인권을 보호해야 한다,"가해자든 피해자든 사전 허락없이 언론에 보도하고 얼굴을 공개한다는 것은 인간의 인권을 말살하는 것입니다 가해자이든 피해자이든 이땅에 살아가는 인간은 인권을 보호 받아야합니다 연예인이든 정치인이든 저렇게 뉴스까지 내 보내는 것은 살인보다 무서운 것이 성폭력자의 언론 보도입니다 앞으로 저렇게 미투 운동으로 언론에 보도한다면 조민기처럼 자살자가 늘어날 것입니다 성폭력은 언론에 보도 하지말고 조사를 해야 된다고 봅니다 배우 고 조민기처럼 성폭력자로 세상에 신상을 공개하고 했는데 그가 어떻게 이 세상을 살아갈 수 있겠습니까 차라리 죽는것이 났지요 저렇게 보도하는 것은 인권을 말살하는 것이며 아무리 죄인일지라도 인간의 인권을 보호 받지 못하면 죽은 인생입니다 평등 사회에서는 가해자든. 피해자든 인권을 보호 받을 수 있는 권리가 있습니다 언론 및 기자분들이 너무 인권을 보호 하지 않고 뉴스 및 신문에 신상을 공개하는 것은 인권을 말살하는 행동입니다 아무리 언론인의 자유가 있다지만 인간의 인권을 침해하는 것은 안된다고 봅니다 잘못된 기사 보도가  한 생명이 죽을 수 있는 것입니다 이 땅에 살아가는 모든 인간은 인권을 보호 받을 수 있는 권리입니다 권리를 말살한다면 죽은 인생이다 죄는 미워하되 사람은 미워하지말라 하나님 말씀입니다 지금 미투 운동으로 언론에 보도 하는 행위는 인간의 인권을 말살하는 행위입니다 이제 국민인권위원회가 나서 인간의 존엄성과 인권을 보호해야됩니다 성폭력자를 뉴스에 보도 한다는 것은 영원이 이땅에서 살아갈 수 없는 것입니다 고 조민기를 두둔하는 것은 아닙니다 죄를 받아도 마땅하지만 한 인간을 인권을 보호하지 않고 저렇게 뉴스에 보도 한다는 것은 죽으라는 겁니다\n우리 헌법 제10조는 “모든 국민은 인간으로서의 존엄과 가치를 가지며···”라고 규정되어 있다. 이는 우리헌법이 인간의 존엄성을 최고의 가치로 천명하고, 이를 모든 법과 국가 통치작용으로부터 고유한 인간의 가치로 보장하고자 노력하고 있다\n우리 헌법 제10조처럼 인간의 인권과 존엄성은 지켜나가야 한다 그런데 요즘 인권을 보호하기 거녕 뉴스까지 보도하여 죽음에 이르게하고 있다 인간의 존엄성을 무시하고 성폭력자를 저렇게 보도하는 것은 살인 행위이다 물론 행위 자체는 천벌을 받아야 되겠지만 가해자이든 피해자이든 인간의 존엄성과 인권은 반드시 지켜나가야 한다 그것이 사회이다 기자 및 언론인들은 이런 미투 운동에 합세하여 뉴스에 신상을 공개하여 인간의 존엄성과 인권을 말살하지 마시길 촉구합니다\n인간의 존엄성은 인간이라는 이유만으로 사람은 그 존재 가치가 있으며, 그 인격은 존중받아야 한다는 이념을 말한다. 인간의 존엄성은 인간이\n출생으로부터 권리를 갖고 태어난다는 천부인권사상의 표현으로, 인간이라는 이유만으로도 존엄한 가치를 보장받고 존중받아야 한다는 원칙을 말한다.\n사람은 누구나 인간으로서의 존엄과 가치를 누릴 수 있다. 그러므로 정신병자라든가, 기형아, 장애인도 물론 인간으로서의 존엄과 가치를 누릴 수 있다고 보아야 한다. 또한 인간의 존엄성은 모든 인간에 존재하는 고유한 가치이므로, 외국인에 대해서도 보장되어야 한다. 여기서 인간이란 사회 속에서 존재하는 인간상을 전제로 한다. 개인은 사회를 떠나서 생존할 수 없으므로, 극단적 개인주의나 전체주의 사회에서의 인간을 전제로 하지는 않는다. 그러므로 인간의 존엄성은 개인들로 구성되는 사회라는 관 속에서 범죄자든 성폭력자든 인간의 고유한 가치를 훼손당하지 않으면서 그 존엄한 가치를 보장 받는 다는 것을 의미한다. 인간으로서 인권을 보호 받지 못한다면 살아갈 가치가 없는 것이다 인권을 보호 받지 못하면 당신도 언론에 피해자가 될 수 있다\n인권운동가 올림"
437600,2018-11-09,2018-12-09,0,13,안전/환경,성범죄에 대한 벌을 엄격하게 처벌해주세요.,성범죄에 대한 벌을 엄격하게 처벌해주세요.\n법이 약해서 범죄가 계속 일어나고 있는 것 같습니다.\n청원합니다.
232757,2018-05-14,2018-06-13,0,3,기타,청소년 봉사자들 밥 좀 주세요.,"고등학교 아이들  학생부 때문에  공부하느라 바쁜 중에도  봉사를 합니다. 봉사기록이나 활동을 보고 대학에서 학생을 뽑는데 참고를 하다보니 자의반 등떠밀려서 반이지요.\n그런데 11시부터 3시까지 일을 시킨다면서  점심 미제공은 뭔지 모르겠습니다.\n아무리 아이들 필요에 따라 하는 봉사라지만 점심시간이 걸려 있는데 봉사 하러 가서 내돈내고 밥까지 사먹는건 아이들에게 좀 너무합니다.\n봉사란 하는 사람이 기꺼이 즐겁게 하는 것이기도 하지만 받는 사람도 고마움을 느껴야하는데 어떻게 된게 봉사하는 애들이 을이 됩니다. 애들을  마치 직원부리듯 하는 것 같아 안쓰럽고 어이가 없습니다.\n하다 못해 빵하고 우유라도 제공을 해야지요. 애들이라고, 봉사점수 없으면 대학도 못가니까 어른들이 너무 애들한테 큰소리치며 배짱 부리는 거 아닌지 이럴거면 봉사기록 아에 못 적게 하는게 더 나을 것 같습니다.\n요는 점심시간 걸려 있는 봉사를 시킬때는 빵이라도 주도록 해달라는 겁니다."
314421,2018-07-22,2018-08-21,0,7,경제민주화,최저임금은 더 올려야 합니다.~~~~~~~~~~~~~^^^^^,"정치권에서 정확히 알고 있네 정말 다행이다.\n최저임금은 더 올려야 한다.\n정말 문제는\n높은 임대료와 본사 상납금이 너무 높고,\n카드수수료도 너무 높고,\n세금과 공과금도 너무 많다\n최저임금은 아직도 너무 작다.\n시급 8350원 해도 월급 180만원 연봉 2000만원 뿐이다.\n높은 물가을 가면하면 이정도 구매력으로\n서민과 청년들이 이런 소득으로는 계속 노예처럼 힘들게 살게 된다.\n출산은 줄고 자살은 늘어난다.\n정치권에서 높은임대료, 높은상납급, 높은 카드수수료, 높은세금과 공과금을 낮추면서\n최저임금은 올려야 한다.\n정말 잘 알면서 이제껏 뭐하고 있었던 거야 함심한 국회의원들\n김진표 처럼 국민보다 종교인을 위한\n정치인들은 빨리 퇴출시켜야 한다.\n종교인들도 똑같은 국민이다.\n납세의 의무등 국민의 의무를 저버리는 자들은\n복지등 모든 혜택에서 제외하고\n추방하라.\n필요없다.\n예수한테 빨리 가벼려라\n종교인들이\n근로능력 없은 장애인 노인 어린이도 아니면서\n세금을 90%이상 감면받고\n재산세는 한품도 내지 않는 것은\n있을수 없는 특혜이며\n적폐다.\n이것을 앞장서서 만든 사람이 바로\n김진표다.\n퇴출 1순위다."
77936,2018-01-01,2018-01-31,0,0,미래,작곡가 이정원입니다.,클래식 음악을 유행시켜주십시오\n어제들으니까 애기들 노래중에서 클래식음악에 우리나라 말가사를 붙였던데 그런게 참 좋은것같습니다. 이제 경쟁력을 우물안에서라도 잘하면된다라는 촌구석의 정신을 갖기엔 이미 늦었어요. 잘생각하지요잉
436794,2018-11-08,2018-12-08,0,12,미래,미세먼지 중국과 협약체결이라도 해라,중국이 우리나라 국민 죽이기 정책을 쓰는지 산둥반도로 공장 다 옮기고 소각장까지 몇 백개를 건설하고 있다고 한다\n국민 다 죽어나가겠다\n대선공약에 미세먼지 해결하고 중국에 강경하게 나가겠다고 분명히 말했다\n왜 약속을 안지키는거냐\n누가 그러더라\n중국발 미세먼지는 한국인이 다 마시고 의료보험은 중국인들이 다 해 처먹는다고\n이 중국에 비굴하고 무능력한 정부야
323236,2018-07-30,2018-08-29,0,4,농산어촌,농민에게 갑질하고 방만운영하는 안동**농협을 감사해주십시요,안동  **농협 농산물 유통센터에서 센터장이\n농민에게  욕설과 갑질을하고 농민이 피땀 흘려 수확한\n농작물수매과정에서 수매물량을 받고도 정확한 수량체크도 하지않고 수매가격에 대해서도 의문이들고 있습니다\n다른 지역농협들은 농민들을 살리기위해서 노력하는데\n안동 **농협은  농민에  피를 빨아먹고 방만하게 운영하고있습니다\n농민들은 37도가 넘는날씨에 일하는데 사무실에어컨 온도를23도에 맞추고 외투를 입고 일하는 직원도있고 면세유도 직원이 마음대로 정확한기준도 없이 막퍼주는실정입니다\n제발 어르신들이 피땀흘려 벌어준돈으로 흥청망청 운영하면\n안될거같아 이렇게 청원 올립니다\n연세가 60  70 80 넘는 어르신들이 잘모른다고 방만운영및 정확한정보전달도 하지 않는 농협은 시정되어야합니다\n국민 여러분 여러분에 할아버지 할머니 아버지 어머니를 생각하셔서 공감 눌려주시면 감사하겠습니다\n[본 게시물의 일부 내용이 국민 청원 요건에 위배되어 관리자에 의해 수정되었습니다]
349779,2018-08-21,2018-09-20,0,5,일자리,2019년 공무원 임금,"2019년도 공무원 임금인상률 1.8% 찬성하지요. 고통분담 차원에서 공무원부터 솔선수범 해야지요.\n그렇지만 무기계약직을 비롯한 기간제 직원들은 어떻해야지요.\n똑같지 인상하지요.\n공무원은 상여금에 각종 수당이 많아 솔직히 기본급 한 두해 인상하지 않으셔도 괜찮지요.\n그러나, 순수 기본급만 받는 무기계약직 및 기간제 직원들은 굶어 죽을 지경이지요.\n공무원도 아닌데 깉이 고통분담 지우실려 하지요.\n이제는 살려야지요. 등잔 밑도 이제는 보셔야지요.\n말로만 처우개선 이제는 행동으로 보여야지요.\n같이 살아야지요."
73286,2017-12-25,2018-01-24,0,2,행정,국군 훈련병 인터넷 편지 쓰기 횟수 제한,"육해공군병의 인터넷 편지 쓰기가 하루에 한 건으로 제한되어 있습니다.\n원활한 훈련을 위해서라는데, 건강한 내용의 편지라면 많을수록 훈련병의 사기가 올라갈 것 같습니다.\n간곡히 부탁드리는 바는, 하루에 한 건만 작성할 수 있게 한 훈련병 인터넷 편지의 제한을 완화해주십시오."
478801,2018-12-25,2019-01-24,0,5,농산어촌,비료푸대 들다가 허리가 삐끗,"제 나이 65세,\n20KG짜리 가축분 퇴비를 들어옮기다가 허리가 삐끗해졌습니다.\n생각해보니 20KG이 버거운 나이네요.\n국제노동기구(ILO)는 적정한 짐 뭉치 기준을  50대 남자 16kg, 50대 여자는 10kg으로 정하고 있군요.\n우리 농촌은 고령사회로 접어들었고 머지않아 초고령사회로 진입할 것 같습니다.\n문자 그대로  '늙은 농부'들이 농사를 짓는 상황인데 약속이나 한 듯이 각종 비료포장 단위는 20kg입니다.\n몇 번은 그런대로 해볼 만한데 20kg 그것 만만치 않은 중량이라 힘겹지요.\n추곡수매 포장단위는 또 어떻고요. 그러다보니 몇몇 젊은 사람들만 죽어납니다.\n포장, 물류 등 추가비용이 발생하겠지만 농촌현실을 감안하여 포장 중량을 10~15kg으로 낮춰주시기를\n간청합니다."
149766,2018-02-24,2018-03-26,0,19,정치개혁,국회의원 무노동 무임금 및 주민소환제실시 법으로 규정해야 합니다!!,"작금에 사태를 보면 국민들은 모두 경제 불황으로 모두다 고통 받고 있습니다,\nGM사태와 조선수주의 부족으로 지역경제는 피폐해 져가고 국민들의 경제 불황지수는\n어느 때보다 높아지고 있는 이때에 지역을 대표하라고 뽑아준 국회의원들은 국회일정을 밥먹 듯 보이코트하고, 국민들의 실망감은 하늘을 찌릅니다,\n국회의원 세비는 살금살금 올리면서 일은 하지 않는 국회의원들이 과연 필요한지 의문이 드는 대목입니다,\n우리국민 모두가 정치에 참여할 수 없기에 대의민주주의를 기반으로 국회의원들에게 제대로\n된 일들을 하라고 뽑아준 것이지 당리당략에 얶메여 국민들을 내팽겨 치고 정치 싸움하라고 한 것은 아니라 생각 합니다,\n여든 야든 국민을 먼저 생각하고 국회의원에 책무를 다하여야 함에도 불구하고 작금에 행태는 국회를 다시한번 돌아보게 합니다,\n또한 모든 근로자들이 무노동 무임금을 원칙으로 하고 있음에도 국회의원만 예의를 두는 것 역시 법위에 군림하는 것 아닌가 하는 생각이 듭니다,\n법을 먼저 지켜야 하는 국회의원들이 법위에 군림하는 건 아닌가 각성하여야 할 것입니다,\n아울러 대통령을 탄핵 시켯던 우리 국민 천 칠백만의 촛불을 든 수준 높은 정치의식을 생각한다면 과연 그들이 하는 행태가 국민을 대표하는 대의기관인지 의심하게 합니다,\n아울러 이번 일을 계기로 일하지 않는 국회의원은 퇴출시키는 법을 만들어야 합니다,\n또한 무노동 무임금의 원칙을 국회부터 지키도록 하는 게 타당 한 일이라 사료 됩니다,\n일하지 않고 당리당략에 얶메여 국민들이 눈살을 찌푸리게 하고 정부의 기능을 마비시키려 하는 것 역시 부패중에 가장 큰 부패라고 보이니 개헌할 때 국회의원 소환제를 통하여 일하지 않고 능력없는 국회의원들은 퇴출 시키는 법을 만들어 줄 것을 청원 합니다!!\n아니면 지금에 세비를 절반으로 줄이고 국회의원을 배로 늘려 양질에 국회의원들만이 국회에서 제대로 일하는 풍토를 만들기를 기원합니다!!"
408022,2018-10-16,2018-11-15,0,22,농산어촌,농협은 썩고 농민은 죽는다,"농업협동조합은 농민의 공익을 위해 만들어진 순수 농민들을 회원으로 만들어진 협동조합이다.\n하지만 요즘 협동조합의 운영을 보면 경악을 금치 못한다.\n협동조합을 관리하고 감독해야 할 기관인 농협중앙회는 협동조합과 함께 부패하고 있다 첫째는 중앙회장의 선출하는 투표권을 사지고 있고 농협중앙회는 자금력이 부실한 조합에 돈일 빌려주며 고리대금 업자노릇을 하며 그것도 모자라 각종자재와 공산품을 계통출하를 하도록 하여 수수료 장사를 하며 농민들을 죽이고 있다.\n농민들은 그것도 모르고 왜 농협이 왜 농약 값이 비싸냐며 아우성이다.\n그러한 역학관계로 농협의 비리를 잡아야할 농협중앙회 조합감사위원회는 적당히 봐주기식으로 하다가 자체감사가 지적하면 시정명령은커년 지역조합원들의 갈등을 부추기는 것이 농협중앙회 조감처이다.\n고정자산을 팔아 직원퇴직주고 이용고배당이나 출자배당을 해도 잘한다고 박수치다 자체감사가 지적하면 솜방망이식으로 형식적인 징계를 일삼는다.\n최근 전남 함평농협의 경우 고정자산을 처분라여 농협법과 정관을 준수하지않고 결산을하였다 자체감사에게 지적당하여 환수 조치를 받았으나 오히려 조합장은 일부임원들과 대의원 그리고 직원까지 동원하여 정당히 감사를 한 감사를 해임처분하였다.\n함평농협의 경우에는\n※ 고정자산처분 결과\n토지 및 지장물 보상비 : 1,594,000,000\n잔여 상각액 : 462,000,000\n처분 이익(원) : 1,132,000,000\n1). 법정적립금 적립 : 1십1억3천2백만원 * 10% = 1억1천3백2십만원\n2). 법에의한 이월금 : 1십1억3천2백만원 * 20% = 2억2천6백4십만원\n3). 사업준비금 적립 : 1십1억3천2백만원 * 20% = 2억2천6백4십만원\n4). 사업활성화 적립금 : 상기1),2),3), 에 의한 처분 금액을 뺀 나머지\n5억6천6백만원입니다\n위사실은 정관과 농협법을 준수하여 처리하라는 규정이지만 함평농협은 선거를 의식하여 법과 정관을 어기고 광계성이 희박한 다른 고정자산 감가삼각으로 4억5천3백만원을 사용하고 그것도 모자라 직원퇴직급으로3억7천8백만원을사용하는가 하면 반드시 당해년도 사업이익으로 해야할 이용고배당과 출자배당을 3억1천4백만원을 하였다.\n이런 사실을 발견하고도 업무미숙으로 발생했다고 하는가하면 심지어는 퇴직한 직원에게 징계를 하여 죽은 송장에게 벌을 주는 행태을 자행하고 있다.\n농협이 살아야 농민이 산다.\n농협은 반드시 계혁되어야 하지만 선거로 선출한 조합장은 제왕적 권력을 누리며 말 안듣는 감사를 해임하여 권력을 보여주는 실정이다.\n이런 현실을 자세히 볼려면 네이버, 다음, 뉴시스에서 함평농협을 치고 들어가서 보시면 수많은 댓글이 가간이 아니다.\n이것이 협동조합의 실태입니다.\n아무힘도 없고 조직에서 왕따나 당하고 조합장 길들이기용 감사라면 차라리 없어야 하고 있어야 한다면 금융감독위원회나 감사원의 지휘를 받아 감사의 권한을 성실히 정당하게 수행할수 있는 법적 제도적 장치가 필요합니다.\n농협 중앙회와 단위농협을 대대적으로 개혁을 위한 감사가 이루어져야하고 회원조합 감사들이 함께하는 위원회를 구성하여 불쌍하게 벌어들인 조합원의 돈이 잘 지켜져야 합니;다.\n“이당에서 농미으로 살아가는 것은 가작 불쌍한 사람이고, 농업을 즐기면서 살아가는 사람은 가장행복한사람이다.” 이것은 농협 개혁의 투사 박동주의 말입니다"
140943,2018-02-17,2018-03-19,0,64,인권/성평등,대한민국의 병동 간호사들을 살려주세요!!!,"안녕하세요.\n지방의 모대학병원에서 병동간호사로 2년 차 근무하고 있는 자녀를 둔 부모입니다.\n그 동안 여러 언론에서 대한민국 병동 간호사들의 열악한 근무여건과 처우에 대하여\n문제점과 해결 방안책을 제시하였으나, 정부는 병원 자체적인 문제라며 수수방관하고 대학간호학과 신설과 입학정원을 늘이는데만 급급해 왔습니다.\n그러는 동안 수 많은 간호인력은 살인적인 근무 여건을 견디지 못하고 현장을 떠나고,\n남아있는 젊은 청춘들은 영혼을 뺏앗기는 삶을 살아가고 있습니다.\n병동 3교대 근무를 하면서 인수 인계를 위해 2시간 전 까지 출근을 하여야하며,\n근무시간이 끝나도 뒷 정리를 위해 2시간 이상 더 근무를 하고 있습니다.\n초과 근무 수당도 없이 도대체 이게 뭡니까?\n제발 대한민국의 병동 간호사들의 인권과 삶의 질을 보장해 주십시오."
269065,2018-06-12,2018-07-12,0,9,행정,부서회식은 근로의 연장 입니다.,주52시간 근로에 대한 정부의 사례 발\n표가 있었습니다.\n*부서 회식은 근로의 연장이 아닌\n친목모임이다의 정의\n위의 내용에 반론을 제기 합니다.\n부서회식은 근로의 연장 입니다.\n저녁이 있는 삶을 자칭하는 정부에서\n부서회식을 친목모임으로 치부 한다면\n일찍 끝나도 끝나는 것이 아닙니다.\n친목을 가장한 부서장의 끝없는 업무\n이야기와 암묵적 업무 스트레스의\n연장 입니다.\n제발 재 검토 바랍니다.\n그리고 부서 회식비용만 쓰지 않아도\n기업은 직원신규채용.고용유지가\n가능 합니다. 엉뚱한데서 직원 진빼는\n문화 좀 근절하고. 제발 개인 시간을\n가질 수 있게 행정 개선 바라겠습니다.
190328,2018-04-08,2018-05-08,0,14,미래,현재 이동통신사 3사 이어,"현재 이동통신사 3사 이어\n4번째 ___ 제 4대 통신사 사업자를 허가 하여 소비자 요금제를 선택 할 수 있는 시장의 환경을 만듭시다\n현재 통신사 시장의 구조는 통신사 3사 단합이 넘 많아요\n즉 사용자가 통신사 선택권이 2002년도 부터 아예 없어졌어요\n현재 통신사 흐름은\nsk쪽에서 통신 환경 및 요금제를 내놓으면 나머지 통신사인 _ KT , LG통신사들은 그 요금제에서 맞추어서 몇 백 원에서 1천원 정도 수정 했어 내놓는 것이 현실 입니다\n결론은 4대 통신 사업자를 허가 하여 통신 시장환경을 소비자선택 자유화 합시다"
129596,2018-02-06,2018-03-08,0,58,정치개혁,정형식 판사에 대한 특감 및 파면을 원합니다,정형식 판사에 대한 특감 및 파면을 원합니다.
248156,2018-05-28,2018-06-27,0,80,인권/성평등,여성가족부를 폐지해 주세요.,"여성가족부가 좋은 취지로 세워진것은 인정합니다. 다만 그 여성가족부의 다양한 정책들로 인해서 지금은 오히려 남자가 권리에 비해 의무를 더 많이 져야 하는 상황이 생겨나고 있습니다. 게다가 저번에 화제가 되었던 워마드같은 카페들에서 의도적으로 남성들 전체의 이미지를 깎아내리는것은 물론 검증되지도 않고 논리적으로 말이 안 되는 발언들을 하고 있습니다. 남성들 전체가 그런것도 아닌데도 그것의 대상을 남성 전체로 확장하여 남성 전체의 성별을 비하하고 단체적으로 움직여서 상관없는 어떤 한 남성의 발언을 완전히 매장시켜버리기도 합니다. 더군다나 이번 무고죄 폐지나 다름없는 분위기로 인해 여성들은 아무런 상관 없는 남성이라도 신고하면 여성은 무고죄가 있어도 그 피해가 굉장히 적은데 무고죄가 사라져 잃을게 없어지므로 신고를 경시하여 함부러 할 테고, 남성은 무죄인게 밝혀져도 그 억울함을 배상받을 수도 없고 심지어 주변의 시선만 안 좋아집니다.\n이런 현상은 여성만 가입할수 있는 집단이나 카페들 때문이며, 이런 집단이 실제로 힘을 가지고 활동할 수 있는 것도 실제로 정책에 반영할 수 있는 기관인 여성가족부가 있기에 가능한 일입니다. 따라서 여성가족부를 폐지해 주십시요. 남자는 보호해야 할 국민이 아닙니까!!"
373178,2018-09-09,2018-10-09,0,24,교통/건축/국토,부동산 문제.. 여기서 아무리 떠들어봐야,쳐다도 안봅니다... 개개인이 중구난방으로 올리는 청원 20만이 안되면 쳐다도 안봄..\n20만청원 되어도  미적미적 거리는판인데요  말해 무엇합니까??\n그냥 혼자만 글쓰고 다른분들의 의견 쳐다도 안보는분들 다른분들의 의견도 참고하구요\n폭등하는 집값잡는데 조금이라도 도움이 된다 싶으면 동의도 하고 그럽시다..\n그리고 제발 한군데로 집중좀 합시다... 집없는 서민들 화이팅입니다..
431826,2018-11-04,2018-12-04,0,41,외교/통일/국방,양심적병역거부자 36개월이 아닌 48개월이나 60개월로 늘려주세요,현재 대다수의 남성들은 대한민국의 국민으로서 군복무를 받았고 또 시행중입니다.\n그런데 여호와의 증인이란 곳에서 병역을 거부하며 군입대도 하지 않는 사람들이 있는 것을 봤습니다.\n군대도 가지 않는 마당에 36개월 대체복무도 하지 않으려는 그런 생각들을 참 받아들이기 어렵습니다.\n그들은 군대에 가지 않는 대신 그 이상의 복무를 해야 한다고 생각합니다.\n따라서 36개원 그이상으로 늘려주시기를 청원합니다.
13465,2017-09-12,2017-12-11,0,0,보건복지,"'송파 세모녀 사건' 생활고에 몰려 최후의 선택 밖에 없는 극빈층에게 희망의 불씨가 될 수 있도록, 자신들이 낸 국민연금을 돌려줍시다!","수년전 극심한 생활고에 누구의 도움도 받지 못하고, 자살을 선택했던 '송파 세모녀 사건' 이 있었습니다...\n과거에도 수없는 유사 사례가 있었고, 현재도 이런 비극은 계속 진행중입니다.\n사건이 있을때마다 사회안전망 복지시스템 강화, 복지 공무원 확충, 지원요건 완화 등 햬결책을 발표하지만\n이런 것들이 그저 허울뿐인 구호뿐이란 진실을 이 땅에 살고 있는 서민들은 체감하며 살고 있습니다...\n국가와 공공이 생활고에 몰린 서민과 극빈층에게 도움을 줄 수 없다면,\n자신들이 납부한 국민연금을 돌려받을 수 있도록 한다면\n벼랑 끝에 몰린 사람들에게 희망의 씨앗, 재기의 발판이 될 수 있을 거라고 생각합니다!\n현재의 국민연금은 극심한 생활고에 자살밖에 선택의 여지가 없는데도\n국민연금을 납부한 당사자가 돈을 돌려받지 못하는 시스템입니다.\n노후에 편안히 살기 위해 연금을 납부하고, 은퇴 후에 연금을 받는 시스템인데\n노후가 되기도 전에 자살을 하는 이땅의 서민들은 무슨 죄란 말입니까..."
335948,2018-08-11,2018-09-10,0,1,교통/건축/국토,아파트 단지 내 노인정과 관리사무소의 명칭을 한글로 표기하도록 해주세요,"부산 내 신축 아파트 단지의 노인정은 영어로 표기되어 있습니다. 노인정의 외벽에 노인정이라는 것을 알아차릴 수 있는 요소도 전혀 없어 보였는데, 어떻게 알고 노인분들께서 찾아갈 수 있을까요? 지인이 입주자 인데 관리사무소 또한 영어로 표기되어 있어 아파트 단지를 한참 돌면서 지나가는 사람들을 붙잡고 물었다고 합니다. 주 이용자의 연령대를 고려해서라도 노인정이나 관리 사무소 등의 명칭은 한글로 표기하게 하는 법률 제정을 희망합니다"
411256,2018-10-19,2018-11-18,0,4,미래,앞으로의 위험을 막아주세요!!!,21살 저와 같은 나이의 남자분이 불친절하다는 사소한 이유하나로 pc방에서 살인사건을 겪게 되었다는 점이 정말 눈물나고 너무 슬픕니다ㅠㅠ가해자가 심신 미약 상태라는 뻔한 이유로 벌의 형량을 줄이거나 이해를 해주시는 점에 있어서는 있어서도 안될 판결이라고 생각합니다!!앞으로의 미래의 안전과 발전을 위해서라도 부디 강력한 처벌을 가해주시길 바랍니다ㅠㅠ간곡히 부탁드립니다ㅠㅠ한참 자라나고 성장해 나아갈수 있는 저희 안전을 책임져 주세요ㅠㅜ!!
64415,2017-12-12,2018-01-11,0,404,농산어촌,낚싯배 선비 담합의혹 해결 부탁드립니다.,선상낚시를 좋아하는 국민중 한 사람입니다.\n이상하게도 3년전 까지만 해도\n선사들 마다 가격이 달랐는데\n현 오천항 보령권 선사들 선비가\n다  같아졌습니다.\n충남 낚시 협회에서 담합을 도모하는것으로 보이며\n명령 불복시 불이익을 준다는 소문을 들었는데\n이 것에 대해서 사실관계 조사를 부탁드립니다.
408127,2018-10-16,2018-11-15,0,17,육아/교육,아동수당은 아동을 키우는 집에 모두다 지급되길 청원합니다.,"아동수당은 말그대로 아동이 있는 집에 모두 다 지급되어야 된다고 생각합니다.\n지금 부동산 정책으로 서울 및 주요 경기지역은 투기지역으로 잡히게 되어, 전세집 전전 하다 이곳저곳 신용대출 마이너스 대출까지 받아 집을 구입했는데,\n맞벌이에 집이 있다고 아동수당을 받을 수 없다고  결과가 나왔네요\n마이너스 대출은 대출금으로 산정할 수 없고, 맞벌이때문에 소득이 많이 잡혀 안된다고 하네요\n사실, 맞벌이가 외벌이보다 세금을 더 많이내고, 집이 있는 사람이 무주택자보다 세금을 더 냅니다\n그런데 그렇다고 아동을 똑같이 키우고 있는 입장에서 돈 십만원을 못받는 다는게 너무 억울합니다.\n십만원은 적은돈이 아닙니다. 요즘 천만원 예금을 해도 일년에 얼마 주는지 아시지 않습니까?\n한달에 십만원은 일년에 120만원입니다.\n정말 어려운 저소득층만 지급되는 수당이었다면  이런 억울한 마음이 들지 않는데,\n직장때문에 다른 지역으로 갈 수 없는 상황에서 어쩔수 없이 투기지역으로 주택을 구입해야 되었고,\n그래서 담보대출이 많이 나오지 않고, 이곳저곳 (가족 및 마이너스대출) 돈을 빌려 어렵게 주택을 구입했는데\n그런 사항은 반영되지 않고, 집이 있고 맞벌이기 때문에 받지 못한다고 결과가 나오는것은\n너무 불공정 하다고 판단이 됩니다.\n도와주는 사람 하나없이 맞벌이 하며,  어렵게 집을 매매했는데,\n아이 어린이집에 내는 비용이라도 아끼고 싶어 좋아했더니,\n그 수당마저 받지 못한다고 생각하니 속상합니다.\n아이가 있는 모든 집에 아동수당이 지급되어야 된다고 생각합니다."
315065,2018-07-22,2018-08-21,0,112,정치개혁,"조폭두목격인 이재명 은수미가 있는 경기,성남시장 재보궐선거 청원드립니다",두사람은 국제성남마피아파와 깊은 연관이있습니다\n파타야에서 김형진에게 살해당한 젊은 청년이 하늘에서 분노하고있습니다\n두명은 영원히 정치계에서 떠나게해주십시오 부탁드립니다
319689,2018-07-26,2018-08-25,0,0,기타,불법사이트,대통령각하께부탁드립니다19세도않된아이들이 불법사이트에서야동을 보고있어요 불법사이트차단을해주세요 부탁드립니다 그리고\n야동사이트를차단해주세요부탁드려요
378734,2018-09-13,2018-10-13,0,3,일자리,IMF 세대도 좀 지원해주세요,청년지원대책은 계속나오더군요ㆍ  최근 청년 19세에서 34세까지 세금감면 지원하는거에 불만은 없습니다ㆍ 하지만 IMF세대인 30대중반 40대인 세대들을 위한 지원대책도 필요하다고 봅니다ㆍ  세금은  누가 내는데 누구만 혜택받고 누구는 못받는겁니까ㆍ 최근 IMF세대들 일용직 일자리도 못구한다는 기사도 나오던데 청년들만 힘든게 아닙니다ㆍ
195908,2018-04-11,2018-05-11,0,1,기타,조국,조국님 이제 그만 내려오시죠? 무엇가 한게 없고 제대로 한것 없이 문제만 일으키는 것이 특징인가요?
288190,2018-06-28,2018-07-28,0,3,육아/교육,살려주세요,폭우때문에 학교를 가면 안 되는 상황에서\n학교를 오라고 해놓고 뒤늦게 부분적 휴교를 발표해서 학교를 온 아이들의 인권을 침해했습니다 살려주세요
175377,2018-03-25,2018-04-24,0,8,경제민주화,"초과수당 허위로 타먹는 공무원,군인은 공금횡령죄로 처벌 제안합니다",http://m.news.naver.com/rankingRead.nhn?oid=022&aid=0003260230&sid1=102&date=20180325&ntype=RANKING\n위의 기사를 보면 어제 오늘의 일이 아닙니다. 피같은 국민세금 아껴써도 모자랄판에 업무 시간에 일을 해태하고\n1. 초과 근무 신청하여 돈을 타먹는 행위\n2. 신청하고 외출뒤에 와서 끄는 행위\n3. 일도 안하고 돈만 타가는 행위 등\n집단적으로 이런 행위하는 곳들 철저히 감사해서 공금횡령죄로 처벌해야합니다. 저런짓 하는 사람들이  바로 현정부가 말하는 적폐입니다.\n새는 세금을 막아야 국민을 위한 정책을 더 펼칠 수 있습니다. 적폐를 청산해주세요!!!
274175,2018-06-18,2018-07-18,0,4,미래,리버풀 우승시켜주세요,1990년이후로 우승을 못하고 있습니다. 리버풀팬들의 간절한 소망인 리그우승을 시켜주시면 김사하겠습니다. YNWA~~
161545,2018-03-08,2018-04-07,0,21,행정,1인가구(단독세대주) 디딤돌대출 금액과 면적 축소에 관하여 부당한 처사가있어 한번 올려봅니다,일단 저는 만 34세 단독세대주로서 2017년 10월 처음으로 아파트 계약을했고\n계약당시 내생애최초 디딤돌대출 승인조건이되어 계약금과 중도금까지 모두 지불한상태로\n입주할때 내생애최초 디딤돌대출을 받아서 잔금을 치루고 입주를 하려고했습니다.\n하지만 2018년3월5일부터 대출신청 기준일로 단독세대주에 대한 대출충족요건이 바뀌면서\n대출을 받지 못하게 되었습니다.  하지만 자세히보니 부양가족을 6개월간 같이 세대원으로 있으면 조건이되더군여\n*문제는 지금 이글을 쓰고있는 저는 양 부모님이 계시지않아 세대원자체가 없는 진짜 1인가구 입니다.\n1인 단독세대주 대출기준을 바꿀거면 바뀐기준이 시행되기전에 계약한 단독세대주 계약자들은 대출을 시행되게\n해줘야하는것 아닌가여? 어떻게 나몰라라하고 2018년 3월 5일부터 기준이 바뀌었으니 거기에 따라라 하는건가요?\n정말 무책임한 탁상행정이라고 생각합니다.
200723,2018-04-15,2018-05-15,0,4,성장동력,"국가재정 70%를 벌금 , 30%를 세금으로","상속세 , 법인세 폐지하고\n벌금 늘려 부족분 채우되\n권력형 범죄 벌금 대폭 늘리고 (분식회계,정경유착,편법합병)\n납세액 기부액 따라 투표권 차등 지급해야 합니다\n예를들어\n5년 납세액 기부액 0원이면 대통령,의원 투표권 1장\n5년 납세액 기부액 1억이면 대통령,의원 투표권 1000장\n5년 납세액 기부액 100억이면 대통령,의원 투표권 100,000장\n국민 1인당 동일하게 투표권 주면\n포퓰리즘 창궐 막을수 없고\n포퓰리즘 창궐한 국가는 모두 망했습니다\n납세자와 세금수혜자 일치 하는 국가는 도덕선진국가\n납세자와 세금수혜자 일치 안하는 국가는 포퓰리즘국가\n납세자는 기업인이며 , 기업인은 자신이 낸 세금으로 , 도로 항만 철도 같은 공공시설 투자 원하여 , 기업인과 서민 모두가 혜택받길 원하는 구국의 선인들이고\n미납세자는 서민이며 , 서민은 남이 낸 세금으로 , 무상교복 무상급식 같은 이기적 용도 사용 원하여 , 서민만 혜택받길 원하는 반역의 악인들입니다\n신은 정신이 옳고 착한 기업인을 기뻐하여 , 물질 축복 내린 것이고\n신은 정신이 글러먹었고 사악한 서민 기뻐하지 않아 , 물질 축복 내리지 않은 것으로\n빈부격차는 정신격차이며 신이 내린 질서 입니다\n정치 포퓰리즘으로 신이 내린 격차를 억지로 무너뜨리는게 유물론 공산주의며\n유물론 공산주의 국가는 모두 망했습니다\n무상교복 , 무상급식은 사실 무상음주가무 , 무상유흥 입니다\n무상음주가무 , 무상유흥 용도로 세금 달라 하면 거절당하니\n무상교복 , 무상급식 용도로 세금 달라 거짓말 하며 , 어금니아빠 처럼 애들 이용해 위선 떠는 것이며\n절약한 교복값 급식값으로 술쳐먹고 놀러다니려는 사악한 포퓰리즘 입니다\n서민은 세금 내지 않는 자들인데 , 기업인이 뼈빠지게 고생하여 낸 세금을\n서민이 착복하여 교복과 급식에 사용하고 , 절약된 교복 급식대를 음주가무유흥에 사용하는것입니다\n주권은 국민이 아닌 납세자에 있으며\n주권은 서민이 아닌 기업인에 있으며\n모든 국민이 납세하는게 아니므로\n납세 안하는 국민은 투표권 제한해야 합니다\n한국인이건 , 외국인이건 , 국적 상관없이\n한국 국세청 납세액과 , 한국 정부 기부액 5년 합산액에 따라\n투표권 차등 지급 해야 합니다\n국정원,국방부 같은 정부기관 기부액만 납세액과 합산하여 투표권 추가 지급하고\n김대중 재단 같은 민간 기부액은 투표권 지급하면 안됩니다\n투표권 차등지급 + 벌금 상향 + 상속세 법인세 폐지는\n아래 효과 있습니다\n1.\n재원확보\n2.\n범죄예방\n3.\n외국기업 유치\n4.\n국내기업 해외 이주 방지 및 이주 기업 리쇼어링\n5.\n일자리증가 , 청년실업 해결\n6.\n출산율 증가\n7.\n중산층 증가\n8.\n한국 부자들 해외 이민 방지 , 외국 부자들 한국 이민 유도\n9.\n근로의욕 고취\n10.\n포퓰리즘 방지\n돈 많다고 기부 납세 많이 하는게 아닙니다\n대우 김우중 돈 많아도 기부 납세 안하므로 투표권 1장만 주고\n폐지 모아 전재산 정부에 기부 납세한 할머니는 금액에 비례해서 투표권 주고\n유영철 같은 한국 국적 범죄자는 기부 납세 안하므로 투표권 1장만 주고\n외국인 노동자에게 한국정부에 기부 납세액에 비래해서 투표권 줘야 합니다\n검소하고 근면하고 착하고 유능한 사람은 돈을 벌고\n방탕하고 게으르고 악하고 무능한 사람은 돈을 못벌어야 하고\n이렇게 형성된 경제서열과 계급차이를\n정치 포퓰리즘이 무너뜨려선 안됩니다\n투표권을 국적자에게 동일하게 1개씩 주면\n다수결 원칙이라는 만악의 근원이 됩니다\n다수결 원칙은 민주주의를 가장한 사악한 포퓰리즘이며\n다수결 원칙은 데모꾼 강성귀족노조 득세하는 세상 만들고\n질투 억지 강도질 빨갱이 합법 되는 무법천지 됩니다\n국적 상관없이 , 납세액 기부액 따라 , 투표권 차등 지급해야 , 포퓰리즘으로 후진국 되는것 막을수 있습니다\n싱가폴이 선진국 된것은 벌금을 현실화했기 때문입니다\n침 뱉어서 벌금 1000만원 부과되면 누가 침뱉고 껌뱉습니까?\n횡령 10억해서 벌금 1조 부과되면 누가 횡령합니까?\n청탁 1억해서 벌금 1천억 부과되면 누가 정경유착 합니까?\n국민에 주권있는게 아니라 , 납세자에 주권있고\n납세액과 기부액에 따라 투표권 차등부과하면\n포퓰리즘 , 강성귀족노조 , 유럽식 좌파병에서 한국을 구원할것입니다\n국가 재정 70%를 벌금으로 충당하고\n국가 재정 30%를 세금으로 충당하게끔\n벌금이 국가재정 주수입원 되게 조세제도 바뀌어야 하며\n법인세 폐지하면 외국기업 유치 , 한국기업 유출방지 , 한국기업 고국송환(=리쇼어링) 되고\n법인세 상속세 폐지하면 일자리 늘고 , 중산층 늘고 , 저출산 해결 됩니다\nhttp://news.naver.com/main/read.nhn?mode=LSD&mid=sec&sid1=101&oid=021&aid=0002343409\n선진국 ‘리쇼어링’에 사활… 韓은 되레 기업들 내몰아\nhttp://sbscnbc.sbs.co.kr/read.jsp?pmArticleId=10000889036\n트럼프 법인세 인하하자 애플 해외 375조 美 송환\n싱가폴 등등 30여개 선진국에서 오래전 상속세 폐지하고 양도세로 일원화 했습니다\n재산세와 이중과세로 종합부동산세가 위헌이였듯\n양도세와 이중과세로 증여 상속세도 위헌입니다\nhttp://www.hankookilbo.com/v/700813c5208e4083aa8c6b2a3a6e34f9\n상속세 폭탄에 매각, 백년기업은 없다\n유니더스ㆍ농우바이오ㆍ쓰리세븐 등 유망 중소ㆍ중견기업들 지분 팔아\n1500억 모두 내기로 한 오뚜기 , 일감 몰아주기로 재원 마련 편법도\n삼성 , 현대 등등 많은 기업들이 일감몰아주기 , 편법합병 , 편법승계 한다 비난하나\n상속세 폐지하면 편법승계 악행 사라지고\n외국자금 유입되어 부강해집니다\n소로스 동업자였던 유명 투자자 짐로저스도 가족과 싱가폴로 이민 갔는데\n상속세 60% 도둑질 안당하려 간겁니다\n짐로저스 돈만 유치해도 싱가폴 국부 1%는 넘습니다\n상속세 폐지한 국가는 국외자금 유입되어 경제 성장하였으나\n상속세 강화한 국가는 국내자금 유출되어 경제 퇴보하였습니다\n한국 부자들이 짐로저스 처럼 상속세 없는 나라로 이민가면\n서민들 살기 힘들어지고 , 나라 망합니다\n한국 부자들 이민 막고 , 외국 부자들 이민 오게하려면 , 상속세 폐지해야 합니다\n삼성 현대와 같은 기업은 선한 자들이고 ,  가해자 아닌 피해자 입니다\n상속세라는 악법 피해자로써 , 이재용 같은 착한 기업인들이 , 포퓰리즘 좌파 정권 악법 상속세로 인해 , 편법승계라는 막다른 길에 몰릴수 밖에 없던 겁니다\n삼성 현대 등등 기업인들은 선인들이고 , 구국의 애국자로 , 이재용 기념관 세우고 , 이건희 기념일 , 정주영 국경일 만들어 칭송해야 하며\n진짜 악인은 게으르고 방탕한 남탓 술꾼 데모꾼 강성노조 서민들입니다\n내가 번돈을 누군가에게 상속 증여하는것은 죄가 아닌 , 근면 검약한 선이며\n내가 번돈을 죽기전에 다 쓰고 죽는것이 몹쓸 죄고 , 나태 사치한 악입니다\n죽기전에 많은 돈을 남기고 죽은 , 근면 검약한 착한 부모 둔 자녀들은 국가유공자 후손이니 , 추가로 국가보조금과 상장 줘서 장려하고\n죽기전에 모든 돈을 다쓰고 죽은 , 나태 방탕한 악한 부모 둔 자녀들은 반역범죄자 후손이니 , 추가로 벌금과 징역형 줘서 징계해야 합니다\n상속세는 서민들 질투에 의해 만들어진 악법이며\n질투에 의해 법을 만들려면\n예쁜 여자들 경찰서 끌고가서 , 성형수술 여부를 명찰로 달고 다니는 법 만들어야 합니다  (=성형수술 명찰제)\n유권자중에 못생긴 여자가 예쁜 여자보다 많으므로\n포퓰리즘 정부가 표를 얻으려면\n신분증에 성형수술 여부 기재하는 법 만들어야 합니다\n악법 상속세는 폐지하되\n예쁜 여자 성형수술 여부를 명찰로 달고 다니는 법을 새로 만들면\n상속세 폐지로 인해 서민들 표가 줄어들지만\n성형수술 명찰제로 인해 못생긴 여자들 표가 늘어나므로\n포퓰리즘 좌파 정권 유지 가능합니다\n질투에 의해 법을 만드는게 말이 됩니까?\n성형수술 명찰제 말이 됩니까?\n상속세 말이 됩니까?\n게으르고 방탕한 남탓 술꾼 데모꾼 서민들 질투에 의해 만들어진\n말 안되는 악법이 상속세 입니다"
94724,2018-01-14,2018-02-13,0,1,기타,대한민국 위기 해결방안 있다,"정말 답답하다 7개월이나 지났는데도 많은 위기들 해결될 조짐이 전혀 보이지 않는다.\n노력을 하지 않는 건가?\n자신들의 능력이 안 되면 남의 말이라도 들어야 할 터인데 남의 말은 듣지 않으려고 사방팔방을 꽉 막아 놨다,\n국내외 모든 위기 해결방안 있다고 지난 7개월간 끊임없이 말해왔다.\n저출산 청년일자리문제 잘못된 교육정책만 바꾸면 간단히 해결 될 일을\n청와대는 하지 못하고 있다.\n전세값폭등 부동산투기도 간단히 해결할 길이 있는데 하지 못하니\n이것이 청와대 능력의 한계란 말인가?\n미국과의 FTA협상 더 이상 골머리 할 필요 없다\n더 이상 끌려다닐 필요 없다.\n미국으로의 수출길이 막히면 다른 나라에 미국보다 더 많은 양을 수출하면 되는 길이 있는데 그걸 못 찾고 있다.\n대통령의 기자회견에서 위기 해결방안이 전혀 없다.\n북이 올림픽에 참가한다고 평화가 오는 건 절대 아니다.\n올림픽이 끝나고 3~4개월내 김정은은 또 큰 일을 저지를 것이다.\n7차 핵실험 같은 거\n그러면 트럼프는 북한을 공격할 것이고 그럼 많은 우리민족이 아무 잘못도 없이 억울하게 죽어갈 것이다.\n난 그걸 막으려고 대통령에게 수십 통의 편지도 보냈고 홈페이지에도 계속 글을 올렸다.\n어리석고 무능한 청와대 큰 일 당하기전에 내말에 귀기울이거라.\n시간이 없다 김정은이 일을 저지르기 전에 막을 길을 난 안다."
19114,2017-10-05,2017-11-04,0,1,저출산/고령화대책,눈을 돌려야 될 때입니다.,"임신이 어려운 선천적 무자궁 , 기형자궁 , 경부암등 아이들을 꼭 갖고 싶지만 가질 수 없는 여성들에게 눈을 돌려야 될 때입니다.\n자궁 이식은 의료기술이 부족하고 대리모는 불법이라 하며 외면하기엔 무책임한 행동으로 보여집니다.\n그러기에 국민들은 더욱 악용되고 있습니다.\n금융은 불법을 합법적인 범위로 잘 돌리면서 이런부분 아직까지 개선이 안되고 있는지 답답할 따름 입니다.\n없는 사람들이 더욱 나쁜길로 빠지지 않게\n이를 개선해 주시길 간곡히 부탁드립니다."
411874,2018-10-19,2018-11-18,0,5,육아/교육,수능폐지 해주세요,"수능때문에 우리 고3들이 매년 힘들게 공부하는게 말이 됩니까? 수능이 아닌 다른 방법으로 대학을 갈 수는 없는 것입니까? 수능때문에 중간에 포기하는 학생도 있고,자살하는 학생도 있습니다. 물론,다른 이유도 있겠지만 수능을 못봐서 원하는 대학을 못가서 죽은 학생도 있습니다. 그런데도 수능을 유지하는 이유가 무엇입니까? 수능말고 다른 제도나 방법은 생각 안 해보셨습니까? 제발 이 문제를 보고 보완해주십시오."
499566,2019-01-18,2019-02-17,0,3,기타,순자와 두화니의 근 40년 드라마,국민이 뽑은 대통령도 아닌 인간을 대통령 대우 하다보니\n개걸 쓰럽게 순자와 두화니 연속극이 근 40년 최장 방송 되는 겁니다..\n사형수를 국민통합 빌미로 사면한 대통령은 누굴까?\n광주 시민도 그대통령 재 평가 해야 할겁니다.\n공정한 역사를 위해서라면.\n그때 사형 집행 했으면 국민 이리 더러운 독제 이합집단의 시달리는 고통은 끝났을 겁니다...\n전국민을 혼란으로 뒤덮는 두와니와 순자 드라마..\n사면한 그 대통령. 두화니와 함께 역사의 심판을 받아야 할겁니다..
207536,2018-04-20,2018-05-20,0,15,일자리,■근로기준법 위반 처벌이 너무 약해 사업자들이 우습게 압니다,"■근로기준법 위반 처벌이 너무 약해 사업자들이 우습게 압니다\n■▶1. 개인사업자들은(특히 음식점, 커피점, 빵집 등) 이런 데는 처음부터 악의적으로 근기법 위반할 목적으로 남의 명의를 빌려 영업하는 사업자들이 거의 대분입니다. 음식점은 정말 다 아내 이름으로 하거나 남의 명의로 합니다. 그래서 노동자가 한 달 이내로 부당해고와 임금체불 당해도 사용자 인적 사항을 알 수 없기에 이를 특정하는 데 매우 어려움이 많이 아예 구제를 포기하는 노동자도 있습니다.\n부부사이라도 처벌해야합니다. 민사법에도 부부별산제 잖아요!\n즉, 부부사이라도 생활비만 공동책임이 있지 그 외에는 각자 따로입니다.\n국선 노무사가 있지 않느냐 이런 말은 하지마세요. 어떤 이들에겐 이런 제도가 그림의 떡인 경우도 있어 노무사의 도움을 받고 싶어도 신청인에게 해롭게 하고 사업자에게 업무상 알게 된 정보를 퍼 나르는 간첩 질 하는 경우도 있어 이용이 불가합니다.\n집단괴롭힘 피해자들이 이런 이중 피해를 당할 가능성이 높습니다.\n2.  근로계약서도 거의 다 써주지 않습니다.\n3. 사업자등록증을 보이는 곳에 걸어 두지도 않습니다. 관계기관에 문의 해 보니 걸어두도록 의무화 되어 있지 않다고 합니다.\n■▶4. 포괄 임금제를 없애주십시오. 음식점은 1일 12시간이라는 긴 시간을 근무하고 종일 무거운 거 들고 왔다갔다 해야 해서 매우 힘든 중노동입니다. 그럼에도 불구하고 휴게시간, 시간외 수당, 야간근로 수당, 주휴수당 등을  잘 지키지 않습니다. 또한 5일 근무제가 아니여서 피로도는 극에 달합니다.\n5. 이러한 저질 마인드를 가진 개인사업자들 업무상 노동자에게 한 비리 사실을 증명하는데 있어서 업장을 방문하면 까딱하다간 업무방해, 주거침입, 명예훼손 등으로 역공을 맞을 위험성이 다분해 제대로 증거수집하는 데 부담이 많이 되고 있고 하소연 할 곳도 없습니다.\n■▶6. 악덕업주 집단괴롭힘, 불법행위 업주들을 노동청에 게시해 노동자나 구직자들이 언제든지 열람해 보게 하면 미연에 사고를 방지해 행정력 낭비도 줄고, 노동자들도 원치 않는 분쟁에 시간과 돈 그리고 정신적 괴로움이 야기시키는  일이 줄어 좋을 것입니다.\n■▶7, 사업자의 근기법 위반을 형사처벌에 버금가는 중형으로 다스리는 법이 필요합니다. 지금의 사업자들은 노동청, 노동위에 진정 고소당해도 무서워하지도 않습니다. 이래서야 어찌 노동자들의 안전을 지킬 수 있을까요.  해당 기관 담당자들도 너무 사업자 편만 대놓고 들어줍니다.\n■▶8. 3인 이상 사업장부터 부당해고 구제신청 대상이 되게 해 주세요.\n‘영세사업자를 보호해야 한다’고 하지만, 그렇다면 영세사업자는 보호대상이고 그 영세 사업장에서 일하는 근로자는 보호대상이 아닌가요? ‘영세사업자들’은 그래도 몇 억씩 재산 가진 부자들입니다. 그러나 그 개인사업장에서 일하는 근로자들은 재산 1천만 원 이하의 서민이거나 빈민이 대부분입니다. 누가 더 영세하고 보호대상인가요?\n■▶9. 나아가 상시근로자수 산정에 있어서 ‘영업개시’ 한 달 미만 사업장은 기산일을 무조건 오픈한 날로 해야 영업개시 일이 맞습니다. 같잖게 5인 이하 사업장으로 만들려고 ‘이전부터 고용된 직원’이라며 교육을 시켰다는 둥 하며 근로자수를 줄이는 꼼수를 부리고 있습니다. 사문서 공문서 위조까지 하면서 말입니다.\n부당해고구제신청하면 사업자들 금전보상 안 해주려고 오직 거짓말만하고 거짓 증거만 내밀고해도 아무런 처벌조항이 없어 또 다른 괴롭힘의 수단으로 이용됩니다.\n사업자들은 아무리 영세하더라도 노무사 선임해 대응 가능하지만, 근로자는 그냥 형식적인 이유서와 심문회의에 참석하는 정도의 국선노무사를 쓰거나, 것도 이용 못하고 나홀로 대응해야해서 여러 가지로 불리합니다.\n따라서 ‘영세사업자’보다 서민, 빈민 보호에 더 힘써주시면  고맙겠습니다.\n■▶10. 임금체불 사업자 처벌 또한 너무 약합니다. 체불액이 많고 적음을 떠나, 체불횟수가 3번이 아니더라도 단 한 번 만 체불해도, 넷상에 명단공개하고 형사처벌해야 합니다.\n벌금도 체불액의 두 배로 해야합니다.\n요금같은 세상에도 임금체불 사업자가 많다고 해서 놀랍습니다.\n이는 분명 근기법이 약하다는 증거입니다.\n★★천원짜리 물건 하나만 훔쳐도 형사처벌하면서 비교적 큰 액수인 임금체불은 솜방망이 처벌 하나요?\n★★★요즘 현대판 노예가 많은 이유도 형법, 근기법이 너무 약하기 때문입니다.\n그래서 가난은 개인 탓이 아니라 나라 탓입니다.\n이래서야 어찌 인권을 지킬 수 있겠습니까.\n진보정권은 보수정권과는 달라야겠지요.\n인권변호사 출신 대통령님이시라 다들 기대하는 바가 클 겁니다.\n※위 10가지 문제점을 인지하고 국민들은 적극 동의하세요.\n모래알이 되지 말고 찰떡이 됩시다.\n내 일이 네 일이고, 네 일이 내 일이기 때문에.\n힘 없는 것들은 무조건 뭉쳐야 산다.\n맨날 정치혐오나 하고 정치인들 욕만 한다고 세상이 변하지 않는다.\n내가 변해야 세상이 변한다. 즉, 국민들이 똑똑해지면 함부로 못한다."
336178,2018-08-11,2018-09-10,0,30,저출산/고령화대책,국민연금 폐지,안녕하세요 다름이 아니라  국민연금 폐지에 관하여 의견을 모아주셨으면 합니다 나날이 걷어가는 돈은 늘어가고 국민연금 받을수 있는나이도 65세에서 68세로 늘수도 있다는 기사를 보고 이렇게 쓰게 되었습니다 연금이지만 의무가입이란 명목하에 강제로 납입을 시키고 내가 받고 싶어도 받지 못하니 그냥 돈을 뺏기는 기분입니다 국민 여러분 모두가 공감하듯이 현재 국민연금이 정말 불안합니다 차라리 의무가입 폐지해주시고 수령할수 있는 나이도 줄여주세요 나이  먹을수록 돈은 벌기 힘들어지고 나이먹어서 아픈곳은 늘어가는데 국민연금은 자꾸 수령나이를 올립니다 받지말라는 말인가요?\n내가 필요해서 쓰게는 해주셔야 될거 아닌가요? 본인수령이 안되는경우가 생긴다면 가족이 받아야 되는거 아닌가요? 그돈이 다 어디로 가는거죠? 제발 간절히 폐지를 원합니다
301266,2018-07-09,2018-08-08,0,81,기타,양예원수사를 투명하게 공개수사하여 끝까지 진실을 밝히세요.,"사람이 죽었습니다 .\n양예원은 분명히 성추행 성희롱을 했고 , 감금했다고 했습니다 .\n그것이 사실이었는지 아닌지 명백하게 밝히고\n그러한 정황이 사실이 아니라고 드러나면 양예원에게 법적 책임을 강력하게 물리길 바랍니다 .\n유출에 가담한 정황이 있다 ?\n그건 논점에서 벗어납니다. 유출은 유출한 사람과 관련자들에게 유출한 죄값을 치루게 해야합니다 .\n우리는 분명히 성폭행과 사생활 유출을 다르게 생각합니다 .\n양예원은 자신에게 성범죄를 직접 저질렀다고 했습니다 .\n국가는 철저하게 수사해서 결과를 알려주길 바랍니다 .\n그리고 성범죄 피해자를 없애고 , 가해자를 확실하게 처벌함과 동시에 무고한 사람이 없도록 법안을 만드세요 .\n멍청한 사람들도 한쪽 입장만 고려한 법안은 만듭니다 .\n어려운 법안 만들라고 국민들이 국회의원 뽑아 놨더니 그렇게 제일 쉬운방법으로 한쪽 말 무시하는 법안 만들면 어떻게 합니까 .\n멍청이도 아니고 , 내가 만들어도 그 보단 낫겠습니다 ."
225224,2018-05-06,2018-06-05,0,1,일자리,제조공장이 활성화돼야 일자리가 많이 창출이 될텐데요,어렵게 어렵게 제조공장을 하는 사람입니다\n공장을 하다보니 참 어렵게도 일자리가 문제가 아니라 하남시에 산업단지가 들어서도 꼭 공장이 필요한 실수요자들은 공장에 들어가지도 못하고 일부 사람들은 공장을 하지도 않는 사람들이 공장땅을 분양을 받아서 프리미엄을 배로 불려서 공장이 꼭 필요한 사람들에게 되파는 일이 많이 벌어지고 있읍니다\n처음에 분양을 할때 국토부에서 돈을 벌기 위한것인지 아님 제안서에 있는데로 꼭 필요한 사람들에게 일자리를 만들기 위해서 분양을 하는 것인지 묻고 싶네요\n공장을 하는 사람들은 영세하게 운영을 하다보니 공장으로 허가나지 않은 곳에서 공장을 하다보니 관계부처에서 단속을 많이 합니다 정말 공장을 운영한다는게 정말 힘듭니다\n공장을 해서 열심히 일하다보면 어느새 범법자가 되는게 현실입니다\n그러다보니 국토부에서 산업단지 말만 나오면 제일 반기는 사람들은 공장을 하는 사람들입니다\n그런데 이것을 가지고 일부 사람들이 땅장사에 올인하다보니 공장이 꼭 필요한 사람들은 항상 어려움을 겪다보니 일자리를 만들고 싶어도 정말 어렵네요\n정부에서 말로만 일자리를 만들어야 한다고하면서 말로만 하는건 아닌지...\n산업단지를 추가로 조성을해서 정말로 공장을 운영하는 사람에게 혜택이 돌아가서 많은 일자리를 창출할수 있으면\n하는 바램입니다 ...
421861,2018-10-27,2018-11-26,0,3,경제민주화,이명박근혜대통령 치하에서 벌어진 언론탄압 전수조사를 촉구합니다.,"이명박근혜대통령 치하에서 벌어진 인권탄압과 노조탄압 정리해고 언론장악에 대해서 자한당을 비롯해서 당시 청와대인사 대통령측근 특히 김재철사장,고대영사장 kbs수신료인상과 일베기자 채용에 대해서 수사를 촉구하며 이들이 편법 불법행위에 대해서 검찰청,경찰청,민언련 언론단체와 함께 적폐방송을 저지른 자한당과 이명박근혜대통령 치하에서 벌어진 언론장악 방송에 대해서 수사를 촉구합니다."
178574,2018-03-28,2018-04-27,0,8,육아/교육,존경하는 문재인 대통령님.. 어린이집 아동학대 좀 막아주세요.,존경하는 문재인 대통령님.. 어린이집 아동학대 좀 막아주세요!\n저희 아이들을 살려주세요!  유아교육 공교육화만이 살릴 수 있습니다. 유아교육에서부터 초중고 cctv 음성 녹화기능까지 포함하여 철저한 국가에서 관리를 부탁드립니다. 저희 아이들좀 살려주세요.. ㅜㅠ 아이들의 인성이 죽어가고 있습니다. ..\n저는 강원도 원주시에 살고 있고 두아이를 키우고 있는 엄마며 직장맘 입니다.\n첫째가  해피키즈어린이집에 어제까지 다녔습니다.\n믿을 수 없는 이야기를 전해 듣고 알려드립니다.\n아이말을 믿어야 할까요? 부인하는 원장말을 믿어야 할가요?\n매일 맞으면서 자기는 오늘또 또 졌다며 울먹이는 아이의 말에 억장이 무너져 내립니다.\n아이가 이길수 있게 모두들 도와주십시오.  대한민국에서 아이를 안전하게 맡기고 일을 할 수 있도록 여건을 만들어 주십시오. 정말.. 직장맘 뿐만 아니라 교육을 위해 어린이집에 맡기는 대한 민국 맘들을 위해..\n결정적으로 중요한 시기인 유아기때부터.. 이런 어린이집에서 폭행을 지속적으로 당하는 것이 대한민국이라면\n우리나라는 미래가 없습니다.\n정말 차분한 아이였습니다. . 보낸지 일년이 좀 넘자 .. 점점더 소리를 지르고 저를 때리고 무기력하고 산만한 행동이 점차 많아지는 등 이상행동을 많이 보이고 있습니다.\n우리아이들이 안전하게 다닐 수 있도록 세상에 알려 세상을 바꿉시다. MOM TOO 운동이라도 하고 싶습니다.\n제보자: 아이 엄마\n아동:만3세 여자아이\n강원도 원주시 태장동 해피ㅋ즈어린이집에서 원장을 비롯한 선생님들이 지속적 상습적 아동학대가 이루어졌습니다 3월 담임이 바뀌면서 학대는 더 심해져 이상행동을 보였습니다 뿐만아니라 더이상 어린이집을 가기 싫어하고 왜 선생님들이 우리를 때리는지 모르겠다 집에가서 말하자 경찰아저씨가 혼내주세요 등 진술함\n머리 등 턱 목 손 발바닥 등 표나지않게 때렸다고함 오빠는20대 언니는10대 우리들은5대라는 표현까지 했음 비밀이라고 말하면 안되다고 진술했음 잠안잔다고때리고 잠못자게 때리고 밥안먹는다고때리고 말안들으면 때린다고함\n원장은 담임교사폭행을 부인함 아이진술로는 그자리에 원장도있었고 사실을 아는데도 묵인하면 아이말로는 원장도 때린다고 진술함\n제보자: 아이 엄마\n아동:만3세 여자아이\n아이와 엄마 모두 원장과 선생님을 존경하고 믿었습니다 ᆢcctv판독결과 부디 사실이 아니길 바라지만 ᆢ 아이의 진술이 너무나 구체적입니다\n오늘 선생님없을때 ᆢ 친구들에게 난 더이상 여기다니기싫다고 작별인사를 몰래했다고 합니다\n일년넘게 학대받은 제딸아이 에게 가슴이 무너질듯 죄스럽고 미안하고 안타깝기만합니다\n가장 중요한 결정적시기 ᆢ 우리나라 교육의사각지대 유아교육ᆢ국가에서 체겨적으로 관리하지않으면 안심하고 애맡기고 돈벌러누가 가겠습니다\n더나은 우리나라를 위해 용기내어 제보합니다\n용기내어 사실대로 진술해준 제 딸에 고맙습니다 세상이 이리도 아프고 폭력적이라는걸 너무나일찍 알게한 직장맘으로서 비애를 느낍니다\n저는 하루빨리 유아교육의 공교육에 의한 철저한 관리를 간절히바랍니다\ncctv판독 결과를 기다리고 있습니다.\n제보자 : 이소연 010-5153-6309\nhttp://blog.naver.com/itsme912/221239292057 (제보 동영상)
163952,2018-03-11,2018-04-10,0,4,문화/예술/체육/언론,천재시인 고은 선생의 작품삭제는 마녀사냥이다,"요즘 미투운동의 호된 격랑에 휩쓸려 한사람의 위대한 시인이 사회적으로 철저히 매장당하고 있다.\n원로 문학가에서 추악한 성추행 작가로 천당에서 지옥으로 급적직하 추락한 격이 되었다.\n어떤 사안에 대하여 보는 사람마다 생각하는 관점이 다르다고 할 수 있는데, 획일적인 잣대로\n몰아기는 것도 또다른 폭력이요, 전체주의적 발상이라고 본다.\n사람은 완벽한 사람이 없고, 어떤 문제는 다가지고 있다. 그런데 어떤 시기마다 시대적 상황이 있는데,\n20년, 30년 상황을 가지고  오늘의 잣대를 대는 것은 과도하다.  물론 비난을 받을 수는 있겠지만, 소급하여\n죽일놈 잡듯이 매도하는 것이 과연 맞는지 모르겠다.\n그리고 '죄는 미워하되 사람은 미워하지 마라'는 오랜 속담이 있다.\n고은 선생의 일부 행동이 문제가 있었던 것인데, 그걸로 덮어씌워  세계적으로까지 작품성을 인정받은 시 작품과 관련자료, 그에 대한 기념사업  등을 모두 삭제하고 백지화한다는 것은 사회주의적 발상이고 2중처벌, 소급처벌이다.\n이제라도 몰이성적이고 비합리적인 여론몰이는 자제되야 한다. 교과서 삭제 문제는 철회되야 한다.\n자신의 행동이 죄가 되면 처벌받고 문제가 많으면 자숙하면 되는 것이지, 예술성 높은 문학작품까지 타격은  안된다."
218557,2018-05-01,2018-05-31,0,9,육아/교육,우리 청소년들의 무거운 짐을 덜어주세요,"안녕하세요 저는 현재 고등학교 재학 중인 1학년 학생입니다.\n이렇게 청원을 올리게 된 것은 제가 지금 공부가 힘든 것도 있지만\n주변 친구들이 공부를 너무 힘들어해 올리게 됐습니다\n우리나라 교육에는 문제점이 있습니다 일단 수학, 영어를 중심으로 돌아간다는 점과\n영어의 문법을 배운다는 것입니다 이게 뭔 말이야? 문법을 배우는 게 문제점이야? 왜지?라고\n생각하실 수 있습니다 물론 영어의 문법을 배우면 언젠가는 쓸모가 있겠지요 하지만\n현재 저희가 배우는 문법은 외국인들도 잘 사용하지 않고 있고 우리나라 문법도 제대로 다 안 배웠는데\n따른 나라의 문법을 배우다니 개인적으로 부끄럽습니다 영어 문법보다는 좀 더 실용적이게 영어회화를\n학교교육으로 두는 것이 좋을 것 같습니다 또한 우리나라는 너무 성적주의입니다\n예를 들자면 요리를 좋아하는 친구가 있는데 이 친구는 요리를 정말 잘합니다\n대회에 나가 금상을 타낼 정도로 매우 요리를 잘하는 친구이죠 이 친구는 조리고에 가고 싶었습니다\n하지만 가지 못하였습니다 이유는 성적이 낮아서입니다 아무리 자신의 진로에 재능이 있어도\n이 나라에서는 공부를 못하면 쓸모가 없나 봅니다 반대로 생각을 해보면\n자신이 선택한 진로에 재능이 아무것도 없어도 공부만 잘하면 그만이라는 거죠\n성적보다는 저희의 개개인의 능력을 봐주셨으면 합니다 글 쓰는 게 서툴러\n문맥이 엉망이지만 제 마음의 공감을 해주셨으면 합니다."
176615,2018-03-26,2018-04-25,0,1,보건복지,치과ㆍ병원코디네이터,계급사회가 의료인들에게 강하다는것은 알지만   치위생사들은 희생정신이 있는것인지..\n좀 같은 직장내 근무자들에게 너무 ..하는것같아..
293384,2018-07-02,2018-08-01,0,29,문화/예술/체육/언론,국가대표 및 프로 선수들의 병역 연기신청제도 마련,"요즘 조현우 손흥민 선수들의 병역관련 뉴스와 이강인 선수의 스페인 귀화 관련 뉴스가 이슈가 되고 있습니다. 이들의 공통점이 주로 병역 관련 문제입니다.  프로 선수들의 특성상 일반인과 다르게 선수 생활기간이 정해져 있습니다. 그 이상 선수생활하기가 어렵죠.  그래서 프로 선수들이 선수생활동안 제 기량을 펼칠수 있도록 하는것이 중요하다고 생각합니다.\n이들의 병역에 있어서도 프로 선수로 있는 동안에는 군대를 연기할 수 있도록 해야한다고 생각합니다.\n프로 선수의 경우, 소속팀에서 병역연기요청서를 국방부에 제출하여 심의를 통해 병역 연기 처분을 최대 35세까지 할수 있도록 했으면 좋겠습니다."
434219,2018-11-06,2018-12-06,0,4,농산어촌,서울외에 집값은...,"서울에  많이 몰려있으니까...아무리이해하려해도  내돌머리로는 이해가안됩니다 서울외 지역은 일자리두읍구 사람두많지않구 ....젊은사람 ,  아이들도 적은데....아파트는 미친듯 늘어납니다 신기하죠?!...사람과 일자리는 많지않은곳에  자꾸 지어놓네요   없는돈에 신혼부부 첫주택대출받아산집이 반토막나고 그나마 팔려고 내놔도 팔리지도않고.....집값이 1억도 안되요 근데도 아무런대책없이 아파트는 또들어서네요  서울오르는집값고민할때 곤두박질치는 서울외 지역  집값좀 잡아주시기바랍니다 ... 미친듯떨어져서 휴지조각주식처럼 휴지조각 집되면 우린어디가서 보상받아야됩니까...참 답답한사람들..."
125644,2018-02-02,2018-03-04,0,0,육아/교육,단설유치원 설립에 대하여,초등학교 유휴교실이 많은 걸로 알고 있습니다. 남는 교실을 두고 새로 단설유치원을 지어서 국민의 세금이 낭비되고 있습니다.\n유치원은 유아학교로 편제되어 공립으로 운영되어 무상교육으로 초등교육과 함께 운영되어야 한다고 생각합니다.\n이원화 되어있는 유치원과 어린이집을 합쳐서 국가가 무상으로 유아학교로 흡수해야 학부모의 부담도 줄여 출산율도 높여줄거라 생각됩니다.
21221,2017-10-14,2017-11-13,0,0,미래,문재인 대통령께 요청드립니다.,"이럴려고 문재인 대통령을 뽑은게 아닙니다!\n우리나라는 대통령 임기가 5년 단기제 입니다.\n우리나라는 대통령이 바뀌면 되풀이 되는 부끄러운 관습이 있습니다.\n바로 과거 정권 들춰 내고 처벌하고 새로운 사람으로 교체하고..\n짧은 임기기간 나라의 발전을 위해 헌신하기에도 부족한데\n정권이 바뀌면 과거에 매달려서 1~2년을 허비합니다.\n그리고 나서 뭔가 나라를 위해 일을 좀 할려고 하면 정권이 또 바뀝니다.\n그리고 다시 부끄러운 악습을 반복합니다.\n그래서 국민들은 탄핵이라는 아픔을 겪으면서 지금까지와는 전혀 다른 새로운 대통령을 뽑아야겠다고 생각을 했습니다.\n그 선택이 문재인 대통령이었다고 생각 합니다.\n그러나 지금 현실은 과거와 별다를게 하나도 없습니다.\n대통령이 바뀌고 처음 한달간 뉴스를 볼때는 정말 뉴스가 재미가 있었습니다.\n처음이라는 단어가 자주 나오고 뉴스를 통해 신선한 이야기도 전해오고 정말 이번에는 대통령을 제대로 뽑았나보다 라는 생각이 들었습니다.\n그런데 몇달이 지난 지금은 뉴스를 보기가 싫어졌습니다.\n매일 반복되는 과거정권 들춰내기,적폐,부정,정권다툼..등등\n희망을 안겨주는 미래를 위한 이야기보다는 어두운 과거에 묻혀 빠져 나오지를 못하고 있다는 느낌 뿐 입니다.\n이제까지 그래왔듯이 이번 정권도 똑같은가?\n다시 한번 말씀 드리지만 이럴려고 문재인 대통령을 뽑지 않았습니다.\n저는 고향이 전라도 입니다.\n18대 대통령 선거때에도 문재인 후보에게 투표를 했었습니다.\n고향이 전라도라서 민주당 후보에게 투표를 하였었습니다.\n그리고 4년이 지난 19대 대통령 선거에서 또 다시 문재인 대통령 후보에게 투표를 하였습니다.\n그러나 이번엔 지역이 아닌 사람을 보고 투표를 하였습니다.\n이 분이라면 다르지 않을까 하는 기대가 높았었습니다.\n제 개인적인 생각이지만 그렇다고 해서 지금 현재 못하고 계시다는 이야기는 아닙니다.많은 국민들로부터  높은 지지와 사랑을 받고 계십니다.하지만  문재인 대통령과 현 정부에 더 많은 것을 바라고 있습니다.\n과거에 얽매이기 보다는 현재와 미래를 중요시하며상호 협치를 통한 진정한 민주주의 정치,정치와 경제가 서로 이끌고 받쳐주며 화합하고 상생하여 국가경쟁력을 키워가는 나라,아이들을 낳아서 안심하고 키울수 있는 안전한 나라..\n문재인 대통령과 현 정부에 바라는 이 모든 개혁의 기틀을 마련하기 위해서는 5년이라는 시간은 정말 짧은 기간 입니다.\n과거의 적폐청산이 중요할수도 있습니다.\n하지만 5년마다 반복되는 과거정권의 적폐를 들춰내고 과거에 묶여 앞으로 나아가지 못하는 이 또한 우리나라의 부끄러운 현실이자 적폐일 수 있습니다.\n과거 정권이 잘못한 점들이 많을겁니다.\n그래서 국민들이 촛불을 들고 일어나서 대통령을 탄핵시키는 부끄러운 일이 일어났습니다.국민들이 대통령을 뽑았고 국민들이 뽑은 대통령이 잘못된 정치를 하여 국민들이 대통령을 탄핵을 시켰습니다.\n정치를 잘못한 부분에 대한 처벌은 이미 탄핵이라는 조치를 통해 국민들이 수치스러운 처벌을 내렸다고 볼수도 있습니다.\n험난한 세상을 살아가고 있는 국민들에게는 과거보다는 현재와 미래가 더 중요합니다.\n하여 탄핵을 통해 새로 뽑은 문재인대통령께는 과거에 묻혀 있기보다는 우리나라의 밝은 미래를 위해 헌신해주시기를 더 바라고 있습니다.\n그리고 저는 삼성전자에  협력회사에 다니는 사람 입니다.\n비록 협력회사이기는 하지만 나름대로 자부심을 가지고 근무를 하고 있습니다.\n삼성이 지금까지도 국가발전에 많은 기여를 하였고 앞으로도 국가발전에 많은 기여를 할수 있는 기업이라고 생각합니다.\n국가의 경쟁력은 뛰어난 정치력을 통해서 갖 출수도 있지만 우수한 기업들의 앞선 경쟁력을 통해서도 생긴다고 생각합니다.\n국가가 국민들을 지켜주지 못하면 국민들이 타국을 떠돌듯이 국가가 우리나라의 대표기업인 삼성을 지켜주지 못한다면 기업들도 경쟁력을 잃고 도태가 될 수도 있다고 생각합니다.부디 화합하고 상생하여 미래경쟁력을 갖출수 있는 정치를 해주시기를 청원드립니다."
170608,2018-03-20,2018-04-19,0,2,보건복지,선박건조회사들도 보조하라,요즈음 중소기업에 쥐업하는 청년들에게 정부지원아래 대기업 수준의 봉급을 준다고 합니다\n그런데 대형선박회사나 중소선박회사나 임금이\n절반으로 줄었읍니다 그럼 선박회사에 근무한지\n5년이 넘었어도 년봉 3800만원입니다\n이런 현상은 어떻게 하실겁니까 ?\n정부지원이 필요하다고 생각합니다
110057,2018-01-23,2018-02-22,0,38,외교/통일/국방,나경원 파면요청,나경원 파면요청합니다
143201,2018-02-20,2018-03-22,0,32,성장동력,강간범   이윤택  사형  시켜라,속칭   진보 좌파  놈들은  쓰래기 뿐이군.\n왜? 침묵하고있냐?\n재앙아  너의  절친이라고  침묵하냐?\n불리수거도 않되는  쓰래기   주사파들
305844,2018-07-14,2018-08-13,0,13,일자리,저도 서민입니다..(최저임금 인상),저는 인터넷에 글한번 써본적없고 대통령님께서 민생을 걱정하시며 밤낮없이뛰고 계심에 감사하는 서민입니다.\n그런데 서민 자영업자를 고려하지 않는 최저임금 인상에 너무나도 답답한마음이들어 이렇게 청원게시판에 들어와 글을 남깁니다.\n대통령님.. 자영업자라고 해서 무조건 돈이 많고 벌만큼 번다고 생각하십니까? 서민의 노동력 착취만 한다고 생각하십니까?\n저는 한달에 210만원을 버는데 직원급여가 160만원입니다.\n번 돈으로 직원 급여주고 가게세 내고 겨우 그거벌면서도 정부에 세금냅니다.\n그럼 혼자일해라? 하겠지만 버는거에 비해 일이 많아 혼자서는 엄두가 안납니다. 혼자도 해봤지만 직원없이 혼자하니 일처리가 늦어지고 그러다보니 손님들은 다른데로 가거나 짜증을 내더군요. 게다가 직원없이 일하면 전 혼자 오전 9시부터 밤 11시까지 매일 쉬지않고 일만 해야합니다..\n그게 싫으면 사업을 하지말라고요? 저도 정말 그만하고 싶습니다. 그런데 어디서도 절 써주지도 않네요.. 나이가 많다며 서류접수부터 탈락하고 그나마 받아주는 업종은 힘을 쓰는 일이라 오래 서있을수 없는 저는 하고싶어도 할수가 없습니다..\n대통령님.. 최저임금을 올려서 서민을 살리시려는게 맞습니까?\n임금 오르면서 물가도 함께 올랐습니다\n물가가 오른만큼 최저임금도 올랐으니 직원 삶은 그나마 다시 원점이겠지만 저는..저는 어떨것같나요?\n버는건 똑같은데 직원 급여는 오르고 게다가 물가까지 오르고.. 세금도 오르고.. 전 정말 어떻게 살아야하나요..\n어째서 한곳만 바라보십니까..\n서민층 속에서도 장사해서 간간히 먹고사는 자영업자는 왜 돌아봐주지 않으십니까..\n정말 너무나도 살기 힘들고 이렇게 서민의 한쪽면만 보시는 것이 원망스럽습니다.\n제발 저같은 서민 자영업자의 고충또한 생각하시어 최저임금  인상의 문제점에 대해 고민해주시길 간곡히 청원합니다
360466,2018-08-30,2018-09-29,0,2,농산어촌,화환 재사용을 법으로 금지해주세요.,"결혼식,장례식장에서 사용한 화환을\n재사용해 유통질서를 무너뜨리고\n화훼농가와 꽃집들이 피해를 보고 있습니다.\n화훼농가와 꽃집들이 경기침체와 김영란법으로\n가장 많은 피해를 보고 있는데\n화환 재사용으로 인해 화훼업계는 거의\n아사 직전에 있습니다.\n화환 재사용은 사기입니다.\n화환 재사용을 법으로 금지해주세요."
68787,2017-12-18,2018-01-17,0,6,경제민주화,가상화폐를 강력히 규제해주시기 바랍니다.,지금 전세계에서 유독 우리나라에서만 가상화폐 광풍이 불고 있습니다. 혹자는 규제를 강력히 하면 4차산업혁명인 블록체인 기술진입에 역해한다고들 합니다. 그러나 그렇게 볼 문제가 아닌듯 합니다.\n수많은 젊은이들과 수많은 사람들이 지금 일확천금을 바라며 가상화폐에 몰두하고 자금이 몰리고 있습니다. 이건 한마디로 심각한 위기라 볼 수 있습니다. 지금 조치를 안한다면 수많은 사람들이 귀중하고 소중한 자산을 잃고 일할 능력이 떨어지리라 봅니다.이건 가상화폐는 투자가 아니라 사행적인 도박과도 같습니다. 문재인 정부를 믿기에 빨리 조치를 취해주시길 강력히 바랍니다.
164026,2018-03-11,2018-04-10,0,6,일자리,공공기간 기간제근로자,720 이후 공공기간 기간제근로자들이 정규직으로 전환이 많이 되었는데요\n올해부터 몇몇공공기관에서 기간제 채용할때 8개월로 계약하는 기관이 많습니다\n아무도 가이드라인이 9개월 업무지속 때문에 그런 꼼수를 부르는데요 이런부분은 정부의 취지와 맞지 않는 경우라 생각이듭니다\n이런부분도 잘 살피어서 앞으로도 비정규직이 정규직이 될수 있는 꿈을 꿀수 있도록 청원합니다
383547,2018-09-17,2018-10-17,0,4,교통/건축/국토,모든  부동산  규제는   오직 매수자에게만!,매도자에게  향한  모든 규제는 공급에  씨를  말 려 조그만한  불씨에도\n활활~~\n재건축 규제도 전세 수요에 맞혀 다 풀어주세요\n매수자에게  모든 규제를 씌우세요!\n보유세 대출규제 양도세  거래세 하물며 복비까지\n공급은 많지만 쉽게 매수가 일어나지 않지요~~\n정부는새로운 매수자가\n양도세 임대소득 탈루  못하게 철저히 관리만
429174,2018-11-02,2018-12-02,0,21,일자리,26살 은행 청원경찰 입니다...(너무 억울합니다),안녕하십니까 국민 여러분 이글을 쓰기에 앞서 많은 고민과 어려움이 있었습니다. 저는 OO은행에서 청원경찰(경비) 일을 하고 있습니다.\n사건의 전말 ㅡ 저 아파서 반차쓰고 병원좀 다녀오겠습니다. 니가 가면 여기 경비는 누가서? 개념이 없니??? 이런 모욕적인 말을 들었습니다. 하지만 은행원중 누군가 아프면 반차는 무슨 반차야!! 얼른 다녀와!! 저 정말 미치도록 자살까지 시도를 해봤지만 가족들 생각에....쉽게 죽지도 못하였습니다.\n아무리 파견나온 직원이지만...저도 사람이고 사람대접을 받고 싶습니다.
395294,2018-10-02,2018-11-01,0,44,반려동물,동물 보호법을 강화시켜주세요.,우리나라에서 고통받고있는 동물들이 얼마나 많을까요? 한마리도 없으면 좋겠지만 현실은 그렇지 않은 것 같습니다.\n잔혹하게 학대받는 애완동물들도 있을것이고\n개장수들이 관리하는 개들은 얼마나 큰 두려움 속에 살아갈까요? 개들을 묶어놓고 물조차 주지않고 음식물 쓰레기만 주며 관리하는 곳도 있다고 합니다. 이런 열악한 환경에서 저희들이 살아가면 어떨까요? 이 동물들이 얼마나 괴로울까요?\n그리고 길고양이를 학대하고 심지어 잔혹하게 죽이는 사람들은 왜 벌금형에서 끝나거나 저지른 범죄에 비해 가벼운 죗값을 받나요?\n또한 본인이 원해서 분양/입양한 반려동물을 버린 주인은 아무런 죗값을 받지않고 유기견/유기묘가 끊임없이 발생하는 것 같아요.\n사람들이 동물을 함부로 대하지 않도록 죄없는 동물들이 고통받지 않도록 동물 보호법을 제발 강화시켜주세요.
154467,2018-02-28,2018-03-30,0,5,저출산/고령화대책,출산관련 지원 정책을 늘려주셨으면 합니다,우선 현재 나라에서 출산과 육아에 지원을 아끼지 않음을 감사히 생각합니다. 곧 출산을 앞둔 예비 엄마로 약간의 아쉬운점이 있어 이렇게 처음 글을 남겨봅니다. 본론을 시작하자면 지금 우리 정부에서 임신을 하면 출산지원으로 바우처 카드 50만원이 발행이 됩니다 쌍둥이인경우와 미혼모는 이보다는 많이 지원되지만 일반 산모들은 이비용으로는 출산까지 쓰지도 못합니다 병원비는 오르는데 지원해주는 한도는 왜 안오르는지 모르겠습니다. 병원을 다니다 보면 금액이 모지라서 본인부담으로 해야하는 산모들이 대다수입니다 각지역 맘케페에 금액이 부족하다라는 글도 자주 올라옵니다 또한 어느시는 출산 장려금이 있고 어느지역은 없구 금액도 다 다릅니다 출산률이 높은 지역은 이런부분은 지원이 없습니다 이것또한 문제라 사례됩니다 오늘 뉴스에 저출산에 사망률이 높아지면서 인구 감소문제가 나오는걸 보았습니다 아기를 갖는 순간부터 경제적인 부분에서 많이 부담을 느끼는 가정들이 많습니다 이런 문제들을 조금이나마 정부에서 개선을 해서 늘려준다면 출산에 대한 부담이 덜어지지 않을까 생각되어 글을 올려봅니다.읽어주셔서 감사합니다.
466273,2018-12-11,2019-01-10,0,15,인권/성평등,회사대표가 와이프를 폭행하였습니다.,"저의 와이프는 일산에서 국제물류업을 하고 있는 회사에서 일을 하고 있었습니다.\n평소 일이 많아서 인지 야근이 잦았습니다.\n[ 폭행사건이 있던날도 와이프는 회사에서 야근을 하고\n저녁늦게 회사 대표와 함께 바이어 미팅(술자리)을 하였습니다.\n와이프는 미팅 후 너무 힘이 들어 사무실로 올라가 쉬고 있었습니다.\n그런데 얼마 후 회사 대표가 사무실로 들어왔습니다.\n회사 대표는 쉬고 있는 와이프에게 다가가 왼쪽 눈을 주먹으로 가격하였습니다.\n그리고 나서 와이프의 목덜미와 손목을 잡고\n강제로 목을 내리 눌러 무릎을 꿇혔습니다.\n무릎을 꿇힌 후 와이프에게 무엇인가 잘 못했다고\n사과를 하게끔 하였습니다.\n와이프는 겁에 질려 죄송하다고 하며 여러번 사과를 하였습니다. ]\n저는 그  사실을 다음날 알아차리고 와이프를 데리고 바로 병원과 경찰서로 달려갔습니다.\n병원에서는 '안와 골절', '눈커풀 및 눈주위 타박상'으로 전치 4주 상해진단이 나왔습니다.\n폭행사건이 일어나고 나서 40일 가량이 지났는데도 제대로된 사과가 없습니다.\n회사대표는 사과 한번 했으면 됐지 뭘 또 원하느냐는 식입니다.\n(회사대표는 제가 경찰에 사건접수하니 카카오톡으로 사과 한번 했습니다.)\n와이프는 현재 무서워서 회사를 나가고 있지 않습니다.\n(폭행한 회사 대표가 사무실에 있으니 당연히 가기 어렵습니다.)\n그리고 나서 와이프가 회사를 않나가니 퇴직처리를 하였습니다.\n처음에는 고용보험도 안해주려고 퇴직사유를 일신상의 사유(?)로 하였다가\n회계를 하는 직원한테 따지니까 그제서야 고용보험 처리를 해주더군요\n지금은 검찰쪽으로 사건이 넘어가 있습니다.\n회사대표가 저한테 카톡으로 얼마에 합의하겠냐고 하기에\n전 5억원이라고 했습니다.(사실 합의할 생각 없습니다.)\n그러고 나니 회사대표는 아예 답이 없더군요\n오늘은 중재위원회에서 전화가 왔습니다. 합의금으로 해봤자 4~500만원이라고 합니다.\n그래서 저는 합의 생각없다고 하였습니다.\n그 후 다시 전화가 왔습니다. 회사대표가 500만원 합의하자고 했는데 중재위원회에서\n1000만원에 하면 어떻겠냐고 해서 합의금 1000만원이 되었다고 합니다.\n그냥 화만 납니다. 전 합의금 10억원을 줘도 하고 싶은 생각이 없습니다.\n중재위원회에서는 판결을 가더라도 벌금정도로 끝날 거라고 합니다.\n단순 폭행사건도 아니고  회사대표가 직원을 폭행했는데\n벌금 정도로 끝난다면 너무 억울할 것 같습니다.\n저는 이런 대표가 운영하는 회사는 다른 직원을 위해서라도\n없어져야 한다고 생각합니다.\n(고용노동부에 신고했더니 거기서는 뭘 원하느냐라고 말하더군요...)\n이런 대표자와 회사는 어떻게 처리되어야 옳은 것인지 꼭 답변 부탁드립니다."
516977,2019-02-04,2019-03-06,0,10,교통/건축/국토,쇼킹!!! 유류세 폭탄이 국민 죽인다!,"유류세 폭탄이 국민을 죽인다!\n(유류세를 대폭 낮추던지 없애던지 해 주세요!)\n1. 유류세 부과의 기원\n유류에 붙는 세금은 교통, 환경, 에너지세, 교육세, 주행세, 부가가치세 등이 있음\n- 교통세는 도로 및 도시철도 등 사회 간접자본의 확충에 소요되는 재원을 확보하려는 목적으로 특별소비세 과세대상인 휘발유와 경유에 1994년부터 2003년 기간 중 한시적으로 적용되기 시작한 후 2006년까지 그 기한이 연장되었으며, 2007년 이후에는 교통, 환경, 에너지세로 명칭이 변경되어 유지되고 있음.\n- 교육세는 1996년 이후 교통세의 15%를 부과하고 있음\n- 주행세는 2000년 이후 부과되기 시작하였으며, 현재 교통세의 26.5%를 부과하고 있음\n2. 여기서 질의?\n왜 과거 정부에서 한시적이라고 하였는데 영원히 부과할 것처럼 멈출 줄 모르는 겁니까? 손 안대고 코 풀 듯 돈 쉽게 벌어 보니 재미 들렸습니까? 국민은 죽어도 세금만 뜯으면 된다는 것입니까?\n------------------\n2006년 OECD 기준 세금 비중입니다.\n한국 - 57.7%\n프랑스 - 67.3%\n영국 - 64.7%\n독일 - 63.1%\n일본 - 40.9%\n미국 - 12.9%\nOECD 평균 – 51.9%, 요게 단순 비교라는 겁니다. 정부가 자신들에게 유리하게 써먹는 대목입니다.\n허나 소득대비 유류세 부담 미국의 20배입니다.\n2016년 기준 유류세에서 세금이 차지하는 비율 60%나 되구요\n주유소에서 기름 넣을 때 원천 징수(주유소가 대신 징수)하고 있지요?\n정부가 손 안대고 걷어 들이는 유류세는 2011년 17.91조에서 2016년에는 23.73조원이나 되었습니다(관세 및 수입 부과금 등 제외).\n피부에 와 닿게 설명 드리면 휘발유는 1리터당 912원, 경유는 676원이나 걷어 간 겁니다.\n다시 자세하게 설명 드리면요 아래와 같습니다.\n보통휘발유 유류세는 교통에너지환경세가 L당 529원으로 35%를 차지한다. 여기에 교통세의 26%인 주행세(L당 137.54원)와 15%인 교육세(L당 79.35원)까지 합쳐 L당 745.89원의 고정 세금이 붙는다. 여기에 고정세금을 포함한 소비자가의 10%인 부가가치세까지 합쳐 유류세를 구성한다. 즉, 국제 유가가 아무리 오르거나 떨어지더라도 국내 휘발유는 L당 800원 이상의 세금을 소비자들이 무조건 부담해야 하는 것입니다.\n-----------------------\n기름 값이 떨어지든, 오르든 정부는 정말 아주 쉽게 손 안대고 돈 벌고 있었던 겁니다.\n3. 사회 간접자본 확충을 위함이라고요?\n왜 유류세로 확충해야 합니까? 어느 나라에서 그리합니까?\n>> 사회간접자본의 개요 – 생산 활동에 직접적으로 사용되지는 않지만 경제활동을 원활하게 하기 위해서 꼭 필요한 사회기반시설을 말한다. 대표적인 예로 도로, 항만, 철도 등이 있다. 인프라와 같은 말이다.\n>> 비용 부담은?(자료)\n사회간접자본 확충에는 막대한 건설비와 유지비가 들어간다. 공사라는 것 자체가 상상 이상으로 자금이 소요되는 사업이기 때문.[1] 다만 이것이 들어서면 부동산 가격(매매, 임대 모두)에 막대한 영향을 주기 때문에 미국이나 유럽에서는 재산세나 분담금 등을 통해 주변 부동산 소유주들이 건설비를 부담한다.\n>> 왜 유류세는 OECD 비교하기 좋아하며 사회간접자본 재원 부담에 있어서는 OECD와 비교하지 않습니까?\n사회간접자본 재원은 원래 OECD 국가들처럼 중앙정부 부담으로 하는 것입니다.\n4. 왜 유류에 교육세를 붙여 징수하는가?\n우리나라 정부가 비교하기 좋아하는 대상은 OECD 입니다. 자신들이 유리한 것만 OECD에 비교하기 좋아하지요. 우리나라 유류세 징수가 많지 않다는 것을 강조할 때도 역시 OECD가 비교 대상입니다. 그들 나라와 생활수준, 경제력, GDP, 물가, 등등은 비교하지 않고 단순 비교만 하는 것입니다.\n요즘 인터넷만 뒤지면 다 아는 시대에.......\n국민을 정말 개돼지 취급하는 것 아니라면 너무 모를꺼라고 무시하는 거지요.\n>> 그럼 그 비교하기 좋아하는 OECD 나라들도 유류에 교육세를 부과할까요?\n아닙니다.\n미국은 소비세만 조금 부과합니다. 일본은 유류세라고 해서 조금 부과하고 독일은 유류세와 부가세를 부과하나 이도 역시 매우 미미한 수준입니다.\n그렇다면 우리나라 유류에 교육세 부과는 잘못된 것이지요. 유류하고 교육하고 무슨 관련이 있단 말입니까? 제발 국민을 더 이상 우롱하지 않기 바랍니다.\n5. 주행세는?\n이도 역시 폐지함이 마땅하지요. OECD 국가들도 안하는 세금을 걷고 있는 겁니다.\n우리나라가 정말 OECD 국가들과 대등하다고 비교하겠다면 유리한것만 비교하지 말구요, 모든 부분을 다 비교해야 합당한 겁니다. 그래야 국민들도 납득하게 되는 것이지요\n주행세를 걷어가며 별도로 매년 자동차 세를 징수하는 이유는 무엇인지요? 자동차세와 주행세 무엇이 다른가요? 보유와 주행하는거라고 말씀 하시려나요?\n자동차가 대중화된 요즘 세상에 자동차 하나에 이중 과세라 생각지 않으시나요?\n물론 국가를 이끌어 가는데 있어 세금을 징수하지 않을 수는 없습니다. 하지만 지금 제가 하고자 하는 말은 현재 우리나라 유류 세금은 너무 과하다는 말을 하는 겁니다.\n정부와 공무원들은 어떻게 하면 백성들을 잘 살게 할까? 이런 생각을 가지고 일을 해야 합니다. 그리고 가만히 앉아 계산기만 두드리며 쉽게 세금 걷을 생각하지 말구요, 제발 발로 뛰기 바랍니다. 부자들, 대기업은 눈감고 아웅하듯 봐주며 왜 서민들에게 직접적으로 피해가 가는 유류세를 건드립니까?\n대통령님!\n정부관계자님들!\n제발 부탁합니다.\n이전 정부부터 잘못되어 내려온 적폐같은 유류세 손질 꼭 좀 해 주시기 바랍니다.\n현재 국민들은 노예가 아닙니다. 자유 자유! 민주국가 라고 하지만 진정 우리나라는 자유가 없습니다.\n분명 정부 관료들은 유류세에 의존이 너무 커서 갑자기 조정을 못하겠다고 할 수도 있습니다.\n6. 답을 드리겠습니다. 할 수 있습니다\n- 유류세에 의존하던 목적을 다른 목적으로 방향 전환하면 가능합니다.\n- 지금까지 국회의원들께서 유관기관을 뜯어가며 외유성 경비로 사용한거 하지 않으면 가능합니다.\n- 국회의원들 세비 줄이면 가능합니다.\n- 우리나라가 OECD 선진국이라고 VVP 클럽에 가입한 것처럼 과시하며 개발도상국 원조한다고 허비하는 세금 줄이면 됩니다. 국내에 있는 백성중에 굶주리고 아픈 사람을 더 먼저 챙겨야 합니다.\n- 국가나 지방자치단체에서 선심성 예산, 과소비 예산, 예산 남용 등 단속하고 줄이면 됩니다.\n- 정부 투자기관, 공공기관 월급 줄이고 예산 낭비 줄이면 할 수 있습니다.\n대통령님!\n유류세를 없애던지 과감하게 내리던지 하면 모든 물가가 자동으로 내려가기 시작하고 시장 경제는 안정화 되게 돼 있습니다. 제발 살기 좋은 나라! 국민이 행복해 하는 나라! 세계가 부러워 하는 나라로 거듭났으면 하는 바램 가져 봅니다.\n보시는 국민들 응원이 절대적으로 필요하오니 많은 관심 가져주시기 간곡히 부탁 드립니다.\n간곡히 청원을 올리나이다."
170421,2018-03-20,2018-04-19,0,6,농산어촌,바다밑에 잠겨있는 각종폐그물 및 각종쓰레기 수거 대책,1. 섬지역에 사는 국민입니다. 낚시를 좋아해서 갯바위낚시를 다니다 보면 물속에 잠겨있는 각종 쓰레기들이 많이 있습니다. 지역 자치회원들이 바닷물에 떠밀려온 쓰레기들은 수거를 잘하고 있으나 물속에 잠겨있는 각종 쓰레기들은 바지선과 잠수부들이 아니면 회수가 불가능합니다. 해수부에서 이점에 대한 대책을 하루속히 마련해 주시면 감사하겠습니다.
230366,2018-05-11,2018-06-10,0,0,기타,남북 정상회담 당시 다리위에서 이야기한 사운드가 들리지 않았다.,"아마  김정은이 해달라는대로 해주겠다고 퍼주겠다고 아니면 나라를 들어 바치게 겠다고 한건 아니겠죠?\n김정은은 괴물입니다.  믿을수도 없고  자기나라 백성의 피를 빨아먹는 군주에 불과한데  좀 거리를 두며\n정상회담해도 되는것을 옥류관가서 냉면 먹고  고급스런  무대를 보며  평화를 자청할수 있나요?\n하긴. 오나라 노숙이 양양을 얻기위해  ""음식 외교""에  관우를 초대해서  양양을 돌려달라고 애원한 이야기가 있엇지만\n어떻게 했을까요?  관우는 ""땅얘기는 그만하고 술마시며 이야기 합시다 하하하"" 웃으며 이야기 했답니다.\n사실 노숙은  외교 자리에  매복을 해두었지만  음식외교를 마치고 나온 관우는  노숙과 어깨동무를 해가며\n땅 양도 얘기는 묻어둔채  술자리에서 주창과 함께 나왔다  합니다\n그럼 문재인 대통령께서는  핵문제 를 거론 안하시고 어떤 얘기만 골라서 하신겁니까? 당당하게  비핵화 이야기를\n혼자서만 이야기하고 김정은은 어째서 비핵화에 노력을 하겠다는 말은 없는지요?\n김정은도 아마 죽을 각오로  판문점에 오지 않았나 싶습니다. 아마도 말이죠.\n만찬자리에서 항상 주시했고  처음과 끝이 긴장하면서  주변을 주시했다고 합니다.  자신의 안위가 급했던 것이죠.\n(판문점 주변에 매복 미군사격수가 이미 겨누고 있었다는 이야기가 있었대요. 사실인지는 모르나  저는 아니라고 봅니다 )\n비핵화 와 평화 협정은 정말 확실한 것입니까?\n이나라 강산은  정말 민주주의 적인 통일을 할수 있겠습니다. 김정은의 권모술수 의 농간에 빠지게된다면\n우리나라 한국은  님으로 인해 더욱 위험해질수도 있습니다.\n나라를 하나로 만들려면 중국과 러시아를 상대해야 되는데  할수 있으십니까?\n저  중국과 러시아가  강대국인  할수있으시냐구요. 저도 못하는데...\n대통령은  속아넘어가셔도 안됩니다.  군대까지 나오신분이며  ""군사적 손자병법"" 아실거라 믿습니다.\n국방은 북한과 남한의 비례에서 북한이 우세할수 있으나  외교와 경제는  우리 한국이 우세합니다.\n아무리 첨단무기를 갖고 있다하나  물리적인 지구전에서는 패합니다.\n신라, 당 연합군처럼 편성한다고  현실적으로 각 참가국으로 연합해서 싸워하는것이  필승자체 일뿐입니다.\n우리나라 군대는  정말 강한가요?  무기와 군력은 어떤지도  국민은 모르고 있습니다.\n그리고 과학은  어떤가요? 군사적 과학도 아직 미진한가요\n대통령님. 신중하고 또 신중해서 하는 정보전이 필요합니다. 엄청난 정보전이 말이에요.\n북한은 이미 핵무기 를 만드는 시간을 확보하였습니다.  핵포기를 북한이 할수 있을까요?\n무기의 도시를 만드는게  어쩌면 그들에 있어서는 의존도  높을수밖에 없는거 아닐까요?\n문정인은 대단한 분이기는 하나 흠도 많으십니다.\n이나라는 오랬동안 미군 주둔으로 경제와 국방 을  길렀습니다.   그리고  평화로웠지만\n평화협정을 맺었다해서 안심할수 없습니다.  미군을 감축하면  절대적으로 불리하기 때문입니다.\n또한 북한은 이를 염두해서  남침의 야욕을 꺽지 않을수도 있습니다. 저번 ""쿠빌라이칸"" 분명히 시사했습니다.\n38선 보호적 군사를 증강하는게 오히려  국익에 이익이됩니다.\n겨우 몇달 지났다고  안심할수 없기 때문입니다 이건 확실합니다.  그리고  눈은 말이죠. 한곳만 보라고 있는게 아닙니다.\n여러 방면에서 시야를 넓게 보고  있으라고 해서 생긴 것이 ""눈""입니다.\n입은 말이죠 분명히 약속받기위해 말할수 있게  진실을 알려주는 것이 ""입""입니다.  확실한 진실을 알아야 하기 때문입니다.\n코는요 후각을 맡기위해서 씁니다만  이거는  심리적 냄새도 맡는다는것도 아셔야 합니다.\n귀는 들으라고 있는것입니다.  쓸때없는 말은 흘러도되지만  중요하고 얻어야 할  문장이면 ""귀""가 중히 필요하겠지요?\n우리는 이 3개 다 필요합니다.  그리고  우리는 강해야 합니다.  이상 말씀드렸습니다. 조금만 힘내주시고 고생해주십시요,\n그럼 이만 씁니다. -보령-"
319309,2018-07-25,2018-08-24,0,87,육아/교육,대통령님 23개월 성민이를 도와주세요,"울산 어린이집 원장부부 잔인한 폭행의로 죽은 작은 천사 성민사건 제수사 뿐아니라 얼굴 공개와 사형선고를 요청합니다\n23개월이면 아직  말도 서툴 때이고 지금 엄마,아빠 품에 한참을 안길때 입니다\n억울한 사건들을 가볍게 여기는 경찰정도 엄중한 책임이 있다고 봅니다"
351305,2018-08-22,2018-09-21,0,7,육아/교육,양육비청구에 강력한법제화,저는 15년째 양육비를 못받고있습니다.\n법적으로  하는것이 비용면에서나 시간적으로 여유가없는 저로서는  너무 어려워 포기하고  내자식이니까  내가 키운다고하고  대학보내고  애들이랑  이럭저럭 살고있었습니다.\n그런데  얘기를 통해 들어보니  회의호식하며  잘살고있네요.\n그래서  양육비 이행관리원이고 알아봐도  안주면 어쩔수없는 구조입니다.\n지금 저뿐만이 아니라  많은  분들이 이혼 유무와 상관없이  양육비를  받지못해  아이들과 힘들게 사시는 분들이 많은걸로 알고있습니다.\n유럽처럼  정부에서  한부모가정에  지원을 하고  비양육부모에게서  어떤식으로든  받는  강력한 법이  출산장려만큼 중요합니다.\n가정이 원만한 생활을 할수있도록  그리고  책임을 다하지 않는 비양육부모에겐 처벌을 할수있는 법안 빠른시일내  만들어주세요.
436911,2018-11-09,2018-12-09,0,4,기타,인터넷방송갤러리를 없애주세요,안녕하세요 저는 서울에 살고잇는 한 청년입니다\n저는 예전부터 아프리카티비와 유투브등을 통해 영상과 방송을 보는걸 좋아햇는데요 요즘들어 인터넷방송갤러리 일명 인방갤을 통해 사람들을 선동하고 특정사람들을 욕하며 서로간에 비방과 사람을 동물에 빗대어 욕하고\n음담폐설등등을 난무하고잇습니다.\n제가 좋아하는 방송들이 그런사람들때매 없어지고 욕을먹고 잇습니다 한번 들어가서 올라오는 글들을 봐주세요\n그게 사람이 할말인지 아닌지\n닉네임뒤에 숨어서 자신이 누군지 모르는걸 이용해 욕을 하는 사람들을 다 잡아서 처벌해야된다고 생각합니다
274410,2018-06-18,2018-07-18,0,2,문화/예술/체육/언론,손흥민 선수 군대 제한,우리흥은 절대 군대 보내면 안됩니다
291053,2018-06-30,2018-07-30,0,22,안전/환경,미세먼지 저감을 위해  탈원전보다 탈석탄화력발전 정책이 필요합니다.,'미세먼지 저감'을 위해 국내적으로는 탈원전보다 탈석탄화력발전 정책이 필요합니다.\n그리고 중국에 대한 외교적 노력도 지속되어야 합니다.
477086,2018-12-23,2019-01-22,0,4,성장동력,태안화력의 갑질은 전력산업 정책의 잘못 때문입니다.,"2001년 한전은 방만한 경영을 피하고 경쟁을 통한 성장을 이루겠다며 8개의 전력회사로 분활 되었습니다.선진국 같이 기능별이나,지역별로 나뉘지 않고\n5개의 발전자회사를 전국에 골고루 심지어는 한울타리 안의 발전소를 둘로 나누는등 공평하게 분활 하였습니다.\n1961년 전력3사를 통합하여 경영효율의 극대화를 이루었다고 홍보 한지 40년만의 일입니다.\n정부는 8개의 전력회사를 직접 관리하게되고 8배의 임원,8배의 감사실,기획본부,조달본부등 모든 기능도 따로히 갖추었습니다.\n발전정산단가 와 판매단가도 정부가 직접 결정 하므로 경쟁을 해야할 분야는 인사,제한적인 기획관리,그리고 자재조달분야 정도이며 이중에서 가능한 아웃소싱 분야를 쥐어짜서 하청하게 되니 손실과 위험을 하도급 업체가 맡도록 제도화 되어 있습니다.\n한편 중국은 발전설비 용량이 한국의 13배이나 중국전력과 남방전력 2개의 전력회사가 지역적으로 나뉘어져 있을뿐 입니다. 지극히 효율적이고 일사 불란의 정책수행으로 80년대까지 한전에 뒤쳐져있던 기술개발,혁신분야에서 훨씬 앞서나가 초초고압 전력설비와 지중케이불등 설계,제작,시공등\n분야에서 저만큼 앞서가고 있습니다. 유명한 밀양송전선로 건설공사도 중국은 이미 갖춘 초고압 지중화기술,제작이 불가능하여 극심한 갈등을 겪은 사례입니다.\n결론적으로 현재의 8개전력회사\n체계는 기획관리,효율성 면에서\n극히 불리 하므로 통합된 하나의 전력회사 체재로 바뀌어야 합니다."
75062,2017-12-27,2018-01-26,0,2476,교통/건축/국토,국민의 안전과 생명을 위협하는 적폐를 아십니까?,"안녕하십니까?\n내일없이 오늘 하루만 보고\n살아가는 대한민국 수많은 짐꾼중 한사람 입니다.\n크고 작은 화물차들이 종종 물의를 일으켜 사회적 비난을 자초하였기에 스스로 짐꾼으로 소개하였습니다. 염치없지만 벼랑끝 희망을 잃고 버텨가는 삶이 너무나 고통스러워 이 곳 청와대 문을 두드렸습니다.\n두손모아 간절히 바라옵건데\n저의 얘기에 한번만 귀를 기울여 주시길 간절히 부탁드립니다.\n국민의 안전과 밀접한 얘기이며,\n그 어떤 적폐보다 뒤쳐지지 않는 대표적 적폐이기에 눈물로 호소드립니다.\n우선 이해를 돕기위해 간략한 설명부터 드리겠습니다.\n화물운송이란 택배부터 컨테이너, 가정의 이사까지 그 범위는 매우넓고 다양하며.\n고객의 화물을 고객이 원하는 장소로 옮기는 공간적 이동을 의미합니다.\n이동 대상이 사람과 화물이라는 차이만 있을뿐 대중교통과 같은 맥락입니다.\n여기에는 기업과 기업, 개인과 개인\n또는 기업과 개인을 이어주는 중요한 일환이며 더 나아가 국가 산업발전의 중요한 동맥이기도 합니다.\n이러한 동맥을 유지하고 이어가는 보편적 수단이 바로 화물자동차입니다.\n아래와 같이 구성되어 국내 물류생태계를 유지하고 있습니다.\n(일반화물운송)\n화 주(고객)\n화물운송이 필요한 기업,단체,개인\n주 선 사(중개사)\n고객이 운송을 요청한 화물의 내용을 이해하고 그에 따른 화물차량 및 적정운임료를 책정하여 해당차주에게 배차하고 수수료를 취득하는 중개사업자\n(부동산 공인중개사와 유사합니다.)\n○○물류,○○화물등 고객이 먼저 전화나 인터넷을 통해 찾는곳이 바로 주선사이며. 국가에 허가를 받은 개인 및 법인 사업장입니다.\n차 주(화물차)\n국가시험에 응시해 자격증을 취득하고, 운송허가권을 교부받아 본인명의 화물차한대로 유상운송을 하는 개인사업자\n자영업으로 분류되며, 화물차 크기에 관계없이 앞뒤번호판은 무조건 노란색입니다,\n법으로 영업용화물차로 지정되어 있습니다.\n(일반 자가용처럼 흰색번호판으로 유상운송을 할 경우 불법입니다.)\n디지털 정보화시대로 바뀌면서 기존의 화물운송시장은 많은 변화가 생겨났습니다.\n스마트폰 등장으로 어플로 중개하는 2차 주선사가 생겨 났으며 고객과 협의한 1차 주선사가 다시 2차 어플주선사를 통해 배차하는 새로운 다단계 구조가 형성되었습니다.\n전\n고객-주선사-차주\n후\n고객-1차주선사-2차어플주선사-차주\n2차 어플주선사에는 수많은 1차 주선사와\n차주들이 회원으로 가입되어 운영이 되며,\n수많은 문제점을 지속적으로 발생시키고 있습니다.\n대표적인 사례를 하나 소개하겠습니다.\n●과 적●\n1차주선사는 본인이 중개하는 화물의 특성과 무게를 명확히 이해하고 그에 맞는 차량을 선택하여 직접 차주 또는 2차어플주선사에 배차신청을 하는게 본연의 임무입니다.\n중량이 10톤인 화물은 적재중량 10톤또는 그 이상 소화할 수 있는 화물차에 배차 하는것이 정상적인 중개이며 누가봐도 당연한 상식입니다.\n무게 10톤의 화물을 적재중량 5톤차에 배차를 하고 때로는 무게를 속여가며,  화물에 대한 이해를 할 수 없는 사람이 중개를 하고 있습니다.\n도로의 흉기를 넘어 폭탄을 제조하는 시작점이며, 과적 사고의 직접적 요인입니다.\n각 화물차는 물리적 한계와 적재중량에 맞는 구조를 갖고 있습니다. 이것을 묵과할 경우\n반드시 초대형 사고를 발생시킵니다.\n(브레이크 밀림 및 파열/타이어펑크등..)\n어플주선사의 편리한 배차방법으로 인해 수수료 취득에만 혈안이 되어있는 주선사가 급격히 늘어났고, 운임과 수수료에 대한 법적제도가 없기에 그들의 불량중개와 횡포는 갈수록 심해지고 있습니다.\n중개수수료 비율이 30%~40% 또는 그 이상일 경우도 있으며, 차주는 차량의 감가상각과 기름값 톨게이트비 식비같은 경비를 제외하면 마진율이 주선사에 비해 현저히 낮습니다.\n마진 자체가 나오지 않는 단가도 수두룩합니다.\n고객이 주선사에게 얼마에 운임을 지급하는지 차주들은 알 수 없습니다.\n간혹 알게 되었을때 억장이 무너집니다.\n수수료이득에 심취한 주선사들은 화주 확보를 위해 과열경쟁으로 치닿고 불량중개상승, 운임단가하락,차주의 서비스정신 하락의 결과를 가져왔습니다.\n차주들이 단합하여 저가의 운임은 하지 않으면 해결될 일이지만 실상은 그렇지 않습니다. 차주들이 모여있는 커뮤니티에 불량주선사와 그들의 무리들이허위와 과장으로 매출을 올릴 수 있다고 홍보를 하여 거기에 현혹된 사람들이 대책없이 화물차에 뛰어 들었습니다.\n이미 과잉공급으로 포화상태이며,\n차주들간 경쟁도 매우 치열합니다.\n어플에 올라온 오더가 순식간에 사라지는 현상이 매일같이 반복되고 차주들간 순삭이라는 은어가 생겨날 만큼 과열은 쉽게 식지 않고 있습니다. 저단가와 중개불량의 화물을 알면서도 하고 있습니다.\n차량에 따라 작게는 이삼천만원\n많게는 오천만원에서 일억가까운 대출을 받고 창업하는 차주가 많기에 단가가 맞지 않다고 무작정 차를 세워둘 수가 없습니다.\n과도한 대출과 생계유지를 위해 어쩔 수 없이 해야만 합니다.\n국내 자영업자 부채비율상승에 큰 기여를 하고 있습니다.\n잘못된 선택으로 파산의 길로 접어드는 차주들이 늘어나고 있습니다.\n양심불량 주선사들이 중개의무는 뒷전으로 하고 수수료놀이에만 최선을 다한 결과입니다.\n양심있는 주선사들의 설자리는 갈수록 좁아지고 양심불량 주선사들이 활개치는\n오늘의 화물운송시장은 자정능력을 완전히 상실하였습니다.\n이들의 만행은 과적유도, 불량중개, 과다한 수수료에 그치지 않았습니다.\n운임료 지급은 기본 1개월이상 길게는 3개월까지 지급하지 않으며, 결국 지급받지 못하여 포기하는 차주들도 있고, 국민신문고를 찾는 차주들도 있습니다.\n운임료 지급을 미루기 위해 전자세금계산서를 거부하고 기어이 수기작성을 요구하여 작성후 우편으로 발송하면 나중에는 못 받았다고 우기기도 합니다.\n그래서 처음부터 등기로 보내는 차주들도 많습니다. 정보화 시대에 맞게 어플을 이용하여 손안데고 코푸는 그들이 전자세금계산서를 거부한다는게 상식으로 이해가 되는 일입니까?\n여기서 한발 더 나아가 운임료 지급시\n수수료 명목으로 500원을 제외하고 입금을 합니다. 이미 수수료를 떼먹을 만큼 떼먹은 그들의 대답은 한결같습니다.\n""오백원 가지고 그러냐?""\n참으로 기가 막힙니다.\n적반하장과 안하무인한 태도에 그 어떤 비난도 아깝지 않습니다.\n차주와 주선사는 서로협력하고 공생하는 신뢰관계로 지속되어야 하고 상생의 길로 유지해야 합니다.\n갑을 구조로 바뀐 지금의 현실에 그 피해가 결국 사회로 돌아 가고 있습니다.\n미세먼지의 주범, 도로위의 흉기라는 사회적인식을 부정하지는 않습니다.\n비난적 인식을 개선하기 위해 많은 차주들이 곳곳에서 노력하고 있습니다.\n장시간 무리한 운전과 과적은 결코 원치 않습니다.\n하루빨리 법적 제도가 정착이되어 정당한 운임과 정상적인 중개가 이루어 지길 간절히 바랍니다.\n대한민국은 법치국가입니다.\n후진국형 적폐는 반드시 청산해야 합니다.\n정치적 논리로 접근해서도 안되고\n특정 이익집단의 괘변이 개입할 사안도 아닙니다.\n국민의 안전과 생명, 산업발전의 미래를 위해\n반드시 제도마련이 되어야 합니다.\n본 청원을 끝까지 읽어 주시어 허리숙여 깊히 감사드립니다.\n다가올 새로운 한해는 좋은 일들만 가득하시고 늘 번창하시기를 기원합니다.\n건강하십시요!!\n간디의 7대 사회악 중.....\n""노동없는 부""\n공동 청원자\n깨어있는 화물인들"
367296,2018-09-05,2018-10-05,0,17,경제민주화,촛불혁명은 부동산 투기정부를 원한 것이 아니다!?,1년간 서울부동산 폭등 100조원!\n지방부동산은 폭락!\n부동산 불로소득 투기 광풍이 몰아치는데\n피자 한 판으로 잡아 보겠다는 것이\n참 순진한건지 무능한건지\n아니면 같은 투기꾼인지!?\n보유세 실효세율은 0.16%에서 0.17~0.18%로 '답보' OECD 평균 0.33%의 절반 수준…1.04%인 미국에 비해 5분의1에도 못 미쳐!\n라면 한 봉에도 세금 10%\n쥐꼬리 알바 월급도 세금 6%\n생필품 자동차도 보유세 0.9%\n촛불혁명세력은 부동산 투기꾼 집단이 아니다!!\n부동산 투기꾼 잡을 능력이 없으면 대통령선거 다시 하게 내려놔라!!?
275961,2018-06-19,2018-07-19,0,592,보건복지,해외구매한 라돈방출 라텍스 상품에 대한  정부차원의 조치 조속 촉구합니다,"대진침대의 라돈 방출 매트리스에 이어 해외구매한 라텍스 상품에서 라돈이 방출된다는 문제 내용이 제기된 지 벌써  오래입니다. 하지만 국내외 복잡한 상황과 대진 침대건으로 라텍스 상품에 대한 현황파악과 조치는 원안위의 생활방사선안전과에서 처리하고 있어 첨부 뉴스 기사가 맞다면 무성의하고 면피용으로 보여 매우 실망스럽습니다.\n수많은 국민들이 해외 여행시 구매한 상품이 국민의 건강과 안전을 위협하고 있고 경제적 정신적 손실 또한 지대하여 관심이 집중된 사안이나 정부차원의 대응은 매우 미흡하게 보입니다.\n하루속히 본 사안에 관련 가능한 부처들의 협업으로 해외 제조사와 해당국가 등과 문제해결을 위해 좀 더 많은 신경을 써주기를 요구드립니다. 개인적으로 혹은 여행사를 통한 자구책은 현실적으로 어렵고 제대로 이루어질 수 없는 한계가 있는 점 감안하여 어렵지만 정부부처가 나서줘야겠다는 생각입니다(끝)\n#아래--관련 뉴스기사\n[단독] 방사능라텍스 불안 커지는데..검사는 고작 10건\n이지원 입력 2018.06.19. 12:34 댓글 0개\nSNS 공유하기\n음성 기사 듣기\n인쇄하기 새창열림\n글씨크기 조절하기\n[앵커]\n방사능을 방출하는 일부 라텍스 제품에 대한 소비자들의 우려가 가라앉지 않고 있습니다.\n정부는 문제가 제기될 때마다 가능한 조치를 검토하고 있다는 말만 되풀이 했는데요.\n취재결과 라텍스에 대한 정밀검사는 10건에 불과했고 추가 조사도 이뤄지지 않고 있는 것으로 드러났습니다.\n서형석 기자의 단독 보도입니다.\n[기자]\n정부가 방사능 라텍스에 대해선 사실상 손을 놓고 있는것으로 드러났습니다.\n<한국원자력안전기술원 관계자> ""라텍스 10점 가까이 되죠. 원안위를 통해서 온 게 몇 개 있었는데요. 그 이후로는 전혀 라텍스 관련해서는 추가적인 요구가 없었거든요.""\n3주전 언론을 통해 문제가 불거진 후 10건 정도의 정밀검사를 제외하곤 원자력안전위원회의 정밀검사 의뢰가 없었단 얘깁니다.\n그동안 방사능 라텍스에 대한 원자력안전위원회의 입장은 한결 같았습니다.\n해외에서 구매해온 탓에 자신들의 관리 대상은 아니지만 관계부처와 현황을 파악하고 가능한 조치를 검토하겠다는 거였는데, 잠시 소비자들의 우려를 잠재우기 위한 말 뿐이었던 겁니다.\n<한국원자력안전기술원 관계자> ""아시다시피 라텍스가 워낙 대부분 분들이 사용하고 계셔서 그게 당연히 감당이 안될 것이고 정부 차원에서 뭔가를 하지 않는 한…""\n소비자들의 혼란은 커지고만 있는데 정부는 정밀검사도 멈춘채 같은 말만 반복하고 있습니다.\n<원자력안전위원회 관계자> ""지금은 저희가 한국원자력안전기술원 통해서 하고 있습니다.""\n연합뉴스TV 서형석입니다."
100591,2018-01-17,2018-02-16,0,12,교통/건축/국토,6억이상 보유세 강력시행 하라. 금융실명제때처럼,무엇이 두렵나?\n국민 50% 무주택이고\n40% 수도권 및 지방소유자이고\n9% 비강남소유자임.\n딱 국민1% 가 보유세 대상인데\n먼 놈의 걱정을 그리하냐. 그러다 정책시기를 놓쳐서\n죽도안되고 밥도 안된다.\n99%국민을 위해야지 1% 종부세 부자를 왜 보호하나?\n김동연부총리 쓸데없는 걱정말고 당장 시행하라.늦으면 더 폭등한다.
175973,2018-03-26,2018-04-25,0,12,안전/환경,중국 미세먼지,날이 갈수룩 심해지는 중국 미세먼지로인해 자국민들이 고통속에 살고있습니다\n국민들에게 마스크착용 외출자제만 권유하지말고\n정부차원에서 뭔가 해결책을 만들어주세요\n자국민들도 맑은공기를 마실권리가 있다고 생각합니다
503848,2019-01-23,2019-02-22,0,2,저출산/고령화대책,여자들 병역세낸돈을 20대~30대 결혼한남자들한태  사천만원 이상주면 저출산 사라질거에요.!!!,"곧 다가올 인구절벽 문제도 그렇거니와 병역에 대한 인적 자원은 갈수록 줄어들고 있는데,\n병역 의무 이행자에 대한 처우는 크게 진전이 되지 못하고 있습니다. 이래서야 누가 병역 의무를 선듯\n이행하고 싶어하겠습니까.\n이를 개선하기 위해서는 그들의 급여를 최저임금에 준하는 수준까지 끌어올린다거나 복지환경을\n대폭 향상시키는 방법이 필요한데, 이를 위해서는 당연히 재원이 필요합니다. 그러자면 세금을 더\n걷을 수밖에 없고요.\n이에 대해서 한가지 방법이 있습니다.\n""헌법 제39조 1항: 모든 국민은 법률이 정하는 바에 의하여 국방의 의무를 진다.""\n네, 그렇습니다. 모든 국민에게는 헌법상 국방의 의무를 지도록 명시되어 있습니다. 헌데 여성의 경우\n현재 구체적으로 어떤 국방의 의무를 이행하고 있는지가 명확하지 않습니다. 징병제에서는 당연히\n제외되어 있고, 그렇다고 대체복무나, 아니면 남성에 비해 세금을 더 내거나 하는 일도 없지요.\n그래서 제안하건데, 만 19세 이상 ~ 45세 미만의 여성들에 한해서 병역세를 만들어 부과할것을 제안합니다.\n현실적으로, 여성들을 강제 징집하는것 역시 불가능하거니와 대체복무도 현재 여건상 힘듭니다. 그렇다면,\n남은건 세금을 추가로 징수하는것인데, 거액의 액수를 부과하는것 또한 현실적으로 힘들것이니 최소 1000원\n많게는 5000원 정도의 병역세를 매달 부과하는것이 적절해 보입니다. 매달 이정도의 액수라면 병역의 의무로\n군 복무를 하는 장병들의 급여나 복지환경 향상에 큰 도움이 될것입니다.\n요약하자면 이렇습니다:\n만 19세 이상 45세 미만의 여성에게 매달 소액의 병역세를 부과하여 그 재원으로 군 장병들의 급여나 복지환경을\n대폭 개선시키자\n이렇게해서 벌어들인 세금을 20대30대남자들 중에서 결혼해서 자녀가있으면 현재가치로 사천만원정도를 주면 저출산 해결할거라 생각합니다.!!"
78126,2018-01-01,2018-01-31,0,5,농산어촌,식품업계의 적폐청산 요청합니다.,"문재인 대통령님과 청와대 관계자 분들께,\n안녕하세요, 저는 미국 뉴욕에서 10년간 살았고 현재는 한국에 돌아와 식품업계에서 일하고 있는 사람입니다. 한국어 문장 실력이 부족해도 이해 부탁 드립니다.\n제가 우리나라에 대해 늘 안타까운 것이 있습니다. 바로 글로벌 식품 국가가 될 수 있음에도 불구하고 식품 계의 적폐기업과 관련 협회들 때문에 어렵다는 것입니다.\n해외에서 오래 사신 분들은 아시겠지만 미국, 유럽 등의 현지인들은 결코 한국식품을 찾지 않습니다. 농림부에서 언론으로 내보내는 ‘한국식품 00국가 수출달성’ 등의 타이틀은 참 과장된 내용이 많습니다. 막상 가보면 현지인들이 아닌 그 나라에 사는 아시아인들과 교민들만 찾을 뿐 입니다. 예를 들어 한국에서 유명한 식품 기업 직원이 수출목적으로 프랑스로 파견되면 아마 대부분 현지 중국인 또는 교인 유통상을 만납니다. 그 사람은 본인의 실적을 내기 위해 제품을 헐값에 중국마켓 또는 아시안 마켓에 팔게 됩니다. 어차피 한국식품은 현지인들이 볼 때 국가 및 기업 브랜드, 성분 등에서 일본 보다 떨어진다 생각하기 때문에 가격 경쟁력을 유지하기 매우 어렵습니다. 한국의 대형 식품기업들은 우리나라와 우리보다 식품시장이 낙후된 아시아 시장에서만 큰 소리치지 북미, 유럽 등에서는 전혀 인정을 못 받고 있습니다. 그 이유는 다음과 같습니다.\n-\t어차피 식품은 성분과 맛입니다. 하지만 농림축산식품부 공무원, 식약처에서 유명 식품기업만 키워주기 급급한 것 같습니다. 국민들의 몸으로 들어가는 식품입니다. 아무리 대기업의 식품이라도 GMO, 화학첨가물 등 철저한 식품검사 기능이 이루어져야 합니다. HACCP인증을 받는 것도 그렇고 모두다 식품 대기업을 위한 구조로만 되어 있습니다. 해외 프리미엄 식품은 이미 글루텐프리, 렉토스프리, 비건식품, free from food 시장이 기본인데 우리나라 식품업계의 높으신 공무원과 기업인들을 만나면 저런 시장에 기본 지식도 없고 그저 화학첨가물과 gmo가 들어가는 라면 수출 등에만 열을 올리고 있습니다. 우리나라 식품시장 제발 디테일 하게 하나하나 fm대로 정책을 만들어주시기 바랍니다. 왜 쌀빵도 밀가루 섞인 재료로 만들면서 100% 쌀빵이라고 업체들은 뻥을 칩니까? 외국에는 밀가루 먹으면 목숨까지 위험한 셀리악 환자들이 투성인데 그 사람들이 한국여행와서 저런 제품들 먹고 목숨을 잃으면 어떻게 될까요? 쌀가루 1프로만 넣고도 쌀빵이라 부를 수 있는 곳이 바로 대한민국입니다. 이런 예시가 수만가지지만 여기서 줄이겠습니다. 그럼 결론적으로 청와대에 요청합니다.\n1.\t식품성분, 화학첨가물에 대한 국민들 교육이 필요합니다. 관련 캠페인, 해외 프리미엄 식품 시장 진출을 위한 시약도입 등을 시행해주십시오.\n2.\t우리나라 식품기업들은 매번 일본식품 기업의 디자인, 컨셉을 카피하기 바쁜데 그래봤자 짝퉁입니다. 복사에만 매달리는 식품기업이 아닌 제대로 된 기술을 통해 식품성분과 맛 두마리 토끼를 잡을 수 있어야 합니다. 예외로 중소기업의 이런 기술을 보유한 회사들이 많은데 대기업들이 만든 마케팅 위주의 식품시장 때문에 무서워서 기술조차 소개 할 수 없습니다. 중소기업들의 기술을 소개하고 또 이후에 대기업들에게 뺏기지 않도록 안전장치를 만들어주십시오.\n3.\t식품에 관한 제대로 된 언론보도를 해주시기 바랍니다. 예를 들어 식품 무역박람회 등에 나가면 코트라 및 기타 에이전시 등에서 계약이 되지도 않은 상태에서 무조건 박람회 마지막 날에 성과보고서를 내라고 합니다. 이걸 실적으로 올리고 언론에서 몇백불 수출달성이라고 보도하는 행위는 멈춰줘야 합니다.\n관계자분 중 한 분이라도 제 글을 읽고 공감하실 수 있음 좋겠습니다.\n감사합니다."
90530,2018-01-12,2018-02-11,0,2,성장동력,가상화폐    폐지반대 국민들의견준 들여주세여,가상화폐  폐지는 법무부 장관혼자생각이아니자나여\n국민들 생각도 쫌들어주셔야지여....  그럼가상화폐가 투기불법이라고하면\n부동산은투기 안입니까  주식도투기자나여 주식은 가상화폐보다 거품이더많습니다\n로또  토토 카지노 인런거다 투기자나요    존경하는대통령님 가상화폐  폐지만큼은 하지말아주세여..
118126,2018-01-27,2018-02-26,0,22,반려동물,여기저기서 고통받고 있는 불쌍한 동물들을 지켜주세요,"지금 반려동물은 '재산' 으로 여겨지고 있습니다.\n이 때문에 많은 동물들이 여기저기서 고통받고 있어요...\n버려지는 동물들, 자신의 의견따윈 무시받고 강제로 성관계를 갖게되고 나이가 들면 버려지는 동물들.., 오토바이에 끌려다니는 동물들까지.. 훨씬 많지만 너무 많아서 극히 일부만 씁니다..\n동물들도 사람과 똑같이 감정이 있고 고통을 느껴요.\n그런데 고작 인간과 말이 안통하거나 자신보다 약하다거나 마음에 안들거나 사리사욕을 채운다는 이유로 고통받고 있습니다.\n그러나 학대한 사람은 겨우 몇년의 감옥살이\n그마저도 안하는 경우가 대부분입니다\n밑의 사례와 같이 말입니다.\n1.굶긴 강아지에게 막걸리를 먹여 죽인 사건-처벌 불가능\n2.길고양이 600마리 이상 산채로 끓는 물에 넣어 죽인 사건-사회봉사 80시간\n3.강아지들에게 커터칼 조각을 먹이고 발톱을 뽑으며 잔혹하게 살해한 사건-불구속 기소\n4.고양이를 무자비하게 폭행하고 10층 아래로 던져 죽인 사건-20만원 벌금\n이게.. 법인가요?\n미국의 경우 애완견을 잔혹하게 살해한 경우에 종신형에 처해졌다고 합니다.\n제발 버려지고 고통받아 평생을 암울하게 살다가 고통받으며 죽어가는 주위에 많고 많은 생명들에게 관심을 가져주시고 처벌을 강화해주세요.\n동물을 학대하는 사람들의 강력한 처벌을 원합니다."
286299,2018-06-27,2018-07-27,0,83,외교/통일/국방,난민법폐지 청원합니다,난민법폐지  촉구합니다~~~\n청원50만이  다   되어가는데도  정부는 답변이없고\n제주도 무사증은 현재진행형~~~\n언론과 정치인  난민을 대표하는  연예인님  국민들계몽하기에   바쁘심~~\n국민의 대다수 반대를 일부로 지칭하며  여론 애써 무시~~~~상황이 이정도면  반대하는 목소리내는 정치인한명쯤은있어야  하는거 아닌가요?~~~\n이거  국민을개  돼지로  보는거  맞져?~~~\n박근혜전대통령이   탄핵되면서   대한민국을 강하게  만들어줄수 있는 사람이대통령이  되엇으면햇고\n문재인대통령이  당선되어서  한때는 좋아햇엇습니다~\n물론지금은 격하게 후회하지만요~~~\n자국민보호는커녕 외국인과관련 정책들은 어쩜그리\n일사천리~~~로 진행되는지요~~\n이미지로 포장된것들이 하나줄씩 벗겨지고 있는 느낌입니다~~자국민이   난민문제때문에 불안하다는데도~~철철히  무시하시네요~~~\n하나의 촛불은 바람이 불면 꺼집니다~~\n그렇지만  수백수만의  촛불이 모아지면  횃불이 됩니다~~~\n세계인권센터나    인권변호사로    계심이더  나을듯하신분같네요~~~\n능력에비해  그  자리  너무  과분하심니다~~~
277998,2018-06-20,2018-07-20,0,3,기타,저 신용자들의 금융권 이용 활성화 방안의 청원 제안,"저 신용자들의 금융권 이용 활성화 방안의 청원 제안\n본 청원인은 1997년 IMF여파로 한번 실패한 후 파산 복권한 이력은 있으나 열심히 노력하여 현재는 중소형 농기계류 도,소매 수리점을  운영하고 있으며 나이스 신용정보사의 평가등급 6등급의 저 신용자로 열심히 생활하고 있습니다\n사업개시 후 사세확장에 따라 운영자금이 많이 필요로 하여 정부 지원의 소상공인자금 15백만원을 2~3%대 초 저금리로 이용하고 있으나 그 금액이 턱없이 부족한 상황입니다\n저 신용자인 청원인은 1금융권 이용은 힘들어서 2,3,4 금융권에 27,9%의 초고금리로 약3천만원의 자금을 추가로 이용하고 있습니다\n그러던 지난 4~5월달에 정부에서 금리 상한선을 년 24%로 제한하겠다고 발표한 사실이 있습니다.\n그러나 기대출자금들은 그 금리가 계속 27,9%로 각 금융기관에서 적용하고 있어 영세 상인들은 초고금리로 인한 자금압박에 파산지경입니다.\n청원 합니다.\n정부에서는 기대출금이라도 법 시행일로부터 전 금융기관에서 집행중인 대출금의 최고 이율은 24% 이하로 소급 적용하도록 조처하여 주시기 바랍니다\n한편으로 전 금융기관에 대출관련 조회기록을 남기지 못하도록 법으로 시행하는 것으로 알고 있는데~ 그 법을 제대로 지키는 금융기관은 극소수인지 지키지 않는 것으로 나타나고 있습니다.\n그 이유인즉~ 민원인이 사용하고 있는 27.9%의 초고금리의 대출금을 저금리로 대환하고자 수많은 2,3,4금융권 의 문을 두드렸으나 하나같이 조회기록이 너무 많다~\n대출건수가 너무 많다- 총6건(정부지원 소상공인자금 15백만원 케피탈1천1백 저축은 3백 대부업(4금융)3건을 포함해서 총 6건 4천여만원인데 그중 초고금리인 27.9%의 대출금이라도 저금리로 대환하고자 수없이 노력하지만 현 제도권에서는 저금리 대환이 너무나 어렵습니다\n청원인은 신용카드도 사용하고 있고, 월매출이 1천여만원(카드매출3~4백만원) 이상되는 영세업체이지만 열심히 살고자해도 제도적으로 너무도 살기 힘드는 상황에 처해있습니다\n청원합니다, 민원인 또는 민원인과 비슷한 처지의 저 신용자들이 줄도산 하지 않고 사람답게 살아갈 수 있도록 법정 최고금리를 년20% 이하로 제한하여 주십시오\n청원합니다, 대출 조회건의 기록을 금융권에서 남기지 못하도록 강력히 조처하여 주십시오\n소 상공인 지원자금의 한도를 상향하여 주십시오, 간절하게 청원합니다."
457520,2018-12-01,2018-12-31,0,1,저출산/고령화대책,"줄어드는 출산율, 28살 환경미화원의 색각","안녕하십니다까 저는 전라남도에 사는 환경 미화원입니다. 나이는 28세 입니다. 저는 남들과 같이 철없던 시절 군대를 갔고, 남들과 같이 대학을 다녔습니다. 다행이 하나님께서 고난으로 도와주시어 철없는 저를 세상밖으로 내어 보내 주셨습니다. 그리고 한국으로 돌아와 보니, 분명 우리나라는 다른 나라에 비해 아주 충분히 잘 사고 있는 것으로 보임에도 실업자 문제에 닥쳐 있고, 젊은 이들 제 친구들은 몇번을 물어봐도 돈이 이 세상에서 최고라고 말하며 명예롭지 못하게 살고 있습니다. 외국에서 제가 만나본 수많은 우리 나라 젊은 이들은 한국을 다시 가고싶지 않다고 말합니다 어떤 두 분은 국립대 메카트로닉스 학과 4년제 대학을 졸업하고 회사를 다니다 그만두고 외국에서 그래도 한국보다는 낮다며 열심히 일했었습니다. 2년전의 일입니다 . 분명 외국에서의 삶은 고달픈 것인데 우리 젊은이들은 그래도 외국이 낮다고 말합니다.\n저는 국내 간호학과를 3학년때 그만 두었습니다. 3학년때 실습에서 본 간호사의 삶은 제 생각과는 너무나도 동떨어져 있었습니다. 대한민국의 간호사는 희망이 없습니다. 그래서 저는 환경미화원이 되었습니다. 차라리 환경미화원이 지금 세상에서는 더 낮다고 여겼으니까요. 어느덧 회사생활 9개월째 저는 행복합니다. 하지만 아직도 결혼에 대해서는 꺼리고 있습니다. 여기 제가 몇 일간 생각해본 바로는 첫째로 국민들은 계속되는 국가의 저출산/고령화 정책에 대한 믿음이 없고, 둘때로 미래에 대한 기대치가 너무 높아져 결혼을 하고서도 젊은 서민 세대는 무리를 해서라도 더 좋은 집으로 가려 하고 있습니다. 이에 무리한 대출은 많은 이자를 부릅니다. 행복은 만족에서 오지만, 우리 세대의 만족은 지금 낮은 곳에 걸려 있는 것 같습니다. 사랑이 먼저이니까요.\n일단 저의 짦은 생각과 견해로는 지금 성공적이지 못한 출산 유아지원금 정책은 여기서부터 전진을 멈추시고, 차라리 신혼부부에게 아파트나 주택보급을 1채 무상으로 하거나 주택 보조 지원금에 보태는 것이 지금 가장 큰 이슈인 저출산 문제를 해결할 수있는 문제라고 생각합니다. 또한 이미 결혼한 신혼부부 10년 이하도 주택 대출이 있다면 상환이 조기에 이루어질수 있도록 하여야 한다고 생각합니다.\n감사합니다."
402122,2018-10-09,2018-11-08,0,7,교통/건축/국토,"건설장비(덤프) 유가보조금 도입 및 진개덤프, 화물 차량(트레일러)의 불법 골재 운반 단속 강화","안녕하십니까!\n저는 17년간 직장생활을 하다 회사의 권고사직으로 1년전 퇴사를 하고 지금은\n지인의 소개로 건설장비(덤프)를 하고있습니다.\n현재 덤프는 건설장비로 분류되어 있어 화물차들처럼 유가보조금을 받지 못하고 있는 실정 입니다.\n저희 차량은 일반도로 및 각종 건설 현장을 다니고 있어 다른 일반 차량과 동일 하게 운전을 하고 있는데\n건설 번호판을 달고 있다는 이유로 해택을 받지 못하고 있습니다.\n하지만 골재장을 다니다보면 저희와 동일한 차량중에 노란색 번호판을 달고 동일한 일을 하고 있는 차량들이 있는데\n이 차들은 유가보조금을 받고 운행을 하고 있습니다.\n진개덤프로 등록한 차량들 입니다. (법적으로는 골재 및 건설 현장에서 사용하면 않되는 차량 입니다.)\n국가에서 지속적인 단속을 하지 않고 업체들은 진개덤프 및 트레일러 들의 단가가 저념하다는 이유로 이용을 하고 있는 실정 입니다.\n저희는 정당하게 세금을 내고 정당하게 일을 하고 있습니다.\n국토부 및 관련 기관에서는 불법적으로 운행하고 있는 진개덤프 및 트레일러의 단속을 부탁드립니다\n또한, 기름값 인상으로 이중고를 격고 있습니다. 건설장비(덤프)도 유가보조금을 받을수 있도록 부탁드립니다"
284544,2018-06-25,2018-07-25,0,5,안전/환경,문재인 대통령은 해외 유람 좀 작작다니고 대한민국 미세먼지나 해결하시길,안전 안전 노래를 부르면서 미세먼지는 왜 해결 안함? 거짓말하는 정치인의 표본이네요
148598,2018-02-23,2018-03-25,0,1,농산어촌,농.어가에 최저생계비 지원하라,농어가의 근로연령이 높아지고 노인자살율이 증가하는이유 알고있나?\n1) 젊은세대의 농산촌 영입을 유인하는정책이라면 국민최저생계비 지원을 우선하라\n2) 귀산촌 귀어자에 농지구입 국비지원은 빛더미에 올라앉히는 적폐정책이다\n3) 귀어 귀산촌을 장려하는 정책의 수정을 바란다...먹튀가 예상된다\n4) 농어가노인은 생계비에 쪼들리고 있다. 능력이 한계에 달했다 우울증에 자살률이 급증하고있다
371337,2018-09-08,2018-10-08,0,16,문화/예술/체육/언론,국기원 오현득원장 사퇴,국기원이라는곳은 태권도인의 상징이자 국기태권도의 자존심입니다.떳떳하지 못한 국기원은 필요없습니다.지금까지 국기원장을 지냈던 모든 수장들이 수많은 비리와 잘못된 행정으로 비난의 봇물을 받아왔습니다. 그러함에도 불구하고 왜 구체적인 수사와 압수수색을 수차례 진행함에 있어서도 아무런 대책마련도없고 대응책도 없었습니다.예를들어 고)김운용전 IOC위원장겸 국기원원장 비리사건으로 인해 수차례 수사를 했음에도 불구하고 증거까지 확연한데 수사는 이유같지 않은이유로 보류되었고 아무런 질책하나없이 무산되곤 했습니다.결국 당시 태권도범대위(태권도바로세우기대책위원회)에서 끈질긴 추궁과 계속되는 수사촉구 이어 결국에 검찰도 캐내지못한 증거를(범대위)에서 확보하여 검찰에 전달하여 사표를 받아 사임을받았고 그리하여 전세계인이 그 사실을 알게됨으로써 사건은 일달락되었습니다. 승품.단심사비로 운영되는 국기원 심사를 못보면 불이익을 당하기때문에 이러한 사실과 문제점을 알면서도 문제제기를 하지도못하고 울며겨자먹기식으로 심사를 볼수밖에없는 일선 태권도지도자들 우리모두 반성하고 이번기회에 태권도를 바로잡아야 할때입니다.현재 국기원장부터 국기원이사로 구성되어있는집단 모두 갈아치워야 하며 진정 태권도를 위해 자기자신과 현역에 있던 임원직을 버리고 희생하면서까지 앞장서서 고군분투했던분이 국기원장 자리에 당당히 올라야합니다. 이 억울함과 정직과 정통을 살리려고하는 해외지도자 및 국내지도자를 대신해 청원합니다.
153051,2018-02-27,2018-03-29,0,27,외교/통일/국방,천안함 재조사를 요구합니다,천안합은 반드시 진상 규명 되어야 합니다\n처음부터 수 많은 의혹을 깔아 뭉개고 ... 합리적 의문을 제기 하면 빨갱이로 몰고 ....\n무조건 북한 소행이다 .. 그 말만 믿으라 하지만 ..\n정작 그 근거는 무엇입니까??\n천안함 재조사 강력히 요구합니다
335877,2018-08-10,2018-09-09,0,10,농산어촌,개고기를 축산물 관리법에 등재하여 안전하고 위생적인 관리를 할 수 있는 제도적 기반을 마련해 주십시오.,"개고기의 큰 문제점은 다음과 같습니다.\n1. 위생적이지 않은 사육환경\n2. 도축과 유통과정에서의 비공개로 안전에 대한 불확실성.\n이 문제점 모두 개고기를 축산물 관리법에 등재하여 철저한 당국의 지도, 관리, 감찰 등으로 충분히 해결할 수 있는 사안입니다.\n개고기의 식용에 대한 금지는 엄연히 헌번에 명시된 개인의 자유를 침해하는 법이며 그 어느것도 공익적이거나 급박한 상황이 아니기에 개인의 자유를 침해할 수도 받을 수도 없습니다. 또한 보편적인 개는 멸종위기종도 천연기념물도 아닙니다. 물론 특수하게 '진도개', '풍산개', '삽살개', '동경견'등 천연기념물로 지정된 경우는 보존하고 함부로 도축을 해서는 안되겠죠. 그러나 동물단체에서 이야기하는 '개'는 그렇지도 않습니다. 개는 반려동물이고 다른 동물은 아니다? 반려동물이라는 것은 사람마다 다 다릅니다. 개뿐만 아니라 소, 돼지, 말, 양, 닭등 다 가능합니다.\n추가적으로 한 국가의 정부라는 단체에서 정확한 사실관계도 파악되지 않고, 동물단체에서 조사한 충분히 각색되고도 남을 통계자료를 곧이곧대로 믿는 경우가 어디 있습니까? 이건 상식적으로 생각해봐도 이해할수가 없네요."
301238,2018-07-09,2018-08-08,0,3,농산어촌,폐광지역 건축물 양성화 청원합니다,"안녕하세요. 저는 강원도 태백에 사는 청년입니다.\n아시다시피 강원도에는 많은 폐광지역이 있습니다. 삼척도계,정선,영월,태백 등 많은 곳이 있습니다.\n제2의 인생을 시작하기 위해 수도권을 떠나 강원도에 이주를 하게되었고, 올해 강원창조경제혁신센터의\n폐광지역 지원사업을 통해 빈집을 통해 창업을 할수있는 기회를 얻었습니다.\n하지만 사업을 하려해도 너무 힘든 실정입니다.\n빈집 대부분이 건축물대장이 없는 불법건축물이고, 몇년에 한번씩 양성화 제도가 있었지만,\n지자체에서 석면지붕 철거비용을 대신 지급하는 서비스를 제공하지만, 어르신들은 잘모르셔서인지\n그대로 방치되는 경우가 다반사였습니다.\n이 청원은 저 개인만을 위한 청원이 아닙니다.\n폐광지역에 있는 수많은 죽은 공간이 청년들이 재도전할수 있는 밑거름을 위한 청원입니다.\n학교를 졸업하고 사회를 나오면 취업이 되고 쓸모있는 사람이 될줄 알았던 청년들이 너무 많이 버려지고 있습니다\n폐광지역의 죽은 건물을 살리고, 이곳에서 제2의인생을 시작하려는 청년들이 창업에 도전할 수 있도록\n양성화의 길을 열어주세요. 지역의 어르신들을 만나뵙고 양성화를 도와드리고, 폐광지역에서 무언가를 하려는\n청년들에게 공간을 내어주도록 저 또한 앞장서서 노력하겠습니다.\n이미 버려진 빈집들을 건물주의 재산권이익이 아닌 청년들이 새로운 도전을 하는 경우라면\n정부차원에서  길을 열어주셨으면 합니다. 부탁드립니다."
227263,2018-05-08,2018-06-07,0,1,저출산/고령화대책,지난 정부에서 잘 못 시행 된 기초노령연금 정책,"기초노령연금을 20만원으로 책정해놓고 시행할 때는 부부가 함께 살면 20%를 깎아서 16만원을 지급했으며 지금도 그렇게 실행되고 있습니다.\n두 부부가 함께 오래 산다는 이유로 책정 된 금액에서 20%를 깎아서 지급하는 비론리적 정책이 끝내는 교도소에서 교정을 받게되는 현상을 우리는 뼈아프게 경험하고 있습니다.\n금실좋게 오래 살면 왕이 그들을 위하여 청려장을 만들어 하사하였었다는 고사도 있는데,  함께 오래 잘 사는 게 허물이 되어 국가에서 책정된 금액조차 깎아서 지급되는 일은 하늘이 놀랄 일입니다\n문재인 정부에서는 기초노령연금 지급을 늘려서 지급하는 것도 좋지만,\n한 사람, 두사람 등 차별하지 말고 공평하게 바로잡아 주시기를 청원하는 바입니다."
110481,2018-01-23,2018-02-22,0,12,문화/예술/체육/언론,국민로또 농협과 이명박 친분 철저히 감사해 주세요,안녕하세요\n국민행복 로또에 대하여 마감후 10분이내 생방송을 안하는점과\n농협과 이명박의 사이에대해 특혜성이 있나 없나\n철저하게 감사와 로또기계에 대해 자기장 전극조절로\n대국민 사기극을 펼치고 있는것에 대하여 철저히 조사하여 주시길 간곡히 청원 드리는 바 입니다...
434893,2018-11-07,2018-12-07,0,27,저출산/고령화대책,유시민 작가가 청원한   초등학교 빈교실 어린이집 활용   어떻게 진행되나요?,"유시민 작가가 청원한\n초등학교 빈교실 어린이집 활용\n어떻게 진행되나요?\n중학교도 교실이 남아돕니다.\n예전에 한 학년에 12반 15반까지 였던 교실이\n지금은 한 학년에 고작 5학급이고\n나머지 교실은\n교사연구실, 교사 휴게실 등등등\n수학교사 연구실 과학교사 연구실\n거의 대학교수실 개인 연구실 처럼\n교사들 연구실로 이용하고 있습니다.\n중학교 남아도는 교실도 활용바랍니다."
355573,2018-08-26,2018-09-25,0,3,문화/예술/체육/언론,언론의 오보 처벌방법을 만들어주세요.,"'아님 말고' 식의 언론 보도는 이제 그만!\n언론인이라면 국민의 알권리를 위해 작성하는 기사 등에\n책임감을 가져야 한다고 생각합니다.\n충분한 조사를 거치지 않고\n여론을 호도할 목적으로 만들어진 기사 등은\n오히려 국민의 '제대로 된' 알권리를 침해하는 것입니다.\n또 무심결에 던진 돌멩이에 개구리가 죽을 수도 있습니다.\n언론 탄압이 아닌 방식으로\n책임 있는, 진정한 언론의 모습을 기대합니다."
158209,2018-03-05,2018-04-04,0,3,정치개혁,박수현 전 청와대 대변인 출판기념회.......청치인의 출판긴념회......에 대하여,정치인들의 출판기념회를 그냥 둘 것인가 ?\n대답을 하시오.......\n저런 것은 적폐일까 ?   아닐까?
97473,2018-01-16,2018-02-15,0,1,외교/통일/국방,평창올림픽,40대주부입니다 북한이 참석하는 반대하진 않 지만  입장때  각자 국기를 들고갔으면 합니다 다른나라에  기자들 다 참석하는데 대한민국에서 주최하는게 안보일수록 있다고봅니다 그리고 응원단이 너무 화려해서 북한에서 주최하는걸로보일수도 제발 북한 실무회담때 이런점 잘고려해서 협의했으면합니다 그리고  열심히 준비한 선수들 아무리 피해가없다지만 가족들은 올림픽때 자기 자식들 얼굴 오래보고싶어하는 가족마음을 헤아려 주시면 좋겠습니다
109208,2018-01-23,2018-02-22,0,2,인권/성평등,전부산지검 기우전검사직무대리를  조사해주세요,전부산지검 검사직무대리 기우전은 고소인이 교육공무원이라는 이유로\n무고가 확실한데도 피고소인을 기소하였습니다.\n현재 기우전은 검찰에서 퇴직한 상태라 합니다.\n소재파악하여 조사해주시길 바랍니다.\n장애아동을 폭행한 염미희(부산 당감동소재 특수교육담당자)라는 교육공무원의 허위고소에 대해 허위라는 물증도 있으며 증인으로 내세운 염미희의 동료 노성태와의 진술도 판이하게 염미희와 다릅니다.\n기록은 사진이 올라가지 않아 올릴수 없지만 제가 다가지고 있는터라 보내드릴수 있습니다.\n기우전 직무대리 -932호\n051-606-4508\n현재는 퇴직한 상태라 이번호로 전화하면 기우전의 소재파악을 할수 있을듯 합니다.
320310,2018-07-26,2018-08-25,0,12,인권/성평등,여성가족부를 양성 을위한 가족부로 바꾸어 주세요,지금 인터넷 사용자들이 이제 여자위한 나라된다 10분의9가 여자권리 되면 어떻하냐등의 댓글이 많이있습니다\n지금 여성가족부도 여자를위해 일하지\n가족중 남자를 위해 일한적이 있는지 전 모릅니다\n성평등을 만들려면 남성가족부나 여성가족부를 양성 가족부로 만들어야합니다\n그레야 공평하고 인터넷 사용자들중 남성분들도 이런댓글이 안달리고 해화역 시위도 없어질겁니다\n또 대한민국이 양성평등 10위안에 들수도있습니다\n결론정리는\n1.남성.여성 일부의 불만이 없어진다.\n2.양성평등이 아주 잘이루어진다\n입니다
265307,2018-06-07,2018-07-07,0,1,행정,게임물관리위원회 등급분류 계류,저희 아케이드 기기의 등급분류를 게임물관리위원회에서 2년 가까이 계류시키고 있습니다.\n중간과정에서 온갖 핑계를 대며 명확한 이유없이 15일 안에 등급분류를 끝내야 하는 규정을 무시하고 있습니다.\n이유는 알 수 없습니다. 논쟁 키워드 정도만 공개하며 세부사항은 외부공개 불가라는 말만 반복하고 있습니다.
484724,2019-01-02,2019-02-01,0,1,문화/예술/체육/언론,작가일만명양성제도,"작가일만명 양성정책,,,,작가지망생들의 교육센터를 만들어서 일만명의 작가들이 책한권씩을 낼 수 있도록 도와주는 제도를 만듭니다.이유는 순수한 우리말을 지켜나가야하기 때문입니다.그러면 새종대왕님과 모든 한국사람들이 한글정신을 이어가는 것을 기뻐할 것입니다.대학국문과출신들의 작가로서 진출할수있도록 도와주고 작가들도 기본적인 국가로부터 지원을 받아도 되는 집단입니다. 우리나라는 한글나라입니다."
270420,2018-06-14,2018-07-14,0,1,육아/교육,위탁교육 흡연시설 문제,영등포에 있는 한국××사관학교 위탁교육기관이 맞는지 모르겠지만 보통 학생들 등교시간에 맞춰 다양한 교복입고 등교하는거보면 위탁교육기관인듯 싶은데....   근데\n문제(?)는 그 학교건물 옆에서 당당하게  교복입고 담배를 남학생 여학생 모여서 피우는데  뭐 요즘 피우는애들 많아서 피우는게 문제라기보다는  흡연실처럼 비닐하우스를 만들어서 (재털이도있음)피운다는겁니다~ 그것도 그 학원샘들하고 같이 말이죠~\n피우는거야 자유겠지만 위탁교육기관이면 그래도 나름 학교인데 금연하라고 지도를 해야하는곳에서 흡연실까지 만들어 주는게 과연 올바른 교육기기관인지 의심스럽네요.\n학생들이 교복입고 담배피우는건 하루이틀도 아니니  그냥 그렇지만 위탁교육기관에 흡연실은 아닌것 같아서  시정될수있게 글올려봅니다~
154056,2018-02-28,2018-03-30,0,0,농산어촌,전주 한국토지주택공사 이전,2011년 전주에 오기로 한국토지주택공사가\n진주로 이전되었죠.\n전 이결과에 의의를 두고싶습니다  호남 그중 전북은\n많이 소외되고 발전은커녕 매년 인구도줄고 일자리도\n줄고있습니다. 새만금이라는 희망이있지만 새만금을\n핑계로 예산은 점차줄고있고 새만금마저도 과거\n이명박근혜 정부때 제대로 실행되지도않았습니다\n우리 전주와전북엔 공기업이라곤 하나도없고 내놓으라 하는 산단과 공장도 없고 더군다나 현대중공업 한국gm군산공장 철폐등으로 우리 전북\n경제에는 더욱 악영향을 미치고 있습니다.\n진정으로 문재인 대통령께써 지역균형발전을 원한다\n면 전주와전북에 신경좀써주세여
26288,2017-11-05,2017-12-05,0,15,보건복지,"간호사,간호조무사에대한  대우개선","요즘  병원에서\n호보자  없는  병원이라는 타이틀로\n예전엔 보호자가   해야할일이  간호조무사의  일로  바뀌고있습니다.\n당연 좋은정책인거  압니다.꼭 필요한 정책이구요.\n하지만   그로인해 간호조무사의  일은  늘어났지만\n병원에서는 인원을 더  뽑지도  않으며\n월급  인상도  없이 똑같은  인원으로  일을해야합니다.\n한 병실에  한명의 간호조무사라니....\n씻기고  먹이고 검사실 이동하는 역활\n환자의  의식상태등  계속  관찰해야할 일입니다\n검사실  이동을  돕고,  샤워등을  도울때  등\n병실에 자리를 비웠을때\n환자가  발작해서  사망까지갔을 상황이라면 비난은\n저희  몫이고   기사가 나가고  시끄러워  질것이  분명하지요.\n또한 밥도못먹고  화장실도  못가  생리대도  갈지못하는 이현실은\n노동법에도  위반되는  일이라  봅니다.\n일하는 이유는  적어도 밥먹고  살려는  거잖아요?\n그만금  인력을  늘려야  하는것이  당연한데\n임신을  순차적으로  해야만하는  현실..\n간호사분들도 이일이  당연시  하는게\n정상적인  근무  환경인가요?\n국가에서  임신해라  인구가  적다...\n애낳아야  애국이다...\n말만하면  뭐합니까?\n정책을  새울때  그에대한\n서브대책방안은  생각을  못하는것을보면\n정책을  얼마나  막장으로  하는지  보여지는듯합니다\n처우개선  꼭  부탁드립니다"
516693,2019-02-04,2019-03-06,0,15,농산어촌,PLS 제도 어떻게 생각하시나요?,배추농사를 지어놓고 흰무늬병 와서 여러군데 알아 보아도 등록된 농약이 없다네요.ㅠㅠ.  억지로 이 제도를 만들어 내더니 대처방안도 없이 이런것을 지키라하면 어떻게해야 할까요? 점점 병균이 배추를 덮어가고 있는데 막막 합니다.  보상 소송이라도 해야 하는지 갑갑합니다. 낼모레가 설인데...즐겁지가 않네요. 어찌하오리까요?..\n정부에서 할수있는 사용허용농약 동록이라도 서둘러야 되는게 아닙니까?
326321,2018-08-01,2018-08-31,0,13,교통/건축/국토,사유지 불법 주차를 근절할 제도적 장치를 마련해 주세요!,"사유지에 불법으로 주차를 한 차량에 연락하여 차량을 이동해 줄 것을 요청했는데 도리어 성을 내고, 심지어 고성을 지르고 주먹으로 칠 듯이 싸우려고 덤벼드는 경우도 있습니다. 어째서 개인 사유지가 침범을 당하는 순간에도 주인으로서 이런 경우를 당해야 하는 것입니까? 이와 비슷한 경우로 어려움을 겪거나 정신적, 물적 침해를 당하는 경우도 있는 것으로 알고 있습니다. 심지어 이 문제는 한 해 두해의 문제가 아니라 오랫 동안 우리 사회적으로 제기되어 온 문제입니다. 사유지 불법 주차 차량에 대하여 강제 견인을 할 수 있도록 제도적인 장치를 마련해 주세요. 그리고 강제 견인시 견인 비용과 견인 중 차량 손상에 관하여 요청자나 견인자에게 책임을 묻지 않도록 조치해 주시기를 바랍니다. 개인 차량에 관하여 문제가 생기면 피해를 보상해 주어야 하면서, 어째서 개인 사유지에 침범한 차량에 대해서는 아무런 조치도 취할 수 없다는 말입니까? 이것이 상식적으로 이해가 됩니까? 하루 빨리 이 문제에 대한 답변을 요구합니다."
484940,2019-01-02,2019-02-01,0,0,농산어촌,포도 비가림 설치 지원해주세요,17년도 화상병으로 인하여 폐원을하고 포도을 심었는데  덕설치및 비가림시설이 꼭필요합니다 19년도 도  시비  지원이없어서  참 답답합니다  제발부탁드려요
137168,2018-02-12,2018-03-14,0,24,반려동물,"개식용농장, 강아지공장 폐쇄 요청합니다.",아직도 개를 무참하게 도살하고 학대하는 개식용농장 및 인간의 탐욕으로 이루어지는 잔혹한 강아지공장을\n하루빨리 폐쇄해 주시길 청원합니다. 또한 동물보호법을 강화시켜 주세요
438732,2018-11-11,2018-12-11,0,8,기타,종교단체 양심이 있는지 알아봅시다.,최근 양심적 병역거부라는게 통과했네요.\n그래서 말인데 양심이 있는 종교단체들 세금을 내나요?듣기론 안낸다는 소리가 있던데?\n이나라 사는 국민으로서 투명하게 종교단체들 세무조사좀 해보죠.과연 양심있는지 종교를 핑계로 병역거부할정도로 양심 있는지?
201139,2018-04-16,2018-05-16,0,28,정치개혁,대한항공 3세 경영의 부작용에서 오는 국민들의 상실감과 노여움,"대한항공 3세 경영의 부작용에서 오는 국민들의 상실감과 노여움\n재벌 3세들의 특권의식에서 상대적 박탈감이 가중됩니다.\n이들이 관연 무엇을 알고\n그 큰 기업을 경영할 수 있을까?\n부럽기도 하지만,\n현재의 여러가지 실태를 보면 짜증나고 삶이 싫습니다."
160685,2018-03-07,2018-04-06,0,3,기타,연말정산 좀 없애주세요,저희 어머니가 주.야갼 힘들게 일을해서 200만원을 조금 넘게 받습니다. 힘들게 벌어도 아끼고 싶지만 연말정산때 물어내지 않을려고 현금영수증도 하고 체크카드도 씁니다. 그런데 항상 연말정산을 하면 30만원에서 50만원까지 물어냅니다. 연말정산은 서민한테는 필요없는 정책 같은데 개선이 필요합니다.
424260,2018-10-29,2018-11-28,0,2,일자리,최소 3년이상 경력자에 한해 공무원 임용으로 일자리문제 해결,"저는 건설관련 설계회사를 운영하는 사람으로 일자리도 늘리고 공무원과 공기업 직원의 실력도 높여 국가 경쟁력을 제고할 수 있는 방안이라 판단되어 제안합니다. 신입사원을 뽑기 위해 워크넷 등에 올리고 건설관련학과 교수들에게 추천을 부탁했으나 인력을 구할 수 없는 실정입니다.\n대학 졸업하는 청년들이 공무원이나 공기업을 가기 위해 시험준비를 하기때문에 일반 회사는 인력난이 심한 형편입니다. 한편으로 각종 설계 관련하여  대관업무를 하면서 느끼는 점은 대학졸업 후 실무경력 없이 공무원에 임용되다보니 업무추진이 안되고 오히려 기피하기까지 한다는 것입니다.\n오늘날 중국의 경쟁력은 젊은 공산당원들을 농촌이나 공장 등의  현장에 보내서 실무경력을 쌓아 능력별로 발탁하는데 있고 그 사례가 시진핑국가주석이라는 글을 본 적이 있습니다. 우리나라의 농어촌과 중소기업의  현실은 인력난으로 어둡습니다. 공무원과 공기업, 대기업을 선호하는 사회적 분위기는 국가 경쟁력을 약화시키고 있으며 경험이 없는 신입 공무원 등에 의해 행정업무조차 원활하지 못한 실정입니다.\n따라서, 대학 졸업 후 최소 3년 이상 경력자에 한해 관련 직군에 지망할 때 가점을 부여하면 중소기업이나 영농법인 등의 취업율이 높아질 것이고, 경력을 쌓기 위해 취업한 청년층이 해당 업무에 비전을 갖게 되어 계속 근무할 경우 인력난 해소가 될 것입니다.\n또한,  3년 이상 경력을 쌓은 후 공직에 간다해도 실무 능력은 물론 해당 업무의  애로사항을 알기때문에 행정력의 낭비가 최소화되어 국가경쟁력이 높아져 1석3조가 될 것입니다."
417817,2018-10-24,2018-11-23,0,51,미래,심신미약 없애주세요,심신미약이라고해서 절대로봐주면안됩니다\n살인 강도 폭력 등등 흉악범들은 하나같이 심신미약\n이라고주장하고있습니다 강서구살인범 김성수도\n그렇고 그전에도 범죄자들은 심신미약주장했고\n법은 감형받았습니다 대표적으로 조두순 술을먹고\n기억이나지않는다고주장했고 결국 법은 12년형을\n선고했습니다 저도 범죄저지르고 심신미약주장하면\n봐주는겁니까? 아무리 정신이이상있든 없든\n범죄자는 범죄자일뿐입니다 심신미약 없애주세요
461283,2018-12-05,2019-01-04,0,5,기타,대통령되기전에는 한명한명 사고자 다 찾아다니며 사진찍던 분이..,대통령되시니...사고가 이렇게 많은데..SNS에 라도 한마디 찌끄리시지도 않고..변해도 너무 변한거 아니십니까? 되면 끝입니까? 예전에 국군 장병 한명한명 다 찾아다니면서 손잡아주고 사진찍어 홍보하고 그러시지 않으셨습니까. 이제는 왜 안하십니까\n위로의 말이라도 한마디 하셔야죠...그래야 당신 뽑은 국민들의 이유가 억울하지 않을거 아닙니까.
513496,2019-01-31,2019-03-02,0,14,미래,학교폭력 처벌 강화 해주세요,학교폭력은 이제 어린애들끼리 싸우는 정도를 지나처서 살인 협박까지 하고 있습니다\n근데 이 학생들을 처벌하는 곳이 학교여서는 안됩니다\n만약 학교에서 가해학생 처벌을 하면 그 학생이 다니는 학교 이미지 때문에 가해학생 처벌하지 않고 봉사활동 조금 대충하다가 끝나면 다 해결 됩니다.\n가해학생도 경찰서 가고 소년원 가서 그 학생이 무엇을 잘못 했는지를 생각하게된다 또한 청소년법 개정이 필요하다고 생각합니다 처벌 연령대를 낮추고 처벌 수위가 낮다고 생각합니다\n당신에 자녀가 피의자가 똑같은 상황에 처할수 있습니다\n많이 동참해 주시고\n많은 공유 부탁드립니다\n감사합니다
12355,2017-09-07,2017-12-06,0,2,미래,소년법폐지제발요,제발소년법폐지해주세요\n이나라에서 살기 두렵습니다\n미성년이 예전에미성년이 아닙니다\n피해자가 도망다니고 피의자가 당당한나라\n대한민국....
226924,2018-05-08,2018-06-07,0,6,문화/예술/체육/언론,티비조선 언론 보장 해야합니다,티비조선 종편을  취소 또는 박탈 한다는것에 반대합니다. 주권당인 민주당에 불리한 내용을 보도했다고 해서 언론 보장권을 박탈하는 행위는 잘보고 있던 국민들에게도 피로감을 줄 뿐만 아니라 국민이 알권리 또한 박탈 하는 것 입니다.  그리고 언론보장권이 박탈 된다면 후대에 보기에도 좋지 않습니다.   문재인 정권은 비록 진보주의적 성향의  당에 속했지만 나라의  대장으로써  진보와 보수를 감싸야 하고  진보에서 잘 못 행하는것  또한 과감히 싹을 잘라야  합니다. 지금은 보기에 너무 한 쪽으로 치우친듯 하여 위태해 보이기 까지 합니다. 부디  지혜로운 대통령이 되고 균형잡힌 나라가 되도록 해주실 줄 믿습니다.
312330,2018-07-20,2018-08-19,0,19,육아/교육,우리 아이들 안전하게 키워주세요,저는 13개월 딸아이를 가정어린이 집에 보내는 엄마입니다. 이번 11개월 아가가 낮잠을 자지 않는다는 이유로 죽음에 이른 사건은  정부의 책임이라 생각합니다. 아이 낳으라고만 하지 마시고 제발 안전하게 건강하게 키울 수 있도록 힘써주세요.\n영유아 보육은 전적으로 국가의 책임입니다.\n국가가 나서서 책임져 주세요.\n지금의 가정어린이집 시스템으로는 이런문제가 계속 될것이라 생각됩니다.\n국가가 책임지고 아이를 안잔하게 키워준다면 누구나 아이 낳고 키울 것입니다. 아이 키울 자신이 없어서 못낳는 겁니다. 맞벌이 상황과 팍팍한 현실에 내아이 낳아 잘기를 자신이 없습니다.\n이번 일로 너무나 답답하고 슬픈마음에 모자라고 두서없는 청원이지만 국민의 한사람으로써 한마디 꼭 하고 싶어 글적어봅니다.
279975,2018-06-22,2018-07-22,0,5,행정,공인인증서 좀 제발 없애주세요,진짜 이런 쓰레기같은 시스템을 아직도 유지하는 이유가 뭔가요\n대한민국의 암덩어리 공인인증서 좀 없애주세요
34826,2017-11-11,2017-12-11,0,0,정치개혁,이명박 출국금지,출국금지 청원합니다
411908,2018-10-19,2018-11-18,0,1,안전/환경,노점상 노동환경 관련,기을 걷다보면 거리에 인도에서 장사하시거나 노점상 장사 하시는 분들을 목격하게 되는데요. 연세드신 분들이 대부분이십니다. 덥고 추운날 체력저하로 힘 풀려 앉아계시거나 도로와 인도 경계선 없이 위험하게 장사하시는 모습을 많이 뵙게 되었는데요. 국가에서 장사하실 수 있는 터전 마련과 기업에서는 이용하지 않는  공간을 사용할 수 있게 배려해 주세요. 그리고 좀 더 안전하게 청결한 음식과 물건을 판매 하실 수 있도록 관심를 갖고 지원을 해주세요.
353345,2018-08-24,2018-09-23,0,0,안전/환경,경멸합니다,재량으로 맡긴탓에 이 날씨에고 불구하고 강제로 가게 되었습니다\n잘 알았네요\n고등학교 취급을 고등학생 인권을
104053,2018-01-19,2018-02-18,0,9,행정,가상화폐 공직자 법의모순,http://news.naver.com/main/read.nhn?mode=LSD&mid=sec&sid1=101&oid=422&aid=0000298865\n길게 쓰지 않겠습니다.\n정부정책을 일선에서 제일 먼저 알수있는 공무원이 규제안을 놓고 가상화폐를 매매한 이사태\n불법이 아니기때문에 처벌할수 없다고 하죠?\n그럼 법무부는 뭐하는 집단입니까?\n법에서 정한 도박의 정의에 속하지도 않는것을 도박으로 매도하며 폐쇄안까지 내놓고\n무리한 시장개입으로 시장에 큰 타격을 입혔죠?\n그렇게 건들여놓고 공직자 처벌할수없다?\n법적으로 문제가 없는것으 왜 폐쇄폐쇄 거리며 시장을 불안하게 하는지 입장 발표하세요!!!
145265,2018-02-21,2018-03-23,0,259,일자리,허가축사 적법화로,무허가 축사 적법화로 일자리를 빼앗지  말고\n무허가축사 양성화로 일자리를보장해주세요.
35851,2017-11-11,2017-12-11,0,0,정치개혁,이명박 출국금지,이명박을 출국금지라고 구속수사 해주세요
4791,2017-09-05,2017-09-12,0,1,육아/교육,소년법을 개정해 주세요,방황의 특권인 청소년들을 우리는 보호하고 이해하고 교육해야 합니다\n하지만 부산여중생 폭행사건처럼 우리의 선을 넘은 학생들은 처벌을 통해 학생들을 지도해야 합니다\n성인범죄 같은 일을 하고도 처벌하지 않으면 당연히 여기고 자랑합니다\n개정해주세요
184240,2018-04-03,2018-05-03,0,2,행정,택시 승차거부에 따른 법원 판례 및 도청 답변,"안녕하세요\n이러한 일까지 과연 청원의 거리가 될지는 정확한 판단이 되지는 않지만,\n최근 승차거부에 대해 그에 따른 도청에 답변을 듣고 과연 택시 승차 거부 신고가 유효성 및 실효성이 있는가에 대해 의문이 생겼습니다.\n관할 사업장 시가 아닌 구역을 운행에 따른 승차 거부는 2014년 의정부 지방 법원에서 위법하지 않다는 판례를 들어 핸디캡이 주어지지 않다는 것은 도저히 이해가 가지를 않습니다.\n물론, 수원-파주 수원-의정부 등과 같이 완전히 다른 권역이라면 거부가 합당하겠죠.\n그런데 수원-용인 수원-성남 수원-안양과 같이 같은 권역으로 이해하고 있는 시민들의 경우 이러한 승차 거부가 위법이 아니라는 사실에 대해서 논란의 여지가 있는 것 같습니다.\n그렇다고 하면 다른 인접 시에 사는 사람은 시외로 이동시 대중교통인 택시를 이용하지 말라는 얘기인지..\n논란의 여지가 많다는 것은 알고 있습니다.\n그리고 택시 불법 주정차에 대한 문제도 다들 밥 벌어 먹기 힘든 세상이기 때문에 그러한 불편이 있어도 언젠가는 내가 이용하겠지 하면서 참고 다녔습니다.\n하지만 관할 구역외 지역 승차거부의 적법성을 해당 시로 국한할 것이 아니라 각 권역별로 묶어서 관리하는게 어떨까 싶습니다.\n감사합니다."
429009,2018-11-02,2018-12-02,0,247,정치개혁,이용주 국회의원 해임을 청원합니다,"아래 제목을 잘 못 적어 다시 올립니다...\n일명 윤창호법, 음주운전 처벌 강화 관련 법안을 발의한 이용주 국회의원이 음주운전으로 적발됐습니다.\n본인의 입으로 운주운전은 살인이라고 말해 놓고,\n(음주운전=살인)\n본인이 직접 살인을 했습니다.\n(살인=음주운전)\n살인과 같은 엄벌에 처함이 합당합니다\n본인의 말을 본인이 지키지 못하는\n살인자 국회의원이 국민을 대신해 국정운영에 참여한다는 것은 있을 수 없는 일입니다...\n사회 정의를 실현 하는 것은 내부의 적을 청소하는 것에서 부터 입니다...\n위장전입 해 놓고 위장전입을 욕하는 사람 말고\n살인 하면서 살인자 처벌하자는 사람 말고\n제대로 된 사람이 국민을 대표해 주기를 바랍니다\n아울러... 이용주 해임 및 사퇴 등 책임추궁 관련 추궁이 상당히 많은 것으로 알고 있습니다.\n각각 글의 추천수로만 판단마시고, 국민의 목소리를 질적으로 깊이있게 헤아려 주시기 바랍니다"
55339,2017-11-30,2017-12-30,0,3,육아/교육,여대를 남녀공학으로 전환 청원합니다,"1. 예전에 여성들의 인권이 낮고 남아선호사상이 팽배할 때 여성들의 교육열을 높이기 위해 정부에서 설립한 게 여대입니다. 하지만 오늘날 남녀평등이 거의 이뤄졌고 여성들의 입시성적이 남성보다 월등하거나 대등할 정도에까지 이르렀고 교육에 있어서만큼은 남녀차별은 없습니다. 그러므로 여대는 존립 의미를 상실했습니다.\n2. 다수의 여대로 인해 의대, 약대, 로스쿨 등 여대에만 설치되어 있는 탓에 남성들은 아예 입학이 불허돼 또다른 형평성 논란이 발생합니다.\n이제는 남녀평등커리큘럼에 발맞춰 국내에 산재해 있는 여대를 모두 남녀공학으로 전환해 주세요.\n선거 때 적폐청산 약속하셨죠? 1억 개의 눈으로 지켜 보겠습니다."
179105,2018-03-29,2018-04-28,0,2,교통/건축/국토,"미세먼지,관광활성화,교통난 (한방에 해결되는 방법)","70년대 부산시의 도로를 누비던 전철을 재도입하여,전국토를 연결시켜 방대한 공사를 하게되면, 취업도 되어  향후 미세먼지도 줄어들고 편리한 교통으로 취업으로 인한 주택난을 겪지 않아도 되고, 땅값도 평준화 이뤄질테고, 도로도 넓어져 공기도 좋아지고 쉽고 편하게 전국토를 관광할수 있게되어 내국인은 물론 외국인의 관광 활성화도 높이고, 이것이야 말로 일거양득이 아닌 일거칠득이 되겠죠.\n다만,자칫 이명박 4대강 사업(21.8조원)처럼 감독이 철저하지 못하면 제2의 4대강 사업이 될수 있으니.. 감독을 감시하는 감사원도 철저하게 감시감독이 이뤄지도록 제도가 먼저 바탕이 되어야 할것이다.\n참고로, 한마디 덧붙이자면 4대강 사업때 우리동네 이웃노인들도 출근도장만 찍고  집에와서 실컷 놀다가 퇴근도장 찍으면 500~600만원은 거뜬히 벌었다고 자랑한다. 그래서 눈먼 정부돈을 못먹는 사람이 못난이라는 말들이 나오는 것이 요즘 국민들이 보고 들으며 체감하는 현실이다. 이런일들이 다시는 발생하지 않도록 철저한 준비가 필요할것으로 봅니다."
217510,2018-05-01,2018-05-31,0,1,외교/통일/국방,"참전명예수당이 호주는 월 250만원 수준, 한국은 30만원",참전명예수당이 호주는 월 250만원 수준이고\n필리핀은 월 60만원입니다. (2015년 기준)\n대한민국의 참전명예수당이\n호주의 1/10 수준\n필리핀의 반액도 안됩니다.\n대한민국의 참전명예수당을 최소 100만원 이상으로 인상해야 합니다.
6072,2017-09-05,2017-10-05,0,0,기타,소년법 폐지해주세요 !!!,대통령님 저는 아들을 둔 어머니 입니다 제아들은 이미 성인이지만 청소년법이 너무하다고 생각이 드네요..\n무슨 죄를 지어도 청소년법으로 처벌 안받고 감축되고 그러니 청소년들이 범죄를 청소년범죄가 해가 지날수록\n늘어나고 있는 실상입니다.. 청소년은 죄를 지어도 난 미성년자이니깐 처벌안받어 괜찮아 이런생각을 가지니깐 더욱더 저런범죄가 생기는겁니다.. 청소년도 똑같이 성인처럼 처벌을 받아야 합니다.. 왜 우리나라에만 청소년\n보호법이 있는지 모르겠네요... 제발 청소년 보호법 폐지좀 부탁드립니다
89858,2018-01-12,2018-02-11,0,4,미래,가상화폐폐쇄는주식시장도폐쇄해주세요.,"자기 능력선에서 하는 투자가\n도를 넘어 감당하기 힘들정도로 투자하는분들은\n이미 결과를 수용하기때문에 일어난 일이며,\n자기 능력껏 투자 하는분들도 수용하기때문에\n투자하는거라 봅니다.\n잠시라도 꿈을꾸며.기대하며 기댈수있는\n가상화폐를 폐쇄한다는 그런게 어디있나요.?\n그럴거면 주식시장도 폐쇄해주세요.\n다들 힘쓰고,머리써서(화폐,주식제외)돈벌게요....."
104262,2018-01-19,2018-02-18,0,16,문화/예술/체육/언론,편파방송,지금모든방송들이 편파방송아닌가요  언론 모두 아부에 달리기하는군요  정말문정부는 국가운영을   치밀하게준비하셧군요 주진우 김어준 문성근 기타등등  각계각층에 박아두고 ...  방송공정위원장 국민에알권리 보장해주세요   정말울화가치밀어  문제인이 미뮈집니다
327480,2018-08-02,2018-09-01,0,6,보건복지,장애등급이 너무 많이 떨어졌습니다.,남편이 장애1급장애인입니다.몇년저에 지금상태보다 조금더나은상태에서도 1급장애인이었습니다.그때는 잡아주면 몇걸음걸어서 화장실을사용할수있었습니다.오년전 오른쪽회전근파열로 수술후 팔을사용하지못하면서 업어서 데려가지않으면  화장실을못가는지경이되었고 아예 다리가 기역자로굳어서 앉은뱅이가되었는데 이번7월달에 장애등급을조정하면서 3급이 되었습니다. 그나마 받던연금이 끊어지고 모든지원이 박탈됩니다.\n왜 지금 심사는 더나빠진상태임에도 등급이 낮은지모르겠습니다. 등급을 다시 조정해주십시요.
206844,2018-04-20,2018-05-20,0,7,안전/환경,여객선에 해양수산부 청원경찰을 승선시켜 주세요,세월호 사건이후에도 여객선내에 안전에 대한 불안감은 사라지지 않고 있습니다. 선원과 선장들이 자신들의 임무를 충실히 다하고는 있으나 여객의 안전을 위해서는 공권력을 집행할수 있고 항만의 안전과 경찰업무를 수행하는  해양수산청 청원경찰이 승선이 필요할 것 같습니다.  봄이나 가을철이 되면 많은 관광객 증가로 인하여 선내에서 음주 소란이 자주 발생하는 경우 선원들만으로 제압하기가 힘들다고 판단됩니다.  또한 고속운항중 여객들의 요청으로 후문들 개방하고 운항하는 경우나 있으니 참으로 위험한 행동입니다. 이에 청원경찰들의 승선으로 여객의 안전에 관한 권한을 부여함으로써 여객선사고를 미연에 방지 할수 있다고 기대하는 바입니다.
406663,2018-10-14,2018-11-13,0,35,안전/환경,중국발 미세먼지 해결방안,문재인 대통령님 여름내내 동풍위주의 바람이 불땐 미세먼지 없는 맑은 하늘을 볼 수 있었습니다. 그치만 서풍이  불기시작하는 지금 중국의 스모그가 한국으로 오면서 다시 미세먼지 주의보가 시작되었습니다.  저희  국민들을 진정으로 생각하신다면 중국에서 오는 중금속 미세먼지 꼭 해결해 주셨으면 합니다.
85565,2018-01-11,2018-02-10,0,0,육아/교육,수원중앙기독중학교 학급증설 부결사유,"안녕하세요?\n수원중앙기독중학교 학급증설 요청에 관련 경기도교육청에서의 부결 사유가 너무 어처구니가 없어서 이렇게 청와대에 알리게 되었습니다.\n1. 개요\n수원중앙기독중학교에서는 2017년 여러차례 경기도 교육청에 학급증설을 요청하였으나 교육청에서의 교실이 준비가 되어있지 않다 등 여러가지 이유로 학급 증설 요청을 받아들이지 않고 있다고 2017년 12/13일에 위원회를 열어서 최종 판단하겠다고 하여 같은날인 2017/12/13일에 부결시켰습니다.\n2. 경위\n2017년 봄부터 수원중앙기독중학교에서 학급증설을 지속적으로 요청을 하였으나 학급 증반을 위한 교실이 공사중이라고 하여 학급증설을 신청이 계속 보류되어 학교에서 교실이 완벽히 완공된 10월에서야 신청을 받아들여 2017/12/13일에 경기도북부교육청에서 위원회가 개최되어 최종적으로 증반 요청이 부결되었고, 부결사유는 아래와 같은 3가지 사유입니다.\n* 부결사유\nA. 중앙기독중학교는 대안교육 특성화 중확교로서 학교교육과정, 입학전형 운영이 학교 설립목적 및 특성화 중확교 지정목적에 부합하지 않는 측면이 있음,\nB. 사회취약계층 학생에 대한 처우등이 미흡함.\nC. 저출산에 따른 학생수 감소문제로 인하여 경기도내 학교의 학급수 감축현상 등을 고려할 필요가 있다.\n3. 본 부결사유의 위법 및 부당성\n가). 절차준수 여부\nA사유인 ""중앙기독중학교는 대안교육 특성화 중확교로서 학교교육과정, 입학전형 운영이 학교 설립목적 및 특성화 중확교 지정목적에 부합하지 않는 측면이 있음""에  해당된다면 교육부에서 학교설립시 허가자체에 문제가 있었음을 자인하는 경우입니다. 중앙기독 중학교는 2007년에 개교하였으며 교육부의 지침과 대안특성화중학교로서 법과 규칙을 잘 지키고 있는데, 학급을 증설을 하겠다는 것이 학교 설립 목적에 부합하다는 것을 이해할 수 가 없습니다.\nB항의  부결사유인""사회취약계층 학생에 대한 처우등이 미흡함"" 에 대해서는 전혀 이해 및 동의 할 수 없습니다. 무슨 근거로 이러한 사유가 나왔는지 알수 없습니다. 수원중앙기독중학교는 다양한 장학금 제도가 있고 또한 사회취약층인 장애학생들에 대하여 전국의 어느학교와 비교할 수 없을 정도의 최고의 교육과 최대한 편의속에서 교육을 받고 있습니다.  중앙학원은 유치원부터 초등학교, 중학교로 이어지는 교육과정으로 유치원때부터 지속적으로 장애학생들은 일반학생들과 똑같고, 같이 도와주어야하고, 같이 교육을 받아야 한다는 일관성 있는 참교육 실천으로 일반학생들은 장애학생들을 보호하고, 도와 주고, 친구로 다가가는 것이 매우 일반화 되어 있습니다. 이러한 것이 교육의 힘이 아닐까요?  수원중앙기독중학교는 일반학생은 물론 장애학생들이 꼭 입학하고 싶은 꿈의 학교 입니다. 본 학교는 공부를 잘하는 학생을 만들어내는 학교가 아닌, 사랑을 배우고, 인간이 되기위한 기본적인 교육과 인성을 배우고, 창의성을 배우는 학생, 학부모, 교사가 모두 만족도가 매우 높은 학교입니다.  수원중앙기독중학교는 경기도에서 뿐만 아니라 우리나라에서의 최고의 학교라고 자부할 수 있습니다. 이러한 사회적 약자계층으로 분리되는 장애학생들에게도 행복한 이학교가 왜 사회약자에 배려가 없는 학교로 학급증설이 안되는지 정말 이해할 수 가 없습니다. 이것은 교육공무원들이 인허가권을 국민을 위한것이 아니고 자신들의 업무편의를 위한 것이라 생각이 됩니다.  좋습니다. 교육부의 판단대로 만일  사회적약자배려가 없다하더라고 그부분이 어떤부분인지 정확히 알려주면 얼마든지 학교에서 개선할 수 있는 부분으로 생각됩니다.\nC항의 사유인""저출산에 따른 학생수 감소문제로 인하여 경기도내 학교의 학급수 감축현상 등을 고려할 필요가 있다.""는  중앙기독중학교지역은 수원 광교신도시 지역으로 인구가 지속적으로 늘어나는 지역으로 그러한 지역적 특성과 이해없이 경기도 전체를 지목하여 학생수 감축현상으로 고려한다는 것은 말이 안되는 내용입니다. 현재에도 광교지역에는 지속적으로 새로운 학교가 개교중에 있습니다. 정말 알수 없는 이유로 확인하지도 않고 국민에게 부여받은 인허가권을 자신들의 편의를 위해 남용하는지 알수가 없습니다.\n경기도교육청에 지속적으로 각항의 부결사유에 대해서 정확산 근거를 요청해도 묵묵부답입니다. 제발 각항의 부결사유에 대하여 동의 할 수 있고, 또는 일반 국민이 설득 될 수 있는 근거, 법조항, 내부규약등으로 설득을 하길 바라며, 만일 그것을 하지 못한다면 반듯시 학급 증설이 지금 당장 될 수 있도록 해주시기 바랍니다.\n많은 학생들이 입학하기를 고대하고 있습니다.\n4. 결론\n아래 부결사유는 이해가 되지 않으니\n1. 중앙기독중학교는 대안교육 특성화 중확교로서 학교교육과정, 입학전형 운영이 학교 설립목적 및 특성화 중확교 지정목적에 부합하지 않는 측면이 있음,\n2. 사회취약계층 학생에 대한 처우등이 미흡함.\n3. 저출산에 따른 학생수 감소문제로 인하여 경기도내 학교의 학급수 감축현상 등을 고려할 필요가 있다.\n중앙기독중학교에 입학대기자들이 아주 많은 상태인데, 상기와 같은 이해안되는 사유로 학급증설을 불허한다는 것은 학부모로서 절대로 이해할수 없는 사유이오니 다시 한번 검토하여 꼭 학급증설이 될 수 있도록 도와 주시기 바랍니다.\n2018년 1월11일\n유영재"
89965,2018-01-12,2018-02-11,0,7,성장동력,가상화폐를 빨리 근절시켜 주세요.,"사람은 누구나 자신의 가치를 삶속에서 찾고 싶어 합니다.\n자신의 가치를 찾는 여러가지의 방법중에 신성한 노동, 직업을 통해 자신을 재발견할 수 있죠.\n특히 직업에서 일 한만큼의 댓가를 받을 때, 사람들은 삶의 기쁨을 느끼고, 그것이 또한 국가의 성장 동력으로 이어집니다.\n하지만 요즘 일어나는 가상화폐에 대한 일련의 사태들은 삶의 회의조차 느끼게 합니다.\n언젠가부터 가상화폐의 광풍은 열심히 일 한 자들의 노동을 허무하게 만들고 있으니까요.\n100원 놓고 1,000뭔 먹기도 아닌,\n100원 놓고 10,000원 먹기이니..\n가상화폐에 대한 정확한 인식조차 없는 이들에겐\n열심히 일해 봤자 소용없다는 극단적 인식까지 더하게 만듭니다.\n국가적 정책을 결정하시는 입장에서 어떤것이 옳은가를 판단 하실때 가장 중요한 것은\n이 일이 국가의 미래를 위해서 필요한 것인가?\n국민이 이 일로 행복할 것인가?\n일 것입니다.\n그 부분에서\n가상화폐는 성장동력을 저해할 뿐 아니라 국가의 미래를 망칠 수 있는 에이즈와 같은 것이라 생각합니다.\n현물도 없고, 가치에 대한 인정도 거래하는 자들에게나 인정받는 것이지, 국제적인 규약도 정해진 것이 없는 어리석은 코드놀음에 국민의 피와같은 돈이 흘러들어가고 있다는 것이 안타깝고 안타까울 뿐입니다. 특히, 이 속에서 이루어지고 있는 검은 돈의 거래는 가상화폐가 결코 인정받아서는 안된다는 사실을 반증하는 것입니다.\n국민이 이것으로 행복할 것인가라는 물음 또한\n가상화폐는 삶의 질을 무너트리고 있다는 점에서\n더 물을 것도 없어보입니다.\n학생은 공부를 하고, 직장인은 직장에서 일을 하고\n가정에서, 학교에서, 직장에서..\n저 마다 자신의 가치를 찾아야 할 부분들이 있는데\n가상화폐의 늪에 빠진 이들은 그 모든 본분을 망각하고\n온통 모든 관심을 돈에다 쏟고 있습니다.\n아래 청원글에 가상화폐를 인정해 달라는 글에 묻고 싶습니다.\n정말 돈만 있으면 행복합니까?\n국민의 행복할 권리를 달라고 하던데 그게 돈이 다 입니까?\n정말 아름답고 행복한 삶을 주는 국가에 살고 싶습니다.\n국민의 삶과 질을 생각하시는 대통령이시라면\n대의를 생각하시고 국가의 미래를 생각하시어\n지금 당장의 불같은 여론에 휩쓸리지 마시고\n바른 결단력으로 나라를 이끌어 주시길\n간곡히 부탁드립니다.\n긴 글 읽어주셔서 감사합니다."
12933,2017-09-09,2017-09-24,0,1,외교/통일/국방,중국과의 경색된 정국을 풀어낼 실마리,"현 정부에서도 최선의 노력을 다하고 있으니 빠른 시간안에 중국과의 경색된 정국을 해결할 수 있을 것입니다. 대부분의 국민들도 그렇게 기대를 하고 믿고 있을 것입니다.\n혹시나 하는 기우로 제가 기획한 해결의 실마리에 대해 건의드려 봅니다.\n제가 생각하건데 중국과의 관계를 개선하기 위해 가장 확실한 실마리를 제공할 수 있는 것은 한국과 중국의 공통된 가치를 통한 양국의 글로벌 리더로서 발전할 수 있는 컨텐츠를 공유할 수 있는 협상 카드가 유일할 것이라 판단합니다.\n이 협상 카드를 받아들인다면 중국이 한국과 더불어 G1이 될 수 있는 가능성을 획득할 것이며, 거부한다면 앞으로 어떤 노력을 한다해도 절대 G1이 될 수 있는 가능성은 없어질 것입니다. 이 정도의 가치라면 지금 중국에서 주장하는 자국의 안보 이익에 위해가 될 수도 있는 사드로 인한 한국에 대한 경제적 보복보다 훨씬 큰 가치를 가진 이 협상카드를 버리지는 않을 것입니다. 이것을 실마리로 중국과의 경색된 정국을 풀어가면서 경제의 교류가 정상화되고 나아가 북핵 문제 해결에 있어 중국의 적극적인 협조 또한 이루어낼 수 있는 기회를 제공하게 될 것입니다. 물론 북핵문제도 전세계가 공통된 의견(한반도의 비핵화)을 바탕으로 출발했지만 이를 해결할 방법에 있어서 공통된 의견을 도출하지 못해 어려움을 겪고 있지만 이것도 해결방법 이전에 전세계가 공통된 의견을 낼 수 있는 공동 선언서를 만들어 각국이 이에 서명을 하였다면 좀 더 원활하게 해결할 수 있는 길이 열리지 않았을까 생각합니다.(‘펜은 칼보다 강하다’ ‘柔能制剛’)\n이것도 또한 지금이 아니면 쓸 수 없는 카드가 될 것입니다. 지금이 바로 이 카드가 가장 유용하게 쓰일 수 있는 적기라 판단이 되어 그냥 올려봅니다.\n이름 없는 평범한 국민의 한사람의 제안이니 받아들이지 않는다면 그냥 이번 정부의 성공을 바라는 한 국민의 걱정에서 나온 푸념으로 받아들여 주십시오.\n구체적인 내용은 이 컨텐츠가 다른 어딘가에서 쓰일 수도 있기에 글로 옮기지 못한 점 양해 바랍니다. 또한 그 정도의 가치를 발휘할 수도 있는 것을 글로 옮긴다는 것도 바람직하다 않다 판단하여서입니다.\n꼭 이 난국을 빠른 시간안에 해결하고 나라다운 나라를 만드시는데 총력을 다하시길 바랍니다."
199229,2018-04-14,2018-05-14,0,71,경제민주화,대한항공,"또 이러다 시간 지나면 묻히겠지, 조현아도 곧 복귀한다는데, 정말 이런 나라 떠나고싶다. 다른나라에서 대한항공하면 대한민국 국적기로 오해할 수도있는데 이번기회 대한이란 명침 꼭 뺏으면 좋겠습니다."
10765,2017-09-06,2017-12-05,0,0,인권/성평등,청소년보호법폐지,청소년보호법폐지해주세요 이번기회에 제대로된 법으로 강력한 처벌을 해주세요
506516,2019-01-25,2019-02-24,0,19,저출산/고령화대책,공무원 육아시간 관련 세부지침 개정 요청,"전세계적인 경제불황에 맞벌이 부부는 증가하고 있고 누군가의 도움 없이 아이를 키우는 것이 녹록치 않은 현실입니다. 출산과 양육은 예전에는 가족, 친척, 이웃과 같은 소사회에서 충분히 가능했지만 이제는 특별한 경우를 빼고는 불가능합니다. 그래서 출산을 장려하기 위한 출산 및 양육지원 정부의 커다란 숙제라고 알고 있습니다.\n이와 관련하여, 최근에는 공무원 복무규정이 개정되어 만 5세 이하의 자녀를 둔 공무원은 24개월의 범위에서 하루에 2시간씩의 육아시간을 쓸 수 있도록 개정되었습니다. 매우 바람직한 정책이라고 생각합니다.\n그런데 제 아무리 좋은 정책이라도 디테일이 정책을 망쳐버리는 경우가 있습니다. 세부적인 내용이 부족해서 문제가 되는 경우도 있고, 오히려 쓸 데 없는 디테일을 붙여 놔서 정책의 목적과 의미를 훼손하는 경우도 있습니다. 이번 공무원 복무규정 상의 육아시간 관련 규정이 그러합니다.\n문제가 되는 규정(지침)의 내용을 일부 발췌하였습니다.\n- 육아시간 사용 시 시간외근무 사용 가능 여부\n모성보호시간과 육아시간은 국가가 모범적 고용주로서 선도적으로 일·가정 양립이 가능한 근무여건을 조성하기 위해 지방공무원 복무규정을 개정하여 그 대상과 시간을 확대한 것입니다. 따라서, 이러한 제도의 취지를 고려할 때 모성보호시간, 육아시간을 사용한 날에는 시간외근무 명령이 불가합니다.\n※ 모성보호시간, 육아시간을 이미 사용하였으나, 당일에 부득이한 사정으로 시간외근무를 한 경우에는 이미 사용한 특별휴가는 연가로 변경하여야 함\n해당 내용을 접하는 공무원들의 반응은 모두 같습니다.\n""아니 그럼 일 많은 사람은 육아시간 쓰지 말라는 거네?“\n그렇습니다. 육아시간을 하루 두 시간씩 써야 하는 상황에 있는 사람이라면 자신의 일을 할 시간이 부족해서 배우자가 집에 돌아오면 다시 사무실에 나와서 근무를 해야 하는 상황이 생길 수 있습니다. 그런데 시간외근무를 불가하도록 해 놓았으니, 그 사람이 할 수 있는 것은 두 가지입니다. 시간외근무수당을 받지 않고 일을 하거나, 육아시간을 쓰지 않고 연가를 쓰거나입니다. 어느 쪽이든 불합리합니다. 취지에 맞지 않습니다. 좋은 정책의 본질과 목적을 심각하게 훼손하고 있는 것입니다.\n이런 희한한 발상에 많이 실망하면서 국민신문고 민원을 넣어서 얻은 답변은 아래와 같습니다.(답변 일부 발췌)\n가 . 육아시간은 특정한 사유가 발생하였을 때 부여받을 수 있는 ' 특별휴가 ' 의 일종입니다.\n나 . 국가가 모범적 고용주로서 선도적으로 일 ` 가정 양립이 가능한 근무여건을 조성하기 위해 ' 국가공무원 복무규정 ' 을 개정하여 그 대상과 시간을 확대하였습니다.\n다 . 일·가정 양립을 지원하기 위한 취지 및 무급이 아닌 점 등을 고려하여 육아시간 사용시 시간외근무를 명할 수 없습니다. 시간외근무를 명하지 못함으로써, 육아시간 사용 공무원은 육아시간 사용 후 다시 사무실 복귀 등 을 하지 않아도 되어 육아에 보다 집중할수 있습니다.\n아주 재미있는 답변이었습니다. 특히 다번의 마지막 몇 줄은 너무나도 실망스러웠습니다. 일하면서 육아를 해 보지 않은 사람이라도 누구라도 알 수 있는 사실인데 이렇게까지 현실을 모르는 것일까요? 시간외근무는 형식상으로는 명령이지만, 업무담당자 본인이 할 일이 있어서 그것을 하겠다고 복무 신청을 함으로써 가능한 것입니다. 단지 ‘명령’이라는 형식에 사로잡혀서 누군가가 일을 시키는 것으로 생각하는 것을 보면 이 아이디어를 낸 사람은 실무를 한번도 해 보지 않은 사람인가 싶기도 합니다.\n어린 자녀가 아플 때나 어린이집 등하원 시간을 맞추기 힘들 때 주어진 연가로는 부족한 것이 현실이고, 그런 상황에서 육아시간 제도가 생긴 것은 마치 오아시스를 만난 느낌이었습니다. 너무 고마웠습니다. 그런데 한편으로 육아시간을 쓰면 근무시간이 줄어들고, 그만큼 나는 더 바빠지는 것이 당연합니다. 내 일을 다른 사람이 해 주지 않습니다. 업무분장을 바꿀 수도 없습니다. 그러니 필요하다면 잔업을 해야 하고, 그에 따르는 수당은 당연히 받아야 합니다. 그런데 잔업을 하려면 육아시간을 쓰지 말고 연가로 대체하라니.. 일 많은 사람은 일 많은 것도 서러운데 육아시간도 못 쓰게 되어 버리는 황당한 상황이 생깁니다.\n해법은 간단합니다. 육아시간을 사용하더라도 시간외근무를 할 수 있도록 하면 됩니다. 육아시간을 근무시간으로 인정 안 해 줘도 괜찮습니다. 그만큼은 더 복무하고 나서 추가로 근무해야 하는 시간만큼 시간외근무를 인정해 주면 될 일입니다. 공무원의 복무를 책임지는 최상위 기관인 인사혁신처에서 이런 간단한 해법을 두고도 '특별휴가'와 '명령'이라는 형식에 얽매여 많은 공무원들을 괴롭히고 있습니다.\n이 문제는 사실 그렇게 대단한 문제는 아닐 수 있습니다. 급박하고 절실한 각종 민생 문제들이 산적해 있기에 이런 글을 국민청원 사이트에 올려야 하는지 고민이 되기도 했습니다. 그렇지만 굳이 이 글을 쓴 것은, 중앙행정기관의 안일한 태도가 문제라고 생각했기 때문입니다. 한번 정한 것은 절대로 고치려 하지 않는 공무원들의 나쁜 습성을 보았습니다. 문제의 본질에 대해서 제대로 된 답변을 할 수도 없고 논리도 없다면 문제점은 무엇인지 다시 한번 생각해 보고 잘못이 있다면 인정하고 수정해야 합니다. 그런데도 앵무새처럼 같은 논리만 반복하며 아무 것도 고치려 하지 않습니다. 자신이 한 말이 곧 자신의 정체성이라고 생각하기 때문에 한번 내뱉은 것은 아무리 틀려도 잘못을 인정하지 않는 것이죠. 누구도 행복해지지 않습니다. 변명하느라고 담당자도 지쳐갈테죠. 많은 공무원들이 국정과 지방행정을 돌보기 위해서 많은 노력을 하고 있다는 것은 알지만, 중요한 정책을 집행하는 이들이 스스로를 성찰하지 않는 것은 큰 문제입니다.\n육아시간과 관련하여 말씀드린 지침 내용을 다시 한번 검토해 주시기 바랍니다. 정말로 일과 가정의 양립을 위해서 더 좋은 방향으로 개선할 수 있을지 고민해 주시기 바랍니다. 그리고 다른 모든 정책을 집행함에 있어서도 정책의 본질과 목적을 훼손하지 않도록 꼭 주의해 주시기 바랍니다."
135948,2018-02-10,2018-03-12,0,0,외교/통일/국방,쿠스노키 신조우 정부(일본 우익)로만이 추진하려는 위안부 합의 재협상에 대해 문재인 정부(대한민국 좌익)가 끝까지 불응한다면,"문재인 정부마저 쵸우슈우(長州)+배정자+이승복을 적대하려는 조총련(재일본조선인총연합회)한테서만의 좌측 사회주의 수괴 내통자로 적발되어지기 때문이며 (그 정부 휘하에도 잔류하려는) 대한민국 검찰이 DAS 회사(대한민국 자동차 부품 회사)를 힘겹게 건드릴 만 하되 DARS(모리나가 미니 쵸콜레트)를 제조·판매하고 있는 모리나가 제과(일본 열도 최초 제과 주식회사) 마저 함부로 건드리고 파산시키다간 동 아지아 경제 구도를 아주 지나치게 망치는 A급 통상 경제 실추 파괴범으로 적발되어지기 때문\n* 현재로도 스폰서가 전혀 비어있는 Premier League(EPL, England) 공식 스폰서는 2017-18 시즌 도중으로도 미츠비시 Group 만으로 당장 자리잡아놔야 하며, 어느 무능한 누리꾼이 천황 계보를 능멸하기 위해 반공 불멸 우익가로의 나를 엉터리 빨갱이 성향으로 쳐꼬드기려는(회유하는) 의도로 <일본쳐들어가서 점령하고 일왕을 무릎꿇리면 끝!>, <점령하고 일왕 무릎 꿀리면 똑같이 복수할수있소!>라고 자꾸 스토커답게 자극하고 지껄이면서 선동질하려는 어리석고 허접스런 반 천황 연합(좌익)으로만의 침범 만행 종자에게는 <우익 세력으로만의 자위권 발동>을 진정완강히 바라는 자유한국당(대한민국 우당)+롯테 만한 동 아지아 대륙에서의 우익 세력 마저도 함부로 적대하며 한-일 통상 경제 구도를 (서울에서 객관으로 근무하고 고향 광주에서 신군부한테 맞서다 즉사당하였다는 윤상원이 포함되었던) 좌익 만으로의 일방으로 실추시키려는 더불어민주당(대한민국 좌익, 문재인 정부당)으로만의 노동 체계 하수인 만한 A급 위협 빨갱이로 단숨에 찍어버리며 (대한민국 국적을 대표하면서 쵸우슈우(야스쿠니) 신사 참배를 실현하기 위해 자유한국당 인원 수만으로의 <자유한국당 쵸우슈우 참배단>을 직접 공식 결성해야하는) 자유한국당(대한민국 우익)으로만 영원히 지지하는 내 두 눈앞에서 피눈물 터지게 추방+박멸당해버려야 때문\n* 한-일 간의 정확한 좌vs우 대결 결론으로는 돈이 적어도 위안부 생존과 소녀상 건립을 실현하다 한참 동안 경제 발전+세금 감면이 전혀 실현되지 않아지도록 무리해지는 좌익 민주화 집권 구도만으로 돈이 많은 야쿠자(893) 마저 뒤집을 수 없고, (야쿠자를) 억압할 수 없으며, 나만한 자한당 지지의 맨손으로도 더불어민주당을 공식 해체시키는 게 가장 크나큰 확답이기 때문~!"
344921,2018-08-17,2018-09-16,0,0,일자리,대학 산학협력단의 정부 공공 연구용역 경쟁 참여를 제한적으로 관리해주십시요.  대학에  내는 통행세로 민간 연구컨설팅 업체가 어렵습니다,"민간분야 연구컨설팅 업무를 수행하는 업체들의 어려움이 해를 거듭할 수록 어렵습니다.\n그동안 청원인 역시 작은 규모의 민간 연구센터를 약 15년동안 운영해왔으나, 연구용역 수주 경쟁이 너무 치열합니다.\n청원인 역시 작은 규모의 민간연구소를 운영하면서 소신껏 계약직보다는 나름의 정규직 일자리 만들어 운영해왔습니다.\n그러나 지금은 너무 어렵습니다. 다양한 원인과 상황을 진단해보았지만,  연구업무를 맡고 있는 많은 사람들이 일자리 잃고, 사업체를 운영하는 작은 규모의 연구소도 연명하고 있는 실정입니다.\n나라장터 입찰 상황을 보면, 대학산학협력단은  소액수의 용역을 포함해 거의 무차별적으로 응찰하고 있습니다. 그러나 낙찰이 되면, 민간기업이나 개인에게 위탁이나 하청용역으로 진행하는 경우가 많습니다. 물론 유능하고 합리적인 대학구성원이 과제를 수행하기도 합니다. 그렇지만,  많은 대학(산학협력단)과 일부 대학교수들은 용역에 직접 참여하지 않고, 오버헤드를 포함해 연구비를 받는 등 소위 통행세를 받는 구조입니다.\n청원인이 주장하는 것은 대학과 대학교수는 자체 예산으로 운영되고, 학교기관에서 충분한 보수를 받고 있는 구조로 연구용역비는 부수입이라고 할 수 있습니다. 저희 작은 단위 연구컨설팅 업체 직원은 본업이자 과제용역비로 회사가 운영됩니다.\n일부 대학 산학협력단과 대학교수들의 민간업체 위탁용역으로 통한 연구비 통행세 구조는 개선되어야 합니다.\n대학이 수주한 용역을 민간업체가 수행하더라도  대학이 수주한 용역금액의 최대 60% (최소 30%)정도만을 받을 수 있는 구조입니다.   일부 합리적이고 열심히 공동연구를 진행하는 교수님들께는 피해가 될 수 있을 것 같아서 유감입니다만, 청원이  20년이상 경험한 이 불합리한 구조와 일부 교수들의 연구비 통행세는 반드시 시정되어야합니다.\n그래야만 연구업무를 수행하는 사람들이 일자리를 유지할 수 있습니다.\n부탁드립니다....대학의 공공 연구영역 경쟁 참여를 제한적으로 관리해주시고,  경쟁 참여시 반드시 위탁(하청) 관리 규정을 엄격히 적용해야 합니다."
303709,2018-07-12,2018-08-11,0,4,저출산/고령화대책,신혼부부 기준 확대 적용(5년->7년),"신혼부부 기준 확대(5년->7년) 제한적으로만 적용되어,\n저소득층 신혼부부를 위한 대출상품(디딤돌대출)은 여전히 5년입니다.\n살기가 어려워 아이계획을 늦게 하였고, 이로 인해 내 집마련도 늦어지는데\n5년이란 세월 훌적 지나버리면\n돈 없는 부부들은 아이키운다고 돈 더 많이 드는데 대출금리까지 부담을 가져야 합니다.\n부디 이런 부분 살펴주시어, 힘든 부부들에게 여유가 좀 생길수 있도록 청원드립니다.\n감사합니다."
32517,2017-11-11,2017-12-11,0,0,기타,군중심리가 재미있네요. 하루만에 조두순에서 이명박으로 도배가 바뀌었네요.,과거 네덜란드의 튜우립가격폭등과 비슷한 현상으로 보이네요.
308961,2018-07-17,2018-08-16,0,5,경제민주화,전두환 노태우 재판,"여러분 , 1980년 5.18 민주화 운동 아시나요 ?\n전두환이 언론 통제 해서 많은 국민을 대학살한 유명한 사건이죠 ? ^^ 이런 전두환을 재판합시다 , 김영삼때 ? 햇엇죠 근데 뭐때문인진 모르겟는데 다시 나왓죠 !\n근데 전두환 노태우 덕에 우리는 많은 피해 상처를 받앗습니다 다시 넣어야하지않나요 ? 피해 보상 어떻게 할건데요 ? :) 감옥 넣어야 나을거같은데요 ?\n그거땜에 우리 아빠 큰상처 받앗어요 ㅋ\n어쩌실건가요 ? 전 대통령이라는 이유만으로 그냥 내버려두는건 아니잖아요 .. 우리 다시 생각해봐요\n다시 넣어요 뭐 죽는거 개뿔 1000년 갑시다"
395480,2018-10-02,2018-11-01,0,102,안전/환경,필독. 진중권은 허위 학력의 고등학교도 안나온 해커다. 해결 요망.,이 청원 글 아까 올렸는데 왜 삭제 되었지. 진중권이 해킹해서 삭제했나 청와대가 삭제했나. 청와대 그랬으면 세상속인 해커 잡는 일이인데 왜 삭제하나. 유명인이 세상 속이고 사람들 스토킹하는 해커라면 중대한 문제인데 글 내용에 무슨 문제가 있어 무책임하게 삭제하나. 대한민국 사람들이 여태 진중권에 의해 속고 바보로 살았은데 계속 속으면서 해킹 당하면서 살라는 말인가. 다시 올린다. 지우지 마라.\n본인은 진중권의 정체를 밝히기 위해 3년 동안 트위터 활동을 해온 사람이다. 그동안 청와대와 언론사에도 이 문제로 제보를 해왔다.\n진중권은 해커다. 내가 놈이 해킹을 하는 놈인지를 알게 된 것은 2000년 경이다. 당시 한겨레 게시판에 놈이 게시물 올리고 해킹을 하는 것을 내가 눈치 챈 것이다. 놈을 해커라고 의심을 하면서도 기술적인 증거가 없고 내가 미국에 거주해서 그동안 관심 안갖다가 놈 정체를 본격적으로 의심하고 놈 조사하려는 동기를 갖게 된 것은 2010년이다.\n진중권은 단순한 해커가 아니라 결혼 안한 놈이고 허위 학력으로 세상 속이고 지식인을 사칭하게 된 놈이다. 놈이 해커라는 증거는 내가 계설한 트위터 방문하면 확인 할수있다(https://twitter.com/82monkeyhunt). 놈이 결혼 안 한 것도 분명한 사실이다. 일본 여자와 결혼해 처자식이 외국에 있다는데 그런 국제 결혼은 없다. 같이 살지 않고 여자 혼자 애 키우고 살아야 한다면 그런 결혼 할 여자 없다. 놈이 결혼 했다는 미와 교코는 온라인에서 실체 확인이 안되고 놈이 마누라나 자식이랑 같이 찍은 사진이 없다. 결혼 안한 놈이다. 결혼 했다는 증거 못대고 마누라 사진도 못대는 놈이다.\n진중권이 해커이면서 온라인에서 사람들 스토킹하고 사는 놈인데 이런 놈이 정상적인 교육 과정 밟은 지식인일까 오래전부터 의심 했다. 유시민 조국 안철수 등 다른 서울대 나온 유명 인사들 보면 학창 시절 찍은 사진들이 있고 서울대 다닐때 어떤 활동을 했는지 정보가 있는데 진중권은 학창 시절이나 성장 배경을 알려주는 개인 사진이 하나도 없는 놈이다. 진중권이 서울대 다닐때 어떤 활동을 했는지 아무런 정보도 없고 위키피디아만 봐도 언제 입학하고 언제 졸업했다는 말만 있다. 놈이 서울대 다닐때 알았던 동기나 교수에 대해 이야기 한 적 없고 반대로 서울대 동기나 교수 중에 진중권을 안다는 사람도 없다. 허위 학력인 놈이라 그동안 변변한 직업이 없었던 놈이다. 중앙대 겸임교수는 사실 시간제 강사이고 동양대에 2011년 임용되기 이전에는 이름이 알려진 것에 비해 직업이 없었던 놈이다. 놈은 허위 학력 믿게 하려 책을 낸 놈이다. 놈은 중구난방으로 이런 저런 주제로 책을 냈는데 놈이 낸 책들 리스트를 보면 놈이 관심사나 전문분야 없이 체계적이지 않게 남들이 쓴 원서 읽고 책 베껴내는 놈이라는 알게 된다.\n놈이 2003년 신동아 인터뷰 도중 김포에서 살면서 초등학교는 덕수초등학교 중학교는 중동중학교 고등학교는 양정고등학교 나왔다고 밝힌 적이 있다. 놈이 어렸을때 김포는 농사 짓는 깡촌이고 교통도 안좋아 어른들도 김포 살면서 서울에 출근하는 사람들이 없었는데 이런 새빨간 거짓말 한 것이다. 서울대 나온 것만 속이는 놈이 아니라 초중고 어디 나왔는지도 속이는 놈인 것이다. 놈의 학창 시절 사진이 있는가 온라인을 검색 하던 중 놈 고등학교 졸업 사진이라는 사진을 발견했다. 해당 사진은 놈과 양정고 동창이라고 주장하는 캐나다에 거주한다는 의심스런 교포가 운영하는 블로그에 실린 사진인데 내가 계설한 트위터에 오면 확인 볼수있다.\n해당 사진 속 인물이 진중권 처럼 보이는데 그 사진은 위조된 졸업 사진인 것을 대번에 사람들이 안다. 해당 사진 원보은 졸업 사진이 아니라 진중권이 교복입고 찍은 증명 사진이 원본인 사진이다. 사진 상단 왼쪽에 하얀 사진테 보인다. 또 사진 원본의 표면에 미세하고 도돌도돌하게 난 점선들이 있다. 고로 원본 사진은 졸업 사진이 아니고 그런 종이질에 현상된 증명사진이다. 머리도 길고 양아치 머리고 교복 상단에 있어야 하는 단추가 빠져 졸업 사진으로서 갖추어야 하는 두발이나 복장 상태가 아니다. 진중권은 고등학교도 졸업 안한 놈이라 이런 위조된 졸업 사진을 온라인에 올린 것이다. 놈이 고등학교 졸업해서 졸업 사진이 있는 놈이라면 스캔해서 올리면 되는데 졸업 사진이 없어 증명 사진으로 졸업 사진 위조한 것이다.\n이 위조된 졸업 사진으로 진중권이 어떤 놈인지가 만천하에 드러났다. 놈이 자신의 배경을 속이고 세상 속인 사기꾼인게 이 사진 한장으로 증명된 것이다. 고등학교 졸업 안한 놈이 위조된 사진으로 사람 눈속이려 했듯이 놈이 서울대 졸업 한 것도 가짜고 일본여자와 결혼한 것도 거짓이다. 놈은 잘나 보이고 싶어 학력 속이고 결혼 했다 속인 사기꾼이다. 놈의 학력과 성장배경을 알려주는 유일한 사진이 조작된 졸업 사진이다. 나는 지금 놈의 허위 학력 고발하는 댓글을 인터넷에 올리는데 놈이 해킹해서 철저히 막고 있다. 서울대 다니지 않아 서울대 다닌 놈으로 입증은 못하고 사람들이 내말 믿어 놈을 허위 학력이다 생각하기에 막는 놈이다. 진중권은 알려진대로의 인물이 아니고 놈은 학력이나 결혼을 입증 못하는데 사람들이 놈을 서울대 다니고 일본 여자와 결혼 했다고 생각해서 사는 놈이다. 놈을 잡기 위해 그동안 트위터 활동하고 청와대와 언론사에 제보를 했는데 놈이 아직도 버젓히 세상 속이고 활보하고 사람들 해킹하고 스토킹하고 있다. 청와대는 이 문제를 심각하게 생각해 각별한 관심과 조처를 취해 주기를 바란다.
88239,2018-01-11,2018-02-10,0,0,성장동력,다주택자 보유세 인상 청원 합니다,정부의 부동산 대책이 큰 힘을 받지 못하고 오히려 조롱만 받으며 실제적인 영향력이 거의 없어 보입니다.현재의 문제는 공급과 수요의 문제가 아니라. 일부 부자들만 아니라 일반서민들도 빚을내어 투기적인 목적으로 부동산 시세차익을 목적으로 한 쏠림이 많다고 생각합니다. 꼭 필요한 실거주 목적의 1주택이 아닌 다가구 주택자. 특별히 2채이상 보유주택의 합계가 어는정도 넘어서는 곳에는 보유세 중과를 해서 국민의 안정된 주거생활을 보장해 줄것을 청원합니다.
194232,2018-04-10,2018-05-10,0,23,저출산/고령화대책,9억 이상 아파트 특별 공급  제외에서 다자녀 특별 공급 빼주세요,"서울에서 세자녀 낳고 양육하고 있는 사람입니다.\n오늘 국토부 발표에서 9억 이상 아파트를 특별공급에서 제외한다고 기사가 났습니다.\n취지는 부정한 방법으로 상속 및 증여 하는 것을 차단한다는 것인데\n취지는 공감합니다만, 그게 왜 다자녀 특별공급에까지 영향을 미쳐야 하는지 모르겠습니다.\n아이 셋 있으면 당연히 방 4개짜리 집 찾게 되고, 이 경우 서울 강북이라도 9억은 가뿐하게 넘어갑니다.\n저출산 대책 아무리 외쳐봐야 주거 문제 해결 안되면 다 부질없는 짓인데\n이미 아이 낳아 놓은 가정이니 잡은 물고기 밥 안주겠다는 건가요?\n신혼부부 특공 소득 제한은 풀어주면서 큰집이 더 절실한 다자녀 특공은 이런식으로 졸라매면\n어떻게 하자는 것인지 이해가 되지 않습니다.\n말로만 다자녀 혜택 외치지 말고 실질적으로 도움이 되는 정책을 바랍니다.\n9억원 이상 주택 다자녀 특별공급 제외 결정, 철폐 바랍니다."
17860,2017-09-28,2017-10-28,0,0,교통/건축/국토,"자동차 전조등,주간등 LED 사용 규제 요청","요즘 길거리에는 대낮에도 주간 전조등이나 데일라이트를 켠 차량들을 쉽게 찾아볼 수 있습니다.\n그런데 말이죠.\n이 차들 대부분은 눈부신 LED 를 사용하는 차들입니다.\n정말 심하다 싶을 정도로 밝은 정도를 넘어서 보행자 및 상대 운전자의 눈 건강에 심각한 악영향을 줄 수 있는\n차들이 정말 많습니다.\n어쩌다 그런 차를 보게 되면 눈에 잔상이 남아 순간 눈이 멍한 적이 한두번이 아닙니다.\n황반변성 같은 심각한 눈 질환을 유발할 수 있는 자동차 LED 전조등에 대해 보다 엄격한 규제를 청원합니다.\n규제를 풀어야 한다고들 하는데, 국민의 건강과 생명권에 관련된 것들은 규제를 좀더 강화를 해야 한다고 봅니다.\n제발 이런 차들이 길거리 보행자들에게 섬광을 날리지 못하게 좀 부탁 드립니다.\n감사합니다."
295399,2018-07-04,2018-08-03,0,4,행정,운전면허 하향가능하게 해주세요,"1종 보통 운전 면허를 30년 동안 가지고 있는데\n나이들면 눈도 침침해지고 운동신경도 느려지는데..\n면허를 다시 따지 않코도 서류만으로도   1종 보통 운전면허를 2종 보통으로 하향할수 있게 해주세요.\n하향조정이니 법율상으로도 별 문제가 없어 보이는데\n2종 따면 면허 갱신 기간도 길어지고 적성 검사도 안 받아서 면허 소지자에게도 유리 합니다\n나이들면 점차 많이 나다니지도 않는데  면허를 없애자니 불편할거 같고,\n10년전에 경찰청에 문의하니 그렇게는 안된다 하더군요\n안될 이유가 없어 보이는데  공무원들이 행정상 번거러워서 안 해주는거 아닌가 합니다\n원하는 사람들이게 운전 면허종별 하향  할수 있도록 해주세요"
137545,2018-02-12,2018-03-14,0,14,농산어촌,"한국인  연금 으로 - 군인 ,교직원 사학, 국민연금  모두  합쳐서   새롭게",한국인   연금 으로  통일\n군인 연금\n공무원 연금\n교직원 사학연금\n국민연금\n모두  합쳐서   국민세금 이니   한국인  연금  으로  통일 하여\n공평하게  지급\n하자
169019,2018-03-18,2018-04-17,0,32,정치개혁,박사모 집회,아무리 정신이 없어도 이럴수는 없는겁니다\n아이한테까지 빨갱이라고 집단으로 몰려와서\n국기봉으로 차안을 휘두르고\n집에 손자가 있는 어르신분들이 저럴수가 있는지...\n무엇을 얻고자 저러는 걸까요\n철저하게 조사해서 처벌해야 합니다
416926,2018-10-23,2018-11-22,0,31,보건복지,닥터헬기를 국내에 도입하여 골든타임을 놓쳐 명을 달리 할 국민들의 소중한 목숨을 지켜주세요.,"안녕하십니까, 대한민국의 평범한 30대 직장인 여성입니다.\n오래 전, 유튜브에서 아주대 이국종 교수님의 강연을 보고 처음으로 대한민국의 열악한 의료체계 및 시스템에 대한 문제와 개선점에 대해 생각해 볼 수 있었습니다.\n드리고 싶은 말씀은, 대한민국에도 환자가 위중할 시에 닥터헬기를 띄워 일분일초로 사투를 벌이는 환자의 생명을 지킬 수 있는 기회를 주셨으면 합니다.\n솔직히 말씀 드립니다. 대한민국에 자기자신보다 타인을 위해 자신을 기꺼이 희생할 사람 많지 않습니다.\n용기도 필요하고, 그만큼의 고통도 감내해야 합니다.\n다만, 최소한 그런 분들의 노력이 본인 스스로에게도 숭고한 가치로 기억되어 질 수 있도록 사회에서 최소한의 지원 체게는 뒷받침이 되어야 한다고 생각합니다. 아직도 한국은 목숨보다 돈이 중요한 나라인 것을 몸소 체감하는 저 또한 서민의 한 사람 중 한명입니다.\n내 몸이 다 부서져서 죽음앞에 있을 때, 돈이 없어서 당장 치료와 처치를 받지 못하고 기다리며 죽음에 내몰리는 사람이 수천만입니다.\n그런 분들을 살리기 위해 노력해 주시는 이국종 교수님을 위해, 그 정신으로 의사라는 직무에 행하시는 여러 대한민국의 참된 의료인들을 위해, 닥터헬기 도입 국민청원 드립니다.\n사회 최전선에서 오늘도 힘겹게 사투를 벌이고 있을, 수많은 국민 분들의 생명을 보호하기위해, 최소한의 안전장치를 도입해 주시길 간절히 부탁 드립니다."
11037,2017-09-06,2017-11-05,0,0,육아/교육,청소년법 폐지해주세요.,청소년법 폐지해주세요.
118990,2018-01-28,2018-02-27,0,289,반려동물,동물보호법 강화로 학대 받는 동물을 하루 빨리 구조할 수 있게 해주세요.,"법으로 보자면 동물은 물건과 다름이 없습니다.\n현재 동물은 주인의 소유물로 취급을 받기 때문에 학대 받는 걸 알면서도 바로 구조할 수 없고,\n주인이 소유권을 포기해야 데리고 올 수 있습니다.\nSBS동물농장과 같은 방송의 힘을 빌려서 경찰과 지자체의 협력을 받을 수는 있겠지만 그마저도 쉽지 않으며,\n일반 사람이 동물을 구조하기에 턱없이 힘듭니다.\n방송국이 동물 구조 기관도 아닌데 그 많은 사례들을 다 감당할 수 있을까요?\n우왕좌왕하며 시간을 미루는 동안 학대 받고 있는 동물은 얼마나 괴로울까요.\n동물은 물건이 아니라 생명체입니다.\n그에 합당한 대우를 받을 수 있게 반드시 법을 개정해주세요."
161535,2018-03-08,2018-04-07,0,2,저출산/고령화대책,청년뿐아니라 노인 빈곤도 심각합니다~폐지값 올려주세요~,"할머니, 할아버지들이 1kg폐지를 주으면 70원입니다~\n10년째 폐지 값이 제자리라고 합니다~제지사들의 담합인지... 폐지 가격은 올라갈생각을 안 합니다~\n정부에서 보조할수 있는 방안을 강구해 주세요~ 이 추운겨울 할머니 할아버지는 하루에 1만원 안되는 돈을 벌기 위해 새벽같이 일어나서 위험한 도시를 다니고 계십니다~ 노인들의 복지도 관심을 가져주세요~"
452362,2018-11-26,2018-12-26,0,27,행정,"민노총은 다수를 앞세운  깡패 집단, 깡패 집단 !!!   법하면 감옥으로 보내야 ,,,","민노총은 근로자 의  권익을 대변하는 단체가 아니라\n작금에는 국가의 깡패집단으로 변질되었습니다.\n다수를 앞세운 정치투쟁, 일자리 세습,  근로자의 권익을 벗어난, 억지 주장과\n자기들만의 이익을 위한 무조건의 주장을 관철 하려하는 민 노 총.\n안되면 폭력과 시위, 불법 파업 등으로 나라경제를 마비시키고 있습니다.\n민.노.총,\n'근로자 갑질 '    너무 심합니다.  !!!!\n현 정부가 민노총을 발판삼아 촛불 선동하여 권력을 장악하였다 하더라도,\n이토록 변질되고, 안하무인인 민노총,\n그대로 놔두어선 안됩니다.\n민노총은 법도 없고, 이성을 잃은 자기주장만 하고 있습니다.\n노동단체가 정치투쟁 집단이 되어서는 안됩니다.\n지금은 7,80 년의 근로자가 아닌 세상입니다.\n작금에는 근로자, 노동자가 '갑' 인 세상입니다.\n민 노 총,  갑질 그만 하세요. !!!!"
230570,2018-05-11,2018-06-10,0,9,보건복지,"암환자들에게 암 보험금 지급을 안하는 보험회사와 그 회사들을 관리, 감독하고 소비자를 보호해야 할, 금융감독원과 보험회사의 유착관계를 밝혀주세요.","암 환자들에게 당연히 지급해야 할, 암 보험금을 모호한 약관과 모든 암환자들에게 적용할 수 없는 대법원 판례를 들어 암환자(국민)들에게 지급하지 않는 일부 보험회사와 그 회사들을 관리, 감독하고 암환자인 소비자(국민)를 당연히 보호해야 할 금융감독원이 자신들의 본분을 잊고 강건너 불구경하듯이 암 환자들을 도탄에 빠뜨리고 있는 추악한 행태를 철저히 조사하여 아직도 곳곳에 뿌리깊이 숨어 약한자들을 괴롭히고 있는 적폐 세력들을 발본색원 해주시길 바라는 마음으로 강력하게 청원합니다."
262454,2018-06-05,2018-07-05,0,2,행정,학생실습생을 국가가 지정해서 지정한실습처만 갈수있고 그에따른  등록금으로 지원을 쫌해줬으면 좋겠습니다,대학교 교육 정책에서 등록금은 다 내는데 실습생한테 지원해주는것 조차없는것같습니다 또한 실습생의 인권이 없는것같습니다 예를 들면 실습나가서 무슨사고를 당해도 실습생은 아무에게도 말을 하지 못합니다 자기가 불이익을당하여 졸업을 못할까봐 자기가 가고싶어서 가는것도 아닌데 학생이란이유로 막대하는실습처도있을수있기에 국가가 지정한 인증된 실습처에서 실습을하는게 맞는것같습니다.
507328,2019-01-26,2019-02-25,0,8,기타,대한민국 축구협회에 책임이 있다,히딩크 감독을 거절한 대한민국축구협회가 책임을 지게 해주세요
24867,2017-10-30,2017-11-29,0,17,반려동물,동물보호법,"안녕하세요. 반려견과 함께 살고있는 중1학생입니다. 최근 최시원 반려견사건으로 목줄. 입마개까지 거론되고있습니다. 이와 함께 동물보호법 개정에 대해 바라는점을 써보겠습니다.\n첫째. 목줄필수. 배변봉투필수. 맹견 등 공격성이 높은 반려견에게는 입마개필수.\n목줄은 필수입니다. 배변봉투가 필수이듯말입니다. 목줄은 다른사람에게 피해가 가지않게할뿐만 아니라 자신의 강아지도 지킬수있습니다. 목줄이 학대라고 하는 몇몇 사람을 봤는데 전 목줄안하고 다니는게 더 학대같습니다. 아주 안전한 반려견 전용 운동장에서 풀어놓는 건 상관없고 오히려  좋겠죠. 목줄안한 견주들은 ""저희개는 저만 따라다녀요~"", ""저희개는 안물어요~""라고 하는데 조금 어이가 없습니다. 아무리 사람과 감정을 나누며 함께 살아가더라도 본능이 남아있는 동물입니다. 언제든지 갑자기 도로로 뛰어들수있고 다른사람을 공격할수 있습니다. 목줄안하면 견주로서 의무를 다하지않은것 같습니다.\n둘째. 함부로 동물을 판매하는 펫샵. 강아지 공장 불법화.\n사람들은 작고 귀여운 아기동물들을 원합니다. 엄마품에서 형제들과 어미젖을 먹으며 사회성도 기르며 커야할 새끼강아지나 고양이들은 생후 한두달이 되면 어미와 떨어져 밖이 뻔히 다보이는 유리창에 가둬집니다. 사람들은 ""어머 귀엽다""며 유리창을 똑똑 두드리고 얼굴을 들이댑니다. 이게 무슨 공포입니까? 펫샵에서는 두달이라며 아직 한달밖에 안된 강아지를 판매합니다. 이렇게 어린강아지들을 보란듯이 사라고 유리창에 놓으니 충동적으로 구매하고 유기견이 생기는거 아니겠어요? 미국 캘리포니아에서는 곧 동물판매가 금지되고 키우고 싶은 사람은 유기동물만을 입양해야한다고 합니다. 정말 우리나라에도 필요해보입니다. 강아지공장은 인간으로서 할수없는 끔찍한 짓이고 이런 악순환이 반복되지않게 해야합니다.\n셋째. 동물학대법을 강화해주세요. 견주처벌강화.\n최시원사건으로 사람이 죽었습니다. 이로 개파라치 등 여러 해결법이 도입됐죠. 하지만 이건 너무 눈가리고 아웅거리는거 같습니다. 근본적인 해결방안이 필요합니다. 이렇게 개에 대해 기본상식이 없는 사람은 키우면 안됩니다. 견주인 최시원은 피해자와 합의됐다고 고작 5만원만 냈습니다. 최시원이 더 잘못했습니다. 자신의 개가 제어가 안됐다면, 문에 안전문을 쳐야했고 나갈땐 목줄 입마개를 했어야했습니다. 그런데 이제와서 개파라치를 도입하느니는 너무 늦었습니다.  이로 인해 비반려인들도 반려인을 비난하며 두려워하고 있습니다. 저도 반려인이지만 최시원을 감쌀생각 없습니다. 저희 강아지도 낯가림이 있고 짖기 때문에 전 아이들에게 뛰어오지말라고 하고 사람이 지나가면 줄짧게 잡고 비켜섭니다. 개 무서워하는 사람에게 최대한 배려하기 위해서요. 저는 개파라치 도입보다 시급한건 견주들의 마음가짐이 바뀌는게 더 중요하다고 생각됩니다.\n그리고 동물학대법. 사람들은 말못하는 동물이라고 너무 잔인하게 다룹니다. 사실 인간과 말만 안통할뿐이지 자기들끼리 얘기다하고 인간에게 말대신 다른방법으로 표현하기까지합니다. 저는 어떤 사람이 고양이를 우리에 가둬둔채 꼬챙이로 찌르는 동영상을 봤습니다. 조그마한 강아지를 냅다 집어던지는 영상도 봤습니다. 발로 차는 영상도 봤습니다. 사람들이 동물을 이렇게 취급하는것도 문제지만 법이 너무 약한것도 문제입니다. 주인이 개를 벽에 던지고 발로차도 현행법상 개는 주인의 소유물이기 때문에 학대받은 개는 보호받지못합니다. 일단 때린사람과의 격리가 필요하다고 보입니다. 그리고 처벌을 강화해야합니다. 동물을 때린건 사람을 때린거나 마찬가지입니다. 폭행죄를 적용시켜야합니다. 단순 재물손괴, 파손죄가 되면 안됩니다. 징역살이를 시켜야하고 평생 동물을 키울수없게해야합니다. 기껏 처벌 다하고 다시 동물 키우게하면 반복될뿐입니다. 제발 동물학대에 관한 처벌 강화해주세요.\n너무 길게 써서 죄송합니다. 쓰다보니 너무 길어졌네요. 정말 죄송합니다. 읽어주셨다면 감사합니다."
258097,2018-06-01,2018-07-01,0,3,기타,호적법좀 개선 .고처주세요,재혼가정입니다.초등학생아이의 가족관계등서류를 떼어보면 이혼한 전친모나 친부가나오는데  현재부 나 모는 동거인밖에안되는거아닙니까?아무것도모르고 자라고있는아이가 이런아픈내용을알필요가있을까요?  큰아이등본을떼면 동거인이라고 나오고요 어디서부터 어떡해바꿔야하는지 모르겟네요 버림을받앗거나 아픔이있는 아이들이 아무것도 모르고 현재에 삶을살수있도록해주세요 걱정이 많이됩니다
59030,2017-12-05,2018-01-04,0,0,농산어촌,강원도 정선군으로 귀농한 사람이야기,1968년 생으로 서울에서 태어나 대학교 마치고 군생활을 7년 5개월 한 후 서울 강남에서 학원 강사 생활을 10여년 한 뒤 도시 생활이 지겹고 어릴때부터 꿈꾸던 농장을 만들고자 정선의 밭3000여평을 매입해 귀농한 사람입니다.\n다 접고 지금부터 귀농의 문제점 알려드리겠습니다.\n올 8월 1일 정선군으로 전입 신고해와 지금까지 거주하고 있습니다.\n정선군으로 귀농했다고 5만원 강원 상품권과 쓰레기 봉투 및 정선 관광지 무료 관람권 면사무소에서 주시더군요\n첫째\n며칠전 정선군에서 팜플렛이 왔습니다.\n귀농인에게 토지취득세감면 혜택 50퍼센트 지원해준다는 내용이 있기에 정선군청에 문의했더니 황당한 답변이 왔습니다. 저는 먼저 토지를 7월초에 매입후 7월말에 정선에 와서 8월 1일부로 전입신고를 했습니다.\n바로 이런 이유로 감면 혜택이 안된다고 합니다.\n이유인 즉 무조건 먼저 정선군에 전입신고를 한후 토지매입을 했어야 한다고 합니다.\n아니 진실로 내가 정선에 정착할려고 했기에 능력이 돼서 먼저 토지를 매입했고 한달도 안되 전입신고를 했는데 단지 토지매입보다 전입신고를 몇 달 몇 년 도 아니고 몇주 늦게 했다고 혜택을 줄 수 없다고 합니다.\n담장자께서는 우리 나라 법이 그렇다고 합니다. 할 말 없었습니다.\n둘쩨\n더 가관인 이야기를 하시더군요\n만일 감면 혜택을 볼 시에는 이번에 취득한 3000여평 제 땅에다 절대 집을 지어서는 안된다는 겁니다.\n이유인즉 농사를 지으려 온 사람이 자기 농토에다가는 집을 짓는다는 것은 농사지을 마음이 없다는 뜻이므로  감면혜택을 토해내라는 겁니다. 어이없어서 통화하다가 웃었습니다.\n정말로 이 고장에다가 정착하면서 농사짓고 살려고 하면 내 땅에다가 법적인 하자만 없다면 집을 짓고 농사지어야지 다른 땅에다가 집을 짓거나 살아야 한답니다.\n제 농토 3000여평에 15평 정도 집을 짓는 것이 농사를 안 하겠다는 겁니까?\n그래도 세무 담당자분께서는 안된답니다. 국가 법이 그렇답니다.  할 말 없었습니다.\n셋쩨\n취득세 50만원 감면혜택시 절대로 농사만 해야지 다른 일을 하면 안된답니다.\n현실상 여기 와보니 몇 년동안은 당장 절대소득이 생활하기에 벅차다는 것을 알게 되었습니다. 특히 겨울이 되니까 지금 손빨고 있습니다. 그만큼 소득이 생각되로 안나옵니다.\n저도 그 정도는 생각하고 이주했습니다.\n그렇다면 농사를 포기한다는 것도 아니고 정선군에서 부업이라도 있으면 일하고 그나마 농사를 지속하면서 농업소득이 안정될 몇년까지는 생계에 보탬이 된다면 정선군에서 다른 일자리라도 적극 알선해줘야 하지 않을까요? 절대 그렇게 해선 안됩답니다. 농사만 지으랍니다. 단 알바는 가능하다고 하더군요.. ㅋㅋ\n정선군에서는 나라법이 그렇답니다.\n황당한 대화가 몇 건 더 있는데 그만 올리겠습니다.\n국민 여러분 어설프게 귀농 귀촌 생각하시다간 큰 코 다치십니다.\n끝으로 담당자가 계속 강조한 말은 이러한 한심한 법이(제 생각입니다) 강원도 정선군 만의 문제가 아니고\n전국적으로 국가적으로 통용되는 법이라고 합니다.\n정선군 담당자분말이 맞는다면 이러한 법을 만드신 잘난 중앙부처 공무원님들과 잘난 국회의원\n여러분들 수고하세요..
111721,2018-01-24,2018-02-23,0,9,문화/예술/체육/언론,나경원 평창올림픽위원파면,파면해야 합니다. 아울러 나경원집안의 사학재벌형성과정도 파헤쳐져야 합니다.
192573,2018-04-09,2018-05-09,0,10,행정,"""황제노역"" 이것도 ""유전무제 무전유제""  입니까? 최저 임금으로 적용해야 합니다!","""황제노역"" 이것도 ""유전무제 무전유제""  입니까?\n박근혜 전 대통령의 판결  24년에 벌금 180억 !\n문제는 180억 이것을 3년으로~~!\n국민 어느  분류가 180억을 3년안에 벌 수 있습니까?\n대부분의 국민이 3년에 180억을 벌 수 없슴을 압니다.\n이젠 법의 판결도 국민의 상식에 맞게 제도를 개선해야 합니다.\n이젠 유전무죄 무전유죄의 말이 통하지 않게 제도 개선해야 합니다"
147833,2018-02-22,2018-03-24,0,1,교통/건축/국토,시력저하시키는 횡단보도LED 보행써치라이트,"신문고에 세번이나올렸으나\n탁상행정의 권력덕인지 각도만 살짝틀어놓고는 보란듯이 설치가 증가하네요\n눈아프게하고\n잔상남게 하는 보행자써치라이트가 전국적으로\n늘어나고있습니다\n위에서 아래를 비추는 것이 정상적인 보행자보호 써치라이트인데\n건너편  보행신호등 근처에서 정면으로 직진성높은 LED를 쏘고있어요\n우회전차량은 되려 눈이부셔 보행자가 안보이고\n건너는사람도 앞을 못보고 땅만보고갑니다\nLED는 절전은되나 직진성이강해 빛공해나 빛에의한 질병을 유발시키는데요\n신문고에 3차례나 건의했고\n이건 단순히 모른척하는 선이 넘은 혈세낭비라고 보여집니다\n문제가 밝혀지면 다뜯어서 위에서 아래로 달아야하니까요\n공무원들이 6시면퇴근하니 모르는걸까요\n관련업무담당들은 신호등도 수십번씩 건너보고\n심지어  자전거도로도 한번쯤타보고 패인곳이나 사고잔해나\n기타사항들도 점검해야할텐데\n사업보고서만제출하고 실적올리면 다인지요\n요즘 성범죄도 언론에서때려야 검토하고, 비리도 언론이 입다물면 못보고 지나치는걸 보니 이글을 작성하면서도\n허탈함과 불신의 불안이 앞서네요\n좋은기술로 더나은 미래와 내용을 만들어갔으면합니다\n더이상 이기심에 시간 낭비하지 않았으면합니다"
384645,2018-09-18,2018-10-18,0,4,일자리,"기술보증기금, 소상공인진흥공단, 중소기업산업진흥원, 신용보증재단, 청년및서민 지원사업 제도 개선","문재인 대통령님 안녕하세요.\n전 2014년도에 청년창업지원의 해택을 받고 창업한 청년기업 대표 입니다.\n위 제목과 같이 청년 사업지원, 소기업, 소상공인 사업에 지원에 있어 지원 자격조건이 현 한국경제와 관련해서 지원 자격조건을 충족시키기에는 너무나 어처구니가 없는 상황입니다.\n전 2104년 기술보증기금에서 청년창업으로 지원을 받은바가 있습니다. 자금지원 책정 또한 까다로웠으며 자격조건을 충족하기에도 너무나 어려웠습니다. 그렇게 어렵게 어렵게 창업을 한후 한국경제의 큼직큼직한 사건사고가 많았습니다. 새월호 사건과 메르스 질병 및 전 박근혜 대통령 탄핵 관련과 또한  대기업들의 사업부진, 경영비리 등의 사건들이였죠... 문재인 대통령님 한국경제의 밑거름이 되는 곳은 청년사업, 소기업, 소상공인 이라고 생각하며 또한 일자리 창출에 한몫을 기여한다고 생각 합니다.\n전 몇 일전 기술보증자금 서울지점을 저의사업 보증서 연장 관련해 방문하였습니다. 한국경제악화 시장침체로 인하여 힘든시기를 헤쳐나갈 수 있는 새로운 전략을 위한 추가자금 및 운영자금을 받고자 추가보증지원을 요청하였으나 담당직원 분께서 말씀하시더라고요 1억 5천의 금액 추가 보증지원을 위해서는 년간 8억 원 이상의 매출이 발생하여한다고 하네요. 대통령님께서 생각하기에는 어떠세요? 8억 이상의 매출을 하는 기업이 1억 5천의 추가 보증서가 필요할까요? 너무나 어처구니가 없어서 할 말을 잃었습니다. 또한 소상공인 진흥공단 및 중소기업 산업진흥원 또한 제도자체가 어처구니가 없습니다. 이래서야 지원 사업이라고 할 수 있을런지요. 한국경재가 흔들릴 때 영향을 주고받은 위치는 저희들이 아닐까 싶습니다. 부디 제도자체를 보안하셨어. 올바른 한국경제가 일어설 수 있도록 해주세요. 지금제도에서도 이를 악용하는 기업들 또한 많습니다. 그 기업들은 가진자들이겠죠. 못가진자들의 편에서 부디 바라봐주실길 바랍니다. 년간 이율 2.3%에서 3% 정도의 저금리를 사용한다면 모든서민들이 행복하지 않을까요 저축은행이며 대부업이며 10%에서 24%의 이자로 터무니 없는 금융상품들로 서민들을 현혹 시키고 있습니다. 이자가 이자를 낳는 이런 대한민국제도 대통령님 국민들 생각해 주세요 국민이 있어야 나라가 있습니다. 대통령님 이란 국민을 보살피는 분 아니신가요?"
201442,2018-04-16,2018-05-16,0,404,반려동물,부르는게 값인 비싼 동물병원 보험되게해주세요,반려동물 동물병원 너무 비쌉니다.기준이 없어 부르는게 값인 동물병원 보험적용이 너무도 시급합니다. 집에서 애지중지 키우는 것을 악용하여 터무니없는 값을부릅니다.  기본5만원이 넘는 어마어마한 병원비  감당하기 어려워서 유기묘 유기견이 넘처나는것도 사실입니다. 정부에서 적극적으로 금액에 기준을 세우고 사람과같이 보험처리가 시급합니다.
500855,2019-01-19,2019-02-18,0,0,행정,안녕하세요?  늘 국정에 노고가 많으신데 이렇게 청원을합니다.,다름 아니옵고 일년전 조카가 경제사범으로 교도소에 수감 생활을하게되는 일이 생겼습니다.\n죄는 밉지만 사람이 미운것은아니기때문에  이렇게 청원하는중이나 어떤이유에서 그 먼곳까지 이감을시키신건지 모르겠지만 집과는 너무 거리도멀고 가족이있으니까 면회 한번가려면 교통비에 시간도 많이들고 너무 어렵습니다.\n수감번호 **** *** 에겐 사랑하는 가족들이 있습니다.\n처음엔 화성에있다가 수원교도소로 이감되더니 이번엔 대구로 이감됐는데 가족들이 편하게 면회다닐수있도록 도와주세요.   죄를지면 마땅히 처벌은 받아야하겠지만 집과 너무 멀리있어 근거리로 이감신청을 요합니다.\n이글을 읽으시는 분도 가족이 계시리라생각합니다.\n집이 안산시인데 근거리에 이송시켜주시길 다시한번 부탁드립니다.\n끝까지 읽어주셔서 감사합니다.\n[본 게시물의 일부 내용이 국민 청원 요건에 위배되어 관리자에 의해 수정되었습니다]
901,2017-08-30,2017-09-06,0,0,농산어촌,수해 복구를 조속히 복구해주세요(현황 도로(농로: 임도 대용),"수해 복구를 조속히 복구해주세요(현황 도로(농로: 임도로도 대용함))\n국정에 여념이 없으신 청와대 관계자 여러분 안녕하십니까. 억울 하고 분통이 터지는 일들이 있기에 몇자를 적습니다.\n저는 성남시 분당구 대장동에서 농사를 짓는 평범한 직장인이며 휴일날엔  농사꾼입니다. 금년 비가 수시로 내리는 가운데 도로(농로)가 유실되어 2017년8월 31경 경기도 성남시 시청 과 성남시 분당구청 상황실 및 도로 관리과에  도로가 수해를 입어 유실된 있으므로  빠른시일안에  현장을 보시고 조치를 취해 줄것을  부탁하였습니다. 도로는 경사도가 약35도 가량의 비포장(도로가 많이 울퉁 불퉁 깍이고 파임)도로이며 도로가  미끄럽고 오르막길 이여서 오를수가 없으므로 도로의 평탄 작업 ,그리고  궁국적인으로 아스콘 또는 콘크리트 포장을 해 줄 것을  문의 하였으나  성남시 도로관리과 담당자는 용인~서울 고속도로 관할이라면서 1개월이 다 된 현재까지 관할 타령만 하고있고 성남시 분당구청 도로관리과는 비가 수시로 온다는 핑계로  여지것 차일 피일 미루고 있습니다. 정말이리 이레도 된단말입니까.(관할을 알아본 바 용인~서울 고속도로와 무관함)\n시골 봉하 마을 또는 지리산 깊은 청학동 산골에도 지금은 포장도로 아니면 아스콘 이 잘 깔려 있는것으로 아는데 현재 경기도 성남시의 대도시 주변에 도로가 포장이 않된다니 정말 무어라 할말이 없습니다.\n국정에 바쁜가운데에도  국민의 억울 하고 분통이 터지는 일들이 없게 관게자 여러분이 잘살표 주시기 바랍니다. 감사합니다."
251413,2018-05-30,2018-06-29,0,14,안전/환경,미세먼지 해결 방안 좀..,미세먼지가 너무 심합니다. 뭔가 대책이 있어야 할 거 같습니다. 정말 중국에 의한 영향인지 아니면 국내 자동차 배기가스 또는 뉴스에서 나왔던 고등어 때문인지 확실한 원인을 파악 한다음 적절한 조치가 있어야 할 거 같습니다. 만약 중국발 미세먼지라면 강력하게 항의해야 한다고 생각합니다. 여러 중요 국정 업무도 많겠지만 이제는 국민들이 더 이상 미세먼지에 노출되지 않고 하루 빨리 깨끗한 공기를 마실수 있길 바랄뿐입니다.
19535,2017-10-06,2017-11-05,0,0,농산어촌,2017 1회 육묘업 교육 계획 일정이 잘못되었습니다.,2017년도 제 1회 육묘업 교육 계획 공고\n교육 일정이 2017.10.26~2017.10.27 2일간 진행됩니다.\n이 시기는 농촌에서는 매우 바쁜 농번기 시기입니다.\n당연히 농업에 종사하는 분들은 이시기가 매우 바쁜 시기인데 참석하는것이 생업에 무리가 갈수 있습니다\n이런 시기에 이러한 교육을 하면 농업에 종사하고 있는 농민들을 대상으로 하겠다는건지 아니면 아무나 사람을 모아서 교육을 하는 시늉만 한다는 것인지 이해할수 없습니다.\n전형적인 탁상공론이며 농한기에 농촌에 종사하는 사람들을 대상으로 교육을 해야 한다는것은 상식이 아닌가 싶습니다. 농번기에 농부를 대상으로 교육을 한다는것이 이해를 할 수 있는 부분일까요?\n왜 이러한 시기에 이러한 교육을 잡았는지 이부분이 대해 명확히 관련한 분들에게 공지하고 이렇게 밖에 진행 할수 없다면 그에 대한 이유를 정확히 알려주시길 바랍니다.
458527,2018-12-02,2019-01-01,0,3,성장동력,■삼성을 비리 덩어리로 만들고 있는 삼성일가와 이재용이는 물러나라.,삼성 이재용은 나라 팔아먹은 이완용의 후손.\n비리의 온상 친일 이재용은 삼성 경영에서 손떼고 나와야합니다.\n삼성가는 아무리 정치인에게 뇌물주고 해택받아도 이병철. 이건희. 이재용 3대가 구속된적이 단 한번도 없는 이유가 뭘까요?\n그것은 친일 사법 판사무리와 친일 이건희가의 비리라 아니할수 없을것입니다.\n이것은 대한민국 국민의 큰비극입니다.\n삼성은 이완용이가 일제강점기때  일본에 우리 나라를 판 종자돈으로 시작한 삼성이라 하여도 과언이 아닐것입니다.\n삼성은\n이완용이가 나라 팔라먹은 국민의 목숨같은 돈과 우리 근로자의 목숨과 피와 땀으로 만들어낸 삼성 입니다.\n삼성주식도 우리 국민연금공단이 이재용이보다 더 많은양을 가지고 있습니다.\n이젠 이 국민기업 삼성을 국민에게 돌려주세요.\n이 삼성을 계속 비리 투성이로 만들고 있는 돈밖에 모르는 친일 삼성일가와 이재용은 삼성 경영에서 손떼고\n이제는 대한민국 능력있는 젊은 경영 전문가에게 삼성의  경영을 맡길때입니다.\n이 나라의 친일세력 삼성가 이씨일가와 친일한국당을 국민여러분 청산해주세요
406974,2018-10-15,2018-11-14,0,30,안전/환경,지하철 열차 내 CCTV설치를 강력히 촉구합니다! 시민의 안전을 위한 최소한의 환경을 구축해주십시오.,"안녕하세요.\n저는 대구시민입니다.\n지하철 열차 내 CCTV설치를 강력히 촉구합니다!\n이미 오래 전, 시민 설문조사를 통해 성인 85%가 지하철 열차 내 CCTV 설치에 동의한 바 있음에도 불구하고 시민들의 안전에 대한 최소한의 요구를 아직까지 반영하지 않고 있는 현재 상황에 대해 정부에 각성을 촉구하며, 열차 내 최소한의 안전장치인 CCTV 설치를 강력하게 요청하는 바입니다.\n(지하철 내 CCTV 설치 찬반 설문조사 출처: http://news.khan.co.kr/kh_news/khan_art_view.html?art_id=200711031725451)\n정부는 국민들이 안심하고 대중교통을 이용할 수 있도록 사회 안전망 체계를 정비ㆍ구축할 의무가 있습니다. 모든 사건 사고를 미리 예방하는 것은 어렵다 하더라도, 최소한 사건이 일어났을 때 ‘비록 소는 잃었지만, 앞으로를 위해 외양간은 고쳐 놔야 하는’ 시스템이 구축되어야 합니다. 많은 시민들은 지하철 열차 내 CCTV가 '당연히' 있는 것으로 알고 있습니다. 정부는 시민들의 기대를 저버리지 말고, 국민들의 안전을 위해, 최소한의 안전 시스템 체계를 구축해야 합니다.\n특히 대구는 지난 2003년 2월 18일, 당시 50대 정신지체 장애인 남자승객의 방화사건으로 인해 343명의 사상자를 낸 ‘지하철 참사’가 일어나, 특별재난지역으로 선포되었던 지역이기도 합니다. 그토록 끔찍하고 끔찍한 사건이후에도 불구하고 여전히 지하철 열차 밖, 내의 사건들은 계속해서 발생하고 있습니다.\n2018년 6월 반월당역에서는 ‘묻지마 야구방망이 폭행’이 있었습니다. 가해자는 피해자가 자신을 쳐다봤다는 이유로 야구방망이로 폭행했습니다. 다행히 열차 밖 대합실에서 사건이 일어났고 CCTV촬영분 덕분에 명확한 증거가 확보되었고 수사가 진행될 수 있었습니다. (당시 가해자가 어떤 처벌을 받게 되었는지 결과가 궁금하군요.)\n(사건 출처: http://www.hani.co.kr/arti/society/area/851069.html)\n이런 지하철 열차 밖 무차별 폭행뿐만 아니라 열차 내 무차별 폭행 또한 끊임없이 발생하고  있습니다.\n꼭 칼부림이 나야, 누군가에 의해 야구방망이 로 죽도록 얻어맞아야만 정부는 움직입니까? 이것이 안전불감증이 아니고 무엇입니까?\n‘다시는 소를 잃지 않기 위해서’ 최소한의 안전장치를 마련해야 합니다.\n저 또한 지난 주말 대구 지하철 열차 내에서 갑자기 폭행을 당하는 일을 겪었습니다.\n당시 가해자와 함께 있던 가해자 모친이 불우한 가정사를 구구절절 이야기하며 사과를 구하는 통해 경찰관까지 왔음에도 불구하고 결국에는 가해자를 용서하고 고소를 취하하긴 했지만.\n이 일을 계기로 지하철 열차 내 폭행이 결코 뉴스에서나 보는, 남의 일이 아니란 사실을 알게 되었습니다. 무차별 폭행은 생각보다 우리 사회 일상 깊숙이 들어와 있었습니다.\n또한 개인사생활 보호 등의 이유로 열차 내 CCTV가 없다는 것을 알게 되었고 이로 인해 수많은 억울한 시민이 있다는 사실 또한 알게 되었습니다.\n지하철 열차 내 갑작스런 폭행으로 당황한 피해자는 뒤늦게 증거를 확보하려 해도 가장 중요하고 확실한 당시 상황이 녹화된 CCTV가 없다는 사실에 낙담하고 그래서 부당한 폭행에 대해 처벌을 할 길이 없어 억울해 하고 있음을 알게 되었습니다.\n한국 사회는 매번 ‘소 잃고 외양간 고친다.’라는 비난을 받고 있습니다. 허나, 늦더라도 외양간 고치는 일이 진행된다면야, 박수쳐줄 일입니다. 문제는 뻔히 사건이 발생하고 억울함을 호소하는 피해자가 계속해서 발생함에도 불구하고 정부는 ‘모른다,’, ‘어쩔 수 없다’,\n현 시스템이 그렇다‘ 등의 답변으로 ’모르쇠‘로 일관하고 있습니다.\n저는 한 아이의 부모로서, 안전한 사회에서 안심하며 아이를 키우며 살고 싶다는 소망이 있습니다. 어쩌면 당연해야 할 일을 기원하고 소망해야 한다니 서글픈 현실이지 않을 수 없습니다.\n요즘 시대는 지하철 열차 내 무차별 폭행을 당하고서도 ‘그래도 칼 맞지 않은 게 어디야? 다행이라고 생각해!’라는 말에 위안해야 하는 세상입니다.\n이에 시민이 안심하고 대중교통을 이용할 수 있도록 최소한의 안전장치 구축을 촉구합니다.\n지하철 열차 내 CCTV 설치를 강력히 요청합니다! 반드시 진행해주십시오!"
472156,2018-12-18,2019-01-17,0,3,일자리,청와대와  지자체는   언제까지 따로 놀것인가?,"청와대는 일자리창출, 경제성장을 추구한다\n그런데 지자체의 공무원들, 아니 작게는 중앙부처의 공무원들의 자세는 어떤가?\n한마디로 전혀 따로 놀고 있다는 것에 문제가 가장 심각하다\n아무리 대통령,장관이 일자리창출 해야한다고, 기업을 활성화 해야 한다고 해도,,\n지자체의 공무원들은 전혀 다른 생각과 행동을 하고 있고, 이들의 이런 행태가 바로 기업활동에 저해 요소가 되고\n많은 기업들이 특히 중소기업들은 사업을 접게되고,폐업하게 되는 경우가 비일비재하다\n그러니 일자리창출이 될 수 없고, 경기활성화 될수 없는 것이다,,\n기업들이  공장을 지으려고, 신재생에너지발전소를 지으려 하면,,\n기본이 바로 기초지자체인  시,군의  ""개발행위허가""를 받아야 가능한데,\n이 허가를 받으려면, 공무원은 갑! 지역주민들은 갑중의 상갑! 기업인들은 을, 아니 병을 넙어 정!\n왜 이런 일이 일어나야 하나?\n실제 그나라에  기업을 창업하고, 기업을 성장시키고, 일자리를 창출하고, 국가의 부(副)를 창출하는 조직은 바로 기업인데!\n왜 기업,기업인이 대우를 받지 못하고, 을,병!의 대우를 받아야 하는가?\n왜 부를 창출하는 사회에 가장 중요한 조직이 병!의 대우를 받아야 하는가?\n이런 상황인데 어찌 기업이 활성화 될까?\n정부는,청와대는 실체를 알아야 합니다!\n왜  국가경제가 이런지를?\n왜 친환경적인 신재생에너지발전소를 만들려 하는데, 기업이  지역주민들의 동의를\n받아야 하며, 동의를 받기위해 돈을 써야 하며, 주민들에게 죄인처럼 머리를\n굽신거려야 하며, 왜 지자체 인허가 공무원들에게 머리를 조아려야 하며,\n왜 시장,군수의  무한 재량행위에 몸을 떨고,,수많은 날들은 인허가를\n받기위해  날을 지새워야 하는가?\n이런 상황에 어찌 창업이 활성화되고, 기업이 성장하고, 기업이 활성화되고, 일자리가\n창출될 것인가?\n개발행위허가가 활성화 되어야, 손쉽게 이루어질 수 있어야, 주민동의 등 법에 근거도 없는\n절차를 없애야, 기업이 창업되고, 활성화되고, 일자리 늘어날 것인데,,\n그러기위해\n1. 개발행위허가 담당 공무원들에게  성과급제 실시가 요망!\n- 얼마나 빠른 시간내, 많은 허가를 내주었는가를 기준으로 성과급제 및 진급인센티브 실시요\n2. 개발행위허가 담당 부서에 3진아웃제 도입 필요!\n- 시장,군수가, 공무원이 편하자고 불법적인 민원을 방치하면서,\n개발행위허가시 법적 근거도 없는  주민동의 등의 불법적인행위 등을 요구하는\n공무원은 사례 발생시 3번이상이면 공무원에서 퇴출제도 도입필요\n3. 개발행위허가 제도에 인공지능로봇 시스템 도입이 필요!\n- 기존의 사람에 의한 인허가진행과 병행하여, 허가 신청인이 선택할 수 있도록하여 AI 로봇시스템\n도입으로  허가과정의 신속과 공정성,신뢰성,객관성 등을 확보 하는 제도화가 필요\n즉시 개선이 필요 합니다,,\n진정으로 기업활성화, 일자리창출, 국가 경제활성화를 기하기 위한다면,,,"
317947,2018-07-24,2018-08-23,0,22,경제민주화,전기 사용료 누진세 차등 도입제를 시행해 주십시오.,"왜 겨울 도시가스 난방은 누진세가 없는데 전기만 누진세가 있는걸까요?\n현재 전기를 연속적으로 사용함에 따라 누진세가 발생하여,\n40도가 넘어가는 여름에도 에어컨을 쓰지못하는 서민들이 많습니다.\n누진세 폐지는 당장 어렵겠지만 누진세 차등 제도를 도입해 주시기 바랍니다.\n못사는 사람도 잘사는 사람처럼 여름에 시원할 권리가 있습니다.\n예를들어 잘사는 사람이 누진세를 좀 더내고 못사는 사람이 누진세가 없이가고,\n회사도 몇인 이상 기업이 누진세를 더내고, 영세 자영업 같은 작은 업체들은 누진세 없이가고...\n이런식으로 가는게 맞는거 아니겠습니까??\n1. 일반 주택은 평수로 누진세율을 정합니다.\n2. 사업체는 회사 규모나 매출로 누진세율을 정합니다.\n3. 에어컨 틀고 문을 열어 사용하는 1층의 매장들 처벌을 강화합니다. (예를들어 영업정지 1주일 이렇게)\n전문가 들이 머리를 맞대어 하루빨리 이런 차등 누진세를 도입해야 한다고 생각합니다!"
301785,2018-07-10,2018-08-09,0,1,교통/건축/국토,집값 안정화를 위해서 주택담보대출을 전세금액 합산 공시가격까지만 인정해 주세요.,"거주의 여러가지 형태 중 우리나라만이 '전세'라는 제도를 운영하고 있습니다.\n'전세'는 하나의 주택에 거주를 목적으로 일시금을 주택소유자에게 지급하고, 거주를 하는 제도입니다.\n그런데, 최근 월세로 전환되던 시장이 다시 '전세'로 치중하는 현상이 생기고 있습니다.\n전세를 없애자는 것이 아닙니다.\n집 한채의 가격이 1억인데. 전세로 '7천만원' 대출로 또 '7천만원' 이런 식으로 전세를 낀 물건인데도 중복 대출을 해주는 경우가 너무도 많아서 '갭투자'라고 불리는 이상 망측한 재테크가 생기고 있습니다.\n이는 법률로 제한 할 것도 아니라, 금융감독원의 지침 변경만으로 가능합니다.\n그래서 제안 합니다.\n지금 당장 은행 주택담보대출의 전수 조사를 통해 '전세'가 있는 주택의 주택담보대출을 회수해 주세요.\n또한, 월세 수요도 동일하게 해주세요.\n그럼, 집값을 잡는데 큰 기여를 할 것으로 판단됩니다."
271764,2018-06-15,2018-07-15,0,0,경제민주화,재판거래를 검찰이!!!,"협박과 착취가 가장 손쉬운 거래이다.\n언제부턴가 법 불신은  도독놈 사기꾼 세상으로  양극화의 주범으로 생각합니다.\n가진자들이 법을 악용하며, 뒷 거래가 만연한....\n차차 종아진다느니, 많이 좋아졌지 않느냐며, .....\n아직도 멀었습니다.\n고위 공직자의 비리에 대해서는 이제 과거를 파 헤쳐서라도 목을 잘라야 합니다,\n썩어빠진 자들이 적당히 결탁하며, 국민을 좌절케 했습니다.\n나는 14년에 대리점으로 하루아침에 ""해지""라는 통지를 받았고, 본사란 조직력이 기백억원의 합의 이행을 언급도 없이 판결사항으로 ""해지""를 확정 해주면서 피고(대리점)이 손해배상 책임이 있다며, 그러나 손해를 입증하지 못하니 [기각]이라는 기가 막히는 모순의 차리사항입니다.\n고소는 더더욱 가간입니다,    가처분 신청은 사기 행위의 착수로 볼수 없다는 불기소 처분입니다.\n모조리 한방에 ""해지""라는 대리점의 처지가 무슨 거래가 되는 것이며, 다단계 판매쯤의 수단이 경제 질서가 됩니까?\n2017모2764호 대법원 처리는 답이없습니다.  소송대리인이 결탁하지 않고는 판결이 될 수 없는 사건입니다.\n재판 거래라는 한마디가 누구를 위한 거래를 말하는지 , 방송으로 밝혀야 하며, 검찰이 무엇을 어떻게 처리하는지 단 한건이라도 공개하면서 처리해 주십시오."
177589,2018-03-27,2018-04-26,0,2,인권/성평등,무고에 해당하지 않는 범위내에서 미투운동은 필요하다고 생각합니다.,"사람이기에 있을 수 있는 신체접촉도 상대방이 싫다는 의사표현을 분명하게 할 경우엔 그런 행위조차도 해서는 안 된다고 생각하는 데 그것을 넘어서 힘 있는 사회적 신분을 이용해서 성 추행을 하거나 성 관계를 하고자 하는 것은 분명한 잘못으로서 성 범죄에 해당하는 잘못된 행위라고 생각합니다.\n반면에 미투운동이 미투운동을 하는 본인이 싫다는 의사표현을 하지 않은 것으로서 사람이기에 있을 수 있는 신체접촉에 대해서까지 성 추행이라고 해서는 안 된다고 생각합니다.\n즉, 다시 말씀드리자면 미투운동이 무고죄에 해당하지 않도록 조심해서 미투운동을 해야 하는 것이라고 생각하며 힘 있는 사회적 신분을 이용해서 약자에 해당하는 상대방을 성 추행하거나 성 관계를 맺고자 하는 행위는 위력에 의한 성 범죄로서 사회악에 해당하는 죄질이 매우 나쁜 행위라고 생각하며 힘 있는 사회적 신분에 있는 사람들부터 이런 잘못된 행태가 고쳐져야 사회전반으로 개선이 이루어 질 수 있을 것이라고 생각합니다."
261423,2018-06-04,2018-07-04,0,52,안전/환경,선거운동 소음규제가 필요합니다.,국민의 단잠을 깨우는 후보들이 국민을 위한 정치를 한다는게 말이 될까요? 우리나라도 이제는 선거문화가 바뀔때입니다. 분명 트럭으로 시끄럽게 노래를 틀지 않아도 마이크소리를 트게 하지 않아도 국민들에게 소통할수 있는 방법은 있을것입니다.
93860,2018-01-13,2018-02-12,0,7,미래,거래소 폐지 해주세요,지금 도박꾼들은 이상한 말도 안 되는 헛소리 논리로\n주장하고 있습니다 문재인 대통령님 거래소 폐지 반대하는 사람들 보다 찬성하는 사람들이 훨씬 많습니다\n현재 계속해서 비트코인 이어질 경우엔 향후 경제 가치는 큰 하락이 발생이 되며 웬만한 경제 망하면 다시 설 수가 있는데 비트 코인으로 인한 경제 폭만은 다시 회복이 불가능합니다 이 와 더불어 화폐 가치 하락이 되며 심하면 인플레이션 발생할 수 있습니다\n문재인 대통령님 제발 부탁드리겠습니다 경제 생각해서라도 제발 비트코인 거래소 폐지를 해줬으면 좋겠습니다. 언제나 수많은 국민들이 문재인 대통령님\n지지하는 사람들이 있다는 것을 잊지 말아주세요..\n거래소 폐지 찬성합니다 파이팅!
66150,2017-12-14,2018-01-13,0,5,기타,공공시설,공공시설인 장충체육관을 사용허가 불법 취소한 법정조치 바랍니다
171182,2018-03-21,2018-04-20,0,2,정치개혁,문촛불정권시대의 마녀사냥 김보름 선수의 현 실태!,http://sports.news.nate.com/view/20180321n07738\n북한의 김정은이나 남한의 좌빨들은 도대체가 인권에 대한 개념이 없어!\n몰상식 무식함으로 대변되는 좌파정권들과 그 떨거지들!
341652,2018-08-14,2018-09-13,0,17,보건복지,생계어려운 국민들 연금악법 77조 수정 일시반환받을수있게하라!!!,수고 많으십니다. 작금. 국민연금 문제로 청와대에많은 국민 아우성들이. 올라오는데요. 특히. 대출도안되고 사방이 막힌 국민들에겐 국민연금 일시반환급 받을수있게해달란. 정말 어려운분들 글이 많습니다.\n현재를 살아야 노후가있지 않겠습니까 ???\n신용불량분들.실직분들.고리빚이자에 허덕이는\n분들 대출도안되 사방막혀 급전필요한분들\n심사해서 일시반환급받을수있게해\n현재를 먼저 살려야야합니다\n빚을값아야. 최저소득도 올라갑니다\n빚값기 바뿐데 어찌 최저임금 올린건\n만으로 소득이 올라가고 내수경제가 살아나나나요???\n복지부에서 특단의조치나 일시반환가로막는. 연금 77조악법을 수정하든가해서\n국민연금 일부라도 풀어 즉시\n돌려주어 아려운 위급분들 현재를 먼저살려야 복지라생각합니다\n국회분들은 어려운분들 국민연금 일시반환 못받게\n악법만들어 놓고. 자신들은 특활비 돈잔치아하니\n국민들이 더 분노하는것입니다\n현재도 못살리며 무슨 노후 보장 애기만 하는지요 답답합니다\n법개정이 힘들면 국무회의 의결로\n어려운분들 심사해 한시적으로라도 즉시 시행해야합니다
213007,2018-04-26,2018-05-26,0,1,성장동력,납세 안하는 국민은 투표권 안주는 입법청원,"상속세 , 법인세 폐지하고\n벌금 늘려 부족분 채우되\n권력형 범죄 벌금 대폭 늘리고 (분식회계,정경유착,편법합병)\n납세액 기부액 따라 투표권 차등 지급해야 합니다\n예를들어\n5년 납세액 기부액 0원이면 대통령,의원 투표권 1장\n5년 납세액 기부액 1억이면 대통령,의원 투표권 1000장\n5년 납세액 기부액 100억이면 대통령,의원 투표권 100,000장\n국민 1인당 동일하게 투표권 주면\n포퓰리즘 창궐 막을수 없고\n포퓰리즘 창궐한 국가는 모두 망했습니다\n납세자와 세금수혜자 일치 하는 국가는 도덕선진국\n납세자와 세금수혜자 일치 안하는 국가는 포퓰리즘국\n납세자는 기업인이며 , 기업인은 자신이 낸 세금으로 , 도로 항만 철도 같은 공공시설 투자 원하여 , 기업인과 서민 모두 혜택받길 원하는 구국의 선인들이고\n미납세자는 서민이며 , 서민은 타인이 낸 세금으로 , 무상급식 같은 사적 용도 사용 원하여 , 자신만 혼자 혜택받길 원하는 반역의 악인들입니다\nhttp://news.mk.co.kr/newsRead.php?sc=30000058&year=2018&no=259167\nSOC `홀대`…일자리 6만개 날렸다. 복지예산에 밀려 찬밥신세.....도로 등 인프라 곳곳 차질\n무상교복 무상급식은 무상음주 무상유흥 입니다\n어금니아빠 처럼 애들 이용한 위선으로\n무상음주 무상유흥 용도로 세금 달라면 거절당하니\n무상교복 무상급식 용도로 세금 달라 거짓말 하여\n기업인이 뼈빠지게 고생하여 낸 세금을\n서민이 착복하여 교복과 급식에 사용하고\n절약된 교복 급식대를 음주가무유흥에 사용하는 포퓰리즘 입니다\n서민이든 기업인이든 미납세자는 주권 없으니 투표권 제한해야 합니다\n한국인이건 , 외국인이건 , 국적 상관없이\n국세청 납세액과 , 정부기관에 기부한 금액의 5년 합산액에 따라\n투표권 차등 지급 해야 합니다\n투표권 차등지급 + 벌금 상향 + 상속세 법인세 폐지는\n아래 효과 있습니다\n1. 재원확보\n2. 범죄예방\n3. 외국기업 유치\n4. 국내기업 해외 이주 방지 및 이주 기업 리쇼어링\n5. 일자리증가 , 청년실업 해결\n6. 출산율 증가\n7. 중산층 증가\n8. 한국 부자들 해외 이민 방지 , 외국 부자들 한국 이민 유도\n9. 근로의욕 고취\n10. 포퓰리즘 방지\n돈 많다고 기부 납세 많이 하는게 아닙니다\n대우 김우중 돈 많아도 기부 납세 안하므로 투표권 1장만 주고\n폐지 모아 전재산 정부에 기부 납세한 할머니는 금액에 비례해서 투표권 주고\n유영철 같은 한국 국적 범죄자는 기부 납세 안하므로 투표권 1장만 주고\n외국인 노동자에게 한국정부에 기부 납세액에 비래해서 투표권 줘야 합니다\n검소하고 근면하고 착하고 유능한 사람은 돈을 벌고\n방탕하고 게으르고 악하고 무능한 사람은 돈을 못벌어야 하고\n이렇게 형성된 경제서열과 계급차이를\n정치 포퓰리즘이 무너뜨려선 안됩니다\n투표권을 국적자에게 동일하게 1개씩 주면\n다수결 원칙이라는 만악의 근원이 됩니다\n다수결 원칙은 민주주의를 가장한 사악한 포퓰리즘이며\n다수결 원칙은 데모꾼 득세하는 세상 만들고\n질투 억지 강도질 빨갱이 합법 되는 무법천지 됩니다\n국적 상관없이 , 납세액 기부액 따라 , 투표권 차등 지급해야 , 포퓰리즘으로 후진국 되는것 막을수 있습니다\n싱가폴이 선진국 된것은 벌금을 현실화했기 때문입니다\n침 뱉어서 벌금 1000만원 부과되면 누가 침뱉고 껌뱉습니까?\n횡령 10억해서 벌금 1조 부과되면 누가 횡령합니까?\n청탁 1억해서 벌금 1천억 부과되면 누가 정경유착 합니까?\n주권은 국민이 아닌 납세자에 있으므로\n납세액과 기부액에 따라 투표권 차등부과하면\n포퓰리즘 , 강성귀족노조 , 유럽식 좌파병에서 한국을 구원할것입니다\n국가 재정 70%를 벌금으로 충당하고\n국가 재정 30%를 세금으로 충당하게끔\n벌금이 국가재정 주수입원 되게 조세제도 바뀌어야 하며\n법인세 폐지하면 외국기업 유치 , 한국기업 유출방지 , 한국기업 고국송환(=리쇼어링) 되고\n법인세 상속세 폐지하면 일자리 늘고 , 중산층 늘고 , 저출산 해결 됩니다\nhttp://news.naver.com/main/read.nhn?mode=LSD&mid=sec&sid1=101&oid=021&aid=0002343409\n선진국 ‘리쇼어링’에 사활… 韓은 되레 기업들 내몰아\nhttp://sbscnbc.sbs.co.kr/read.jsp?pmArticleId=10000889036\n트럼프 법인세 인하하자 애플 해외 375조 美 송환\n싱가폴 등등 30여개 선진국에서 오래전 상속세 폐지하고 양도세로 일원화 했습니다\n재산세와 이중과세로 종합부동산세가 위헌이였듯\n양도세와 이중과세로 증여 상속세도 위헌입니다\nhttp://www.hankookilbo.com/v/700813c5208e4083aa8c6b2a3a6e34f9\n상속세 폭탄에 매각, 백년기업은 없다\n유니더스ㆍ농우바이오ㆍ쓰리세븐 등 유망 중소ㆍ중견기업들 지분 팔아\n1500억 모두 내기로 한 오뚜기 , 일감 몰아주기로 재원 마련 편법도\n삼성 , 현대 등등 많은 기업들이 일감몰아주기 , 편법합병 , 편법승계 한다 비난하나\n상속세 폐지하면 편법승계 악행 사라지고\n외국자금 유입되어 부강해집니다\n소로스 동업자였던 유명 투자자 짐로저스도 가족과 싱가폴로 이민 갔는데\n상속세 60% 도둑질 안당하려 간겁니다\n짐로저스 돈만 유치해도 싱가폴 국부 1%는 넘습니다\n상속세 폐지한 국가는 국외자금 유입되어 경제 성장하였으나\n상속세 강화한 국가는 국내자금 유출되어 경제 퇴보하였습니다\n한국 부자들이 짐로저스 처럼 상속세 없는 나라로 이민가면\n서민들 살기 힘들어지고 , 나라 망합니다\n한국 부자들 이민 막고 , 외국 부자들 이민 오게하려면 , 상속세 폐지해야 합니다\n삼성 현대와 같은 기업은 선한 자들이고 ,  가해자 아닌 피해자 입니다\n상속세라는 악법 피해자로써 , 이재용 같은 착한 기업인들이 , 포퓰리즘 좌파 정권 악법 상속세로 인해 , 편법승계라는 막다른 길에 몰릴수 밖에 없던 겁니다\n삼성 현대 등등 기업인들은 선인들이고 , 구국의 애국자로 , 이재용 기념관 세우고 , 이건희 기념일 , 정주영 국경일 만들어 칭송해야 하며\n진짜 악인은 데모꾼 강성노조 입니다\n내가 번돈을 누군가에게 상속 증여하는것은 죄가 아닌 , 근면 검약한 선이며\n내가 번돈을 죽기전에 다 쓰고 죽는것이 몹쓸 죄고 , 나태 사치한 악입니다\n죽기전에 많은 돈을 남기고 죽은 , 근면 검약한 착한 부모 둔 자녀들은 국가유공자 후손이니 , 추가로 국가보조금과 상장 줘서 장려하고\n죽기전에 모든 돈을 다쓰고 죽은 , 나태 방탕한 악한 부모 둔 자녀들은 반역범죄자 후손이니 , 추가로 벌금과 징역형 줘서 징계해야 합니다\n상속세는 서민들 질투에 의해 만들어진 악법이며\n질투에 의해 법을 만들려면\n예쁜 여자들 경찰서 끌고가서 , 성형수술 여부를 명찰로 달고 다니는 법 만들어야 합니다  (=성형수술 명찰제)\n유권자중에 못생긴 여자가 예쁜 여자보다 많으므로\n포퓰리즘 정부가 표를 얻으려면\n신분증에 성형수술 여부 기재하는 법 만들어야 합니다\n악법 상속세는 폐지하되\n예쁜 여자 성형수술 여부를 명찰로 달고 다니는 법을 새로 만들면\n상속세 폐지로 인해 서민들 표가 줄어들지만\n성형수술 명찰제로 인해 못생긴 여자들 표가 늘어나므로\n포퓰리즘 좌파 정권 유지 가능합니다\n질투에 의해 법을 만드는게 말이 됩니까?\n성형수술 명찰제 말이 됩니까?\n상속세 말이 됩니까?\n서민들 질투에 의해 만들어진\n말 안되는 악법이 상속세 입니다"
512573,2019-01-30,2019-03-01,0,24,정치개혁,나라망신시킨 예천군의원9명 대국민사과하고 전원사퇴하라,"경북 예천군의회 윤리위원회가 해외연수 추태 파문의 책임을 물어 의원 3명의 제명을 결정했습니다.\n결정된 징계안이 모레 1일, 임시회 본회의에서 통과되면 3명 모두 의원직이 자동으로 박탈되는데, 이들이 결정을 받아들일지가 문제입니다.\n이정희 기자입니다.\n◀ 리포트 ▶\n예천군의원 윤리특별위원회가 무려 6시간 동안의 마라톤 심의 결과, 징계 대상인 군의원 3명 모두 제명하기로 결정했습니다.\n박종철 의원은 가이드를 폭행했고 권도식 의원은 여성 접대부 술집 안내 요구를, 박 의원의 폭행을 보고도 말리지 않은 이형식 의원은 의장으로서 이번 사태의 책임을 물은 겁니다.\n윤리위가 내린 징계안은 모레 1일, 임시회 본회의에서 최종적으로 확정됩니다.\n징계안이 그대로 통과되면 그 즉시 의원 3명은 자동으로 의원직이 박탈됩니다.\n하지만 이들이 제명 결정을 받아들일지가 관건입니다.\n폭행 당사자인 박종철 의원은 의원직을 포기하지 않겠다는 뜻을 주변에 내비쳐, 효력 정지 신청과 제명 취소 소송을 제기할 가능성이 큰 것으로 전해지고 있습니다.\n군민들은 해외연수에 참가한 모든 의원이 이번 사태의 책임을 져야 한다며 예천군의회의 '셀프 징계' 자체를 믿을 수 없다는 입장입니다.\n[최한열/예천군농민회장]\n""그럴(제명할) 것 같으면 차라리 '사퇴하겠다' 이런 의지를 보이는 게 더 맞다고 보죠. 윤리위원회 성격도 '셀프 징계'기 때문에 인정할 수 없고 의미가 없습니다.""\n예천 명예회복 범군민 대책위원회는 군의원 전원 사퇴 운동을 계속하겠다며 점거 농성 중인 예천군의회에서 설 차례상을 차리겠다고 밝혔습니다."
47721,2017-11-22,2017-12-22,0,3,문화/예술/체육/언론,청와대 촛불그림 내려 주십시요!,청와대는\n나라의 살림이지 한 대통령 소유물이 아닙니다 .\n벽에 붙은 촛불그림 내려 주십시요!!!\n문대통령님!\n부탁하건데\n이제 더 이상 이념화에 빠진  저질적인 행위는\n그만 해 주시길 바랍니다!!1
81673,2018-01-08,2018-02-07,0,5,보건복지,제발 한번만 이글을 읽어주셨으면,문 재인대통령님께!\n저는 희귀난치질환을 앓고 있는 환자입니다.\n2013년 3월 7일에 교통사고로 지금까지 힘들게 살고 있습니다.  복합통증증후군이란 병명을 얻고 무기력과 공황장애 그리고 우울증 여러가지의 병명 때문에 이 세상이 싫어지고 있습니다.\n저와 같은 환자들도 많이 있습니다. 어떻게 해야 대통령님께서 이 글을 읽으실수가 있는지 아무리 생각해보아도 생각나질 않습니다.\n30일 동안 20만명이 들어와야 대통령님 대통령님께 올라갈수 읽을수 있다하니 너무하십니다!\n제가 매일은 안되어도 자주 글을 올리고 있습니다.\n똑같은 내용이 같겠지만 저에게는 간절히 간곡히 부탁드립니다.\n외국 사래는 아니 외국은 복합통증증후군을 장애1등급을 주고 있습니다. 왜냐하면 밤마다 낮에도 통증으로 인해 힘들어 하기 때문입니다.\n보기에는 멀쩡해 보이지만 겉으로는 보이지 않고 속으로 안으로 마니 아파하고 있습니다!\n제발 고객숙여 부탁드립니다!\n이 글을 읽어주시고 봐주시고 저희를 도와주셨으면 너무나 감사하겠습니다.  보험사들은 저희 같은 병명을 알기에 오히려....\n돈 없는 사람은 포기하는 분들도 많이 있습니다.\n군인들도 이러한 병명을 얻어 힘들게 고통을 받고 있습니다. 이러한 여러모로 보시고 아시고 돌보아주셨으면 하는 바램입니다!\n문 재인대통령님!\n정말 고객숙여 부탁 드리고 싶습니다!\n아니 뭐라 어떻게 불러들여야 할지 모르지만\n이 글을 보시는 분들께도 부탁드리고 싶습니다.\n만약 가족들 중이나 내 식구가 이러한 병명을 얻으셨다고 하면 어떻게 하시겠습니까?\n가족들도 힘들어하고 있습니다.\n서울대학교 교수라는 강웅구 그 분은 환자를 환자 취급도 하지 않고 오히려 알지도 모르시분이 마약 중독이니 뭐라하시며 어떤 부부에게는 죽지 않으니 경련 일으키면 가족분께 나가 있으라고 하시구 휠체어는 왜 타냐구 묻고 저에게는 목발을 왜 짚고 다니냐구 하시더라구요 정말 눈물이 마니 흘렸습니다. 화도 났습니다. 분했습니다. 여러가지로 힘들어 하는 환자에게 그리 할수 있는지 교수라는 분이 어쩜 그리보시는지.... 이 세상에 있고 싶지 않습니다.\n정말 고객숙여 부탁 드립니다!\n제발 한번이라도 제발 저희를 저같은 환자를 보아주세요.\n문 재인대통령님!  감기 조심하시구요 언제나 응원합니다! 화이팅입니다!\n사랑합니다.
257362,2018-05-31,2018-06-30,0,3,보건복지,계원들 계비 제때 납부하게 해주세요,불철주야 북한만 생각하시는 문죄인대통령각하 일부계원중에 계비를 제때 납부하지않는 회원이  있습니다 특히 영처리라고 오늘 계비 확인해보고 아직납부가 아니되었다면 다음3차 남북회담때 북조선에서 개최한다면 데리고가셔서 놔두고오시길 간곡히 부탁드리옵니다 이상 송회장
48798,2017-11-23,2017-12-23,0,6,보건복지,외상센터 지원,"이국종교수님 뉴스를 보면서 안타까운 마음으로 청원합니다~\n한사람이 두사람 몫들을 하시는 병원의 열악한 환경개선과 지원이 꼭!!  필요할듯 합니다\n중증외상환자들이 몰려  입원실이 부족하여 돌려보낼수밖에 없다는 얘길들으면서...\n환자들의 대부분은 노동자들이라는데~\n이국종교수님의 한사람, 한사람의 소중한생명을 살리시려는  맘이  느껴져 눈물이 납니다\n외상센터병원에 예산을 더 많이책정하여\n지원해도  아깝지 않을듯 합니다\n의료계에 계시는분들께  고개숙여 감사드립니다^^"
55798,2017-12-01,2017-12-31,0,0,육아/교육,크림하우스 제품 환불조치 요청,크림하우스 측은 환경부 조사에도 아무런 문제없다고만하는데 기존에 판매당시 표기한 기준과 검사결과 수치가 다름으로 소비자에게 정확히 표하지 않았기에 환불조치로 어느정도의 사과와 노력을 표하기바랍니다.
473976,2018-12-20,2019-01-19,0,5,일자리,아웃소싱 하청업체 없애 주세요,청년들을 죽음으로 내몰고 있는 아웃소싱 하청업체 없애 주세요 법안 만들고 법 어길시 강력하게 처벌좀 해주세요. 부탁 드립니다. 국민들 청년들이 잘 살수 있는 나라로 만들어주세요 ㅠㅠ
243948,2018-05-25,2018-06-24,0,28,반려동물,개고기(보신탕) 식용 반대,과거 많은 사람들은 개고기를 먹으면서 단백질을 채웠습니다. 하지만 지금은 많은 사람들이 매일 매일 고기를 먹고 여러 종류의 음식으로 단백질을 접할 수 있습니다. 그러므로  개고기식용을 반대합니다
438520,2018-11-10,2018-12-10,0,1,성장동력,해외여행 자유화제도 재검토 요청합니다,"특별한 사유도 없는 무분별한 해외여행이 너무 많아\n외화의 낭비가 매우 심하고,\n상대적으로 국내여행이 적어 지방경제도 위축이\n심각하기때문에 최소한 지방경제를 활성화시키는\n단초를 마련하기 위해서라도 일반 국민의 해외여행을\n3~6 회/년 으로 줄여 지방의 경제도 살릴수있도록\n제도적으로 재검토를 할 필요가 있다고 판단되기에\n청원을 합니다."
500544,2019-01-19,2019-02-18,0,6,기타,정부는 미세먼지를 해결하라,미세먼지가 심해지고 있는 가운데 중국에 항의가 필요하고 규제화가 필요하다\n중국에서 넘어오는 먼지 국내에서 생기는 먼지는 국민의 건강을 지키는 안전환경이 되어야한다\n말로만하는 정치는 국회에서 떠나라
59070,2017-12-05,2018-01-04,0,33,육아/교육,맞벌이 부부도 아동수당 받게 해주세요. 아동수당 역차별 청원,"대통령님, 대부분의 맞벌이 부부들은 소득기준에 걸려 아동수당을 지급받지\n못하게 되는데요. 소득과 관계없이 평등하게 지급된다던 본 취지에 벗어나는\n역차별으로 보여집니다.\n아동수당이 지급안된다면, 맞벌이 부부들도 아이와 함께할 수 있는\n시간적인 제도 (정시퇴근의무화 등)라도 정착을 부탁드립니다..\n돈벌어서 세금은 세금대로 성실납부하는 직장인이자,\n아이에게 매일 함께 시간을 보내주지 못하고\n어린이집에 남겨두고, 늘 미안한 워킹맘으로 이시대를 살아가는\n워킹맘으로써\n오늘 아동수당의 지급제외 소식은 또한번\n우리사회에서 아직은 이러나 저러나 워킹맘으로 살아가기\n힘든 현실을 마주하게 되는거 같습니다.\n그럼 그만두고 수당받으라는 분들..\n네 사실 그말도 맞지요.. 하지만 그만둘수없는 이유들 또한\n타고난 금수저가 아니라 부모도 부양해야하고 아이도 양육해야하고\n집 빚도 갚아야하고.. 맞벌이라고 모든 부부가 다 풍요롭진 않기에\n너무 흑백논리로 기준을 들이대진 않았으면 합니다."
93691,2018-01-13,2018-02-12,0,2,미래,"""美 상원 은행위, 다음달 비트코인 관련 청문회 개최""  빨리 빠져나와라","미국 상원 은행위원회가 다음달 비트코인 관련 청문회를 개최할 예정이다. 비트코인을 비롯한 암호화폐(가상화폐)가 금융 시스템에 가하는 리스크에 대한 우려가 커진 탓이다.\n11일 블룸버그는 로이터통신을 인용, 상원은행위가 상품선물거래위원회(CFTC)의 크리스토퍼 지안카르로 의장과 증권거래위원회(SCE)의 제이 클레이튼 의장의 진술을 들을 예정이라고 전했다.\n비트코인은 지난달 1만9000달러를 넘기며 거품 우려와 경고가 넘쳐 나오고 있다. 월가 뱅커들과 중앙은행들은 비트코인의 적법성과 금융상품으로서 지속가능성에 대해 의문을 제기하고 있지만, 시장 참여자들은 미래의 돈이라는 낙관론에 막대한 베팅을 걸고 있다.\nSEC와 CFTC 역시 막대한 변동성의 비트코인에 대한 리스크를 경고하며 투자자들이 사기로부터 보호를 받을 수 없다고 경고한다.\nCFTC는 지난달 시카고상업거래소(CME)와 시카고옵션거래소(CBOE)의 비트코인 선물상품을 승인했다. 하지만 이달 해당 선물상품을 승인한 절차를 다시 살펴볼 것이라고 밝혔다.\n다들 빨리 빠져나와라.."
92004,2018-01-12,2018-02-11,0,4,문화/예술/체육/언론,농구가 너무 하고 싶어요,안녕하세요 저는 화천군에 살고 있는 농구가 하고싶은 학생 이규성 이라고 합니다. 저는 농구가 너무 하고 싶은데 우리 마을에 농구장이 없습니다. 농구가 하고싶어서 w 워시코트 라는 캠페인도 시도 해보았고 우리 마을에도 만들려고 시도해 보았습니다 그러나 저가 할수있는것은 아무것도 없었습니다. 그래서 이렇게 청화대에 청원하려고 합니다. 저의 학교에는 농구대가 하나 있지만 농구대는 다 기울여 졌고 농구대가 있는곳의 바닥은 다 흙과 돌로 되있어서 농구를 할 수가 없습니다. 게다가 저의 마을은 산골에 있어서 농구를 하러 가기가 쉽지 않습니다. 시내에 나가려면 버스를 타고 10분을 가야 하는데 버스는 2시간에 1개씩있어서 나가기가 쉽지 않습니다 또 기후 라는 제약에 걸려 눈이 많이 오는 날은 더 나가기가 쉽지 않습니다. 저의 마을에 꼭 농구장이 생기면 좋겠습니다. 이것은 저만 바라는 것이 아니라 우리마을에 사는 20 명 남짓하는 학생들 모두가 바라는 바 입니다. 농구가 너무 하고 싶어요
298689,2018-07-06,2018-08-05,0,47,저출산/고령화대책,문재인대통령님 출산대책에 난임지원 고려해주세요,"대통령님~10여년간 저출산대책으로 쏟아부은돈이 얼마인지 아실겁니다 일부 혹자는 아이낳는데 정부세금이 웬말이냐 하겠지만 저출산으로 국가경제 국방등 초래될 문제는 가볍게 보는거 같습니다\n아이를 키우는게 싫어 낳지 않겠다는데 억지 장려책으로 쓰일 세금보다 아이를 낳고싶지만 난임으로 힘들어하는 사람들에게 지원부탁드립니다\n난임으로 마음고생 ,각종 주사맞고 일터로 나가는 사람들 경제적 비용 너무 힘이들지만 경제적 지원만으로 큰 힘이 됩니다 지원 부탁드립니다"
206363,2018-04-19,2018-05-19,0,0,문화/예술/체육/언론,매주 월요일은 한복입는날로 정하자,1.매주 월요일 전국민이\n한복을  입어 광광상품화 한다\n2.한복 고유의 문화을 계승한다\n3.침체된 한복점의  활성화\n보호육성한다\n4.월요병이란 단어로 부터  전국민을 활기찬\n월요일로 바꾸자
7710,2017-09-05,2017-12-04,0,1,안전/환경,청소년법폐지,"누구를 위한 법입니까??\n대한민국 법들은 너무 가볍습니다.\n그러니 음주운전, 성추행 및 폭력/폭행,  살인,  국보물 유출, 악덕 대기업 횡포 등 어떤한 죄도 10년을 기분으로 내려져야 합니다.\n아이들의 어른 흉내내는 겁없는 행동이 얼마나 큰 잘못인지, 다시는 그런 일들을 할 수 없더록 형량을 높여야만 합니다."
397434,2018-10-04,2018-11-03,0,8,농산어촌,□갑질행정과 적페행정의 피해는 농촌마을에서 누가 해결 해결합니까?,"□갑질행정과 적페행정의 피해는 농촌마을에서 누가 해결 해결합니까?\n1. 여름이면 마을입구가 하천으로 인해 풀이 우거지고 모기떼와 해충들이 들끓고 마을 뒤쪽으로 농토를 출입해야 하는 농로가 없는 관계로 휴농이 늘어나고 있는 상태의 구거와 구거 주변정비의 필요성, 재해 예방및 밭농사 경작에도 반드시 필요하기에 구거(천안시 동남구 구거 309 일원)를 통한 농로설치가 요구되어,\n2. 2016년 3월, 우리 주민은 당시 이임한 전 장읍장께 상의하여 동의를 구했고, 얼마후 전 읍장께서 천안시로부터 농로예산(4.000만원)이 확보되었으니 이산업팀장과 상의해서 추진하라는 연락을 받았고, 원활한 공사를 위해 마을주민의 동의가 필요하다는 읍 이산업팀장의 요청에 따라, 2016년 03월 20일, 주민들은 마을회의를 열고 농로설치에 대한 배경설명을 하고 찬반의사를 물어 농로개설을 찬성하는 것으로 결정하였습니다. 읍 산업팀에 접수하자 곧 농로공사를 시작하기로 했습니다.\n3. 이렇게 시작단계에서부터 적법하고 공정하게 추진된 농로사업이었으나, 전장읍장이 이임하시고, 새로 곽 읍장이 부임하면서 부터 전임자의 결과물은 모두 무시하고 일방적 갑질 행정이 이루어집니다.\n4. 위 농로개설 마을회의에서 기권한 바 있는 온씨 부인(성 전 천안의 시장의 친척)이 동의를 조건으로 마을에 금전을 요구했으나 명분이 없는 관계로 주민들에게 거절되자 읍에 찾아가 개인(이장)땅만 좋아지는 농로를 반대한다는 개인적인 거짓 민원을 제출합니다.\n◇ 농로가 개설되면 6명의 토지에 연결되고, 마을입구와 구거가 정비되므로\n사실이 아님.\n전임 장읍장 재임 당시 결정된 사업에 신임 곽읍장은 돌연 주민의 100% 찬성을 요구하면서 지금까지의 주민들 의견과 결정사안인 결과물을 무시하고 농로공사를 무한정 미루기 시작했습니다. 이후에도 갑질 행정은 계속됩니다.\n이에 마을을 대표하는 노인회장, 전 이장, 새마을지도자, 마을이장, 총무 등 6명이 곽 읍장실을 방문하여 농로공사를 조속히 진행해 줄 것을 요청하였으나 주민화합을 주장하면서 지속적으로 마을주민 100%찬성을 고집하였습니다.\n민원에 지친 마을이장은 사표를 내고 마을은 6개월간 이장 없는 마을로 있게됩니다.\n5. 그런데 왠일인지 2016년10월 중순에 읍에서 주민의 참석인원 과반수이상 찬성이면 농로설치공사를 해 주겠다고 하여, 다시 마을회의를 열고 과반수 찬성 결과물을 읍에 제출하게 됩니다.\n2016년 11월 3일 당시 임부읍장외 2인과 공사시행업체가 농로공사를 하기위해 마을에 왔으나, 현 이장인 이씨, 박씨, 김씨 등이 금전요구와 폭언, 물리적 작업방해로 인하여 결국 읍사무소 직원과 시행업체가 농로공사를 포기하고 돌아가게 됩니다.(이는 형사소송법 제234조 제2항 공무원이 직무를 행함에 있어 범죄가 있다고 사료되는 때에는 고발하여야 한다 는 규정도 무시하고 현재\n까지 아무런 행정적 처리를 하지 않고 있음)\n6. 곽읍장 부임 후 주민 100% 찬성을 요구하며 수개월씩이나 농로공사를 보류시키고, 얼마 후 다른 조건을 제시하는 등 원칙이 없는 갑질 행정으로 인하여 주민간 불신이 생겨나고, 금전문제가 불거지고, 갈등이 빚어지고 결국 농로공사가 무산되는 사태를 초래하고 말았습니다.\n숙원사업으로 추진했던 마을농로설치사업은 무산되고, 확보했던 예산도 타지역으로 빼앗기고 말았습니다.\n7. 이 과정에서 더 이해 못할 것은 온씨 부인의 개인적 불만에 기인한 민원임에도 불구하고, 주민을 위해 힘써야 할 읍사무소의 임부읍장과 이산업팀장이 몇 번씩 온씨의 집을 방문하여 그들에게 오히려 부탁하고, 사정하는 등 보이지 않는 힘의 논리가 작용하고 있음을 의심하지 않을 수 없으며, 마을주민을 무시하는 행위에 분노하지 않을 수 없습니다.\n8. 우리 마을은 읍의 불신행정으로 주민 간 불신과 갈등이 증폭되고 추가 금전을 요구하는 등 온갖 유언비어가 난무하게 되었으며 고성과 싸움까지 오가는 상황이 벌어지고 있음에도 곽읍장은 주민화합이 안 된다는 말을 반복하며 행정에 대한 변명과 구실만 찾고 있습니다.\n(마을에 단 한 번도 방문하지 않음)\n9. 타당한 이유없이 농로설치를 반대하는 온씨 부인의 민원에 동참한 사람이 더 있는데, 온씨과 더불어 불법 건축물을 설치한 외지인인 박씨, 농로개설예정지의 수목제거에 대한 댓가를 받고도 추가로 금전을 요구하는 현재 이장인 이씨등 입니다.\n◇ 현 마을이장 이씨가 농로 공사시 제거해야 하는 구거에 있는 수목보상비 3,000.000원을 받고 동의하고 서명.\n10. 현재 읍에서는 마을이장을 통해서 농로개설공사 재신청을 한다면 농로공사를 해주겠다고 합니다.\n그러나 돈을 받고도 반대하는 당사자인 마을 이장과 불법시설물을 설치한\n박씨등으로 인하여 마을회의를 해도 찬반갈등으로 고성과 싸움질로 인하여 농로공사 동의를 얻는 것은 거의 불가능한 상황이 되었습니다.\n작년부터 수차례  마을이장에게 농로개설공사 재신청을 요구 했으나, 마을이장은 땅주인들만 좋아지는 농로는 하지 않겠다며 법대로 하라 합니다.\n(금전을 요구하며 고의적으로 공사방해을 했으며 현재까지 농로를 신청을 하지 않음)\n주민의 고충 해결에 앞장서야할 이장이 추가금전을 요구하고 있는 상황을 알고 있는 곽읍장에게 실망하지 않을 수 없으며 지금까지의 조치에 상당한 의심을 갖지 않을 수 없습니다.\n이런 마을 주민간 갈등의 책임은 전적으로 일방적 갑질 행정으로 인한 곽읍장에게 있다는 것을 쉽게 알 수 있을 것 입니다.\n읍 행정의 수장으로서 현 사태에 반성해야 하고 감독해야 할 읍장으로서 방조하고 묵인 하는것은 직무유기이며 적폐 행위입니다.\n11. 귀농과 귀촌 인구가 늘어나고 있는 사회적 분위기속에서 경작에 필요한 농로설치는 행정당국이 적극적으로 지원해야할 사안이라고 생각합니다.\n전국 농촌지역 어디에도 이처럼 많은 농토가 있는 지역에 농로가 없는 곳은 **2리 지역 단 한곳 밖에 없을 것입니다.\n마을이장도, **읍도 할 수 없다면 상급기관인 천안시에서 위 상황을 해결해 줄 것을 청원했으나, 역시 제 식구 감싸기로 일관하고 있습니다.\n실질적인 현장 감사를 통해 불법을 확인하고 곽읍장과 목천읍 관련자들에게 엄격한 행정처벌이 있기를 바랍니다.\n읍의 답변은 종결 처리된 민원이라는 말만 반복하고 있습니다.\n읍은 누구를 위한 행정을 하며, 무엇을 종결 처리했다는 것인지? 지역행정을 안하겠다는 것인지, 포기 하겠다는 것인지 도무지 이해 할 수 없습니다.\n정확한 답변을 해야 합니다. 또한 마을이장과 반대하는 사람에게 왜 농로를 반대하는지 물어보고 불법이 있다면 법대로 처리가 되어야 할 것입니다.\n위치가 마을입구이고, 우물이 있는 습한 환경적 요인과 장마 때 피해를 입는 지역이며, 상부에는 농로가 없는 관계로 휴농지가 생기는 지역입니다. 몇몇 마을 사람의 불법 금전 요구를 이유로 농로공사를 하지 않고 불법적 행위를 묵인하는 곽읍장의 문제는 직무 태만과 방임입니다.\n지역 행정을 포기하는 무책임한 답변을 보며, 다시 국가 인권위원회에 곽읍장과 목천읍의 갑질 행정과 적폐적 차별행위에 대한 사실확인과 조속한 농로문제 해결을 청원 드립니다."
384842,2018-09-19,2018-10-19,0,232,일자리,조선소 사내헙력사의 부당한대우,안녕하세요\n거제도의 D 조선소 사내 협력사에서\n상용직(시급제)으로 일하고있습니다\n사내협력사의 부당함을 신고합니다\n1.정기상여금(보너스)의 기본급화\n2.토욜일 무급휴일화 추진\n3.정부의 4대보험금 납부유예로인한\n미납금발생후 폐업\n4.원청의 사내협력사 기성금 삭감.능률급 삭감\n5.조선소 협력사의 담합으로 근로자의\n실질적 급여제한\n6.원청은 수천억순이익에비해 협력사경영진은\n갈수록 경영악화 호소(수많은협력사 폐업)\n7.사내협력사 노조활동근로자의 폐업후\n재취업금지(블랙리스트)\n작금의 조선소상황이 비정규직 작업자에게는\n생활고에 물가인상에 반대로가는 저임금화등\n수많은 어려움이 있읍니다\n보너스(상영금)가 없어진회사가 진행되고있고\n토올일 무급휴일 동의서(사인지) 현장에서\n반장 직장을 동원한 강요\n원청사의 이익과는 반대로 협력사의 어려움가중\n근로자의 실직적 임금제한등등\n위에열거한 이외에도 많은 어려움이 잇읍니다\n풍요속빈곤에처한 조선소의 사내협력사 근로자의\n처우개선과 억울함을 제발 바꿔주시길 간절히 바랍니다
283440,2018-06-25,2018-07-25,0,52,육아/교육,외국인에게 아동수당을 지급한 안산시 확인좀 해주세요,"자국인 저출산 정책으로 지급하는 아동수당과 보육료 지원이\n안산시 외국인들에게 지급되어\n타지역 외국인들이 국민청원에 지급청원을 올리고 있습니다.\n이에 대해 안산시가 육아,보육료 관련하여 어떠한 수당이라도 지급한 사실이 있는지\n확인이 필요합니다.\n지금 민원이 들어가 있는데요, 책임회피하거나 대충 답변이 달릴까봐 미리 청원도 올려봅니다.\n안산시 민원링크입니다\nhttp://eminwon.iansan.net/emwp/gov/mogaha/ntis/web/emwp/cns/action/EmwpCnslWebAction.do?method=selectCnslWebPage&menu_id=EMWPCnslWebInqL&jndinm=EmwpCnslWebEJB&methodnm=selectCnslWebPage&context=NTIS\n링크가 바로 들어가기가 잘 안되네요ㅠ\n복사하셔서 들어가주세요. 양해부탁드립니다.\n만일 안산시가 독자적으로 국민과 정부에 아무런 상의 없이\n자국의 저출산을 독려해야 할 세금으로 외국인 아동을 지원했다면\n이는 세금을 목적에 맞게 쓴것도 아니며, 국민을 기만하고 우롱하는 위법행위입니다.\n안산시 어느지역인지는 모르겠지만\n지급중이라면 당장 중지하시고, 혹여 소문이라도 안산시가 관리를 똑바로 못한겁니다.\n처음에 조선족(외국인)쪽에서 외국인 아동수당 청원올라오고 그 반대청원 올라왔을 때\n조선족들이 뭐라고 했는지 아세요?\n조선족들 다나가면 그땐 한국경제 어떻게해?\n선진국 될려면 수당지급해줘\n우리도 세금내니까 내국인이랑 똑같이 대우해줘 불공평해\n등등 다양합니다.\n이들 반응을 보면 아시겠지만요, 절대로 한국국민이 될 수 없는 족속들입니다.\n절대로 한국발전을 위해 기여하려는 마음가짐을 가진사람들이 아니에요.\n어떻게든 돈많이 벌어서 어떻게든 편하게 살아보려고 온사람들이에요.\n그리고 이들이 정말로 가난할까요?\n어떤 청원엔 조선족들이 월 300벌고, 알바로 반타임만 일해도 월 100을 못번대요\n이정도면요 내국인이랑 소득 차이 없어요.\n중국임금이 아시다시피 국내보다 낮아서 정확히는 모르겠지면 여기서 월 300버는거면 엄청 많이 받는거에요.\n게다가 대림,구로 가리봉동 안산 오산 등에 자기들 마을 있죠, 부동산있죠,\n보증금 임대료 다 낼거 아니에요?\n이런사람들이 가난한사람들입니까?\n명동에만 가봐도 조선족들끼리 장사하고 자기들끼리 사람 고용해요\n조선족들 외국인들 세무조사 확실히해서 외국인 정책 재고해주세요.\n그리고 외국인들은 국민청원 자격없으니까 못하도록 차단해주세요.\n여기요, 문재인 대통령이 공약으로 거셔서 만들어진 공간이고, 대한민국 국민이 문재인 대통령 뽑았어요\n결국 한국 국민들이 만든 공간이고, 더 발전하고 더 나은사회를 만드려고 하는 공간이에요.\n요약해서,\n청와대 관계자들께 다음과 같이 요청합니다.\n1. 안산시에 보육료 지급한 사실이 있는지 확인해주시구요\n2. 조선족들 세무조사\n3. 외국인정책 재고 및 국민청원에 외국인 글쓰기 금지"
54491,2017-11-29,2017-12-29,0,0,농산어촌,미세먼지 국민일자리,미세먼지 줄인다고 노후 발전소 중단 폐지 시켰는데 달라진게 있나요?\n반전소에서 잉하신분들은 그지역분들이고 10년 20년 일하시던 분들입니다\n하루아침에 딴 지역으로 가버렸네요\n일자리 창출하신다면서요.... 미세먼지 줄이신다면서요 ....
174669,2018-03-25,2018-04-24,0,12,안전/환경,미세먼지 대책좀 마련해주세요!,"주말이라 어머니랑 같이 등산가기로 약속했는데\n못가게되었습니다. 미세먼지가 너무심해서 운동하려고 등산갔다가 건강만 더 해칠까봐요..\n어제 청소할때도 문을열고 해야되나 안열고하면 청소기먼지나올텐데...라고 고민해야했고,\n평소에 밖에서 친구들이나 동료들과 이야기하면서도 이렇게 입벌리고 이야기해도되나? 걱정됩니다.\n마스크끼고 다니라는 사람들도 많은데 마스크비용도 만만치않고, 근본적인 해결방법을 찾아야지, 그런식으로 마스크껴서 순간모면할 일로 끝날 일이아닙니다.\n대책 중에는 국민이 스스로 노력해야하는 부분도 분명히 있고, 여러가지 국가적 이해관계가 달린 일도 있겠지만, 그 어떤 국가적 실익을 막론하고도 미세먼지문제는 대한민국 국민의 기본적 인간적인 삶을 위해 가장 고려해야할 첫번째 사항이라고 생각합니다. 부탁드립니다."
391031,2018-09-27,2018-10-27,0,3,교통/건축/국토,전기차 충전소,전기자동차충전소를 주유소처럼 도로옆에 설치해주세요.야간에 충전하려면 충전할곳이 없거나 문이 닫혀 있고 해서 충전을 못하는 경우가 생깁니다
106761,2018-01-21,2018-02-20,0,1,인권/성평등,민간인 불법 사찰의 끝이 어디라고 생각하시나요.,최근에 행해지고 있는 불법사찰 에 관련된 집단스토킹\n등 범죄 수단이 거리낌없고 악랄하여 그와 관련된\n드러난 정황에 관심이 모아지고 있습니다.\n그런데 아직도 어디까지나 한 부분이라고 여겨집니다.\n생각해보면 이게 끝일리가 없습니다.\n근현대사와 현대사 부분을 마음으로 자세히\n읽어보시면 약간의 그림이 나옵니다.\n아마 그 역사를 통과해온 분들이라면 어렴풋이\n짐작은 하실것이고 조금만 생각해보면 아는\n사람은 다 아실것이라고 생각합니다.\n그 일이 될수 있는 가장 처음 시기와 계기와\n또 한편으로 그러고 싶을 사람까지 생각해 봅니다.\n많은 사람들은 그들처럼 치밀하고 끈질기지 못해요.\n조금만 복잡하고 머리아프면 멈추고 신경을 끄죠.\n그들처럼 잔인하고 다음사람에게도 이어져 영원히 끝내지 않겠다는 계획에 어떤것으로 맞설수 있겠어요.\n보통 사람들은 선량하고 의심없고 걱정도 없어서\n그런 비슷한 것도 못할텐데 해결조차 하지 않고\n넘어가면 나중에 어떨지 상상도 안가요.\n이 문제가 자기의 생활과 직접적인 관련이 있고 다음사람들의 삶까지 영향이 미친다는걸 알면\n절대로 그냥 넘어갈수도 대충 할수도 없는 문제입니다.\n이 일이 왜일어나고 내세우는 명분은 무엇이며\n세세한 목적과 이유와 하는일을 자세히 알고\n어떤경로로 어떻게 행해지고 얼마나 심각한지\n안다면 말이죠.
39378,2017-11-11,2017-12-11,0,1,정치개혁,이명박출국금지,이명박을 출국금지시켜주세요 비리가 수사가 확인할때 까지
125024,2018-02-02,2018-03-04,0,2,기타,음주단속 문의합니다.,음주단속을 함정단속하다가 음주한사람이 도망을 가다가 강에빠져 사망했는데 누구 잘못입니까?
10839,2017-09-06,2017-12-05,0,0,인권/성평등,청소년법폐지,잘못된 청소년이 법의 보호를 받는다는것은 말도 안되는일 같습니다.\n저런 청소년들은 커서도 같은 행동을 반복할 것 이고 어리다고 무조건 용서가되는 사회는 지나치다고생각합니다.
70487,2017-12-20,2018-01-19,0,1,교통/건축/국토,인공조명에 의한 빛공해 방지법  개정 십자가 조명 규제합시다.,대한민국도 과거처럼 마구잡이 개발이 아니라. 계획된 도시계획이 수립되고 주거환경이 개선되고 있습니다. 그리고 광공해에 대한 계획도 일정부분 규제가 되고 있습니다. 문제는 인공조명에 의한 빛공해 방지법이 당시 대통령 이명박의 의지인지 개신교계의 반발때문인지 교회십자가가 슬그머니 규제대상에  빠져있단 것입니다.  대한민국 국민들의 공익을 침해하면서 까지 특정 종교계에 편의를 준 전 정권의 적폐를 청산해주시기 바랍니다. 소수의 이기적인 분들때문에 대다수 선량한 국민들이 피해를 보는건 잘못된것입니다.\n교회십자가 야간조명 규제는 현 정권의 탈원전 전력 사업이나 에너지 절약에도 도움이 됩니다.
88111,2018-01-11,2018-02-10,0,0,미래,가상화폐 거래소 폐지를 반대합나다...,가상화폐 거래를 법제화 해주세요....
444532,2018-11-16,2018-12-16,0,4,안전/환경,"오트바이로 무작정 던지고 지나가는 ""일수명함"" 단속요망 대책마련","일전에 친구들과 일본 동경을 다녀온 적이 있음.\n동경의 도로변 전역이 매우 깔끔한 모습에 느끼는 바가 많았음.\n도로변에서는 노상흡연을 일체 못하게 하며 ,단지 지정된 구역에서만 ""smoking area""로 지정하여 흡연이 가능하도록 하고\n있음으로 도로변이 우리나라 보다는 한결 깨끗하다는 느낌을 가질 수 있었음.\n또한 우리나라에서 오트바이를 타고 무작정 던지고 가버리는 ""일수 명함""\n이것은 반드시 처벌해야할 크나큰 적폐 요-사회악이다.\n가게와 빌딩앞을  무작정 집어던지고 사라지는 일수명함- 전국에 수많은 환경미화원들을 괴롭히고, 작은 가게 점포 주인을 괴롭힌다.  하루에도 수십장을 던지고 지나가는데 가게 주인들에게는 크나큰 고역이다.\n안치우자니 가게앞이 더럽고, 치우자니 딱 붙어서 빗자루로 쓸리지 않아  손으로 주워야 경우가 다반사임.\n법을 강화해 가지고 일수명함 인쇄업자. 일수명함 의뢰인, 오트바이 배부족 3자에 대해 벌금형또는 징역형을 무겁게 매겨서\n근절시키자. 지구와 전국토를 쓰레기장화하는 가장 악질적인 부류의 사람들이라고 할 것임.\n경기도 어려운데 우리 국민들이\n일수명함으로 인해 스트레스 안받도록 해 주는게 정부의 역활이라고 본다.\n정치는 조금 못해도, 경제는 조금 어려워도 참고 견디면 되지만  일수명함 이는 누구를 위한 고통과 괴로움인가?\n정부는 우리도 일본처럼 깨끗한 환경에서 살 수 있도록, 일수명함- 반드시 막아주고 근절시켜 주어한다.\n이렇게 하면 멋진, 훌륭한 정부로 기억될 것이다."
14921,2017-09-19,2017-10-19,0,0,인권/성평등,"""박한철 강일원의 불법행위""는 문재인 대통령의 범죄","발신인: 최남성(원고) 서울시 강북구\n수신인: 이일영(판사) 서울시 서초구 서초중앙로 157 서울중앙지방법원 민사84단독(민사단독2과)\n피고 박한철 강일원 이진성은 물론이고 판사 이일영도 고위공직자범죄수사처에 부작위범 또는 방조범으로 신고하겠음.\n원고가 몇 차례의 내용증명우편에서 또한 이일영 판사에 대한 법관기피신청을 하는 이유에서도 피고들이 헌법소원심판 결정문에서 1. 원고의 “평등원칙” 주장을 누락했고 2. 판례에 반하는 결정을 하였다는 주장을 기록해 놓았습니다. 피고들로부터 이러한 두 가지 핵심 쟁점에 관한 답변을 듣지 못한 상태에서는 재판 진행 방식으로 보아 이일영 판사가 자유심증주의를 빌미로 자의적인 판단을 할 개연성이 높기 때문입니다. 쉽게 말해 피고들이 “세계 평화를 위해서”라고 답변한다면 원고는 반증을 하여 깨뜨릴 수 있습니다. 그러나 지금 같이 피고들의 답변도 듣지 않고 변론을 종결하고 선고한다면, 만일 이일영 판사가 “세계 평화를 위할 수 있다”라고 판결해도 원고는 반증할 기회도 없이 패소하게 된다는 말입니다. 원고의 생각이 기우에 불과하다면 이런 오해를 불식시키기 위해서라도 피고들에게 핵심 쟁점에 관한 답변을 하라고 석명권을 행사하라는 말입니다. 원고는 10년을 넘어 지금도 침해를 당하고 있는 피해자입니다. 불복에 의한 시정을 구하는 과정을 거쳐 이 자리에 오기까지 민사소송을 7번 거치며 오 년여가 걸렸습니다. 2013. 2. 26일 피고들이 원고가 주장한 평등원칙을 누락하지 않고 판례에 반하는 결정을 하지 않았다면 5년을 썩히지 않았습니다. 민사소송법 제1조 신의성실의 원칙에 따라 공정한 재판이 되려면 선고를 연기하고 피고들에게 핵심 쟁점에 관한 답변을 제출하라고 요구하십시오.\n1.원고의 “평등원칙” 주장을 누락한 점.\n원고가 2013헌마82 헌법소원심판청구서에서 환승제도가 헌법전문 ‘각인의 기회를 균등히 하고’, 즉 평등원칙을 위반하며 불공정, 불평등한 경쟁을 강요한다고 주장하고 “헌법 제11조 제1항이 규정하고 있는 평등원칙은 법치국가질서의 근본요청으로서 모든 국가기관에게 법을 적용함에 있어서 정당한 근거 없이 개인이나 일정한 인적 집단을 불평등하게 대우하는 것을 금지한다.”라는 97헌가12 판례도 실었습니다. 명명백백하게 2013헌마82 헌법소원심판청구서에 기록되어 있습니다. 그러나 피고들은 2013헌마82 결정문에서 “평등원칙” 주장에 대하여 아무런 언급도 하지 않았습니다. 이것이 누락입니다.\n다시 제기한 2013헌아32 헌법소원심판청구서에서 침해된 권리 항목에 ‘헌법 제11조 1항 평등원칙, 헌법 제15조 직업의 자유’라고 분명히 적시하였습니다. 그런데 이 청구서를 심사한 이정미 김창종 서기석 헌법재판관은 “이 사건 심판청구는 2013헌마82 사건에서의 주장을 반복하는 것에 불과”하여 일사부재리원칙에 반한다고 각하하였습니다. 즉 이미 2013헌마82 사건에서 평등원칙을 주장하였기 때문에 같은 주장의 반복이라는 겁니다. 헌법재판관 3명이 결정문에서 인정하였으므로 법적 증명력이 있습니다.\n또다시 제기한 2013헌마281 헌법소원심판청구서 청구취지 항목에서 “서울시의 통합환승요금제는 헌법 제11조 1항 평등원칙, 헌법 제15조 직업수행의 자유를 침해하므로 위헌이다“라고 주장하였고, 청구이유 항목에서 환승제도의 법적 근거를 묻고 ”마을버스를 탄 손님들은 300원을 추가로 더 내야하고“  ”공정한 경쟁을 방해하여 시내버스가 저의 손님을 뺏어 가도록 강제하는 제도는 직업수행의 자유를 침해하는 것이고 평등원칙을 위반하는 것“이라고 주장하였습니다. 그런데 이 청구서를 심사한 서기석 안창호 이정미 헌법재판관은 “이 사건 심판청구는 2013헌마82 사건에서의 주장을 반복하는 것에 불과”하여 일사부재리원칙에 반한다고 또다시 각하하였습니다. 즉 이미 2013헌마82 사건에서 평등원칙을 주장하였기 때문에 같은 주장의 반복이라는 겁니다. 다시 한 번 헌법재판관 3명이 결정문에서 인정하였으므로 법적 증명력이 더욱 강력합니다.\n만일 원고가 피고들이 사전심사를 한 2013헌마82 사건에서 평등원칙을 주장하지 않았다면 2013헌아32 사건을 심사한 이정미 김창종 서기석 헌법재판관, 2013헌마281 사건을 심사한 서기석 안창호 이정미 헌법재판관은 왜 “이 사건 심판청구는 2013헌마82 사건에서의 주장을 반복하는 것에 불과”하다고 계속 각하합니까? 주장하지 않았다면 일사부재리원칙에 반하지 않으므로 각하하는 것이야말로 범죄 위법 불법행위입니다(양쪽 헌법재판관 발길질에 차여서 원고의 주장은 사라져 버렸습니다).\n헌법소원심판 사전심사에서 피고 재판관 3명 중 1명만이라도 평등원칙을 누락하지 않았다면 본안심사에 들어갑니다. 다시 말해 3명이 만장일치로 평등원칙을 누락했다는 말입니다. 달리 말해 같은 부위를 연속해서 세 번 찔렀다는 말입니다. 즉 고의입니다.\n2. 판례에 반하는 결정을 한 점(직권주의제도 위반, 적법절차 위반, 신의성실의 원칙 위반)\n헌법소원심판절차에서 직권주의가 적용되고 있는 것은 사실이지만, 직권주의가 적용된다는 의미는 당사자가 주장하지 아니한 적법요건 및 기본권침해 여부에 관하여도 직권으로 판단할 수 있다는 것이지 당사자가 주장한 사항에 대하여 판단하지 않아도 된다는 의미는 아닐 뿐만 아니라, ‥‥‥  더욱이 헌법재판소법 제71조 제1항 제4호의 규정에 따르면 같은 법 제68조 제1항의 규정에 의한 헌법소원의 심판청구서에는 반드시 청구이유를 기재하도록 되어 있는데, 그 취지는 청구인의 청구이유에 대하여 유탈함이 없이 판단할 것을 요구함에 있다 할 것이다. <헌재 2001헌아3>\n공권력이 공정한 경쟁을 방해하는 것은 헌법 제15조가 보장한 직업수행의 자유를 침해하는 것입니다. 이러한 근거로 원고는 ”경쟁의 자유는 기본권의 주체가 직업의 자유를 실제로 행사하는 데에서 나오는 결과“라는 확립된 판례 96헌가18를 제시하였습니다. 즉 마을버스를 실제로 운행하는 주체인 운전사 원고가 직업수행의 자유를 침해당했다는 말입니다. 그런데도 피고들은 ‘청구인의 기본권이 직접적으로 침해된다고 볼 수도 없다’라며 확립된 판례를 위반하고 이러한 이유로 각하하였습니다. 도대체 왜 확립된 판례 96헌가18에 의거하여 직업수행의 자유 침해를 주장하는 게 심판청구의 부적법함이 명백한 경우가 됩니까? (이 점에 대하여 답변하시오) 피고들은 헌법재판소법 제72조 사전심사 제도를 위반하였습니다. 왜냐하면 사전심사는 헌법소원심판청구 적법요건의 구비 여부만을 살펴보는 심사이기 때문입니다. 왜 사전심사에서 확립된 판례를 위반하고 판단을 누락하고 헌법과 법률을 위반해가며 기본권 침해 여부를 결정합니까?\n헌법재판소법 제72조가 지정재판부의 사전심사에 관하여 규정을 두고 있는 것은 심판청구가 부적법함이 명백한 경우 이를 지정재판부의 사전심사 단계에서 간편하게 각하하도록 함으로써 헌법재판소의 업무 부담을 덜고 소송경제를 도모하려는 데 그 취지가 있다 할 것이고(헌재93헌마222).\n헌법소원심판 사전심사에서 피고 재판관 3명 중 1명만이라도 판례(96헌가18, 2001헌아3, 93헌마222)를 위반하지 않았다면 본안심사에 들어갑니다. 다시 말해 3명이 만장일치로 판례를 위반했다는 말입니다. 달리 말해 같은 부위를 연속해서 세 번 찔렀다는 말입니다. 즉 고의입니다.\n피고들의 헌법과 법률 위반\n1) 헌법재판소법 제72조 사전심사 2) 헌법 제15조 직업수행의 자유 3) 청구인의 청구이유에 대하여 유탈함이 없이 판단할 것을 요구하기 위한 목적으로 헌법재판소법 제71조 제1항 제4호에 청구이유 기재 규정이 있습니다. 따라서 직권주의를 이탈하여 “평등원칙” 주장을 유탈하면 헌법재판소법 제71조에 위배됩니다. 4) 헌법 제27조 ①공정한 재판을 받을 권리(재판청구권) 5) 헌법소원심판(본안심사)을 못 받게 했으므로 헌법재판소법 제68조 ① 6) 민사소송법 제1조 신의성실의 원칙 등등\n박한철 강일원 이진성은 헌법과 법률을 위반하였습니다. 과실 고의가 있습니다. 따라서 불법행위입니다.\n그 등기부등본은 이미 접수된 신청서에 따라 기입하여야 할 사항 중 일부를 고의로 누락한 채 작성되어 내용이 진실하지 아니한 것으로서 허위공문서라 할 것이다(대법원 96도1669).\n추징세액을 고의로 누락시켜 특별조사종결보고서를 작성한 것은, 객관적 진실에 반하여 작성된 경우 허위의 공문서에 해당하는 것으로 허위공문서작성죄에 해당한다(대법원 2004도7356).\n따라서 허위공문서작성 범죄입니다. 이러한 불법행위, 범죄로써 원고의 권리행사를 방해하였습니다. 즉 직권남용권리행사방해 범죄입니다. 그렇다면\n형사소송법 제234조 (고발 의무) ②공무원은 그 직무를 행함에 있어 범죄가 있다고 사료하는 때에는 고발하여야 한다.\n법관징계법 제2조(징계 사유) 법관에 대한 징계 사유는 다음 각 호와 같다.\n1. 법관이 직무상 의무를 위반하거나 직무를 게을리한 경우\n이일영 판사가 피고들의 범죄를 고발하지 않으면 직무상 의무 위반이거나 직무를 게을리한 경우일 뿐만 아니라 부작위범이고 법익침해를 강화한 방조범입니다. 따라서 원고는 고위공직자범죄수사처가 신설되는 대로 즉시 신고하겠습니다.\n더 가관인 꼬락서니는 피고들에 대한 ‘2014모3392 재정신청기각결정에 대한 재항고’에서 헌법 법률 명령 규칙의 위반이 없다고 김용덕 이인복 고영한 김소영이 잡아뗐고, 2015다218921 사건으로 다시 내밀자 다시 기각(소송사기). 2016다55752 사건으로 다시 내밀자 권순일 박병대 박보영 김재형이 기각. 얼마 전 2017모1695 결정에서 김창석 박보영 이기택 김재형이 또다시 박한철 강일원 이진성에게 ‘헌법 법률 명령 규칙의 위반’이 없다는 뻔한 거짓말로 기각하였습니다. 10명의 대법관이 범죄를 적극 비호하고 있습니다. 원고는 다시 고소하겠습니다.\n이 지경까지 왔으면 헌법수호책무를 진 문재인 대통령께서 헌법 제66조 제2항에서 명시한 책무를 이행하셔야 합니다. 보증인적 지위가 있고 개인적 법익(평등권 등), 사회적 법익(공문서에 대한 공동의 신용) 국가적 법익(헌법질서)을 막을 수 있는 사람은 오직 헌법 66조에 명시된 대통령뿐입니다.\n[세월호침몰사고 대법원 2015. 11. 12. 선고 2015도6809 전원합의체 판결]\n범죄는 보통 적극적인 행위에 의하여 실행되지만 때로는 결과의 발생을 방지하지 아니한 부작위에 의하여도 실현될 수 있다. 형법 제18조는 “위험의 발생을 방지할 의무가 있거나 자기의 행위로 인하여 위험발생의 원인을 야기한 자가 그 위험발생을 방지하지 아니한 때에는 그 발생된 결과에 의하여 처벌한다.”라고 하여 부작위범의 성립 요건을 별도로 규정하고 있다.\n자연적 의미에서의 부작위는 거동성이 있는 작위와 본질적으로 구별되는 무(無)에 지나지 아니하지만, 위 규정에서 말하는 부작위는 법적 기대라는 규범적 가치판단 요소에 의하여 사회적 중요성을 가지는 사람의 행태가 되어 법적 의미에서 작위와 함께 행위의 기본 형태를 이루게 되므로, 특정한 행위를 하지 아니하는 부작위가 형법적으로 부작위로서의 의미를 가지기 위해서는, 보호법익의 주체에게 해당 구성요건적 결과발생의 위험이 있는 상황에서 행위자가 구성요건의 실현을 회피하기 위하여 요구되는 행위를 현실적·물리적으로 행할 수 있었음에도 하지 아니하였다고 평가될 수 있어야 한다.\n나아가 살인죄와 같이 일반적으로 작위를 내용으로 하는 범죄를 부작위에 의하여 범하는 이른바 부진정 부작위범의 경우에는 보호법익의 주체가 법익에 대한 침해위협에 대처할 보호능력이 없고, 부작위행위자에게 침해위협으로부터 법익을 보호해 주어야 할 법적 작위의무가 있을 뿐 아니라, 부작위행위자가 그러한 보호적 지위에서 법익침해를 일으키는 사태를 지배하고 있어 작위의무의 이행으로 결과발생을 쉽게 방지할 수 있어야 부작위로 인한 법익침해가 작위에 의한 법익침해와 동등한 형법적 가치가 있는 것으로서 범죄의 실행행위로 평가될 수 있다. 다만 여기서의 작위의무는 법령, 법률행위, 선행행위로 인한 경우는 물론, 신의성실의 원칙이나 사회상규 혹은 조리상 작위의무가 기대되는 경우에도 인정된다.\n또한 부진정 부작위범의 고의는 반드시 구성요건적 결과발생에 대한 목적이나 계획적인 범행 의도가 있어야 하는 것은 아니고 법익침해의 결과발생을 방지할 법적 작위의무를 가지고 있는 사람이 의무를 이행함으로써 결과발생을 쉽게 방지할 수 있었음을 예견하고도 결과발생을 용인하고 이를 방관한 채 의무를 이행하지 아니한다는 인식을 하면 족하며, 이러한 작위의무자의 예견 또는 인식 등은 확정적인 경우는 물론 불확정적인 경우이더라도 미필적 고의로 인정될 수 있다. 이때 작위의무자에게 이러한 고의가 있었는지는 작위의무자의 진술에만 의존할 것이 아니라, 작위의무의 발생근거, 법익침해의 태양과 위험성, 작위의무자의 법익침해에 대한 사태지배의 정도, 요구되는 작위의무의 내용과 이행의 용이성, 부작위에 이르게 된 동기와 경위, 부작위의 형태와 결과발생 사이의 상관관계 등을 종합적으로 고려하여 작위의무자의 심리상태를 추인하여야 한다.\n탄핵심판 재심사유 발생\n(민사소송법 제451조) 재심 사유\n4. 재판에 관여한 법관이 그 사건에 관하여 직무에 관한 죄를 범한 때.\n4호 내지 제7호의 경우에는 처벌받을 행위에 대하여 유죄의 판결이나 과태료부과의 재판이 확정된 때 또는 증거부족 외의 이유로 유죄의 확정판결이나 과태료부과의 확정재판을 할 수 없을 때에만 재심의 소를 제기할 수 있다.\n헌법재판소법 제4조 (모든) 재판관은 (모든 사건의 모든 심판에서) 헌법과 법률에 의하여 양심에 따라 독립하여 심판한다.\n헌법재판소법 제24조(제척·기피 및 회피) ⑤ 재판관은 제3항의 사유(③ 재판관에게 공정한 심판을 기대하기 어려운 사정이 있는 경우 당사자는 기피(忌避)신청을 할 수 있다)가 있는 경우에는 재판장의 허가를 받아 회피(回避)할 수 있다.\n강일원이 박근혜 전 대통령 탄핵심판에 관여한 것은 헌법재판소법 제4조에 위배됩니다. 헌법과 법률을 숱하게 위반한 강일원은 기피신청을 당했을 때 마땅히 회피했어야 합니다. 다시 말해 탄핵 사건 심판에 관여하면서 헌법재판소법 제4조, 제24조를 위반한 것은 탄핵 사건에 관하여 중대한 직무에 관한 죄를 범한 것입니다. 당시 헌재소장 대행 이정미의 부작위는 후술하겠습니다.\n박한철 강일원 이진성의 유죄 판결을 막기 위하여 대법관 김용덕 이인복 고영한 김소영은 ‘2014모3392 재정신청기각결정에 대한 재항고’에서 헌법 법률 명령 규칙의 위반이 없다고 기각. 2015다218921 사건으로 다시 내밀자 기각(소송사기). 2016다55752 사건으로 다시 내밀자 권순일 박병대 박보영 김재형이 기각. 2017. 8. 25일 박한철 강일원 이진성에 대한 재항고 2017모1695 결정에서 김창석 박보영 이기택 김재형이 기각. 즉 대법관들의 비호 때문에 “증거부족 외의 이유로 유죄의 확정판결을 할 수 없을 때”입니다. 또한 불법행위가 확정되면 과태료부과 확정판결을 갈음할 수 있습니다.\n증거: http://www.apple4u.pe.kr"
398668,2018-10-05,2018-11-04,0,21,외교/통일/국방,평화는 좋은데 비핵화는? 힘의균형이 안맞는데 평화유지가 될까?,평화는 좋은데 비핵화는? 힘의균형이 안맞는데 평화유지가 될까?\n우리나라만 약속이행을 하나요?\n다른 건 다 필요없고 약속이행을 둘 다 해야지요\n우리나라만 지뢰제거하면 전쟁일으켜서 내려오기 좋으라고 그러나요?!!\n북한 비핵화했어요???\n한걸음씩하지요\n그럼 왜 지금은 그것(비핵화)부터 안하죠???\n하겠죠 우린 평화체결했으니 그런 일 없어요 약속 지킬거예요\n적장의 말을 믿는 바보가 세상에 어디 있나?!!!\n-도요토미 히데요시-\n여기있네요 ㅠㅠㅠㅠ\n믿지 말라가 아니라 대비를 하라는 거고\n비핵화를 언제까지 한다는 게 없기 때문에\n북한은 재미만 보고 손바닥 뒤집듯 할 수 있습니다.\n기간을 정해서 완전한 비핵화하면 경제 협력\n기간을 정했는데 완전한 비핵화 안 하면 고립 전멸
509682,2019-01-28,2019-02-27,0,10,외교/통일/국방,방송인 이매리의 국내 입국 금지조치를 바랍니다,카타르는 현재 단교상태인 아랍에미리트의 축구경기장의 한국 응원석에서 한국인 신분으로 카타르를 응원하는 비상식적인 행위를 저지르며 으로서 현지 한국 교민과 아랍에미리트에 진출한 한국기업에 외교적인 피해를 주며 결례를 범한 방송인 이매리의 국내 영구 입국 금지조치를 요청합니다.
176945,2018-03-27,2018-04-26,0,16,미래,수능최저 폐지,최저폐지는 정말 누가 생각한건지 궁금해질 정도로 이상한 아이디어 아닌가요 학교마다 시험난이도도 다르고 학생들 수준도 다릅니다 그냥 공부 못하는 학교가서 내신이나 조용히 따라는 건가요 그리고 다들 학생부 세대가 아니라 모르시나본데 하다가 정말 죽고싶다는 생각이 들정도로 스트레스받고 신경쓰입니다 봉사시간 채우고 토론대회나가고 조별발표하면 시험을 망하네요 이과는 학교 시험대비로도 버겁습니다 제발 학생의 입장에서 생각해 주세요 진짜 수능최저폐지 얘기 듣자마자 거의 모든욕은 해본거같네요
113038,2018-01-25,2018-02-24,0,0,행정,빨간불에도 우회전이 가능한 교통법규를 고쳐주세요.,우리나라는 교차로에서 빨간불에도 우회전은 할 수가 있습니다.\n그런데 이 교통법규로 인하여 보행자의 신호가 파란불일 때도 멈추지 않고 지나는 차들이 많습니다.\n성숙한 시민의식으로 멈추는 분들도 많으나 다른 나라의 사례처럼 빨간불일 때는 원천적으로 정지하는 것이 보행자에게도 운전자에게도 더 안전한 교통법규라 생각합니다.
97545,2018-01-16,2018-02-15,0,3,일자리,최저임금인상으로 모든문제가 해결됩니까?,현재 최저임금인상으로 우리가 외면하는 힘들고 더럽고 어려운 일자리에 종사하는 16만명이 일자리에서 쫓겨났습니다. 문재인대통령의 최저임금인상의 취지는 좋으나 그로인해 발생하는 수많은 사항들도 같이 해결해 주셨으면 좋겠습니다. 예를들어 작은회사나 힘든 일에 종사하는 기업체 사람들에겐 최저임금인상이 너무도 불합리하게 느껴집니다. 같은 임금을 받으면 외국인보다 우리나라 국민은 임금을 더 적게 받는 듯한 현상이 발생합니다. 왜??? 이렇게 역질문한다면 우리나라사람들은 최저임금만 받지만 외국인 근로자는 최저임금에 숙식도 함께 해결해 줘야 한다고 했기 때문에 역으로 우리나라 사람은 역차별을 받는 현상이 발생됩니다. 이런문제 등등 인기에 연연하는 그런 정책말고 현실적으로 모든 사람이 공평한 대우를 받는 그런 정책을 펼쳤으면 좋겠습니다.
46356,2017-11-19,2017-12-19,0,21,경제민주화,티슈진 상장 사태 방지법,"코오롱 계열사중 티슈진이라는 회사가 최근 상장하여 주가가 급등하였습니다.\n코오롱의 티슈진 지분으로만도 자산 평가 금액이 1조원이 되는 데도 불구하고 코오롱의 주가는 8천억 내외로 극도로 저평가 상태로 있어 코오롱에 투자한 소액 주주들은 상당한 손해를 보고 있습니다.\n이에 비해 회사 임원들은 티슈진 개인지분을 보유하고 있어 티슈진 상장 차익 만으로도 지주회사인 코오롱은 사고도 남을 정도 입니다.\n어떻게 계열사가 상장해서 주가가 급등했는데, 지주회사의 주식은 떨어 지는 지고 대주주 일가는 개인 지분으로 엄청난 시세 차익을 벌고 법적으로 합법일 줄은 모르겠으나 지금의 사태는 너무도 불공정하다고 생각합니다.\n이런 사태가 다시 발생하지 안도록 유가증권 상장 관련 법을 변경해 주셨으면 좋겠습니다.\n- 지주회사가 있는 데도 대주주가 개인 지분을 가진 계열사는 상장을 못한다.\n대주주가 계열사 개인 지분을 가지고 계열사를 상장하면 지주사 소액주주는 티슈진 상장 사태에서 보시 듯이 엄청난 피해를 보고 이는 주식시장의 건전한 발전을 위해서도 좋지 않고 정의롭지도 않은 것 같습니다."
93531,2018-01-13,2018-02-12,0,6,행정,법무장관님 정말 정말 감사합니다,"30대 아들을 키우는 엄마입니다\n어느 누가 남의 자식이 잘되든 말든 신경을 쓰리오 마는\n비트코인 페쇄까지 생각하실 정도로 젊은 이 시대를 걱정하시는 장관님께 경의를 표합니다\n저도 한때는 다단계를 비롯해 각종 유혹에 빠져 모든걸 다 날린적이 있었기에\n지금의 이 사태를 심각하게 바라보고 있었습니다\n그리고 내 아이뿐 아니라 다른 엄마의 아이들에 대한 미래도 걱정이 되었습니다\n아들과 딸을 키우는 장관님도 저와 같은 입장 이었기에 욕들을 것을 감수하면서도\n발표하신것은 아닌지 생각할때에 아들을 키우는 엄마로 너무 너무 감사했어요\n땀흘리지 않고 번돈은 언젠가는 다 날라간다 , 제가 실패속에서 배운 결과입니다\n장관님의 발언을 다른 사람들은 다 비난할지 몰라도\n저는 젊은이들의 미래를 염려하시는 장관님을 너무 너무 존경합니다"
97315,2018-01-16,2018-02-15,0,3,미래,가상화폐 규제 및 폐쇄할지?? 제도권 도입할지?? 전국민투표해봅시다.,지금 이슈가 되고있는 가상화폐에 관련해서 규제 및 폐쇄할지 아니면 제도권으로 들여도 되는지 전국민 투표해봅시다.\n과연 어떤 결과가 나올지.... 예상이 안되지만...........\n지금 청원올릴때 내아이디 빌려서까지 올리는거 보니...참...뭐라고 할말이없네요. 그냥 이러쿵저러쿵하지말고 전국민 투표해서 과연 국민들이 과연 어떤생각을 가지고 있는지 확인해봅시다.\n그럼 지금 20만이라는 청원글이 과연 얼마나 1인이 다수 아이디로 청원에 동의했는지....\n가상화폐거래를 하고싶어하는 사람이 얼마나 있는지.... 가상화폐 폐쇄를 찬성하는 사람이 얼마나 있는지도 알 수 있잖아요.\n해봅시다. 과연 국민들이 어떤 생각인지~
425413,2018-10-30,2018-11-29,0,6,육아/교육,유치원 어린이집 개선방안,요즘 유치원과 어린이집 비리때문에 많이 씨끄럽습니다 흠....사립영어유치원 뭐 이런데는 아예 조사대상이 아니죠?자세히는 모르겠으나...나라에서 유치원과 어린이집에 보조금을 지원해주기때문에 그돈을  허트로쓰면 비리가 되는거 맞습니까? 유치원과 어린이집 어디선 교육기관이라고하고 어디선 사업자다하고 ...나라에서 지원해주는 보조금을 중지하면 됩니다 유치원 어린이집에 한푼도 지원하지 마세요 그러면 비리가 안생기는거 아닙니까? 국가로부터 받은돈이 없으니? 학부형들 내가낸세금으로 원장이 사적으로 쓴다고 말이 많찮아요 세금으로 한푼도 지원하지말고 차라리 그돈을 그러면 학부형한테 지원해줘보세요 어떻게 될까요 그렇게되면 대한민국의 모든 학부형들이 비리 학부형이 될것입니다 장담합니다..그리고 유치원 어린이집도 서로간에 경쟁을 하도록 하는겁니다 시설과 식사 교육 모든것에 투자를하도록 시설이 않좋으면 학부형들이 안보내면되는거고 식사도 잘나오고 교육도 좋고 그러면 그곳으로 보낼테니 단 유치원비와 어린이집 비용은 원장들 재량으로 한 아이당 50만원을 받든 200을 받든 사업자니까 나라에서 관여하지말구요 각자가 알아서 경영하는겁니다 그러면 이런 비리 안생깁니다 받은돈이없는데 뭔 비리가생겨요 수익창출을 목적으로 각종 키즈카페 많찮아요 시설이 후지면 그 키즈카페 망하잖아요 마찬가지로 운영을 맏기고 지원금 없이 알아서하라고하면 될일 아닙니까 아닌가요?\n제말이 틀린게 있나요?지원금을 시설로 보내는 것이 아니라 각 학부형에게 예를들면 자녀1명당 50만원씩 지원해주면 부모가 50만원짜리 시설로 보내든 100만원짜리로 보내고 자기가50을 보태든 알아서 하면 될일을...\n안그래요?
316889,2018-07-24,2018-08-23,0,43,기타,대통령님. 왜 해병대 영결식에는 가지 않으셨나요?,"먼저 어제 노회찬 의원의 갑작스런 비보에 깊은 애도를 표합니다. 많은 사람들이 놀랐고 슬펐고 대통령님도 그러셨으리라 생각합니다.\n하지만 어제는 마리온헬기 추락사고로 순직한 5명의 해병대 장병들의 영결식이 있는 날이기도 했습니다. 영결식에는 주검도 온전히 안아보지 못한 유족들이 오열하고 있었습니다. 그곳에는 장관님도, 대통령님도, 민주당 국회의원 단 한명도 없었습니다. 누구보다 국가의 부름으로 임무를 수행하던 장병들이 죽었는데, 군통수권자이신 대통령님께서 그자리에 안계셨던것이 저로서는 이해가 되지 않습니다. 아니, 억울하게 죽은 장병들의 유족을 찾아가셔서 위로하는것보다 더 중요한 국가 중대사가 있다는 것이 납득이 되지 않습니다. 이들도 우리 국민이쟎습니까? 세월호 유족들과 슬픔을 함께하시고 이게 나라냐며 외치시던 대통령님의 모습이 아직 선합니다.\n물론 사고 원인을 철저하게 조사해서 진상을 명명백백 밝혀주실거라 생각합니다. 그안에 방산비리가 있다면 엄중히 처벌해주실것도 믿고 있습니다. 하지만 어제 대통령님은 영결식에서 유족들을 부둥켜안고 계셨어야합니다.\n그간 일년 남짓 대통령님의 행보에 감동을 받아왔고 그 짧은 기간동안 많은 일들을 하시느라 건강 상할까 염려해왔던  많은 국민들이 대통령님께 실망하는일이 두번 다시 없길 간절히 바랍니다."
365781,2018-09-04,2018-10-04,0,410,외교/통일/국방,고인이된 6.25 학도병에게 통보된 유공자취소와 참전명예수당 반납건을 철회하여주세요.,"저희 가족은 지난해 정부 부처로부터 유공자 취소와 참전명예수당 반납 통보를 받았습니다.\n외할아버지는 6.25 한국전쟁이 일어나자 20살의 나이로 가족들을 뒤로 하고 학도병이 되어 전투에 나가셨습니다. 2년 간의 학도병, 그후 4년간 군복무를 하시고 국가 유공자로 살아오시다 지난 해 돌아가셨습니다. 그런데 외할아버지를 호국원에 안장을 하려던 중 정부 부처로 부터 유공자 취소 통보를 받았고, 돌아가시기 전까지 받아온 참전명예수당에 대한 반납 조치 문서를 받았습니다. 이유는 6.25전쟁 참전유공자에 해당하지 않다는 것이었습니다.\n저희가 알고 있던 사실과 달라 기록을 살펴보니 외할아버지에 대한 각 정부부처(보훈처, 육군본부, 병무청)의 군복부 기록이 모두 달랐고, 그에 대한 피해는 오롯이 가족에게 넘겨졌습니다.\n보훈처 : 51년 1월 9일 참전 ,\n병적증명서 : 51년 1월 9일 입대 ,\n육군본부 : 54년 1월 9일로 입대, 58년 3월 15일 제대\n각 부처는 외할아버지에 대한 부서별 다른 기록이라는 행정오류로 인한 실수를 인정 하지도 않을 뿐더러,   단지 사실과 다른 육군본부의 기록에 따른 결정으로 유공자 취소와 그 동안 받았던 수당을 반납하라는 일방적인 통보를 해왔습니다. 살아 생전 외할아버지는 유공자이며, 호국원 안장 대상자라는 이야기를 보훈처로부터 늘 들어왔습니다.\n유공사실을 인정 받고자 한다면 단 한 달 동안 유족이 직접 1950년대 한국전쟁 당시의 참전에 대해 증명을 하라고 요구하였고, 가족은 생계를 뒤로하고 수소문하여 살아계신 친구분의 사실 증명서와 유품에 있는 사진, 등기등본 등을 문서로 제출하였습니다. 하지만 결과는 달라지지 않았습니다.\n이후, 국익위원회에 탄원서를 넣어보아도 다시 국방부로 이관되어 같은 이야기만 돌아올 뿐이었습니다.\n학도병으로 목숨을 걸고 나라를 지키겠다는 신념으로 전쟁에 참전하셨고, 어지럽고 위태로운 국가의 상황 속에서도 명예롭게 청년시절을 보냈다는 자부심으로 평생을 살아오신 외할아버지를 부처 간의 행정 오류로 인해 호국원에 모시지 못 하게 된 유족들의 무너진 마음을 책임져 주시길 바랍니다. 유족들에겐 국가 유공자의 명패나 수당의 의미보다 한 평생 국가를 위해 살았다는 신념으로 사셨던 외할아버지의 소중한 명예가 달린 일입니다.\n행정 오류와 결과에 대한 책임은 부서 기관과 각 기관의 장이 져야 한다고 생각합니다. 국가에서 일어나는 비일비재한 이런 실수들의 책임이 결국에는 국가를 위해 살았던 힘 없는 국민 개인에게 지워지는 일들은 더 이상 일어나서는 안 된다고 생각합니다.\n국민은 국가를 위해 몸을 바치고, 신뢰를 주고, 세금을 냅니다. 그렇다면 각 기관은 각자 설립된 고유 목적에 맞도록 국민을 위해 명확하게 일을 하고 책임을 져야 합니다. 잘못된 부분이 있다면 인정하고, 시정하도록 노력해야지 책임을 국민에게 넘기는 무책임한 행동은 더 이상 해서는 안 된다고 생각합니다.\n현재 저희 가족은 행정심판을 기다리고 있습니다.\n국가를 위해 살다 돌아가신 외할아버지의 명예를 부디 되돌려 주시길 바랍니다."
269896,2018-06-13,2018-07-13,0,11,저출산/고령화대책,난임지원 바우처화 해주세요~~~~,시험관 시술이 한두푼도아니고 1차에 성공하시는 분들도 물론 많이 계십니다~\n이런분들까지 바우처화  안해주셔도 됩니다.\n3차이상 실패하신분들 정말 간절히 원하시지만 경제적으로도 너무 힘드셔서 스트레스 받으셔서 될것도 안되시는것 같아요.\n돈걱정없이 시험관 할 수 있으면 최고지만 그런 정책이 힘들다면 임신하신 분들처럼 바우처로 지원을 해주시면 어려울때 바우처 쓰시고 여유있을땐 바우처 아껴두고 개인이 필요할때마다 알아서 쓸수 있으면 너무나 좋을것 같습니다.\n글재주가 없어서 두서도 없지만 한가지만 더 말씀드리겠습니다~\n첫째 아이만이라도 돈걱정없이 임신할 수 있게 도와주시고 기왕 도와주시는게 좀더 효율적으로 쓸수있는 바우처로 변경 부탁드립니다~
138158,2018-02-12,2018-03-14,0,3,경제민주화,최고임금제 시행 청원합니다.,2016년에 당시 정의당 심상정대표께서 발의한 최고임금법안이 처리 되지 않은 걸로 알고있습니다.\n최저임금법이 재대로 정착이 될려고 하면 이 최고임금법 또한 같이 적용이 되지 않으면 절대 불가능한\n것 같습니다. 물론 이 법안내용을 보면 구석구석에 문제가 보이는건 사실입니다.\n임원의 급여를 줄이는 것 만으로 기업이 남는 이익을 주주들 한테 돌리거나 직원들 한테 상여로 준다\n거나 하는건 기업의 자유의사인걸로 알고있습니다. 그렇다면 임원의 급여을 줄이는것과 동시에 대기업의\n협력회사에 납품 단가를 올리게 되면 대기업과 중소기업간의 임금 격차가 줄어들지 않을까요?\n물론 중소기업 사장이나 임원들이 직원들에게 나눠주지 않고 중간에 착복하는 경우도 있을수도 있겠지만\n이런 시도도 한번쯤 해 볼만하지 않겠습니까?
298319,2018-07-06,2018-08-05,0,30,외교/통일/국방,제주도 예멘 난민 신청 문제에 따른 난민법 개헌 청원합니다,"제주도 불법 난민 신청 문제에 따른 난민법, 난민신청허가 폐지/개헌 청원합니다."
194103,2018-04-10,2018-05-10,0,1,행정,감사원의 고압적인 자세,감사원에 감사제보할일이 있어 공식 사이트에 접속 할려해도 보안인증오류..리하며 접속이 안되고 그래서 대표전화로 전화해서 민원실 연결하여 내용을 이야기 하면 민원실 직원은 고압적으로 응대하여 이점에 대한 항의를 하면 전화를 도중에 끊어버린다. 그 다음 전화하면 아예 전화를 안받는다.\n감사원 민원실...이래도 되나?\n왜그렇게 고압적인가?
90703,2018-01-12,2018-02-11,0,7,미래,암호화폐..왜 과거의 틀로 미래를 만들려고 하십니까?,"법무부와 금감원이 과거의 낡은 틀과 통제적 사고로 가상화폐를 없앨 궁리를 하는동안 미국에서는 리플(XRP)라는 가상화폐가 최대송금업체인 머니그램과 제휴하여 결제와 송금을 위한 제휴를 했습니다.\n이렇게 우리나라는 또 뒤쳐지고 있습니다.\n일본의 가상화폐 합법화나 미국의 다양한 시도보다..공산국가인 중국의 가상화폐거래소 폐쇄를 따라하려고 합니다..\n국민의 자발적 참여로..전세계의 높은 관심 비율을 만들어놓은 기회를..구태의연한 행정관료들이. 투기꾼이라고 도박이라고 규정하며 제초제를 뿌리고 있습니다.\n가상화폐는 화폐시스템의 혼란을 만들지 않습니다..송금과 결제에 대단히 편리하고 안정적인 변화를 가져오게 됩니다.\n디지탈 시대의 금본위제와 비슷하다고 보는게 맞습니다.\n돌맹이 맞습니다..금도 보석도 다 겉에서 보면 돌멩이인데 그걸 녹이고 연마하면 보석이 됩니다.\n제발 열린 눈과 마음으로 이걸 들여다보고..다른나라보다 앞서 미래의 기회가치를 볼 수 있는 인물이 이것을 보석으로 만들도록 해주세요,\n다른나라가 전부 알짜를 점유한 시장에서 뒤늦게 후회하며 신성장동력을 일으키겠다는 일이 없기를 바랍니다."
135667,2018-02-10,2018-03-12,0,25,성장동력,"상속세, 증여세 폐지해주세요","선진국들은 상속세,증여세가 폐지되는 추세입니다.\n세율이 너무 높아 이 돈이 해외로 빠져나가는 규모를 무시할 수 없으며\n온갖 편법이 난무하고 있습니다.\n최대 65%의 세율을 내야하는데 이는 세계 최고 수준이며\n이렇게 되다보니 이 돈을 그냥 써버리거나 검은돈이 되거나\n국부 유출이 되는 경우 또한 상당합니다.\n상속세가 한국 세금 전체 1%가 안 되는데 해외에선 Death Tax 라고도 불립니다.\n즉 실속 없는 세금,  이중 과세란 뜻입니다.\n상속세,증여세는 부의 대물림이 아닌 중산층이 상류층으로 진입할 수 있는 걸림돌이 되는 법입니다.\n중산층이 이 법으로 발목이 잡히다보니 일자리 창출이 힘들어 서민들도 도미노 현상으로\n일자리를 구할 수가 없으며 그 동안\n'너도 당해봐라' 식의 생각을 가진분들은 '무조건 가진자가 내라' 고 하지만\n장기적으로 보았을 때 국가적으로 걸림돌이 되는 법인 것은 분명합니다.\n하루빨리 상속세,증여세를 단계적 절감이 아닌 ""폐지""를 해 주시고\n국가 발전을 위한 기여에 도움이 되기를 간절히 바랍니다."
497344,2019-01-15,2019-02-14,0,21,안전/환경,세월호 사태에 대한 답변 바랍니다,"세월호 유족들에게는 안타깝기는하나, 엄밀히 따지면 세월호는 민간회사에서 불법개조하여 발생한 해상사고입니다.\n이것을 국가에서 세금으로 배상하다니요?\n코메디가 따로 없습니다.\n이것을 해결해준다면 현재까지와 미래에 발생된 발생되는 모든 사고(차, 항공기, 걷다가 넘어짐, 주택화재)들도 국가에서 배상해줘야하는 것이 맞습니다.\n그보다 천안함용사라든지 무언가 일반인도 이해할수있는 부분에 대해서 세금으로 지원해줘야되는것이 아닌가요?\n또한 현재는 미세먼지 저감하지 못한 부분에 대한 책임으로 국민들에게 보상하는것이 더 맞다고 봅니다.\n현재 발생하고 있는 문제에 대한 해결해주시죠.\n답변기다립니다.\n1. 세월호 배상하고 전에 발생한 모든 사고에 대한 보상하는 것이 맞지 않은가요.\n2. 미세먼지에 우리가 직접적으로 피해를 받고있으나,\n중국 눈치보느라 구체적으로 대책을 세우지 않으니 이것에 대한 보상을 바랍니다."
52213,2017-11-26,2017-12-26,0,1,문화/예술/체육/언론,"태권도 품띠,검은띠 무료 지급 하게 해주세요","제가 전직 태권도 유단자 인데 품띠,검은띠 를 돈 내야 줄수 있다 는 말에 황당 했습니다\n다른 띠는 의무적으로 주면서 품띠,검은띠 는 의무적 으로 안주는지 이해 불가능 입니다\n법을 부디 바꿔 주세요."
411750,2018-10-19,2018-11-18,0,7,반려동물,경찰 해체를 요청합니다,"오원춘 살인사건에서의 경찰의 안일한 대응, 과거에 실제 범죄자가 아님에도 누명을 씌워 범죄자로 만든 경우도 있고 이번 두 형제가 알바생을 흉기로 찔러 살해한 사건 등 경찰이 하는 일이 없네요\n적어도 경찰이 없으면 세금이라도 아낄 수 있으니 해체합시다. 경찰은 치안유지가 주업무인데 이게 안되면 존재 이유가 없잖아요\n대한민국 경찰은 경찰이 아니라 견찰이라 카테고리는 반려동물입니다"
359744,2018-08-30,2018-09-29,0,3,기타,뭐가 달라졌나요...,아마추어 부동산 정책은 결국 서민만 죽입니다..노무현 정권 학습효과 모르시나요..그때 청와대 에 계셨는네 뭘 배우셨습니까?\n옥시 사태이후 비엠 사태에서 보듯이 쩔쩔매는 관료들...공무원 수는 왜 자꾸 늘리세요..고양이 목에 방울 달기 싫어 하지만.공무원 제외하면 공무원 증원에 많은 국민이 반대할껍니다(소방 공무원등 예외)\n지지율은 더 내려가고 이대로가면 서민 경제 폭망합니다...쓴소리에 귀를 여시기 바랍니다..
515205,2019-02-02,2019-03-04,0,90,교통/건축/국토,유가 정부고시제 실시,유가 정부고시제 실시해주세요\n자율에 맡기지말고 예전처럼 정부에서 주유소에 유가 고시제를 실시함으로써 평등한 가격조건에서 경쟁할수 있도록 해주세요
439746,2018-11-12,2018-12-12,0,2,행정,디딤돌 대출 유자녀 우대 금리에 대하여...,"안녕하세요\n국토부에서 18년 9월 28일부터 디딤돌 대출 금액 증액 및 유자녀 부분에 대해  우대 금리 적용을 시행 했습니다.\n허나 유자녀 금리 우대 부분은 형편성에 맞지 않는것 같습니다.\n우대 금리는 9월 28일 신규 접수분 부터 라고 되어 있는데\n만약 27일에 신청을 했다가 취소를 하고 28일 이후에 하게 되면\n자녀가 있는 세대의 경우 유자녀 우대 금리 적용이 되고 27일에 신청을 한 세대는 금리 우대를 못 받는데,\n이게 형편성에 안맞는거 같습니다.\n9월 28일 신규 접수분 부터 라고 되어 있는데 이는 얼마든지 취소도 가능하고 몇번이고 취소 신청 취소 신청을 할수 있는 부분이라  대출 실행일 기준으로 해야지 형편성에 맞지 않나 봅니다.\n이유인 즉 신청 단계에서는 신청/취소가 자유롭기에 놔두고 대출 실행이 되어야 비로서 확정 및 계약이 이뤄졌다고 볼수 있기에 이부분을 신청분이 아닌 대출 실행일로 봐야 하지 않나 싶습니다.\n9월 28일 이전 대출실행 세대의 형편성??\n휴대폰 구매 예를 들자면 공시지원, 할인 행사 등 많이 하지요?\n허나 물품을 구매를 하고 계약서을 쓰고 난 후 물건을 받는데 물건을 받기전 까진 얼마든지 수정 취소가 가능 하지만\n물건을 받고 나서는 아무것도 할수가 없는것 처럼 대출도 같은 맹락으로 보면 되겠습니다\n저출산을 막고자 한 시행인데 이렇게 하면 누가 애를 낳겠습니까?"
44046,2017-11-15,2017-12-15,0,180,농산어촌,수능연기반대,수능 연기 반대합니다.\n일주일 뒤에 지진이 안난다는 보장이 있나요?
509809,2019-01-28,2019-02-27,0,1,미래,코인거래소 위험해보입니다,더이상 피해자가 안나오도록 지금이라도 거래소들 모니터링 해보세요\n손놓고 있다간 더 큰 피해가 날듯합니다\n아예 싸그리 없애주십시요
484322,2019-01-01,2019-01-31,0,1,저출산/고령화대책,국민연금 개선안 - 내 연금이 부모님께 가도록 해주세요,"국민연금 고갈에 대한 이슈가 여전한테 현실적인 대안을\n생각해보았습니다.\n일단 현재 국민연금에서 더 필요한 금액이 산정되고\n그 돈은 자녀가 자신의 부모께 공식적으로 냅니다.\n예를 들면 이런거죠\n지금도 매달 40만원 내는데 국민연금이 모자라다고 난리라\n올려야한다고 합니다.\n지금 20~40대는 당연히 불만이죠, 이거 믿을만 하지도 않고\n우리만 덤탱이 쓰는거 아니냐\n어쨌든 계산해보니 10만원을 더 내야한다고 칩시다.\n대신 그 10만원중 8만원은 본인 부모님께 갑니다.\n나머지 2만원은 기금운용에 좀 보태고요\n대부분 가정이 매달 20만원씩 드리고 있는 경우가 많으니\n이걸 잘 분배하고 정부에서 부모님께 잘 말씀해주시면 됩니다.\n(지금세대 저항도 조금 누그러뜨릴만 하죠)\n여기에 순기능은\n""엇 이것봐라 그럼 애가 둘이면 16만원이 매달 들어오네""\n부모님 입장에선\n16만원×12개월×20년+자기가 받아야할 연금..\n꽤 괜찮죠?\n그럼 막상 내가 애를 낳으면 노후가 좋긴하겠네 애를 낳습니다.\n-> 출산율이 올라가니 연금가입자가 늘어납니다.\n아울러 내가 내 부모님을 위해 드리는 돈이니\n그 거부감도 훨씬 줄어듭니다.\n아울러 애를 키우는 사람들에 대한 사회적 기여의\n대가로도 적당한 방법이라고 봅니다.\n(지금의 자녀크레딧과는 차원이 다르다고 봅니다)"
71943,2017-12-23,2018-01-22,0,1,육아/교육,신생아들사건과 나아가 태어날아기들,말못하는아기라고 이렇게 할순없습니다\n사회에서 아이를 많이 출산하라고 하면서\n정작태어난아이에 대한 의료시설과 사람들의 잘못된 판단으로\n아이를 낳기 무서워집니다\n저희 아이도 일찍태어나 중환자실에 두달가까이 있었습니다\n그리 생각하면 진짜 충격입니다\n다른 돈되는 병원 과가 중요한게 아니고 미래를 이끌어갈\n아기들을 신경써주세요\n한밤중에 아기가 아프면 응급실도 아이는갈만한곳이 없습니다\n소아과 응급선생님도 없고 기계도 충분치 못해서 해열진통제 주는것이 고작입니다\n엄마들은 정말  그럴때 마다 힙듭니다\n공무원 더뽑는게 문제가 아니라 의사와 간호사들에게 충분한 휴식과 일할 공간을 만들어주세요\n일하는  엄마에게는 아이가 아프면 정말가슴아픈일이니깐요
371262,2018-09-07,2018-10-07,0,31,저출산/고령화대책,"집값 안내리면 이 정권의 미래도, 우리나라 미래도 없습니다.","경제침체, 저출산/고령화, 내수침체...\n두가지만 잡아보세요.\n집값, 사교육비.\n우선 집값은 정말 시급한 문제입니다.\n폭탄돌리기 하지 마시고 용단을 내려주세요.\n비 전문가 입장에서 써봅니다.\n<시그널>\n집값을 잡는게 목표가 아니라 집값을 내리는 것이 목표다.\n실거주 외에는 모두 투기로 간주한다.\n실거주 외 다주택의 경우 지속 세금을 강화한다.\n각종 불법거래는 강하게 처벌한다.\n투기자금은 어떻게든 파악해서 처벌 및 환수한다.\n<대책>\n금리 인상\n다주택자 누진 보유세 지속 강화\n(마음 같아서는 매년 2% 인상, 주택 수에 따라 1%씩 인상)\n실거주 외 주택구입시 강한 추가 세금부과 (취득세 및 보유세 수백% 인상)\n임대소득자 임대소득 외 시세차익 100% 환수\n공실 추가세금 부과\n실거래가 신고비율 지속 상향\n담합 강하게 처벌"
452180,2018-11-25,2018-12-25,0,3,문화/예술/체육/언론,"제가 생각 하는 대한 민국 의 문화 란 , 약자 와 소외 된 사람 들이 한국 의 인권 과 헌법 으로 부터 보호 받고 스펙 재능 실력 보다 인성 이 존중 받는 사회 라고 생각 합니다 .","1993 년 생 , 서울 신구 초등 학교 , 서울 압 구정 중 학교 와 , 서울 압 구정 고등 학교 를 졸업 한 , "" 윤은주 . "" , 라고 합니다 .\n안녕 하세요 . 서울 신구 초등 학교 와 서울 압 구정 중 학교 와 서울 압 구정 고등 학교 를 졸업 한 윤은주 라고 합니다 .\n21 살 때 부터 조건 부 기초 수급 자 로 한국 의 인권 과 헌법 공부 를 했습 니다 .\n약하고 소외 된 사람 들을 위해 제정 된 한국 의 인권 과 헌법 이\n강자 들의 성공 놀이에 잘못 쓰임 받고 ,\n약하고 소외되고 진실 한 사람 들을 지켜 주지 못 하는 사회 를 보면서 ,\n대한 민국 의 문화 가 바뀌 어야 한다고 생각 했습 니다 ."
482950,2018-12-30,2019-01-29,0,8942,일자리,여성부가 실시하려고 예정하는 고위관리직 목표제를 폐지해주세요,"여성의 임원직, 고위관리직, 관리직 비율 확장과 보장은 남성들에 대한 역차별입니다. 즉 인권침해입니다.\n또한 민간사업의 임원직 및 고위관리직마저 국가가 개입하여 여성들의 비율을 공개하고 여성들의 취업비율을 확장하고 보장하는 것은 남성들에 대한 역차별입니다. 이것은 국가의 권리남용, 인권침해, 회사의 권리침해입니다.\n똑같은 사람으로서 똑같이 공부하고 스펙을 쌓고 취업하려고 열심히 노력하는데 실력으로 인재를 뽑을 생각은 안하고 여성에게 고위직과 취업률을 보장하는 것은 정정당당하지 못합니다. 심지어 대한민국 남성들은 국방의 의무를 하는 21개월~ 18개월 동안 고생하느라 공부, 등 자기개발을 포기할 수 밖에 없는 상황입니다. 그런 상황에서 역차별을 고려하여 군가산점제도도 없진 마당에 여성들의 취업률보장과 임원직, 고위관리직, 관리직 비율 확장은 엄청난 역차별이라고 생각합니다.\n공공기관뿐만 아니라 민간기업까지도 정부가 개입하여 여성들의 비율을 공개하고 고위직의 여성비율을 확대, 보장한다는 것은 엄청난 인권침해이며 민주주의사회가 지항하는 자유에 어긋납니다. 공산주의도 안하는 정책입니다. 이 정책은 여성우월주의를 가져올 정책입니다."
25153,2017-11-01,2017-12-01,0,9803,반려동물,반려동물 개체수 제한 법안 반대,"부산광역시 부산진구 오수,분뇨 및 가축분요의 관리에 관한 조례 일부개정조례안 입법이 된다면 그로 인한 개체수 제안으로 인한 문제 때문에 청원하게 됬습니다. 부산진구에는 반려동물을 키우는 반려 집들이 많고 또 블러그나 카페를 통해 유기견 임보나 반려견을 5마리 이상 키우는 집에서는 큰 문제가 됩니다. 5마리 이상일 경우 나머지 아이들은 자신들의 집에서 보호소로 가야하며 재분양이 힘들 경우 안락사라는 운명을 맞게 됩니다. 가족이 있고 주인이 있는데도 불구하며 이 법 하나때문에 무고한 생명이 안락사라는 위기에 처할 수 있습니다 심지어 유기견 문제도 해결이 잘 안됨으로 임모라는 차원하에 대리고 있으시는 분들도 이 법이 진행 된다면 큰 문제가 될거 같아 청원을 드립니다 무고한 생명이 희생되지 안도록 도와주십시오\n이 입법문  기간은 10월 30일 부터 11월 7일까지 입니다."
31079,2017-11-10,2017-12-10,0,0,문화/예술/체육/언론,대한배구협회의 개인정보 유출 조장하는 엉터리 절차,과거 학창시절 배구를 하여 대한배구협회에\n선수등록이 되어있습니다. 이에 선수등록 기록 삭제에 관하여 문의를 드렸는데 선수등록은 하였지만 선수생활은 하지않았다는 공문을 학교장 직인 및 당시 지도교사.또 당시 함께 운동을 하였던 친구나 선후배의 확인서를 받아야 한다는 답변을 받았습니다. 여기에 보태서 확인서를 써준 분들의 초본과 신분증을 첨부하여 보낸다는데..상식적으로 요즘 어느 누가 함부로 본인의 신분증 사본이나 초본을 떼어준다고 이런 행정절차를 만들었는지 모르겠네요. 본인의 서류라도 본인이 함부로 보내기 꺼려지는데 타인의 것을 발부 받아 제출하라니 이 무슨 말도 안되는 행정 절차란 말입니까. 선수등록 하나 삭제하여 달라는데 너무 과하고 어이가 없는 행정인것 같습니다. 또한 운동을 그만둔지도 이십년이 넘었는데 당시 지도해준 분을 어디서 어떻게 찾습니까? 심지어 막말로 이십년이 지났는데 살아계신지 돌아 가신지도 모르는 판국에 이 무슨 말도 안되는 절차란 말입니까\n배구협회란곳이 배구를 활성화 시키기 위해 노력해야지 배구를 하려는 사람을 못하게 막는것은 머람 말입니까\n이는 분명 잘못된 어처구니 업는 행정 절차입니다.\n그리고 본인의 기록을 등록시켜달라고 한적도 또 등록을 하게끔 허락을 한적도 업는데 왜 등록시키고 보유한단 말입니까?\n무슨 권리로 본인의 동의도 업이 기록을 보유하고 지우지도 못하게 하는것입니까?\n그까짓 배구 안하면 그만이지만 이처럼 말도 안되는 엉터리 협회에 내 이름 석자가 등록 되어있단 사실에 화가 나고 부끄럽기 까지 합니다\n처리방안에 대하여 조속히 답변해주길 바랍니다.
313053,2018-07-20,2018-08-19,0,32,외교/통일/국방,문재인대통령님 북한 석탄 논란 해명해주세요.,문재인 대통령님 북한 석탄 논란 이거 해명해주세요.
16819,2017-09-25,2017-10-25,0,0,인권/성평등,공무원 육아휴직에 '사산'의 사유 포함요청,"안녕하십니까,\n현재 국가공무원법 제 71조에는 휴직사유에 '사산 또는 유산'의 경우는 포함되어 있지 않습니다.\n다만 국가공무원복무규정 제 20조 '특별휴가'에서 사산 또는 유산이 확인될 경우 최대 90까지의 특별휴가를 받을 수\n있습니다.\n물론, 이론적으로 보았을 때 사산으로 인해 출산이 되지 않은경우 육아를 수행할 필요가 없어 물리적 시간만 따지자면\n업무를 수행 할 수 있겠지만, 사산이나 유산으로 인한 육체적, 정신적 스트레스로 공적업무의 수행에 지장이\n있을 거라 생각됩니다.\n최근 임신연령의 고령화에 따라 유산, 사산률이 증가하고 있는데 그에 대한 기본적인 대응과 배려가 필요하다고\n생각합니다."
180741,2018-03-30,2018-04-29,0,345,육아/교육,대학원생 인건비 문제 해결해주세요,"1. 인건비 계좌 관리\n학생들 각자, 연구과제 인건비를 지급받을 계좌를 가지고 있습니다. 그래서 각자의 명의로 인건비를 지급받습니다. 하지만 이 돈은 학생들의 돈이 아닙니다. 저녁 식비(상한액 6천원)나 등록금 등 실험실 공공의 정해진 용도로만 사용할 수 있습니다. 사실상 지도교수의 차명계좌나 다름없으며, 지도교수가 다른 학생 계좌로 얼마 옮기라고 하면 그냥 옮겨야합니다. 그렇게 사용한 기록들은 모두 기록해야하며, 학생들은 그 기록들을 매월 지도교수에게 메일로 보내서, 적절하게 사용되고 있는지를 검사받아야 합니다. 연구과제 인건비는 학생들이 국가 연구 과제를 수행하고 받는 정당한 인건비임에도 불구하고 그 돈이 학생들의 돈이 아닙니다.\n2. 무임금 노동(잡일)\n대학원생은 교수의 비서나 노예가 아닙니다. 그럼에도 불구하고, 임금이나 보상을 제대로 받지 못 하면서 복사/심부름/수업조교 등을 당연히 해야 하는 일처럼 하고 있습니다. 저는 이미 박사수료를 했음에도 불구하고, 교수님이 시켜서 교양 수업의 수업준비와 출석체크를 하고 수업 후 정리하기 위해 강의실이 있는 먼 건물까지 갔다 왔다 하면서 연구 및 공부할 시간을 빼앗깁니다. 그 외에도 시험지 문제 복사, 채점 등 다양한 잡다한 일들을 보상도 없이 ‘당연히’ 해야만 합니다.\n위와 같은 문제들은 한국의 대학원 지도교수의 위상에 문제가 있기 때문이라고 생각합니다. 지도교수는 원래 영어로 “advisor”로 “연구에 조언해주는 사람”으로 번역할 수 있습니다. 대학원생이 연구를 수행하면서 어려움을 겪을 때, 조언을 해주어서 문제를 해결할 수 있는 능력을 갖도록 도와주는 사람입니다. 하지만 현재의 대한민국의 대학원 지도교수들은 “졸업”이라는 권한을 갖고 이른바 “갑질”을 합니다. 말을 안 들으면 졸업을 안 시켜줍니다. 학생들이 졸업하기 위해서는 어쩔 수 없이 지도교수가 시키는 대로 해야만 합니다. 제도적으로는 지도교수를 변경할 수 있지만, 한국의 학계가 좁기 때문에, 지도교수가 학계에서 영향력이 있는 사람이라면, 지도교수를 변경하여 완전히 다른 학문을 공부하게 되지 않는 이상 악연은 계속됩니다.\n전국적으로 대학원생들이 부당한 처우를 받고 있습니다. 하지만 자신들의 졸업에 차질이 생길까봐 결국 아무런 말 못하고 순순히 당해야만 합니다. 지도교수를 신고하여 지도교수가 해고당하거나 구속된다고 하여도 해당 대학원생은 졸업까지 남은 기간 다른 분야의 지도교수에게 지도를 받아 졸업하거나, 졸업을 하여도 ‘내부고발자’라는 타이틀을 어디든지 가지고 다니면서 졸업 후 진로에도 영향을 받게 되기 때문에 쉽게 나서지 못 합니다. 그런 문제가 쌓이다가 잘 못 터지면 대학원생이 교수에게 테러를 가하는 등 서로에게 안 좋은 결말을 보게 됩니다.\n석사 및 박사과정으로 공부와 연구를 하는 대학원생들은 곧 국가경쟁력입니다. 우수한 인재들이 국내가 아닌 해외를 선호하는 이유에 물론 국내보다 해외가 앞서나가서 배울 것이 많은 것도 있겠지만, 더 큰 이유는 국내 대학원 환경이 외국보다 열악하기 때문일 것입니다. 이런 문제를 해결하여 국가경쟁력이 될 미래의 인재들이 다른 걱정 없이 연구와 학문에만 매진할 수 있는 환경을 만들 수 있도록 노력해주길 바랍니다."
332000,2018-08-07,2018-09-06,0,8,안전/환경,누진세 페지는 안됩니다,우리나라 도로를 거의 접령하고 있는 외제차들을 한번 보세요\n아마 누진세 폐지하면 온 나라가 정전이 될 겁니다
386732,2018-09-21,2018-10-21,0,3,일자리,취업좀 시켜주세요,문재인 대통령님 취업좀 시켜주세요 요즘 일자리가 없나봐요 ㅠㅠ\n언제까지 백수로 살아가야되나요 일자리 많은나라로 만들어주세요
422242,2018-10-27,2018-11-26,0,35,경제민주화,"경제, 금융전문가로 국부유출을 막아라","지금 경제는 엉망이다,  금융,경제관료중에 전문가가 없어 눈뜨고 뻔히 국부가 외국자본에 유출되고 있다,\n금융정책의 엇박자, 경제정책의 실패, 주식시장의 붕괴로 더더욱  소비가 더욱 줄것이고 한국은 경제위기를 맞게될것이다. 치열한 야인시장에서 이긴 금융전문가를 세워서 당장 국부가 유출되는것을 막아야한다.\n선배들이 열심히 해서 쌓아놓은 국부가 하루아침에 다 빠져나가고 있다,  능력있는 금융전문가, 능력있는 경제장관을\n뽑아야 한다, 장하성펀드로 실패한 인물이 경제보좌관이나 하고, 능력없는 금융통화 위원장, 경제장관 모두들 갈아치워라"
471955,2018-12-17,2019-01-16,0,3,기타,"대한민국의 유통구조 ,,,",대한민국의 모든 유통구조를 재대로 파악하셔서 더이상 서민들 먹고사는 문제로 인해 자살 하지않토록 이끌어주시길 바랍니다 ..문재인 대통령님..!
386233,2018-09-20,2018-10-20,0,8,외교/통일/국방,제 4차 남북정상회담 독도 방문을 해주세요,제 3차 남북정상회담은 보고 평화가 점점 가까워 지는걸 보게 되었습니다.\n저도 문재인대통령님 처럼 북한땅으로 북한산을 가보고 싶은 마음이 있습니다.\n이 번 겨울에 북한 김정은 위원장이 서울에 방문을 할 때 한라산을 갈 수도 있다는 이야기를 듣고\n어릴 때 한라에서 백두까지 이야기를 듣고 얼마 뒤에 북에 있는 땅을 관광을 할 수 있겠구나 하는 생각을 하게 되었습니다.\n하지만 이 번 겨울에 제 4차 남북정상회담을 하게 할 시 남한에 있는 제일 높은 산인 한라산보다\n과거에서 부터 현재까지 우리나라 땅인 독도를 가시는 것이 좋지 않을 까 생각을 합니다.\n옆에 일본은 1905년 부터 독도가 자신에 땅이라고 계속 우리나라 국민들을 건드리고 있는데 이번에 가셔서 전세계에 독도는 우리나라 땅이라는걸 천명을 하시는 것일것만 같습니다.
476589,2018-12-22,2019-01-21,0,1323,안전/환경,보일러시공확인(필증)제도  부활 해주세요,보일러 시공업에 종사하는 한사람으로써\n먼전 이번 강릉팬션 사고로 희생된분들의명복을 빌며\n유가족분들께 위로의 말씀을 전합니다.\n안타까운  사고를 사전에 예방할수 있었던 좋은제도가\n예전에는  있었는데   그것이  규제완화 한답시고  살며시 없에버린 보일러시공확인(필증)제도입니다.\n보일러 시공은 시공자격이있는 등록업체만이 할수있는데   자격증이 있는업체나 시공기사는\n가스안전공사에서   주기적으로 안전교육을받으며\n관리가 되고있지만   무자격무등록업체는 어디에서도\n관리 하는곳이 없습니다\n물론 불법행위를  적발되면 처벌규정이 있지만\n유명 무실 합니다\n일부제조사 대리점 이나 인터넷 판매점등에서\n시공업등록을 하고서 무자격자에게 저가하청을\n주면서 서류처리는 자기네걸로 처리 하는경우가\n비일비제 합니다.\n소비자는 전혀알수없고 가격또한 일반업체보다\n저렴 하니 이용할수밖에 없습니다.\n그래서 최소한 안전하게 시공했는지 유자격자가\n시공했는지를 확인할수 있는 시공확인필증제도가\n꼭 필요합니다\n그리고 확인하느것도 도시가스검침원이나 아르바이트 하시는분들이아닌  공신력이 있는곳 전문시공인이 해야  한다고 생각합니다.\n산자부 산하 법정단체인 ( 한국열관리 시공협회 )같은곳 에서 말입니다.\n이와관련 여러법규가 국회에서 준비중이지만\n다른법규에 밀려서 처리되지 못하고 있는것으로\n알고 있습니다.\n목숨이 걸린 안전에 관한것인데도\n여태 큰사고가 없어서 인지 항상 뒷전인거 같습니다\n꼭  부활시켜주십시요 (보일러시공확인필증 제도)
274041,2018-06-18,2018-07-18,0,1,기타,전두환 전 대통령님  구국의 결단을 해주세요,"좌빨 주사파들이 나라를 북한에 팔아먹고 경제는 작살나고 있습니다 있습니다 청와대를 탱크로 밀어주세요\n좌빨척결 구국결단을 보여주세요!!,"
267614,2018-06-10,2018-07-10,0,6,행정,소방공무원의 공무상재해입증은 누가 해야합니까?,"소방공무원들은 화재 속에서 가스와 연기를 마시며 국민들을 구합니다.\n소방공무원들은 원인 질병을 걸리기 쉬운 것은 통계를 통해 아주 현저하게 알 수 있습니다.\n그런데 국가는 소방공무원들에게 일을 하다가 질병에 걸린 것인지 아닌지를 직접 입증하라고 요구합니다.\n미국의 43개 주에서는 '공상추정법'이 시행이 되고 있습니다.\n공상추정법이란 소방공무원이 공무상으로 획득한 질병에 대해서는 별도의 입증 없이 재해를 보상해주고, 이에 대해 이의가 있을 경우 국가나 지방자치단체가 해당 질병의 직무연관성이 없음을 입증하도록 함으로써 입증책임을 전환하는 제도입니다.\n이번 정부의 국정지표를 보면 '내 삶을 책임지는 국가' 라는 말이 있습니다.\n한 생명을 살리기 위해 어떠한 위험 속에서도 자신의 몸을 던지는 소방공무원의 삶을 책임져주는 국가가 필요하다고 생각합니다."
342595,2018-08-15,2018-09-14,0,25,보건복지,국민연금 원금이라도 돌려줘라..,국민연금 본사이전을  수천억원 들여 이전하고 투자 잘못해서 몇조 까먹고 하는것을 보니 차라리 원금이라도 지금당장 돌려줘라..
430116,2018-11-02,2018-12-02,0,1,농산어촌,태풍피해 보험,이번 태풍에 피해를 입었습니다. 사과는 낙과가있고 나무는 25그루가 뽑히고 100여그루는 바람에  45°기울어 장대로 고정시켜둔 상태입니다. 이런 피해에 대해 보상을 받기위해 보험은 들었지만 보상이 안된다고 하시며 부모님 께서 상심이 크시고 많이 억울해하시기에 한글자 적으봅니다. 이번 태풍피해에대한 정부의 보상이 필요하다고 생각합니다. 크든 적든 피해를 입은 농민들을 돌아봐 주시길 바랍니다.
302616,2018-07-11,2018-08-10,0,2250,반려동물,동물 보호법 이대로도 괜찮은가 [아직도 길에서 불에타 죽는 동물들],"동물 보호법이 강화되었다고 하나, 저는 아직 체감하지 못하겠습니다.\n최근까지도 우리주위에서 버젓이 일어나고 있는 동물 학대 사건이 너무나도 많기 때문입니다. 최근 한달 내에도 많은 생명들이 학대당하고 죽어가고 있습니다.\n2018년 6월 30일, 한달도 채 되지 않았습니다. 인천 서구 가좌동 명가 식당 근처에서 전신 화상을 입은 고슴도치가 발견되었습니다. 곧바로 동물 병원으로 이송되어 응급치료를 받았으나 끝내 사망하였습니다. 해당 병원에서 근무하시는 간호사 분이 경악하시며 본인의 소견으로는 토치로 데인 화상이라고 SNS에 올리기도 하셨습니다. 제가 본 사진상의 고슴도치는 오른팔이 잘린채였고 심한 화상으로 원래의 가시는 찾아볼수 없이 타다남은 이쑤시개 같은 가시와 화상으로 눌어붙은 피부, 타없어진 귀, 안구 화상으로 고슴도치의 원래 모습은 볼수 가 없었습니다. 아마 화상을 입기 전에도 학대를 받았겠지요. 하지만 신고는 커녕 범인조차 잡을 수 없었습니다. 피해를 입은 “ 사람 ” 이 없었기 때문이죠.\n언제까지 우리는 이렇게 동물들이 죽어가는것을 지켜만 보고 있어야 할까요.\n미국의 경우 동물의 학대를 살인과 마찬가지로 주요 범죄로 간주하고 신원을 공개합니다. 해당 사건과 같이 애완동물을 잔혹하게 살해할 경우 종신형 까지도 받습니다. 영국의\n경우에도 애완동물을 방치, 살해 할 경우 징역 18주, 평생 애완동물을 소유하지 못하게끔 법으로써 규정 되어 있습니다. 우리나라의 동물 보호법은 어떻습니까. 동물 보호 현행법 8조에 의하면 위와 같이 동물을 살해할 경우 2년 이하의 징역, 2000만원 이하의 벌금을 받게 되는데 각종 미성년자, 심신미약 같은 이유로 감형되어 솜방방이 처벌을 받지 않습니까 그마저도 법령만 정해져 있지 처벌을 받은 사례가 있기는 한겁니까?\n저는 도무 지 알 수 가 없습니다. 동물의 생명을 가벼이 여기고 죽음에 이르게 하는 사람이 올바른 도덕성을 가지고 삶을 살수 있는것인지, 나아가 사람에게까지 피해를 입힐것은 당연한 일이라고 저는 생각합니다. 해당 고습도치 방화 사건도 사망하였기 때문에 신고조차 되지 않았고, 그렇기에 범인은 잔혹 살해를 저지르고도 뻔뻔하게 거리를 활보하고 있을 것입니다. 해당 범인을 잡아 꼭 처벌해 주십시오.\n유기, 학대당한 동물을 발견시 지자체는 지체없이 해당 관할 경찰서에 연락하여 신고 할수있게 법령을 바꾸어 주십시오.\n우리는 이런 끔찍한 사건들을 언제까지 보아야 합니까?\n이제는 바뀔때가 되었습니다.\n1. 해당 고슴도치 방화범을 처결.\n2. 유기, 동물 발견시 지차체 및 동물병원은 학대여부를 확인하여 명백히 학대일 경우\n발견 장소 및 여러 정보들로 경찰 신고 의무화\n3. 동물 보호법 강화(형사처벌가능)\n4. 동물 학대로 사망까지 이르게 할 경우 살인과 성범죄자와 마찬가지로 주위 이웃에게\n정보공유 [사람으로 치자면 살인이나 마찬가지 이므로 예비 살인범을 알고 조심하여야 한다고 생각합니다]"
224197,2018-05-05,2018-06-04,0,20,행정,삼성바이오직스,삼성바이오직스문제금융당국책임조사 해야맞지않나요
113851,2018-01-25,2018-02-24,0,6,외교/통일/국방,독도 빠진 한반도기 사용 금지 요청,일본에서는 독도가 지네꺼라고 됴쿄에 홍보관 까지 개관하는데\n독도가 빠진 한반도기를 사용하다니요\n독도가 빠진 한반도기는 한반도기가 아닙니다\n그러므로 독도가 빠진 한반도기는 절대 사용해서는 안됩니다.
308539,2018-07-17,2018-08-16,0,6,육아/교육,가정어린이집 에어컨 설치를 도와 주세요,"제 아내는 가정어린이집을 운영하고 있습니다.\n일반적인 가정어린이집과 마찬가지로 아파트 1층에 위치해 있습니다.\n거실에는 에어컨이 있지만 교실로 사용되는 각각의 방에는 찜통더위에도 에어컨이 없습니다.\n이유는 공동주택의 외벽에 에어컨실외기를 설치할 수 없다는 법때문에,  외벽을 뚫고 설치하지 말라는 이유로 관리사무소와 입주자대표회의에서 설치하지 못 하게 막기때문입니다.\n1층은 실외기가 떨어져 누군가에게 피해를 주지도 않는데 말입니다.\n어린이집원장이 돈이 많아 에어컨을 설치하려는게 아닙니다.\n아내는 본인의 월급도 가져오지 못 하고 있는 상황이지만 한두살의 유아들이 땀띠라도 날까 여름만 되면 걱정입니다.\n과연 어른들이 만든 잣대가 말문도 열리지 않은 아이들을 힘들게 해도 괜찮을까요?\n상식적이면 좋겠습니다."
304299,2018-07-12,2018-08-11,0,6,저출산/고령화대책,여자친구 주세요,저출산 시대에 신체건강한 20대 남성으로 이년째 솔로입니다.\n왜 저희세대를 3포 세대라고 부를까요?\n대통령님 국가차원에서 2030 맞선을 주선해야된다고 생각합니다.
176612,2018-03-26,2018-04-25,0,3,인권/성평등,곽도원 협박한 사람들 처벌해 주세요,미투에 편승해 이를 악용하여 곽도원씨를 협박한 이들을 처벌해 법정의를 실현시켜 주세요
336787,2018-08-11,2018-09-10,0,8,반려동물,"소,  돼지, 닭, 오리, 칠면조, 어류 식용을 법적으로 금지해주세요","인간의 반려동물을 먹는다는 것은 말도 안됩니다\n소, 돼지, 닭 등의 모든 육류를 전면 금지하고 계란 역시 유통을 막아야 합니다\n개를 식용 금지하려면 살아있는 모든 동물의 식용도 금지해주세요"
249509,2018-05-29,2018-06-28,0,13,일자리,노동시간 단축에 삶이 더 팍팍해졌습니다.,"5월17일  세째 출산으로 다자녀집안의 가장이자 300인 이상 사업장의  특근,잔업으로 먹고 사는 시급제 노동자입니다.\n주 52시간  노동시간 단축으로  평균 급여가 100만원 가까이   줄어들었습니다.  저출산 ,저출산 하며  출산을 권유 하면서 정작 노동시간 단축으로 삶이 더 팍팍해 졌고  투잡을 고려 중입니다.  그렇다고 특별한 다자녀 혜택이 있는 것도 아닙니다.  과연 누굴 위한 정책인지 되 묻고 싶습니다."
319528,2018-07-26,2018-08-25,0,9,외교/통일/국방,1983년 군대 고참으로 인한구타,저는 1983년경 강원도강릉 포병부대581에서 사병으로 근무하였습니다\n군근무는 현역으로 병장 제대하였으며 일병 말년에 일요일 오전에\n상병 고참이 옥상으로 일병 말년 및 밑의 사병을 불러\n군기 잡은적 있었습니다\n엎드려 벋친 상태에서 가해자상병이 쇠파이프로\n엉덩이를 쳐 아파서 쓰려졌는데 엄살부린다고\n낫으로 엉덩이를 쳤습니다\n엉덩이가 찢어지면서 피가 흘려 동기들이 저를 업고\n부대병원으로 데리고 갔습니다\n부대병원에 입원했을때 헌병2명이 와서\n합의문을 가지고 와서 지장 찍으라고 했습니다\n거절했습니다\n두번째 헌병 2명이 와서 강제로 합의문을 가지고\n와서 제몸을 꼼짝못하게하고 강제로 지장을\n찍고 갔습니다\n그후 제엉덩이부분의 꿰맨 자국을 보며\n군대 비리가 생각납니다\n헌병들이 와서 합의 안하겠다고 하는데\n제몸을 둘이서 꼼짝못하게 하고 강제로\n지장 찍어가고 그 헌병들도 사병인데\n헌병의 지휘관 지시가 있었다고 생각합니다\n가해자의 부모가 헌병에 왔었고 돈을\n헌병지휘자가 받았는지 모르겠으나\n강제로 몸을 압박한 상태로 지장을\n찍어간 행위는 국가기관의 폭력이라고\n생각합니다\n관련 사건 재조사릏 청원합니다
96569,2018-01-16,2018-02-15,0,27,문화/예술/체육/언론,평창동계올림픽은 남북파티가 아닌 세계적인 대회>>> 퍼런깃발들고공동 입장.단일화팀 절대 반대!!!,"동계올림픽을 오랫동안의 열망속에 따냈고 많은 우리나라 선수들의\n젊음과 노력의 피땀으로 기대와 그리고 긴장속에 ,이젠 한달도 채 남지않은 날자를 카운터다운하고\n있는데 공동입장? 단일화팀? 뭐하는 겁니까?\n그렇게도 정은이한테 잘보이고 싶은가요? 그렇다고 핵포기 할까요?\n북한은 남한을 이용하고 올림픽끝나면 언제 그랫냐는듯 본색으로 돌아갑니다.\n제발 건전한 스포츠정신을 위배 하며  정치이용하는 짖거리 맙시다!!!"
265451,2018-06-07,2018-07-07,0,0,미래,일본과 철도연결조건이에요,"철도 연결 하길 원하면 역사 왜곡인정과 왜곡금지 바르게 수정, 독도 한국땅 인정, 위안부 할머니들께 진정성있게 사과하라고 하세요.\n감정적인게 아니라 일본은 교과서에 독도는 일본땅이라는 것을 모든 고등학교에서 가르치는 것을 의무화하는 정책을 통과했습니다.\n일본이 역사왜곡인정, 독도의 한국땅 인정, 전쟁성노예할머니들에게 진정성 담아서 사과하는 조건으로 철도연결 승인해주어야 됩니다. 아니면 쳐들어옵니다. 자기네 원래 땅이였다고 정당성 외쳐대면서 말입니다. 일본의 야욕을 직시하고 이 기회에 없애야한다.\n일본도 섬나라에서 벗어나는 것을 원할 것입니다.\n단 조건이 있지요.\n일본이 역사왜곡인정, 독도는 한국땅 인정, 전쟁성노예 할머니들께 진정성을 담아서 사과하고 우리가 이를 인정하고 용서하고 화해하고 함께 가야 합니다."
515576,2019-02-02,2019-03-04,0,2,보건복지,중소기업 정말 돈 없는지 전수 조사 좀 했으면 좋겠습니다,커더라 통신으로 아는 지인으로 들은 애기로는 이번 설에 보너스 0원 받는 사람들도 많다고 하던데\n아무리 최저시급이 노른다고 해도 이건 좀 너무한것 같습니다\n노는 사람은 월급 더 많이 받고 열심히 일하는 사람들은 내쫒으러 하고 이건 너무 아무리 열심히 살아봤자 헛일 아니겠나요?\n왜냐하면 뭐 듣기로는 회사도 뭐 이사 간다고 하던데 그 돈은 어디로 누구로부터 생길까요?\n청년 지원금 뭐 국가에서 받는다고 하던데 과연 그 돈이 깨끗하게 썼는지 밝혀졌으면 좋겠습니다\n물론 모든 중소기업 사람들이 다 그런거 아니겠지만 일부 사람들이 그러고 놀면서 나만 힘들다 엉엉~\n우는 소리하는게 어이가 없을뿐이죠\n제일 밑에 오른다면 당연히 핵심 간부들도 다 같이 올릴텐데 그렇게 된다면\n간부들 자기들 줄 돈은 있고 밑에 나이 많은 사람들에게 줄 돈이 없거나 주기 싫으니깐 짜를 명분이 생기죠\n사람답게 사는 세상이 오지 않는 이유는 나만 잘 처먹고 잘살면 장땡이야 빼애애액~\n그런 사회구조가 원인이라고 생각합니다
94180,2018-01-14,2018-02-13,0,0,교통/건축/국토,서울에서 대마도 가는 비행노선이 생겼으면 좋겠습니다.,작년에 코리아익스프레스에어에서 서울 김포공항에서 대마도 공항으로 개항을 한다고 했는데 말만 그렇고 하지를 않아서 아직도 개선을 하지 않았습니다. 그리고 개항을 하면 연락을 해준다고 하는데 하지를 않고 아직도 보류중입니다. 빨리 개선해서 가고 싶습니다. 서울역에서 부산까지 KTX를 타고 가서 다시 부산항에 가서 배를 타고 가는 것은 좀 시간에 비용도 너무 많이 들어요 그러니 꼭 개선을 해주세요 그래야 제 생각에는 저가 항공이나 코리아익스프레스에어가 더 영업적으로 살아나고 대한민국 경제와 항공업이 살아 날까 생각합니다. 개선 해서 꼭 가게 해주세요. 울릉도도 언제인지 모르겠지만 경비행기가 다니게 한다는 뉴스를 봤습니다. 대마도는 이미 공항이 있는데 한국에서 노선이 생기면 많이 여행을 갈것 같습니다. 그러면 대마도도 살고 대한민국도 경제가 살것 같다고 생각하니 꼭 노선 갯항 부탁 드립니다.
113962,2018-01-25,2018-02-24,0,0,보건복지,온라인 자살 예방 센터  제안 - 자살률 감소,한국인은 자살률이 높으며 한국인 10 만 명당 25.6 명이 자살하고 있습니다.\n응급 처치 - 자살 예방 센터，무료，\n언제 어디서나 사용할 수 있습니다.\nhttps://www.duosuccess.com/tcm/sos001.htm\n온라인 중국 의학 . http://www.duosuccess.com  .\n그냥 희망 더 많은 생명을 구할 ！！！고마워.
358441,2018-08-29,2018-09-28,0,12,경제민주화,법이 미천하여 양육비도 못받는 이혼녀들,법원 판결을 받은 뒤에도 양육비를 주지 않는 ‘나쁜 아빠’들이 많다. 2012년 여성가족부의 조사에 따르면 한부모 중 양육비를 전혀 받지 못한 이들은 83%가 넘는다\n현행법상 ‘양육비 미지급’은 일반적인 채무 미이행 사건처럼 소송을 통해 받아내는 수밖에 없다. 소송비가 보통 수백만 원 들고 기간도 길게는 3년 이상 걸린다. 승소를 하더라도 재산을 숨기고 양육비를 주지 않으면 추가로 소송을 해야 한다\n선진국에서는 양육비 미지급 행위를 ‘아동학대’로 본다. 스웨덴 노르웨이 미국 영국 등은 양육비 지급 의무를 이행하지 않는 사람의 운전면허를 정지하거나 비자를 발급해주지 않는다.\n전문가들은 제도 개선이 필요하다고 지적했다. 양소영 변호사는 “미성년 자녀의 3년 치 양육비를 미리 법원에 선납하게 하거나 재산분할 금액 중 일부를 양육비로 예납하게 하는 방법이 있다”고 말했다.\n이런 필요한 법들은 시급히 해결안하고 자기들 편한법은 서둘러 처리하거나 기업들 눈치보는 법또한 처리안하는 국개의원들은 정신차려라\n가정이 건강해야 하지만 어쩔수 없이 헤어져야만 하는 가정도 많다\n기초부터 법이 뒷받침을 안해주니 더욱 가중되는 고통에 목숨까지 끊는것이다\nbmw사태를 봐도 그렇고 나라가 정말 형편없다\n국민들 재산과 기본권 생명을 보호하려들지 않는 정부가 관연 나라인가?\n일도 안하면서 국민들 세금 도둑질해 가는 국개의원들 세비부터 줄이고 무노동 무임금 원칙 법대로 적용해라
421727,2018-10-27,2018-11-26,0,7,미래,담배 폐기좀해주세요. 담배값은 비싸고 냄새가 독한데 왜 비싸게판매하나요?,담배를 폐기좀해주세요.\n집근처에 담배피는사람들이 있고 또한\n청소년들이 학교 근처에서 담배피는모습을 보았고\n몸도 안좋은 담배를  판매중지 부탁드립니다.
498961,2019-01-17,2019-02-16,0,6,행정,공매도 규제 언제할껀가요??,국민여론에 귀 좀 기울이세요~!!!!!!
371913,2018-09-08,2018-10-08,0,2,성장동력,호봉제를 없애주세요,호봉제는 우리나라에만 있는 특수한 임금체계라는 말을 들었습니다.  같은 일을 하는데 어떻게 매년 임금이 올라갑니까?  과거 특수한 상황에서 도입한 호봉제가 아직도 존재하는 것은 논리적으로 상식적으로 맞지 않습니다.  노동자들의 희생이 우리나라의 중요한 자양분이 된것은 맞지만 희생이 어디 노동자 뿐입니까?  수많은 직분과 사람들의 희생이 다음세대를 위해 이루어지고 지금도 부모들은 자식을 위해 희생합니다.  이미 충분히 보상 받았고 이제는 다음세대세대가 희생되고 있습니다.  동일임금 동일노동이라면 호봉제는 상식적이지도 않고 논리적이지도 않습니다. 호봉제는 없어져야 합니다.  합리적인 임금체계를 다시 도입부탁드립니다.  민주.한국노총등 괴격노조에 뤼둘리지 마십시오.  일자리는 정의로운가 라는 프로그램 참고 부탁드립니다.
62536,2017-12-09,2018-01-08,0,1,육아/교육,7교시 하는 학교를 모두 6시 이내로 했으면 합니다.,"9시 등교를 하면서 그만큼 학교 늦게 끝나고 5시에 끝나고 학원은 더 늦게 가고 밤 10시나 대서 집에오고(문 닫는 시간 안 지키는 학원이 있어 11시에 끝나기도 해요) 잠은 잘 시간이 부족합니다. 학교와 집이 먼 학생은 6시간도 못 잡니다.(기숙사에서 지낸다 해도 5일만 기숙사 지내고 금요일에는 집에 가고 월요일에 학교 오고, 집이 멀면 새벽에 일어나야 해요.)\n학교 시간을 6교시 이내로 하면 해요. 7교시니까 잠 잘 시간이 줄어듭니다. 7교시는 견디기 힙들고 수업 집중이 안 되요."
435441,2018-11-07,2018-12-07,0,25,외교/통일/국방,북한  찬양하고 반미운동 하는자들 북한에 살게 하던지 북한으로 추방하는 밥을 제정하여  주세요ㆍ,배부르고 등 따시니까  지상 최대의 악랄한 독재자ㆍ인간 말종인 김정은  을   칭송하고 추종할자들은 대한민국에 살 자격 조차  없는자들이기 때문에 밥률로서 북한에 추방할수 있는 법을  안들어 주세요\n친북파들 과는 이땅에  같이 살기 싫다
379984,2018-09-14,2018-10-14,0,0,농산어촌,농민 죽이기,농민은 살기위해서 농사를 짓고있는데\n농산물 값이 떨어저 ㅣ년 소득이 2000만원정도 밖에 안되는 농민에게 제산세를 50만원이라  이게무슨 이런 정부가있는가  땅있다고 농민은 그땅이 있어야 그땅에 농사를 짓어 먹고 사는데  농민들보고 땅 팔고 농사짓지마라는 소리인가. 정부는 답해라 문제인 정부
227385,2018-05-08,2018-06-07,0,5,안전/환경,경찰공권력,뉴스를보니까경찰이자살하는사건이있었다고합니다\n경찰을쇄신해야한다고생각합니다\n그러긴위해서경찰들한테필요한영상을보여줘야한다고생각합니다\n드라마라이브(파출소를배경으로나온드라마입니다)청장급간부부터시보까지(각대학교경찰관련된과까지)\n그걸보면현대한민국경찰이생각납니다
477941,2018-12-24,2019-01-23,0,6,저출산/고령화대책,유병자 보험에 대한 문제점,저는 74세 어머니를  모시고 사는  며느리 입니다\n예전에 어머님께서 삼성생명에 보험을 들어 놓았는데 일명 '깡통' 보험이였습니다\n결혼 당시 어머님의 보험을 들어 드리려 하였더니 본인은 보험을 들어 두었으니 필요 없다고 극구 사양 하시어 60세를 끝으로 보험을 들 수 없었습니다 그 후 몇번에 걸쳐 보험금을 받아보려 했지만 입원일당 만원밖에는 받을 것이 없다는 말 뿐이였습니다 꼬박 10년을 10만원씩 내었는데 고착 만원이라니요\n때를 놓친 것을 늘 마음으로 후회하며 어머니를 모시고 살면서 드는 병원비는 고스라니 저의 어깨의 짐이였습니다\n올해 삼성화재에서 유병자 보험이 생겼는데 75세까지 보험 가입이 된다는 반가운 소식을  보험 설계사님께 듣고\n이번이 기회이구나 정말 다행이다 라는 마음으로 보험 가입을 하였습니다 어머님께서 다행이 2년동안 큰 병도 없으시고 건강 관리도 꼬박꼬박 잘 하셨습니다  국민건강보험 공단에서 건강검진하라는 고지서가 나오면 제일 먼저 가서 검사도 받으셨습니다\n그렇기에 별 문제가 없어서 유병자 보험을 들 수 있었습니다\n그런데 몇개월 후 어머님이 허리가 아프셔서 병원에 가시게 되어 보험금을 청구 하려 하니\n손해사정인을  보내 조사를 한다 하더라구요 저희는 당연히 별 문제 없기에 주변에 다니신 병원과 건강검진 했던 병원을 알려 주었습니다\n얼마후 어머니가 건강검진에서 용종을 떼신 것 때문에  계약이 해지 된다는 내용의 통보를 하였습니다 저희는 어처구니가 없었습니다.\n건강을 위해서 그것도 나라에서 하라는 건강검진을 하였던 거였고 용종도 별이상 없는 결과인데도 이것이 수술이라고 하며 고지의 의무를 다 하지 않았다며 어머니의 마지막 기회조차 묵살 해 버렸습니다\n이 보험은 유병자 보험이지 않습니까? 70세를 넘으신 분이 용종 제거 안 하시는 분이 거의 없는 데  질병으로 인한 수술도 아니고 건강을 위해 용종제거술 까지도 수술이라 하여 보험이 해지 된다면 이 보험은 왜 만든 것입니까?\n어르신들이 그렇지 않아도 편찮으시면 자식들 눈치보며 아프셔도 자꾸만 참으시는데 이제 맘 편하게 병원 다니실 수 있다고 좋아 하시던  부모님께 죄인 아닌 죄인이 또 되고 말았습니다. 저는 설계사님께 하소연을 하였습니다 어떻게 안되겠냐고 설계사님은 금감원에서 허락해 주지 않는 거라 하더군요 나라를 살리시는 분들이지 않습니까?\n그렇지 않아도 요즘 살아가기가 팍팍한데 좀 도와주시면 안될까요?\n어르신들이 맘 편하게 병원에 다니실 수 있도록 부디 선처해 주십시요
473160,2018-12-19,2019-01-18,0,1,외교/통일/국방,군 진급 심사제도 개편해주세요~,"전역한지 오래된 예비역대위입니다.\n장교가 되는 길이 복무시절에는 사관학교.ROTC학사장교.3사관학교등이 있었습니다.\n군특성상 진급에 해당된는 가장큰 임무이자 업무는 국가방위일텐데요\n휴전국가이다보니 대부분 경계근무외에는 특별한 임무가가 방위태세유지와 기본적인훈련과 부대유지등이 대부분입니다.\n그런데  위와 같은 여러계층이 장교가 있음에도 불구하고 사관학교 외에는 (타군은 수적으로 우위 이지만) 소령 진급조차 힘듭니다.  공군같은경우는 장기 신청이되면  못되어도 소령을 달게되어 연급혜택도 받지만 육군은\n장기 지원이 되어도 소령보장이 안되어  전역하면 연금혜택을 받지 못합니다(아마19년)\n진급이란 능력의 차이 일텐데요\n과연 능력을 평가하는 기준이 있을까요?  객관적인 평가 기준은 없다고 봐야합니다.\n기본적인 상,포상은 기본으로 해야되지만 나머지는 평점이라 부르는 상관의 평가가 점수가 진급을 거의 가름짓는다고 할수 있습니다.  상당히 주간적인 부분입니다.(선후배.특정출신 위주.지휘관의 성향등)\n그래서 장교의 꿈을 가지고 입대한 신임소위들은 금방 이런 불공평한 편견을 느끼게되고 동등한 기회조차 피해를 보는 실정입니다.\n결론은  객관적인 평가를 가름할수 있는 제도를 활성화 하고 상관의 개인적인평가 비율을 낮추어야\n차별없고 공평하고 경쟁할수 있는 제도를 만들어야 되겠습니다.\n그렇지 않으면 타 출신들은 그냥 들러리일뿐입니다.\n저는학사 25기 입니다.그런데도 불구하고 대위 시절에 가장 진급 빨리된 선배가 겨우 중령 몇명 뿐이였습니다."
514684,2019-02-01,2019-03-03,0,0,성장동력,단순한 관광목적으로 일본여행 중국여행 제지해야합니다 역사를잊은 민족은 미래가 없습니다,역사를잊은 민족에게 미래는없습니다\n저들에게 이익을 가져다주면안됩니다\n비지니스가 아닌 단순여행목적은 막아야합니다\n자유? 매국노짓이 자유는 아닙니다\n다같이 정신차려야합니다\n한국의 각 지방들의 매력 특색을살려 우리나라의 국내여행을 활발히 만들어야합니다\n언론 여론도 도와야합니다\n한국 대한민국 문재인 대통령님 조국 민정수석님 도종환 문화체육관광부장관님 박원순 서울시장님\nSBS KBS MBC JTBC TVN NAVER KAKAO DAUM 채널A MBN YTN YOUTUBE 유투브 팟방 팟캐스트\n더불어민주당 자유한국당 바른미래당 민주평화당 정의당 민중당 이낙연 국무총리님 날씨 계절\n뉴스 신문 언론 기자 국민일보 중앙일보 한국일보 동아일보 스포츠조선 수학여행 해외여행 국내여행\n페이스북 FACEBOOK 인스타그램 INSTAGRAM 트위터 TWITTER 가생이닷컴 강원도 전라도 충청도 경상도\n서울 경기도 일산 분당 성남 파주 인천 송도 수원 부산 창원 광주 전주 대전 대구 울산 목포 평창 춘천\n은평 강동 송파 서초 동작 관악 금천 구로 태능 영등포 여의도 김부겸 행정안전부장관님 관광 수입\n관광객 호텔 숙소 바다 해변 산 계곡 스키장 수영장 온천 제주도 행정 외교 정치 정부 이미지메이킹\n소통 미래 과제 애국 경쟁력 문화 산업 경제 관광지 여행지 도입 화장품 시스템 시설 해결 해결방안\n도시 시골경제 지방경제 지역경제 엠엘비파크 엠팍 MLBPARK 불펜 가나다라
447310,2018-11-20,2018-12-20,0,0,일자리,남북교류.경협사업에 청년일자리를 만들 수 있는 방안을 강구하여 주세요.,"최근 문재인대통령님의 한미 한중 한러 정상간의 연쇄회담으로 한반도 평화프로세스의 불씨가 다시 살아나는 느낌입니다.그러나,이와는 반대로 국내정치와 체감경기는 암울하기만 합니다.그래서인지 청년지지층의 이탈도 매우 심각해 위험 수위에 다달았습니다.\n청년들에게 남북문제는 발등의 불인 취업문제로 관심밖이 돼버린게 아닌가 생각됩니다.\n그래서 전, 한반도평화프로세스가 진전되면 남북교류사업에 적극적으로 정부나 공공기관이 쳥년들을 활용하는 방안을 강구했으면 합니다.\n예를들어, 정부나 공공기관에서 북의 구호활동이나 지역발전사업에 청년들을 인턴으로 채용해 경력을 쌓게하거나 개성공단이나 금강산 관광에 청년일자리를 만드는 기업에 대북협력기금을 투입한다면, 청년들이 통일이 밥이구나를 실감할 수 있지 않을까요?\n저는 문재인정부의 성공을 간절히 바랍니다.문재인대통령님이 성공하시려면 청년층을 더욱 확고히 붙들어 둬야 합니다."
443733,2018-11-16,2018-12-16,0,4,문화/예술/체육/언론,국가대표야구감독 선동렬은  스스로도  모든면에서  김선빈이좋다하고도  오지환을  선발했다,국민혈세로  국가대표감독월급과  선수들포상금  비행기표  다국민혈세이고  이번아시안게임에  한국처럼 프로선수를\n참여시킨국가가없다  그러고도  우승이라 는걸로  선수선발의  문제점을  덮어서는  안된다   이름명성만앞세워  선수를\n선발했다  그러고도  오만방자하기가  이를데없다  그정도  프로선수가지고  한다면  내가감독해도   우승한다  오지환 선수\n선발은  누가봐도  고의적인선발이다  병역의무면제 시키러선발한것이맞다   무슨 이유가그리많나\n기아감독도  펜들이  사퇴시컸다  김기태감독이  2017년에  1등하였다   선동렬은  못했다  그러고도  변명만앞세웠다\n철저히재조사하라
5001,2017-09-05,2017-11-04,0,0,안전/환경,소년법 폐지해주세요.,피해자가 가해자의 눈치를 살펴야하는 현실입니다\n더이상  억울한 피해자가 없도록  법을 폐지해주세요.
113913,2018-01-25,2018-02-24,0,1,외교/통일/국방,일본의 독도 도발에 관한 대응,독도는 누가 뭐래도 우리의 영토입니다. 하지만 일본은 우리나라가 독도를 불법적으로 점거하고 있다고 주장하면서 독도와 관련된 망언및 도발을 계속 하고 있습니다. 심지어 일본 학생들에게 독도가 일본영토라고 교육하고 있습니다.\n위와 같이 일본의 독도 도발의 수위가 높아지므로 우리나라도 대응 수위를 높여야 한다고 생각합니다. 따라서 독도에 대함 미사일 실전배치를 검토하여 주십시오. 독도의 대함 미사일 실전배치는 일본의 독도 기습점령도 예방 할 수 있을 뿐만 아니라 우리나라의 영토수호의지를 세계에 알릴 수 있을 것 입니다. 물론 독도에 공간이 협소하여 배치가 어려울 수 있습니다. 하지만 미사일 배치 검토만 해도 일본에 압박감을 줄 수 있을 뿐더러 정부의 독도 수호 의지를 국민에게 알릴 수 있을 것 입니다.
155670,2018-03-02,2018-04-01,0,7,문화/예술/체육/언론,대한체육회 소속 회원연맹/단체에 대한 검찰 압류조사와 철저한 지속적인 감찰을 요청합니다.,"안녕하십니까, 문재인 대통령님\n이번 평창동계올림픽을 계기로 대한체육회 소속 연맹들에 대한 검찰 조사가 필요하다고 생각이 필히 되어 위 제목과 같은 청원을 드리게 되었습니다.\n대한체육회는 국민체육진흥법 제33조에 따라 문화체육관광부 장관의 인가를 받아 설립된, 문화체육관광부(이하 문체부) 소관의 특수법인입니다. 현 체육회는 대한올림픽위원회와 통합이 되어 현재의 대한체육회 (Korean Sport & Olympic Committee)로 거듭나, 국민의 체육 활동 진흥과 체육사업 및 국제교류 그리고 ""체육대회의 개최"" 등을 도맡아 하는 국가의 법인입니다.\n국민체육진흥법 제33조 제6,7항에 따르면, 대한체육회 회장 선출 또한 문체부 장관의 승인을 받아 취임하며, 선출에 대한 선거관리는 중앙선거관리위원회에 위탁을 해야 하는 엄연한 국민의, 국민에 의한, 국민을 위한 단체입니다.\n이러한 대한체육회에 정회원으로 소속되어있는 많은 회원 체육단체들이 많은 부정·부패·적폐를 저지르고 있는 사실이 뉴스를 통해 하나, 둘씩 발견되고 있습니다.\n체육단체들이 단순 자신의 이익을 목적으로 부정과 부패를 저지르는 것을 넘어선, 선수들의 국가대표 선출에 대한 부정행위와 각 단체의 말도 안 되는 요구에 불복종 시 따르는 불이익, 비인기 종목에 대한 국민에 무관심 속에 '아무도 모르겠지'라는 식의 후원금 빼돌리기 등 많은 부정, 부패 행위가 저질러져 왔습니다.\n각 종목별로 월드컵, 세계선수권대회, 올림픽 등 여러 대회가 있습니다.\n선수들은 그 대회를 목표로, 아니 꿈으로 여기고 지금 이 시간에도 땀을 흘려가며 노력하고 있습니다.\n선수들의 땀이 몇몇 체육단체 임원들의 적폐로 인하여 증발, 아니 순식간에 승화가 되고 있습니다.\n현재 우리나라 대기업들과 정치인들 사이에 있었던 적폐를 조사하는 것도 중요하지만, 국민의 단체에서 행하여지고 있는 적폐부터 확실히 잡아야 한다고 생각합니다.\n<아래 링크는 대한체육회 정회원 체육단체들의 적폐에 대한 뉴스 링크들이니 참조 바랍니다.>\n1. 체육단체의 비리에 대한 뉴스\nhttps://goo.gl/w6rE3o\nhttps://goo.gl/wvHy8f\n2.수영연맹에 대한 뉴스\nhttps://goo.gl/iDb535\n3. 빙상연맹에 대한 뉴스\nhttps://goo.gl/ZTZW4N\nhttps://goo.gl/6qwRfp"
312186,2018-07-19,2018-08-18,0,13,육아/교육,어린이집차량 주차시 창문의무개방해주세요.,안녕하세요.\n48개월 어린이집 다니는 아이를 둔 한가장입니다.\n어린이집 사고를 볼때마다 매번 가슴이 아프지만\n그중에서도 차안에서 어린애가 떠거워 고통스러운일을 격은일을 보면 가슴이 찢어질거같습니다.\n6월에서 8월달까지는 의무적으로 어린이집통학차량 창문을 의무적으로 열어놓도록 하면 이런 안타까운일이 일어나지 않을까싶어요.\n물론 이것마저도 잘 지켜지지 않겠지만요.\n시민들의 제보에 벌금(과태료)을 부과하면 억지러라도 안타까운일을 줄여지면 세상 부모님들의 가슴에 자식을 묻어두고 힘겹게 살아가는일이 줄어들것같습니다.\n힘든세상 숨쉬기도 힘들지만 자식을 잃는 슬픔은 없도록 국가에서 강력하게 힘써주셨으면 감사하겠습니다.
159296,2018-03-06,2018-04-05,0,2,인권/성평등,좌파의 양심  미투....,우파는 양심도 용기도 없는 집단 패거리....\n긴장 많이 하시길 바랍니다..곧 디비집니다...
189820,2018-04-08,2018-05-08,0,43,문화/예술/체육/언론,백철기와 전명규를 쫒아내주십시요,노진규선수 사연을 듣고 너무나 가슴아팠습니다 노선영선수와 그부모의 한을 풀어주십시요
339310,2018-08-13,2018-09-12,0,8,보건복지,국민연금 개혁을 국민이 납득할 수 있도록 해주세요~,"첫째, 국민연금 운영방식을 우리나라도 적립방식이 아니라 부과방식으로 변경하는 것은 어떠할까요?\n국민들에게 보험료 받아서 적립해놓고 기금운용에 대한 손실등,  여러가지 비리가 발생되어 국민들이 불신하지 않도록 근본적인 방안을 찾아봤으면 좋겠습니다.\n둘째, 국민연금 지급을 국가가 보증해주세요. 공무원연금, 사학연금처럼 국가가 지급을 보증해준다면 국가가 부도나지 않는 이상 국민들이 연금수령에 대한 불안감을 갖지 않을 것 같다는 생각을 합니다.\n셋째, 소득대체율을 내린다는 것은 이해가 되지 않습니다.\n국민연금은 소득이 없을때, 소득이 있을때처럼 일정 수준의 생활이 가능할 수 있도록 해주는 것이 아닌가요?\n그런데, 소득대체율까지 낮춘다면 누가 국민연금을 폐지하자는 의견에 동참하지 않겠습니까?\n넷째, 사회구조적인 근본적인 문제는 해결하지 않은채, 납부기간을 연장하고 수령시기를 늦춰서 발생되는 사회문제는 어떻게 해결하실 건가요?\n현재 정년이 있긴 하지만 그 정년이 보장되는 직장이 얼마나 있는지요?\n퇴직후 발생되는 공백기간을 어떻게 해결할지는 고민해 보셨나요?\n국가에서는 어떠한 제도를 만들고, 개선하기 위해서는 그로 인해서 발생되는 여러가지 부작용도 함께 고민해봤으면 좋겠고, 근본적인 해결책을 제시해주셨으면 좋겠습니다."
394851,2018-10-01,2018-10-31,0,0,외교/통일/국방,인니국민 대표로 감사히는 말씀 전달드립니다,"진잔주말에 발생한 인도네시아 팔루 지역 쓰나미 해일, 대한민국정부에서 거액 돈을 보내주셔서 진심으로 감사드립니다.\n저는 인도네시아 국민 쓰나미~강진 재난 피해자들의 대표로\n대한민국 정부에게 진심으로 감사드리는 말씀을 전달 해 드립니다."
413047,2018-10-20,2018-11-19,0,6,외교/통일/국방,현역군인보다 공익이 돈 더 받는게 이해가 안됩니다,교통비 식비까지 나온다고 하지만 자유도 없는 억압받는 강원도에서 짬밥도 ㅈ같이 맛없는거 나오고 그런데 공익은 식비까지 나오면서 맛있는거 사먹고 남은돈으로 피시방가서 배틀그라운드나 할꺼아닙니까 공익도 그냥 짬밥주고 월급줄이고 교통비는 왜주는지 이해를못하겠는데 현역은 아침 6시30분에 기상해서 도수체조하고 뛴걸음하고 하는데 공익도 걸어가면 되는데 굳이 교통비까지 줄필요는 없다고 생각합니다 더 고생하는 현역에게 돈 더 주는것이 정의로운 사회로 가는길이라고 생각합니다 감사합니다
512620,2019-01-31,2019-03-02,0,4,교통/건축/국토,차량 사고 과실은 무엇으로 측정합니까,"안녕하세요.\n블랙박스 관련영상을 이것저것 찾아보며 이런저런 사고 내용을 자주보는 한 젊은 운전자입니다.\n블랙박스 없던시절엔 가해자와 피해자가 뒤바뀔수도 있고 사람을 친거라면 차가 무조건 가해자가 됬었던 시절이 있었다고 하지요.\n하지만 지금은 어느 누구나 블랙박스가 있습니다. 블랙박스가 있음에도, 그어느 누가봐도 법규를 지킨사람이 피해를 입을때가 많습니다\n도대체. 차대 사람 또는 차대 차 사고 과실은 어떻게 측정하기에 이해할수 없게 측정이 되나 답답한마음으로 몇자 적어봅니다.\n누가봐도 신호 지키고 속도지키고 교통법규 지키며 운전하는사람들도 피해를 많이입습니다.\n신호와 규정속도 잘 지키며 나아가도 갑자기 튀어나오는 무단횡단자 골목골목은 혹시모르지 싶은마음으로 천천히가지않고 긴장하지않고 가다가 받는 운전자는 과실이 나올수있겠지만,\n대체적으로 인터넷영상보면 왕복 4-6차선에서도 무단횡단을 하는사람이 많습니다. 거기다 짖은 밤이고 횡단자가 전부 검은색계열의 옷을입고있다면 바로앞에까지 오기전까진 운전자는 보이지도 않습니다.  왜 이상한 법때문에 법규잘지키는사람이 법규를무시한사람으로인해 피해를입어야하는건지 이해할수없습니다.\n보험사나 경찰측에서도 이해할수없는 과실과 법규를 잘지킨사람을 가해자로 몰고가는 그러한것도 바뀌어야한다고 생각합니다.\n때문에 저는 도로교통법이 바뀌어야한다고 생각합니다.\n신호를 위반한 차량에게 벌금을 때듯이\n신호를 위반한 보행자에게도 벌금을 때야합니다.\n무단횡단으로만 이야기를 뱉어놨지만 운전자라면 제일 쉽게 접하는 상황으로 생각하고 예시를 이야기 했습니다.\n차에게만 죄를 묻지말아주세요.\n사람도 갑자기 달려오는차 못피하듯,\n차도 갑자기 뛰어드는 사람 못피합니다!"
187930,2018-04-06,2018-05-06,0,2,안전/환경,환경오염의 골칫거리 비닐봉투 무상제공금지법을 바꿔주세요.,"현재 정부가 자원재활용법에 따라 각종사업장에서 비닐봉투 무상제공을 실시하고있습니다. 헌데 저는 이게 모순이라고 생각합니다.\n20원 50원씩 받고 있는데, 봉투값 언급하면 야박하다고 하질않나 그걸받냐고 하질않나, 심지어 봉투값때문에 기분 나쁘다고 하는사람들도 있습니다. 그 환경법때문에 위협을 받기 까지합니다. 심지어 알바생이 살인까지 당하게 되는 일까지 발생하지 않았나요? 휴.. 이건 사업자 혼자만이 짊어지게 해선 안된다고 생각합니다.\n현잰 사업지만 300만원이하의 과태료 처분을 받습니다. 그걸 무상으로 받아간 그 손님도 같은 벌금을  받게 해주세요. 담배처럼요!!! 그럼 너도 나도 받거나 주거나 자발적으로 더 하지않을까요?\n그리고 20원 50원이 너무 번거롭습니다. 카드로 처리할땐 그렇다 치더라도 현금처리하기엔 동전많아진다고 짜증내는사람도 많습니다. 비닐봉투를 사용하시고 깨끗이 가지고 오시면 다시 돈으로 돌려드리는 만큼 봉투값을 더 올려 받아도 무방하다고 생각합니다.\n그리고 모든 사람들이 비닐봉투가 무상제공되지않으며 깨끗이 썼을때 돈을 다시 돌려받을수있고, 환경오염의 주범이 되지않는다는 것을 인지할수있도록 광고같은걸 많이해주세요 ㅠㅠ 대한민국 화이팅!!!!"
77637,2017-12-31,2018-01-30,0,3,보건복지,미세먼지 해결해라,허구한 날 자국민한테나 미세먼지 뭐라하지말고 중국보고 따져라. 중국에서 그런 수모를 겪어도 중국한테 아무것도 못하는 이 한심한 정부야.
350802,2018-08-22,2018-09-21,0,20,일자리,문재인 = 벌거벗은임금님,"옛날에 임금님이 살았는데\n사기꾼들이 왕에게 찾아와서 투명한 옷을 만든다고 한다\n왕은 만들라고 하고 사기꾼들은 엄청 잘 어울린다고 한다\n투명한 옷을 입고 말타고 가는데\n대신들이나 어른들은 아무도 벌거벗었다고 말을 하지 못한다\n어린애가 말한다\n""임금님 벌거벗었네""\n소득주도이론은 완전 사기이론이다\n지금 서민들 소득은 더 줄었고\n경제는 파탄 일보직전이다\n소득주도이론 만든 사람은 사기꾼이고\n대통령은 사기꾼에게 당하고 있는 것이다\n하지만 대통령은 사기꾼에게 당하고 있는 것을 모른다\n청와대 500명이 넘게 있다고 하지만\n소득주도성장이론이 사기이론이라고 하는 사람 한사람도 없고\n장하성을 사기꾼이라고 하는 사람도 하나도 없다\n옛날 왕궁에도 많은 신하가 있었지만\n아무도 투명한 옷 만드는 사람들을 사기꾼이라고 부르지 않았다\n오죽하면꼬마애가\n""야 임금님 벌거벗었다""\n소득주도성장이론은 완전 사기이론이다\n경제 파탄직전이다\n아무 초등학교나 방문해서\n물어보면 안다\n초등학생도 안다\n""야 대통령 사기당했다"" 라고 할 것이다"
279306,2018-06-21,2018-07-21,0,9,반려동물,유기견 보호,반려동물 유기견 보호합시다
241877,2018-05-23,2018-06-22,0,1263,저출산/고령화대책,법무부 입장에 공감하며 재외 혼혈 아동의 아버지들이 자신의 책무를 다 하도록 제도 마련해주시기 청원,"""통상적인 임신은 남녀의 성교에 따라 이뤄지는 것으로서, 강간 등의 사유를 제외한 자의에 의한 성교는 응당 임신에 대한 미필적 인식을 가지고 있다고 할 것이므로 이에 따른 임신을 가리켜 원하지 않은 임신이라고 보기는 어렵다""\n그렇습니다.  코피노 아들 딸들이 보고싶어도 보지 못하고 눈물로 밤을 지새우던 한국의 원정 아버님들. 상기 법무부의 입장 표명에 따르면 여러분의 자녀는 원하지 않은 자녀라 보기 어렵습니다.\n저출산으로 깊은 시름에 잠긴 조국이 눈에 넣어도 아프지 않은 당신의 자녀들에게 아버지 역할을 할 수 있는 기회를 주려나 봅니다.\n아직 형태도 갖추지 않은 자궁 속의 생명도 이토록 소중한데 다 자라 아빠의 나라에 갈 날만 손꼽아 기다리는 초롱초롱한 눈의 어린이들이 타국에서 코피노라는 차별을 받고 살게 버려둘 조국이 아니지요.\n대한민국 법무부는 여성으로 하여금 낙태를 하지 않음으로써 생명에 대한 책임을 다하게 하려 합니다. 이에 저는 자랑스러운 대한민국 국민으로써 아버지를 아버지라 부르지 못하고 남편을 남편이라 부르지 못하는 재외 한국 혼혈 가족들이 비로소 조국에서 가정을 이루어 숭고한 생명에 대한 책무를 다 하도록 혼혈 가족의 조건없는 이민 및 친부 찾아주기를 간곡히 청원드리는 바입니다.\n고령화 저출산 시대라고 하지만 사실 대한민국은 미래가 밝습니다. 국외에서 꾸준히 출산이 이루어지고 있었기 때문이며 지금 이 순간에도 아름다운 생명이 원정 아빠들의 노력으로 잉태되고 있을 것입니다.\n저는 법무부의 낙태죄에 관한 입장 표명에 십분 공감합니다. 생명을 존중하고 임신에 대한 미필적 인식을 응당 공유하고 있는 대한민국 국민으로서 하루빨리 원정 아빠들의 사랑하는 혈육이 조국의 품에 안길 수 있게 해야하지 않겠습니까.  대한민국 법무부의 입장에서도 알 수 있듯이 자신의 성교에 책임을 지기위해 혼혈 자녀를 낳은 외국인 친모는 남편의 나라에 가지 못하는 자신을 자책하며 얼마나 많은 날들을 눈물로 지새웠을까요. 한국인의 피가 약동하는 심장을 가진 재외 혼혈아동의 여린 마음에 생긴 생채기는 또 어떠합니까. 대한민국이 너무나 잘 아는 그 이산의 아픔, 깊은 고통을 지금이라도 치유해주시기 바랍니다."
180841,2018-03-30,2018-04-29,0,1,정치개혁,개헌안 지지 표녕,개헌안 지지 입장을 표명합니다.
440667,2018-11-13,2018-12-13,0,3,성장동력,약대 입학정원 5천명으로 늘려야,나이가 들어감에 따라 병원 갈 일이 잦아졌고\n상대적으로 약국 갈 일이 늘었습니다.\n약국을 여러번 다니다보면 공통점이 있습니다.\n약 카운데 뒷편에 칸막이를 쳐놓고\n밖에서 안쪽을 전혀 볼 수 없게 하고 누군가가 약을 조제들 합니다.\n약국에 약사는 한 명인데\n칸막이 뒤에서는 누군가가 계속 덜커덩 덜커덩 약을 조제하는 소리가 납니다.\n여러 약국에서 공통적으로 나타나는 현상입니다.\n약 조제를 끝나고\n약을 줄때는 흰가운을 입은 약사가 약을 건네주지만\n조제는 칸막이 약사라고 불리는\n무면허 약사가 조제를 하는경우가\n비일비재하여서 이제는 당연하게 생각합니다.\n70대 할머니 약사에 약 조제하는 아줌마들\n젊은 여자 약사도 칸막이 뒤에서는 몰래 약조제하는 사람들\n약사가 화장실을 가도 칸막이 뒤에서는 계속 약을 조제하는\n그러나 약은 반드시 화장실 갔다 온 흰가운을 입은 약사가 건네줍니다.\n여러차례 tv에서도 반영되지만 이런일은 비일비재합니다.\n사실 뻔합니다.\n동네 병원에서 처방하는 약 품목은 대동소이하여서\n누구나 할 수 있는 일입니다.\n오히려\n나이든 할하버지 할머니 약사분들이\n약을 잘 못 조제 할 염려가 우려되기도 합니다.\n아무튼 불법은 불법입니다.\n그리고 요즘은 약 자판기가 생겨서\n약조제를 기계가 하는 약국이 상당히 많습니다.\n아니 이제는 동네약국도 약 자판기가 한대씩 다 있습니다.\n이런 불법 칸막이 약사를 없애려면 약사를 획기적으로 늘려야 합니다.\n약사가 부족하니까\n일손이 부족하니까\n칸막이 약사까지 고용하는 것입니다.\n지금 약대를 보면\n정원이 30명 40명입니다.\n30-40명 가지고 무슨 약대교육이 이뤄집니까?\n최소한 100명 정도는 유지되야지요.....\n일본처럼 약대를 만명 수준으로 늘려야 합니다.\n최소 입학정원을 연 5천명 수준 늘려야 합니다.\n인력이 부족하니까 이런 칸막이 약사가 비일비재 합니다.\n지금도 너무 늦습니다.\n교대 사범대 정원을 획기적으로 줄여야 하고\n보건 의료인력을 획기적으로 늘려야 합니다.\n지금 시작해도 늦습니다.\n의대 약대 등등\n의료인력의 획기적인 증원이 필요합니다.\n감사합니다.
243878,2018-05-25,2018-06-24,0,67,저출산/고령화대책,생리대 가격을 무료로 해주세요.(제가 글을 잘 쓰지못해 뒤죽박죽일 수 있지만 끝까지 읽어주세요.),"안녕하세요. 저는 15살 여중생입니다.\n저는오늘 가정시간에 소비자에 대해 공부를 하다가 우연히 이 사이트를 알게되어 청원을 넣습니다.\n저는 개인적으로 생리대 가격을 무료로 해야한다고 생각합니다.\n한 여성이 살면서 사용하는 생리대 비용만 몇백이 든다고 생각합니다.\n하지만 생리대 가격이 비싸다는 이유로 사용하지 않을 수는 없습니다.\n생리대는 우리 여성들에게 아주 필요하고 소중한 물건입니다.\n저는 생리대를 비싸게 주고 계속 살아갈 바에는 생리대 살 돈을 아껴 자궁 절제 수술을 받는것이 낳다고 생각합니다.(임신하지 않을 여성을 대상으로 한 말)\n그 정도로 생리대의 가격은 높습니다.\n오죽하면 15살인 제가 이 청원 글을 쓰겠습니까?\n오죽하면 제가 자궁 절제 수술을 받는것이 더 낳다고 생각하겠습니까?\n여성에게는 생리대 비용+생리통이 같이 따라다닙니다.\n어느 여성이 저 모든걸 받아들이고 살아가는 길을 선택하겠습니까?\n이 모든 내용을 이해하지 못하는 남성분들은 생리를 해봐야 한다고 생각합니다.\n생리를 해보지도 않았는데 왜 안된다는 주장과 생리대 가격을 올리라는 것인지 잘 모르겠습니다.\n담배는 자신이 피고싶어서 피는거지 생리대는 다릅니다.\n생리대는 사고싶지 않아도 사야하는 물건입니다.\n그렇게 담배시는 돈이 아까우시다면 담배를 끊으세요.\n그것이 주위사람이나 지구, 자신을 지키는 방법이니까 저희한텐 오히려 좋네요.\n저의 의견은 여기까지입니다.\n모두가 이 의견에 동의 해주시면 좋겠습니다.부탁드립니다."
168572,2018-03-17,2018-04-16,0,1,문화/예술/체육/언론,어떻게 한게임 노름도박장이 이십년간 합법으로 운영되고 있나요?,도박장이 합법인가요? 그럼 지금부터 도박장 운영할테니 처벌하지  마십시요\n처벌할려면 이십년간 해쳐먹은 한게임 도박장 부터\n죄값 받게하고 하세요 이십년간 신고해도 도박장\n뒤봐주는정부
244610,2018-05-26,2018-06-25,0,4,안전/환경,외국인이 인상쓰는 덕수궁 앞 토요일 시위를 금지시켜 주세요!,"매주 토요일, 지난 번은 외국인이 잔뜩 몰려 있었던 금요일 오전에도 일부 시위자들이 범법자를 비호하면 확성기를 크게 틀고 덕수궁 대한문 앞에서 어이없는 시위를 하고 있었습니다.\n관광자원에 허덕이는 대한민국에서 그나마 볼거리가 있는 덕수궁 호위병교체 앞마당에서 버스보다 더 큰 미제 시위차량을 가져다 놓고 절대다수 국민의견과 상반된 주장을 펼치는 그들을 좀 저지해 주십시요.\n왜 말도 안 되는 허위 사실에 기초를  둔 그들의 주장을 그대로 관광객들에게 방치하며, 가짜뉴스 생성하는 진원지를 그냥 그대로 방치 하십니까?\n외국인들도 그곳을 보면서 머리를 설레설레 흔들며 지나갑니다."
231202,2018-05-12,2018-06-11,0,2,문화/예술/체육/언론,심석희 때린코치 중국 대표팀 합류 반대 청원,심석희 때린 코치가 중국 대표팀 합류에 화가나서 청원을 합니다 때린것은 분명히 폭행이고 이것은 형사처벌인데 법의 태두리를 벗어나서 심지어 대한민국 대표 코치로서 대한민국을 버리고 중국 대표팀에 합류했습니다\n왜 형사처벌을 하지 않은거죠? 또한 왜 빙상쪽에 영구적으로 재명시키지 못하고 법규 규범에 벗어나기 위해서 그  코치가  중국 대표팀에 합류한거죠?\n이것은 분명히 때려도 빠져 나올수있는 예시가 될겁니다\n1. 국제빙산연맹에 청원을 해서 중국 대표팀 코치 자격 박탈해주세요\n2. 때린건  분명히 공권력행사고 갑질이니 형사처벌 해주세요\n3. 반성의 의지가 보일때까지 봉사활동으로 빙산연맹쪽에 봉사하게 해주세요\n4. 다시는 이러한 기사가 안나오도록 국제법을 제정해주세요
304027,2018-07-12,2018-08-11,0,20,저출산/고령화대책,외국여자 국적만 따고 수도권으로 일하러. 가출,우리남자는 호구입니다 국적해주고 돈다해주고\n마음의 상처만 남습니다.\n국제 결혼하지마세요
102730,2018-01-18,2018-02-17,0,177,인권/성평등,살인마 강제개종목사를 처벌해주세요!,"얼마전 스물일곱의 제 친구가 특정종교를 가졌다는 이유만으로 가족들에게 납치되어 구금되고 갖은 폭언과 폭행에 시달리다가 끝내는 죽고야 말았습니다.\n자신의 피붙이를 죽인 가족도 잘못이지만 그 배후에서 가족을 속이고 기만하고 조종하는 자들이 있었습니다.\n강제개종교육 목사들이었습니다.\n이들은 사람을 사람으로 보지 않습니다.\n그저 그들에게는 이 죽은 친구가 가축과도 다름이 없었습니다.\n사람을 사람으로 보지 않고 그저 돈으로밖에 볼줄 모릅니다.\n이 사람 뿐만이 아닙니다. 지금 대한민국에서 강제개종교육으로 인해 죽은 사람이 또있습니다.\n이로인해 식물인간이 되신 분도 있고 몇몇은 목숨을 스스로 끊은 사람들도 있습니다.\n수많은 사람들이 이로인해 우울증을 겪고있고 이들과 이들의 가족을 이용하여 강제개종목사들우 주머니에 돈을 채우기 급급합니다.\n가족이 심각한 사이비종교에 빠졌다고 겁을주고 부모를 시켜 수면제를 타먹여 납치하고 통신수단을 차단하고 구금하고 온갖 폭행과 폭언, 인신공격으로 그들의 가장 기본적인 권리마저 빼앗고 있습니다.\n대한민국의 헌법을 밥먹듯 어기는 이들이 사방천지에 깔려있습니다.\n이대로 두고 보시겠습니까?\n철저히 조사하여 진상을 규명해주시고 범법자들을 처벌할 것과 다시는 이런 일이 발생하지 않도록 강제개종교육을 금지시키는 법안을 마련해주실것을 촉구합니다!"
226315,2018-05-07,2018-06-06,0,14,기타,대체공휴일 개선 방안 또는 폐지 의견,중소기업에서 일하고 있는 근로자 입니다.\n대체공휴일이 누구를 위한 대체공휴일 입니까?\n대한민국 국민이라면  국가에서 지정한날에는 휴일을 해야 하는게 정상 아닙니까?\n공직자라면 의무적으로 쉬어야하고 일반기업에 근로자들은 회사내사규정에 따라서 휴일을 지정하는게 말이 되는겁니까?\n국가에서 정했으면 국민들이 다같이 휴일을 지낼수 있도록 국가에서 책임을 져야 하는게 아닌가요?\n공직자들 월급 누가 줍니까? 국민들 세금내서 받아가는게 공직자들 아닙니까?\n공부못하고 힘도 돈도 없는 힘없는 사람이라서  공직자 못되고 좋은기업 못들어가서 이런 사소한것 까지 피해를 보는\n힘없는 근로자들이 한두명이 아닙니다.\n국가는 왜 힘없는 사람들을 보호 한다고 하면서 항상 결과는 반대인거입니까?\n대책방안이 필요하다고 생각이 듭니다.
229214,2018-05-10,2018-06-09,0,1,교통/건축/국토,1호선 열차 종착역 성북역 에서 창동역으로 변경,. 현재 창동역은 1호선과 4호선 환승역으로 되어있어 많은 사람이 이용하고 있어 많은 사람이 광운대역 열차종착열차를  창동역까지 연장하면 하자는 사람이 많음.
445593,2018-11-18,2018-12-18,0,5,행정,경기도지사 고발한 이정렬을 아시나요,"아래는,  이지사를 고발한 이정렬변호사에 대한 내용이다.\n변호사협회 등록조차 거부된 분이 도정 잘한다는 이지사를 고발했다고 하는 것은 개그에 가깝다고 생각된다. ^^\n고소 고발하기 전에, 자신의 모습을 거울에 비춰보는 것이 타당할 것이다.\nhttps://ko.wikipedia.org/wiki/%EC%9D%B4%EC%A0%95%EB%A0%AC\n대한변호사협회는 2014년 4월 등록심사 위원회를 열어 이정렬의 변호사 등록 신청을 거부했다. 등록심사 위원회 참석 위원 9인 중 5인은 등록거부 의견을, 4인은 등록찬성 의견을 냈고, 결국 등록거부를 가결했다.\n대한변호사협회는 등록 거부 요지로 ""이정렬 신청인이 판사로 재직 중인 2012년 1월 25일 법원 내부통신망을 통해 주심으로서 담당한 사건에 대한 심판의 합의를 공개함으로써[5] 법원조직법에 따른 직무상 의무를 위반해 2012년 2월 21일 정직 6개월의 징계처분을 받은 사실이 인정된다. 이는 변호사법 및 변호사등록규칙의 '공무원으로 재직 중 징계처분을 받은 사실이 있거나 직무에 관한 위법행위로 퇴직한 자'에 해당한다.\n이정렬 신청인이 판사로서 재직 중의 직무상 범죄는 아니지만 거주자와 층간소음 문제로 다툰 후 주차돼 있던 위층 거주자 소유의 차량을 손괴해 벌금 100만 원의 형사처벌을 받았다""라고 밝혔다.[4]\n2014년 4월 대한변호사협회로부터 변호사 등록 신청을 거부당한 뒤 법무법인 <동안>의 사무장으로 채용되었고, 2014년 6월 전국 행정 서비스 전문사무직 근로자 노동조합에 노조원으로 가입했다. 부장판사 출신이 변호사가 아닌 로펌 사무장으로 활동한 것은 이정렬이 처음이었다."
81646,2018-01-07,2018-02-06,0,8,교통/건축/국토,차고지 증명제 도입합시다!,"저는 경기도 성남시에 살고 있는 국민입니다.\n올 6월부터 화재진압시 불법주차 차량에 대해서 적극대응한다는 기사를 접했습니다. 늦었지만 이제라도 시행되니 다행입니다.\n그러나 화재는 언제일어날지 모르는 일입니다. 화재진압시 뿐만아니라 평소에도 불법/무단주차를 근절해야하는 제도도입이 시급합니다.\n경기도 성남시에 와보신적 있으신가요?\n아파트 빌라 등은 그나마 주차구역이라도 있습니다. 다세대 주택가 골목 한번 보십시오. 좁은 골목골목마다 차량이 즐비해있고 그 한 쪽 공간으로 사람 한 명 지나다닙니다.\n차주들에게 '여기에 주차하시면 어떡합니까, 통행도 불편하고 주차장 구해서 주차하세요' 라고 하면 돌아오는 말은 아주 당당 그 자체입니다. '여기가 네 땅이냐, 주변에 차 댈곳이 없다, 불법도 아닌데 뭔데 그러냐' (유료 주차장이 신설된 곳이 있음에도 유료이기때문에 이용안함)\n주택가 골목은 황색선이나 백색선이 그어져 있지 않기때문에 현재는 불법이 아니라고 단속도 안합니다.\n주택가 국민들은 그냥 참고 살아야 하나요? 이렇게 불편을 감수해야 하나요?\n이제는 우리나라도 차고지 증명제를 도입해야 하는 때입니다.\n1. 차고지 증명제 전국 시행\n(일본 및 제주도의 사례만 보아도 효과는 여러모로 증명됨. 화재 발생 시 불법/무단주차 차주에게 일체 보상금지 오히려 배상을 해야하도록 제도변화)\n2. 주차타워 및 주차장 증설\n(많은 국민이 제시했던 것처럼 마을 단위로 주차공간이 마련되야함, 또한 증설예산은 자동차기업에게도 판매량에 비례하게 과세)\n3. 벌금 및 벌점 상향조정\n(현재는 벌금이 너무 적기때문에 주차장 이용보다 걸릴 때 벌금 한 번 내는게 이득, 반드시 고쳐야 주차장을 이용해야 한다는 의식이 고취됨)\n4. 단속권리를 민간업체에 위임\n(불법주정차에 대한 단속을 민간업체를 통해해야함. 매번 단속인력이 부족하다는 공무원 대신 민간기업을 선정해 단속)\n5. 국민의식의 변화\n(우리는 정당한 노동을 하고 월급을 받을때도 세금을 냄. 차량을 소유하고 있다면 당연히 주차비용은 지불해야하는것으로 의식자체가 바뀌어야함)\n물론 빠르게 변화할 것이라 기대하지 않습니다.\n하지만 우리나라에 변화가 필요한 시점입니다. 필요하다면 우리가 노력해야 하는 때입니다.\n우리의 안전을 위해, 살기 좋은 대한민국을 위해\n'차고지 증명제' 반드시 시행해주세요!!"
145940,2018-02-21,2018-03-23,0,70,반려동물,동물을 대하는 태도를 보면 그 나라의 도덕성을 알 수 있다,"'동물을 대하는 태도를 보면 그 나라의 도덕성을 알 수 있다  -간디'는 제가 제일 좋아하는 명언 중 하나입니다. 15년동안 반려동물과 함께 살아오면서 많은 문제들을 봐왔지만, 정작 제대로 된 법이나 정책은 나오지 않고 문제는 점점 심각해짐을 느낍니다. 물론 가족 중에 동물이 없는 경우거나, 반려동물(주로 개, 고양이 등)을 싫어하는 경우, 아예 관심이 없는 경우, 반려동물을 인간보다 하등하며 물건과 같이 취급하는 경우, 버려져도 되고 죽어도 되고 고통받아도 아무 상관이 없는 경우들이 너무나도 많습니다. 반려동물을 싫어하거나 관심없는 분들, 이해합니다. 알러지가 있을 수도 있고, 어릴 때 안좋은 기억이 있을 수도 있고, 그냥 별로 내키지 않는 경우도 있겠죠. 존중합니다. 꼭 모든 사람들이 나와 같이 반려동물을 사랑해야하는 것은 아니니까요. 하지만 그렇다고 해서 이들에게 고통을 주거나 버리거나 인간보다 여러가지 측면(언어 사용, 도구 사용, 지능적인 면 등)에서 하등하다고 생각하고 막 대하는 사람들은 정말 도덕성을 너머 인간성이 의심됩니다. 수년동안 수면 위로 올라온 문제들을 제가 빠짐없이 기억하고 읊을 수는 없지만, 대표적으로 강아지 강간 및 학대 사건, 개 농장 및 불법 사육, 무차별적인 동물 잔혹 살해, 최근 천안 애견샵에서 보호비를 목적으로 몇십마리의 애견 방치 등 입에 담기도 어려운 사건들이 너무나 많이 발생하고 있습니다. 공공연하게 생기는 일은 동물 유기 사건. 설날이면 설날, 추석, 이사 등 무슨 날이면 길이나 집에 버리고 가고, 병 들고 늙고 예전처럼 귀엽고 예쁘지 않다고 추운 날 바깥에 버리는 등 이유라고 할 수도 없는 이유로 반려동물을 유기합니다. 뉴스에서도 매년 유기동물이 몇십만마리고 문제점이 심각하다는 둥 수치화된 기사는 꾸준히 나오고 있지만 정작 그것에 대한 방법은 제시되고 있지 않습니다. 저 또한 '세상에, 이렇게나 많은 반려동물들이 버려지는 구나'하고 마음만 아파하지 크게 어떤 움직임을 취하지 않았으니까요. 최근에 이슈화된 문제 중에 애견이 사람을 문 사건, 그로 인해 벌금이나 징역 등 법이 강화되는 움직임이 보여지고 있습니다. 당연하다고 생각합니다. 남에게 상해를 입혔으면 처벌을 받아야죠. 법도 강화가 되어야죠. 하지만 반대로, 사람이 동물을 학대하거나 책임감을 가지지 않고 방치했을 경우도 엄중히 처벌을 받아야한다고 생각합니다. 앞에 나열했던 사건이 일어나는 이유 중 하나가 합당한 처벌이나 책임에 따른 결과가 없기 때문이라고 생각합니다. 생명입니다. 누군가에게는 가족이기도 하고요. 저만해도 이런 생각이 듭니다. '만약에 길에서 동물한테 어떤 문제가 생겨서 도움이 필요하면 누구한테 전화를 하지..? 경찰이나 소방서에 전화하면 도와줄까? 동물이라고 그냥 어물쩡 넘어가는 건 아닐까. 아무 동물병원에 전화해서 수의사한테 달려와달라고 할 수도 없고 어떻게 해야하지..'\n주변 사람들과 이 주제에 대해 이야기 하던 중, 이제는 반려동물을 가족으로 맞이하려면 자격증이 있어야 한다는 우스갯소리 아닌 우스갯소리를 했습니다. 그런데 저는 이것이 필요하다고 봅니다. 아무데나 애견샵이든 어디든 몇 만원 주고 쉽게 데려오기 보다는, 반려동물을 데려오려면 칩도 의무로 등록해야하고 교육도 받고 몇번을 걸쳐 이 사람이 동물을 책임져도 되는지 확인하는 절차가 필요하다고 생각합니다. 그래서 책임감을 심어주어야 유기도 적어질테고, 설령 어떤 문제가 생기더라고 가해 대상을 바로 찾을 수 있게 말입니다. 경찰이 도로에서 이 운전자가 음주을 했는지, 무면허는 아닌지 운전면허증 확인하는 것처럼, 반려동물을 데리고 있는 사람이 이러한 면허증(혹은 자격증)을 가지고 있는지 확인하는 절차가 생겼으면 좋겠습니다. 제발, 제발, 제발, 함께 더불어 살 수 있게, 반려동물과 반려인, 비반려인까지 모두 배려하고 눈 찌푸려지는 일 없도록 동물보호법, 동물복지법, 반려동물이 죽을 시 '종량제 봉투'가 아닌 장묘업체 등 다른 대안 개설, 유기동물 입양 추천, 펫샵 금지법, 동물학대처벌 개선, 강화 부탁드립니다. 그래서 우리나라가 간디의 말처럼 동물을 대하는 태도로 보아 대한민국의 도덕성을 훌륭하다 라는 말이 전 세계인이 나올 수 있게 부탁드립니다."
314400,2018-07-22,2018-08-21,0,4,문화/예술/체육/언론,우정의 무대(mc 이상용) 부활을 청원합니다,우정의 무대(mc 이상용) 부활을 청원합니다~~~\n옛 시절 국방의 의무를 충실히 수행했던 젊은 청년들의 우상!\n국민 누구나 한번쯤 울고 웃었던 그 프로!!\n그러므로 '뽀빠이 이상용' 님을 우정의 무대에서 다시 볼 수 있기를 간절히 희망합니다.\n좋은 일을 하셨음에도 오도된 기사로 힘든 시기를 겪으셨고\n이 사회가 그를 매장시켰으니 이제 그가 회복으로 설 자리는 바로 그 무대라 생각합니다!\n이제 칠순의 중반이시라 그의 생은 가늠할 수 없습니다...\n그래서 그의 마지막은 바로 '우정의 무대' 그 위가 될 수 있도록 하는 것이 도리가 아닌가 합니다!
47068,2017-11-21,2017-12-21,0,0,미래,일본의 야욕을 막아주세요,"일본이 원하는게 남의 땅을 자기땅이라 우기고 왜 점거하고 있냐?물어서 나중에 우리땅 되찾자고 쳐들어올 정당성 확보입니다. 결국 우리나라 침략하겠다는 선전 포고입니다. 존중을 모르는 자에게는 강하게 나가야 합니다.\n일본이 잘못을 인정(Admit)하고 사과(Apologize)한 뒤 동행(Accompany)해야 합니다’ 조상들을 사랑하지만 그들의 잘못된 행동까지 미화해서는 안 됩니다. 영화 아이캔스피크가 떠오릅니다. 후대에 우리나라의 소녀들이 성을 착취당하지 않기 위해서, 다시는 이런 아픈 역사가 반복되지 않기 위해서 일본정부가 역사를 인정하고 진심어린 사과를 촉구하십시오. 더 나아가서 역사의 잘못된 행동을 하지 않게 하기위해서 일본의 후대들에게 알게 해서 전쟁의 아픔이 반복되지 않게 하기를 일본과의 진정성있는 관계를 원하는 사람으로서 바랍니다❤🙏😍"
278014,2018-06-20,2018-07-20,0,30,인권/성평등,이게 나라다. 이것이 대한민국이다.,"오늘도 이명희 여사님께서 구속의 칼날을 피하셨네요.\n법원은 증거인멸의 우려가 없고 법적 다툼의 소지가 있기 때문이라고 하네요.\n우리의 지혜롭고 정의로우신 존경하는 판사님께서\n공정하게 판단하셨으리라 생각합니다.\n그런데 한가지 의문이 듭니다.\n과연 일반 국민이 저리했다해도 결과가 같았을까 하고요.\n우매한 국민인 제 생각으로는 저정도로 잘못을 저지르면\n죄질이 중하고 도주의 우려가 있다고 구속하는 것으로 알고있는데 말이죠.\n아마도 우매한 저 같은 국민은 감히 헤아릴 수 없는 판사님의 고귀하신 뜻이 있으리라 생각됩니다.\n지금 이 시간에도 우리 국민은 대한항공의 여객기를 타고 여행을 가며,\n한진택배를 이용해 물건을 보내고 받습니다.\n그래서 한진총수 일가의 재력은 마르지 않습니다.\n그리고 그 재력은 우리의 정의로우신 판사님들께서 이들 고귀하신 한진총수일가님들께 그 헤아림을\n제공해 드릴 수 있는 동기를 제공합니다.\n그래서 우리 대한민국은 한진총수일가님들께서 그 어떠한 언행이라도 자유롭게 하실 수 있도록\n사법부가 나서서 지켜드리고 있습니다.\n이것이 대한민국의 정의롭고 자랑스런 법치주의입니다.\n이것이 나라고 이것이 대한민국입니다.\n유전무죄 무전유죄!\n그것은 대한민국의 자랑스런 법치주의 정의!\n대한민국 만세!"
214290,2018-04-28,2018-05-28,0,1,행정,경찰은 사죄하고 배상하라!!!!!!,몇 년 전 심야에 울산 중구 새벽시장 앞에서 아주머니를 치고 달아난 음주뺑소니범을 추격해서 잡았는데 포상은 고사하고 연락조차 하지 않았다\n그날 아주머니가 쓰러진 상태에서 지나가던 나를 보고\n'저 차 좀 잡아 주세요!!'라고 소리쳐서 추격하게 되었던 것이다  또 추격하면서 119와 112에 신고했기 때문에 기록도 남아 있을 것이다  그럼에도 울산중부경찰서는 포상은 고사하고 연락조차 하지 않았다  아마 인계받은 경찰이 자기 공으로 가로챈 것 같은데 정말 치사하다  경찰은 지금이라도 사죄하고 배상하라!!!!!!
276854,2018-06-20,2018-07-20,0,2,문화/예술/체육/언론,멕시코전 선수교체,김신욱선수빼고 이승우선수로 멕시코전 선발출전하게 간절하게 부탁드립니다 보는 입장에서 너무 답답합니다
4782,2017-09-05,2017-12-04,0,0,안전/환경,악마키우는 소년법 폐지!!!,악마키우는 소년법 폐지!!!
259474,2018-06-02,2018-07-02,0,6,교통/건축/국토,전기차 보급활성화를 위한 정부의 적극적인 노력 촉구,"알이 먼저인지  닭이 먼저인지는 모르겠지만\n전기차보급과 충전 인프라 확충에 정부가 더욱 앞장서 주시길 바랍니다.\n이것은 미래먹거리와 환경,일자리창출 등 모든 산업분야에 관련되는 일이지 않습니까ㅡ?\n정말 어느새인가 훅 치고들어와서 하루아침에 세상이 바뀔수 밖에없는 분야입니다.\n국내 자동차회사들 보면\n주변국인 일본ㆍ중국에 비하면 기술대처가 너무 처지는게 아닌가 싶습니다.\n하루아침에 따라갈수도 없는 기술세계인데 말입니다.\n참고 하실수있는 기사하나 올려 봅니다ㅡ\n2018.06.02 네이버기사ㅡ전기도둑/전기차 이용자들의 공공전기 몰래충전 실상들ᆢ"
90363,2018-01-12,2018-02-11,0,20,경제민주화,가상화폐 지원 중지 및 거래소 폐지 논란의 주범 처벌을 청원한다.,가상화폐에 최종구와 박상기의 주장대로라면 이것은 도박이고 투기며 불법인데 전 세상이 도박과 투기를 방조하는 것이라고 말하는 것과 다름없다.\n그러나 가상화폐는 이미 우리 생활 속에 수십 년간 뿌리 내려온 화폐이다. 아니라고 생각된다면 가상 게임 머니를 떠올리면 된다. 우리나라의 모든 게임은 이미 게임 거래소에서 현금 거래가 가능하다.\n모든 게임이 거래의 대상이며 심지어는 게임 속 아이템 또한 현금 거래가 활성화 되어 거래 되고 있다. 대표적인 거래소가 아이템베이와 아이템매니아 등이다.\n리니지를 시작으로 넷마블등 거대 게임사는 온갖 가치도 없는 게임 머니를 현금으로 팔고 있네? 와! 도박이네. 현금 거래 방조까지? 정부에서도 알고 있으면서도 단속도 안하는데 여력이 없어서 그런 것이라면 이 참에 아예 없애자. 게임 머니 사고팔고 하는 것은 도박이니까. 없애자!\n그럼 게임 머니를 현금으로 거래하는 이런 사이트도 불법이어야 한다. 게임 머니와 가상 화폐는 이름만 다를 뿐 같은 경우이기 때문이다. 그 외에도 각종 카드사가 사용하는 포인트 또한 가상 화폐의 일종이다. 포인트 또한 현금처럼 사용이 가능하다.\n최종구와 박상기 말대로라면 가상 머니이니 없애야지. 그 외에도 삼성페이는 어떠한가? 가상 돈이네? 삼성 페이를 시작으로 각종 페이 다들 없애야 한다.\n도박과 투기가 문제이니 강원랜드도 없애자. 도박으로 패가망신한 스토리가 넘쳐난다. 도박장에서 노숙하며 하루하루 앵벌이로 도박하는 중독자도 엄청나다. 자! 도박장인데 없애야지. 아! 높으신 각종 국회의원과 정부 요직 인사들의 친인척이 비리로 대거 근무하는 곳이지? 그래서 없애지 않고 유지하나?\n도박은 나쁜 것이다. 그래 이참에 경마장 없애자. 경륜장도 없애자. 도박은 없애야지.\n가상 화폐가 도박이라고?  그렇다면 없애라. 최종구 박상기 책임지고 없애라. 정의를 위해서 없애라. 우리나라의 가상으로 존재하는 모든 것에 대해 도박으로 규정하고 없애라.\n정부에서는 이들의 무지한 발언에 대해 어떤 생각을 가지고 있는지 대답바랍니다.
88848,2018-01-11,2018-02-10,0,0,기타,가상화폐 대책 제안,"성남에 살고 있는 40대 입니다.\n요즘 가상화폐 때문에 폐해가 많아 정부에서 여러 대책을 내놓는 것으로 보았습니다.\n저자신도 작년 말부터 가상화폐를 거래 하여 습니다.\n다름이아니라 정말 가상 화폐가 위험한 투자 또는 투기라는 것을 잘 알고 있습니다.\n일반 사람들은 돈을 벌기 위해 가상 화폐를 하는 것은 자유  경재 사회에서 지극히 당연한 경재 활동이라고 생각 합니다.\n그러나 이것으로 인해 어떤 사람은 모든 돈을 날리고 집안이 풍지박산이 날 수도 있다고 생각 합니다.\n그래서 가상화폐의 폐단을 조금이라도 줄이기 위해 대책을 제안 하고자 합니다.\n제안 : 가상 화폐는 가상화폐 거래소에서 거래가 되는데 은행에서 거래소에 송금되는 이체 한도를 하루 50이하로\n제안 하면,  정말 가산을 탕진 하도록  투기 하지 못 할 것 이라고 생각 됩니다.\n그리고 가상화폐가 안정화 되고 제도권안에 들어 왔을때 서서히 규제를 푸는 것입니다.\n감사합니다."
194971,2018-04-11,2018-05-11,0,11,안전/환경,노후경유화물차 서울외주변지역 운행금지에 대해서. .,"25톤화물트럭으로 생활하고있는 가정입니다\n2002년식차로 노후가 되었지만 저희에게는 없어서는 안될재산이지요. .\n물론 새차사고싶은맘이야 강렬하지만. .    차값은 거의2억에  가깝고. .   갈수록 일은 줄어드는데. .\n나이50이되도록 내집조차없는 새차는 저희에게는 하늘의 별입니다. .\n그나마 오래된차이지만 관리를 잘하고있기에  몇년더 고생해서  기존의빛갚고나면 빛을다시내서 집이든차든 둘중하나를 하려했는데. . .   갑자기 환경이 안좋아진것이 오래된 차때문이라며  서울,경기,인천지역등에서 운행제한을하려 한다는데. .\n이렇게되면 갚을능력도 없는데 빛을더내서 차를바꾸라는 얘긴가요??\n지금 저희같은형편으로는 새차의 95%정도의 금액을 할부로  떠안아야한다는건데. .\n운송비는 떨어지고. .   짐도 없어서 힘든 이와중에 새차할부금을 어떻게. . ??\n끝내는 죽으라는건지. . .    죽음으로 내모는 정책인가요??\n넘 막막하고  답답해서 이곳에 이런글을 올려도되는지는 모르겠지만. .    넘 힘들어서 글을  올려봅니다!!    제발. .    다수의의견을 우선시하는것은 알겠지만. .   소수의 힘든사람들 없는사람들도 생각을해주셨으면하는 간절함을 함께담아봅니다!!"
342412,2018-08-15,2018-09-14,0,19,외교/통일/국방,여성징병제 국민청원합니다,"왜 남자들만 국방의 의무를 져야합니까? 우리나라는 세계 1위 저출산 국가입니다. 출산으로 인한 국방의 의무면제? 지금 현시대에 얼토당토 않는 소리입니다. 여성은 왜 출산자유, 입대 또한 자유입니까? 남성만 왜 국방의 의무를 져야합니까? 문재인대통령님. 간절하게 외치고싶습니다. 왜!!! 남자만 군대가야하냐고요!!!!! 왜요!!!! 왜요??? 대체 왜요!!!!!!!!!!!!!!!!!!!!!!"
252679,2018-05-30,2018-06-29,0,0,문화/예술/체육/언론,영상물 등급 위원회 심의가 너무 느립니다.,넷플릭스에서 바이올렛 에버가든 보려고 매달 돈 만원 넘게 내는데 영등위 심의가 느려서 아직도 못 보고 있어요. 심의가 왜 이렇게 느린건가요?? 빨리 처리 좀 해주세요.
472032,2018-12-18,2019-01-17,0,1,성장동력,문재인의 사는길! 합리적 임금정책(4-5%인상)에 달려있다.,"문재인 정권의 금년내년 2년동안의 폭압적인 임금인상 약30%는 다른나라에서 5-10년동안 이루어질 인상률이다.\n전혀 국가경제, 서민경제를 고려하지 않은채, 그저 대선공약에만 매몰된 막무가내식의 일방정책이요 행정이다.\n지금 국가경제, 서민경제는 바닥을 치다못해 파산직전에ㅡ내몰려있다. 이제라도 죽어가는 국민을 생각한다면\n내년도 인상분 10.9%의 절반인 5.5%로  인하하는 특단의 대책으로 죽어가는 국가경제를 살려야 한다.\n경제측면에서는 이명박, 박근혜정부 시절이  훨씬 살기좋고 지금보다 몇배 나은 상황이었다.\n어설픈 경제정책으로  모든 경제가 잘못 돌아가는 경제의 악순환을 만들고 말았다(고임금-고실업-고물가)\n시장경제에 근접한 임금인상률(3-4%)만 그대로 유지하였으면, 지금의 고실업-고물가가 발생하지 않았고\n영세자영업자, 중소기업운영 사업자들의 줄폐업 사태는 일어나지 않았을 것이다.\n이런 사태의 큰 책임은 어설픈 좌파정책을 휘두른 문정권에 있다고 보며, 하루빨리 궤도수정을 해야한다.\n자본주의의 원리, 시장경제의 원리에만 충실하면 경제에 문제가 발생하지 않는다. 물가와 임금은 합리적인\n가격결정 구조인  '보이지 않는 손(경제원리)'이 결정하면 되는 것이다. 인위적인 개입은 문제를 낳고만다"
163016,2018-03-10,2018-04-09,0,6,문화/예술/체육/언론,노선영 선수의 대국민 기만극은 즉각 멈춰야 합니다,"올림픽 기간중 왕따 논란으로\n살인적인 비난을 감수했던 김보름선수의 억울함을 풀기 위해서라도\n진상 조사는 시급히 진행되어야 하며,\n올림픽이 끝나면 소상히 얘기하겠다던\n노선영선수는 방송출연해서도 왕따논란에는 한마디 언급도 하지않고\n국민의 궁금증만 키우며, 논란은 더욱 증폭 확대되고 있습니다\n노선영의\n국가대표 10년 이상 경력,\n올림픽 4회 출전\n한체대 직속 선배\n군기보다 쎄다는 운동선수들의 서열 문화를 볼때\n오히려 노선영선수는 갑중의 갑의 위치에 있는데도\n또한, 방송에서도 개개인의 문제가 아니라고 스스로 밝혔듯이\n나이어린 후배 김보름선수가 가해자가 되어\n감내할수 없는 비난만 받은 셈입니다\n국가대표동료이자 어린후배가 온갖 비난을 받을 당시\n오히려 피해자 코스프레하며 침묵으로 일관하고\n방송에 나와서도 그에 대한 언급은 회피한체\n아직도 모든 책임은 김보름선수에게 있는 것처럼 되어있는\n이런 행태는 반드시 바로 잡아야 할  것입니다\n따라서, 노선영선수에게 이런 사태에 대한 엄중한 책임을 묻고\n다시는 이런 억울한 피해자가 나오지 않도록\n정부나 해당 부서에서는 하루속히 진상을 밝힐 것을\n재차 청원 합니다"
344422,2018-08-17,2018-09-16,0,18,육아/교육,어린이집 운영시간을  자유롭게  해 주세요,"하루  근로시간은   8시간이지만   어린이집은   7시30분~  19시30분입니다      시간적으로  봐도 8시간이  훨씬  넘습니다.  하루  8시간을   한  방에서  아이들과  함께  있는다고  생각  해  보세요\n영아반  선생님들은   점심을  먹다가   응아하는  아이가 있으면   응아를  치우고  다시  밥을  먹은 선생님도  계시고  어떤 분은   응아만  치우다가  점심을  포기하신  분도  계십니다   관공서에  전화를  하면  5시면  퇴근을 하셨다고 합니다   11시40분이면\n점심식사를   하러  가셨다고 합니다  본인들의  업무에는  관대하면서  어린이집 에는    cctv 설치를  하고   감시를  하는  상황입니다    저희도  8시만  근무하고  싶습니다  저희도  반차라는  것을 내 보고 싶고  아프면  쉬고,  병원에도  가 보고  싶습니다\n문재인  대통령님   보육교사의  시간을  자유롭게  근무할 수 있게  해 주십시요\n어린이집  운영을  자유롭게  해  주세요\n예를  들어  종일반  어린이집만  하는  또는  맞춤형만 하는   종일반을  마치고  돌봄 형식만 하는   어린이집으로  자유롭게  되었으면  좋겠습니다\n평가인증 , 모닝터링  등 지자체 짜고  하는  기능  없애버리고  교사  등급제에  의해  처우개선비가  이루어졌으면  합니다  능력이  있으신 분들  노력을  많이  하신 분들은  그러지  못한 분들과  처우가 달라져야  선생님들도  더  많은  노력을  하시겠지요\n보육교사의  아동학대는  보육교사들의  문제가  아니라  몇 명의 보육교사들의  인성   문제 입니다\n감시 속에   근무하는  사람들은  아마  보육교사들 밖에  없을 겁니다"
47710,2017-11-22,2017-12-22,0,0,농산어촌,유통구조 개선해 주세요,우리나라의 유통구조는 5~7단계로 상당히 복잡하며 그 때문에 가격거품이 많이 끼어서 물가가 많이 비싼 것으로 알고 있습니다.  이는 비단 국내에서 생산되는 물품 뿐만이 아니라 해외에서 수입하는 것도 마찬가지여서 해외에 있는 제품이 국내에만 들어오면 상당히 비싸지게 됩니다. 결국 피해는 소비자와 농민과 어민 및 여러 생산 분야에 계신 분들이 입게 되며 중간상인만 이득을 챙기게 되는데 이러한 불합리한 유통구조를 개선하는 법안이나 또는 소비자와 생산자간에 직거래를 할 수 있고 서로 신뢰할 수 있는 시스템을 만들어 주셨으면 합니다. 아래는 관련 기사 링크를 실었습니다.
476055,2018-12-22,2019-01-21,0,9,일자리,채용비리 의혹  국정조사,지금 메스컴에서 말하는 채용비리 꼭 조사해 주시기바랍니다.
215712,2018-04-30,2018-05-30,0,2,문화/예술/체육/언론,미투운동 가해자 진상규명 및 철저한 조사 진행해주세요,미투운동을 통해 이 사회에 심각성을 알고 바로 잡아야 겠다고 생각한지 몇달 밖에 지나지 않았습니다.\n많은 가해자들이 있었지만 제대로 된 진상규명을 들을 수 없었으며 그들의 처벌 또한 조용히 넘어가고 있습니다.\n그들은 아직도 본인들의 죄를 모르고 떳떳하게 이 사회에서 생활하고 있습니다. 근데 과연 피해자들도 그들과 같이 사회에서 떳떳하게 생활하고 있을까요?\n피해자가 없는 나라를 위해서라도 가해자들의 진상규명을 철저하게 조사하여 다시는 제 2의 피해자가 나오지 않도록 막아야 한다고 생각합니다\n지금이라도 정확하고 철저한 조사 부탁드리겠습니다.
214164,2018-04-28,2018-05-28,0,18,교통/건축/국토,[대한항공] 대한항공 청원 한 곳으로 모읍시다!!!!-----198071번에서 동의해주세요!!!!,대한항공 청원 한 곳으로 모읍니다!!!!
420446,2018-10-25,2018-11-24,0,3,문화/예술/체육/언론,네이버 악플러들 혼내주세요...ㅠㅠ,요즘 네이버 해외야구 소식을 많이 보는데 네이버 악플러들 때문에 눈살이 찌푸려집니다.\n미국에서 뛰는 우리나라 선수들은 많이 힘든 날도 있을텐데 이 나쁜놈들은 그저 키보드로 선수들을 비방하고 조롱하기 바쁩니다.\n그런데도 네이버에서는 처리할 생각은 안하고 그저 손을 놨습니다.\n제발 부탁인데 특정인 비방하기 바쁜 네이버 악플러들 영구정지 시켜주시고 수수방관하는 네이버도 제재를 가해주세요...
10101,2017-09-06,2017-12-05,0,0,인권/성평등,청소년법 폐지해주세요,"제발 범죄를 저지르면 똑같이 처벌해 주세요.\n그래야 사람들이 법무서운줄 알고 조심하자나요\n청소년이라고 이런식으로 봐주는건 아니라고 봐요.\n사람은 누구나 다 화를 가지고 있습니다. 하지만 그 화를 못이겨 폭행을 하거나 구타를 하는게 맞는게 아니라 정상적인 사고라면 화가나도 참는게 맞다고 생각해서 참는겁니다.\n본인이 화를 못 이겨 폭행을 저질러 놓고 청소년이라 봐주는건.... 무슨 논리일까요?\n그럼 모든 청소년들 저렇게 똑같이 마음에 안드는 친구 때려놓고 ""저 아직 어려요 봐주세요"" 하면 끝인가요?\n이거 원 무서워서 대한민국에서 아기 놓고 키울수 있겠습니까.....\n제발 부탁드려요 부산청소년여중생 제발 엄벌에 처해주세요\n저걸 보고 모든 청소년들이 경각심을 가질수 있게요. 제발 부탁드립니다 대통령님.. 그리고 늘 존경합니다."
192891,2018-04-09,2018-05-09,0,1,인권/성평등,국가보훈처는인권탄압인 위치정보제공폐지하라,글내용: 국가보훈처는 인권 침해하는 위치정보제공을 당장 폐지하고 인권위는 바로 조사해주시기 바랍니다
402141,2018-10-09,2018-11-08,0,2,성장동력,국민청원 댓글에 대해서. 왜 1인 1개로 한정? why?,왜죠?
298501,2018-07-06,2018-08-05,0,13,문화/예술/체육/언론,연예인들의 병역비리 제발좀 밝혀주세요,"이번에는 장근석씨가\n조울증으로 4급판정을 받았습니다\n이게 말이됩니까?\n어찌 우리나라 연예인들,,\n특히 남자들은 돈벌때는\n멀쩡히 잘살다가\n군대갈때만되면 환자가 되는겁니까?\n특히 요 근래 너무 심합니다\n불치병으로 면제받고도\n활발히 활동하고 해외에도\n나다니는 연예인도있고,,\n또 요즘 유행이\n입대후 의병제대입니다\n몇명째인지 모릅니다\n진짜 아파서 의병제대하면\n모를까\n제대하고 얼마 되지도않아서\n드라마 출연하고,,\n너무나도 정상인 사람이\n정신병으로 의병제대한 이후에\n멀쩡히 예능프로나와서\n여친이랑 히히덕거리고,,\n이건 정말 국민을 모독하는 거라고 생각합니다\n우리모두 군대가기 싫고\n군대가서도 최대한 빨리 나오고싶은게\n솔직한 심정입니다\n하지만 우린 어쩔수없자나요\n대한민국에서 태어났으니까요\n그래서 힘들지만\n성실히 국방의 의무를 다하고 있는데\n왜 특정 연예인들만 특권을 받아야합니까?\n진짜아프다면 어쩔수없는거지만\n어찌 전혀 아파보이지가 않습니다\n아무래도 병역기피 브로커가\n있는게 확실해보입니다\n근래 갑자기 늘어난것도 그렇구요\n제발 청원합니다\n그들이 진짜 면제,,혹은 공익 판정을\n정당하게 받았는지,,\n다시한번 재조사 해주십시요"
272324,2018-06-16,2018-07-16,0,82,안전/환경,*필독* 18만의 목소리 묻혔다.. 민주주의국가?,국민이 주인이 되어 나라를 이끄는 게 민주주의 아닌가요?\n도대체 무슨일이 벌어지고 있는건가요 지금\n무엇이 그렇게 두려운건가요\n이 나라는 누굴 위한 나라인가요\n제주 난민 기사가 핫토픽에 자리 잡지 않아서 아직 많은 사람이 지금 무슨 일이 벌어지고 있는지 알지 못합니다\n그럼에도 불구하고 18만입니다\n기사를 읽은 모든 국민이라 생각해도 무방합니다\n온 국민이 불안에 떨고 있습니다\n무슨 생각을 하고 계신지 알려주십시오\n제주 난민 관련 내용 모르는 분이 계실까 해서 기사 링크 올립니다
332392,2018-08-07,2018-09-06,0,10,저출산/고령화대책,산모와 육아 있는 가정 전기요금폭탄 활인해주세요,저출산 도움에도 필요한 산모와 유아 또한 빈곤 노인층 요금때문에 에어컨 틀기가 두렵습니다 그러나 없어서는 안될 에어컨 전기요금 이 실질적으로 혜택이 되도록 정부에서 좀더요금 인하와 보조를 해주시길 바람니다
138505,2018-02-13,2018-03-15,0,14,인권/성평등,"망국의 부동산, 정부는 왜 보고만 있나?","나라 말아먹는 좀벌레 같은 부동산 폭등, 국민 대다수와 청년, 미래세대의 짐, 천문학적 가계부채.\n이모든것이 부동산문제과 연관되어 있는데 정부는 왜 멍청히 보고만 있나? 혹시 자기들 재산 상승을 즐기는건가?\n국민의 5%도 안되는 고가주택 보유자의 재산권이 뭐 그리 중요하다고 나머지 95% 국민의 가슴에 피멍들게 하는가!\n문대통령 외에도 경제수석과 경제부총리, 국토부장관은 결연한 의지를 갖고 집값 잡아라.\n신성한 근로의욕보다는 온 국민을 부동산투기 에 정신팔리게 하고 공부하는 미래세대는 신분제도가 고착화되는 대한민국에\n절망하고 있는데 도대체 가만있는 정부는 어느나라정부인가? 혹시 포기했는가? 진정."
303309,2018-07-11,2018-08-10,0,36,반려동물,동물학대 처벌 강화가 시급합니다,"최근들어 동물학대가 급증한건지 원래 많았으나 보도가 안된건지는 모르겠으나\n하루에 두세개의 동물학대 뉴스를 읽을 수 있습니다\n동물을 학대하므로써 자신의 쾌락을 만족하는 것은 사이코패스이며\n★★★★★성폭행, 살인 등의 중범죄자의 절반가량은 동물학대 전과를 가지고 있습니다★★★★★\n정상적인 사고방식을 가진 사람은 타생물의 고통에 쾌락을 느끼지 않습니다\n비록 나라가 어수선하여 많은 사건사고들이 일어나고 있지만\n분명한건 선진국이 되기 위한, 시민의식이 뛰어난 국민이 되어야 한다는 겁니다\n타 생물과 공존하는 것은 미래지향적 필수요소이며 진화된 인간의 포용입니다\n동물학대를 방관하기만 하는 것은 반인륜적인 짓이며\n이제는 인간 이외의 생물과의 공존에도 신경을 써야할 때 입니다\n또한 동물학대범에게 중징계를 내리면서 정신상태가 이상한 사람을 사회와 격리하여\n또다른 중범죄의 가능성을 막을 수 있습니다\n정부는 부디 인간답지 못한 인간을 심판하기를 바랍니다"
367216,2018-09-05,2018-10-05,0,15,반려동물,동물 보호법 강화를 해주세요,안녕하세요 이와 비슷한 청원이 있을 거라 생각합니다.\n동물울 대하는데 있어 그 나라의 동물보호법을 보면 그 나라가 보인다고들 흔히 말합니다. 선진국 국가중 동물을 함부로 대하고 하는 나라는 몇 안되는 나라인데 그 나라중 대한민국이 껴있다는 거에 너무 마음이 아픕니다.\n또한 키우던 동물을 죽이고 때리고 학대하는 사람의 심리상태가 과연 사회에서는 멀쩡하고 지지하는 사람일까요?\n동물을 학대하고 살인을 저지른 사람은 정신건강 또는 생명에 대한 교육을 해야 한다고 생각합니다.\n사이코패스들이 사람을 살인할때 많이들 동물을 죽인다고 합니다. 그럼 과연 동물들을 학대하고 죽인 사람들중 사이코패스가 없얼까요?\n아니요 전 있다고 생각합니다.  하다못해 방송에서 또는 SNS 에서 조차 그런것을 보면 마음이 아프고 눈물이 나오고 이해가 안가는게 정상입니다. 그런 공감능력 조차 가지고 있지 않는 학대범이라면 미리 치유같은 조치를 해야 하지 않을까요?\n우리나라처럼 물건 취급을 하는.. 소유물이 아닌 한 생명으로 그들을 보았으면 좋겠습니다.\n사회가 점점 강자는 강자가 되고 약자는 더욱 소외되어 나보다 힘이 없는 말못하고 처벌이 적은 정말 아무것도 모르고 하지 않은 동물들에게 화풀이를 하고 있습니다.\n하루에도 버려지는 동물들이 손가락을 다 써도 모자르는 사회은 건강한 사회일까요??  시대가 빠를게 변화 하면 그것에 맞게 법또한 변화를 주어야 하는데 왜! 우리나라는 법은 80.90년대의 법을 사용하는 걸까요?\n전 솔직히 독일같이 동물 보호법이 강화 되었으면 좋겠습니다. 세금? 제 가족인데 더 내도 전 정말 괜찮습니다. 하지만 나라에서 당장 그렇게는 못하겠죠.\n하지만 조금씩 조금씩 법의 망치 무게를 늘려가면 솜방망이 처벌이라 벌금만 내면 이라는 생각을 안하게 되고 반려동물을 분양받고 입양할때 한번더 생각하지 않을까 싶습니다.  보호법이 변경되고 벌금이 변경되었다는 것은 알고 있으나 아직도 개인재산으로 분리되는 반려동물의 삶은...우리에게 주기만 하다 우리만 바라보는 그런 존재는 충분히 생명존중을 받아야 마땅하다고 생각됩니다.\n제발 그들의 삶의 질을 높여주세요. 여름만 되면 버려지는 아이들이 많습니다.. 휴양지에 혹은 정말 생각도 못하는 고속도로에.. 아이들보고 죽으라고 하는 행동을 이해 하실수 있나요?
228880,2018-05-09,2018-06-08,0,2,성장동력,"뎃통령님,  느릅나무는  누구꺼입니까?","무엇을 숨기냐?\n떳떳하면 특검수용하라.\n니들이 피해자라고 고발해놓고\n특검을 반대 하는 이유가 머냐?\n김경수도 특검받겠다하고\n청와대도 특검받겠다하는대\n왜?  떠블어  강간당은  결사반대하냐? ?!\n장난치냐?\n국민들을  개,돼지로 아냐?\n원조 적패들아~\n양심도 없는  쓰레기들~\n손바닥으로  하늘을 가려라."
471834,2018-12-17,2019-01-16,0,1,안전/환경,환경부 이 나쁜자들아!!,"1. 소음이란 시끄러워서 불쾌함을 느끼게 만드는 소리로 정의하며,\n일정 데시벨 초과하여 인체에 피해를 미치는 소리 이자만\n2. 미친놈들이\n소음·진동관리법 에서\n1. ""소음(騷音)""이란 기계ㆍ기구 등에서 발생하는 강한 소리로\n만 해 놓아서\n그 피해 줄어들고 있지 않다.\n이로 인하여 더 이상 그 피해가 발생하지 않도록 해 주십시요."
305012,2018-07-13,2018-08-12,0,6,외교/통일/국방,장근석을 양심거부자 포함시켜주세요,군입대 질질끌다가 입대 다 되어가니까 양극성장애다 하면서 회피하는것이 너무 눈에 보입니다.\n장근석을 양심거부자 포함시켜 처벌받기를 원합니다.\n다시는 장근석포함 연예인들 회피하지 못하게 본때를 보여주었으면 좋겠습니다.
18023,2017-09-29,2017-10-29,0,2,육아/교육,미취학 어린이인 5세부터 7세까지 어린이들이 사교육보다는 공교육에서 교육을 받을수 있게 초등병립 유치원을 도시권에서 많이 만들어주세요!,학부모도 아니고 여성도 아닙니다! 한사람에 대한민국 남성 국민입니다!\n미취학 아동을 국민에 돈으로 운영하는 어린이집이 파업이라는 언론에 기사를보구 이리저리 관심있게 보구 어린이집을 보내는 학부모들에 원성을 기사를 통해서 접해보구 그리고 너무 높기에 제가 어릴적 초등병설유치원을 다녔을때를 생각하여 혹시나마 국익에 도움이 될까하여 부끄럽지만 제안을 합니다!\n사설 어린이집을 운영하시는 원장님에게는 정말 죄송한 생각이지만 언론에 보도로 출산절벽 출산절벽으로 인한  향후 몇십년후 국가성장률하락이라는 기사를 보구 국가적으로 양육과 출산에 중요성이라는것에 많은 생각이들었습니다!\n본론을 이야기하자면 주변에 사람들을 보니 대기업을 다니지 않는한 홀벌이로 2명이상의 양육은 힘들고 맞벌이를 하지않으면 아이를 낳고 정상적인 서울에서 중산층에 삶을 살수없는것이 주변에서 보았을때의 현실입니다! 그러기에 맞벌이를 위하여 유치원을 보내고 한자녀가 아닌 두자녀 세자녀를 보낼경우는 맞벌이 가정에 많은 경제적인 부담을주는것이 사실입니다!\n예전 80년대후반 서울에 있는 초등학교는 아이들이 많을때는 저학년이 오전반 오후반 이렇게 나누어서 초등학교를 보냈습니다! 지금은 초등학생수가 적기에 초등학교 학급에 아이들의 숫자가 많이 적은것이 사실입니다!\n제가 생각하는 부분은 초등학교에 일부교실을 빌려서 5세부터 7세까지 유치원생들을 초등병립유치원을 만들어서 교감을 병설유치원 원장겸임으로하여서 국가에서 운영을 하는것입니다! 유치원에 다니는 어린이들이 다시 초등학교에 입학을하고 유치원 어린이집 교사들이 지금과같이 사설유치원에서 고용에 대한 불안한 일자리보다는 국가에서 체계적으로 운영하기에 안정적인 유치원 보육교사라는 일자리도 만들어주고 또 국가에서 관리하기에 불필요한 사회적인 비용도 적을것이라 판단이듭니다! 특히 초등병립이기에 유치원 만들 자리를 구하는 애로사항은적을 것이기에 비용적인 측면에서 국가에게도 많은도움이 될것이라는 생각이듭니다!\n지금의 대한민국에 있는 나라를 이끄시는 높으신 어르신분들은 지금현제에 대한민국 보다는 100년후에 대한민국을 그릴줄알고 정책우선순위에서 100년후에 대한민국에 잠재적인 성장에 동력을 만들어야하는것이 현명한 미래를 내다볼수있는 우선순위가 아닐까 하는 생각이 듭니다!\n민초인 제가 생각할때에는 작지만 육아부분에서 공적으로 적극적으로 국가에서 나서서 육아를 담당하고 출산을 하는 맞벌이를 하는 여성 학부모들에게 현실적으로 비용적으로 도움을 줄수있는 초등병립학교가 전국적으로 모든초등학교에 만드는것이 학부모들에게 도움이되지않을까 하는 생각이 듭니다!\n아이는 낳고 싶지만 육아 비용에 질려서 한자녀만 낳는다는 가정이 너무 많습니다! 두자녀를 가지면 용감하다고 하고요! 작지만 이런실천이 현실적이지 않을까하는 생각이듭니다!\n유치원을 운영하시는 원장님들에게 이런글자체가 미안하기도 합니다! 그리고 러시아나 다른 복지국가의 예를 보더라도 앞으로 국가에서 만들어나갈 방향이라는 생각이듭니다! 아이가 태어나면서부터 성인이될때까지의 국가에 책임을 말하는 것입니다!
257319,2018-05-31,2018-06-30,0,1,농산어촌,실수로 고래가 잡히면 어부에게 소유권을 주지말고 정부에서 압수해서 패기처분해주셔요,고래가 심심치않게 실수로 어망에걸려 올라오는 경우가 많습니다\n이걸 로또처럼 어부에게 소유권을 준다면 우연히 그물에 걸리는 고래는 계속 나올 겁니다\n그런 안타가운 고래에 죽음을 방지하기 위해서 고래가 어망에 걸려서 올라 오면\n어망 수리비 정도만 어부에게주고\n정부가 패기처분을 하던지 정부가 경매에 부쳐서  어부가  고래로인해 손해본 금액만 돌려주고\n국고로 환수하는게 맏다고 봅니다
31957,2017-11-11,2017-12-11,0,2,기타,이명박 전 대통령 출국금지 해야 합니다,현재 모든 범죄가 의심 되는데 출국이라뇨...안됩니다!!
187074,2018-04-06,2018-05-06,0,2,육아/교육,부모교육을 의무교육으로 법으로 제정해주십시오.,"저는 지금 올바른 부모가 되고자 나라에서 지원해주는 부모교육을 받고 있습니다. 받으면서 느낀 점은 이것을 모든 부모들이 받아야만 되겠다는 점입니다. 준비가 되지 않은 부모들이 얼마나 많이 시행착오를 겪으며 자녀들을 키웁니까? 사실 고민하며 변화되려고 이런 저런 교육과 상담을 받는 부모들은 개중에 나은 부모들입니다. 어떻게 양육해야 하는지 방법을 몰라 자녀들을 소유물로 여기고 힘들고 괴로우면 같이 자살을 하거나 심지어 죽이는 일이 비일비재하고 있습니다. 결혼 또한 마찬가지입니다. 기본적인 교육을 받은 후 결혼도 할 수 있게 해주고, 부모는 더욱 엄격한 교육을 받게 한 후 자녀를 낳은 뒤에도 계속적으로 실제적인 삶에서 필요한 대화기술 등을 교육받게 해야합니다. 지금 학교에서 수학 영어 배우는 것이 중요한 것이 아닙니다. 우리나라의 삶의 질의 향상과 자살률을 낮추기 위해서 학교에서부터 제대로 된 성교육 (실제 아기키우는 것 등을 체험)을 도입하고, 부모교육을 고등학교 의무교육으로 넣어주십시오!"
456267,2018-11-29,2018-12-29,0,0,교통/건축/국토,부산 도시철도 노선 중심 으로 부산 시내 버스 노선 개편 추진에 대한 반대 청원,지금현재 부산시청 에서는\n민선 7기 오거돈 부산시장 취임 후\n부산 도시철도 노선 중심 으로\n부산 시내 버스 노선 143개 노선을\n전면 개편을 한다고 하는데\n저 뿐 아니라 부산 시민 대부분이\n부산 도시철도 노선 중심\n부산 시내 버스 노선 개편\n반대 입장을 표현 하고 있습니다\n저는 이에 대하여\n부산 도시철도 노선 중심\n부산 시내 버스 노선 143개 전면 개편\n저는 반대 입장을 표현 한다고\n청와대에 청원을 제출 합니다
57894,2017-12-04,2018-01-03,0,0,농산어촌,김영란법에 대하여3,이상적 사회를을 향한 작은 바램들과  더 좋은 미래를 열고픈 열정들이 모여 청탁금지법이 만들어졌다. 멋진  법이다. 이상향을 향한  작은  족적이다.  우리가 꿈꾸는 유토피아가 꿈이 아닌  현실이 되는 그런 날이 하루 빨리 왔으면 하는 바램도 가져본다. 그러나 현실은  냉험하다. 냉정하다. 우리집 방에 멋진 그림을 걸어 놓았다고 나의 배고픔까지 채워지진 않는다. 용산역 노숙자들에게 있어 노숙의 터  그 위에 걸려 있는  수많은 시와 시화는  노숙의 추위와 고통을 해결해 주진 않는다.  어쩜 청탁방지법은 미래를 밝혀보려는 작은 촛불일지도 모른다.  우린 그 불빛에 환호하고 그 희망에 감격하는지 모른다. 그러나 우리가 환호하는 그 불빛을 발하며 타들어가는 초는 누구인가.  우리가 태워 밝히려는 깨끗한 미래가 누구의 마음을 태우는 것인가. 농심아닌가. 중소상인의 마음 아닌가. 이렇게 농민과 상인이라는 양초를 태워  꿈의 제국을 건설하겠다는 것 아닌가. 우린 꿈도  중요하지만 현실도 냉철히 봐야 한다. 타들어가고 말라들어가는 저들의 고통도 헤아려야 한다. 소비가 얼어붙고 있다. 큰손들은 이미 해외에서 쇼핑을 찾는다. 중간 손들은 해외 직구로 눈을 돌렸다.  개미손들은 지갑이 비었다. 쓸게없다. 안타갑다. 그러나 현실로 굳어진다. 이렇게 소비를 죄악시 하여 내수분위기에 찬물을 끼얻는 데 누가 지갑을 열겠는가. 이래가지고 어떻게 실업문제를 해결하겠는가. 공무원을 20만명 새로 뽑은들 40만의 실업자가  새로생겨나는 것을!  근원은 내수부진이고 원죄는 내수방지법이자 실업창조법인 청탁법금지법인  것을!\n어제 김장을 하고 배추밭을 갈아업었다.  옆에 감나무가 있다. 12월초 감나무엔  수확을 포기한 대봉감 단감이다. 새들의 잔치상이다.  농심이 홍시가 되어 새들의 만찬이 되었다. 그래서 돌아오는 길에 한컷해보았다. 하단.산수유도 있다.  사진은 폰맹인 관계로 다음으로 미뤄야  겠다.
327388,2018-08-02,2018-09-01,0,2,교통/건축/국토,비조정지역 내 재건축규제,"올 여름 기록적 폭염으로 다들 너무 힘든 시기입니다.\n30년 노후 아파트 엘리베이터 없는 아파트 재건축 규제 풀어주세요.\n6층 아파트인데 엘리베이터가 없어서 6층까지 힘들게 오르내리기 너무 힘이듭니다.\n투기 잡는 규제는 이해 합니다만, 요즘 빌라들도 엘리베이터 다 있습니다.\n노모도 계신 분들은 더 하겠죠.\n6층 계단으로 오르내리는거 너무 힘든데, 재건축 하지도 못해요.\n규제 때문에요.\n투기, 투기과열, 조정 지역 외 지역은 투기와는 거리가 있으니, 쪽집게 식 규제 해 주세요."
167425,2018-03-16,2018-04-15,0,7,저출산/고령화대책,저출산의 현실적인 지원과 확대,"저출산의 현실적인 지원을 확대해주기를 요청합시다.\n우선 임신을 할 수 있는 여성의 경우\n하나, 과도한 생리대 비용에 세금을 부과하기 보다는 지원금 대상으로 봐야하지 않을까요.\n둘, 40~50대 결혼이지만 아이를 출산하고 싶으나 현재 인공수정 시험관시술 등 지원금 대상 연령은 만 44세까지만 지원됩니다.\n50세 출산 쉽게 생각한건 아닙니다. 건강하고 강한의지가 필요하며 늦은 출산에는 용기 또한 필요합니다.\n그럼에도 불구하고 점점 발전하는 의학을 믿으면 내 스스로 용기를 주며 출산을 희망한다면 정부에서는 50세까지는 지원금 확대 되었으면 합니다.\n셋, 아이출산 후 각종 예방접종이나 비용이 들어가는 부분들은 지원금 확대되어 유가비용의 부담감을 덜어주어 출산을 장려하는 현실적은 온도감을 받았으면하는 바램에서 청원합니다.\n끝으로 나 자신과 온 국민들에게 그 동안 잘 버티었다고 칭찬하고 싶고 우리민족이 얼마나 대단한지 최근 10년간의 흑역사에서도 우리나라의 발전이 정말 놀랍습니다.\n우리 문재인대통령님의 한걸음 한걸음을 뒷따라 응원하며 앞으로 펼쳐질 놀라운 발전과 밝은 미래를 곧 볼 수 있을것 같아 감사하고 감사하고 고맙습니다."
334343,2018-08-09,2018-09-08,0,4,정치개혁,공기업의 성과급과  해외 연수 개선방안,공기업의 성과급은  국민의 안전이나 편리성등의 이익이 발생돼었을때  지급을 해야지  일반 국민들의 지갑을털어 세금을 많이 걷어  정부 통장만 늘렸다고 주는 것이  아니자아~~~  세금도 돈많은 사람들에게는  받지도 못하면서 징수도 제대로 못하고 일반서민들은 압류시키고 강제 집행하면 됀다는건가......\n-정치란 고로 삼봉님이 말하기를  분배를 잘한는것이 민생이다 라고 하셨습니다.\n세금을 잘거두고 걷은 세금을  이롭게 사용할때  민생이 평탄한것이지요...\n성과급을 주는 기준을  지역주민의  의견을 수렴해서  공직자의 점수에 반영하세요\n또 해외 연수는 외 가는건지 이해가않되요. 차라리 연수라는 말을빼고 혈세 여행으로 이름을 변경하심이..\n연수 가서 배워온것있나...초등학생이  국회의원이나 공기업직원들 연수왜 가냐고 물어보던데요....\n비행기 비싼거 타고 놀다오는거야 ---- 눈먼돈 개선해서 공정하게 사용합시다
483,2017-08-24,2017-09-08,0,1,미래,대기업들의 횡포를 막아 주세요,"저의 어린 제자가 하늘나라로 갔습니다.\n관련기사 내용 http://www.idaegu.com/?c=6&uid=367272\n2017년 7월 14일 07시50분경 대구 수성구 두산동 소재의 대우트럼프월드아파트 앞 횡단보도에서 등교하던 여중생(14세)이 신한종합건설(주)에서 시공 중인 오피스텔(수성헤센 더 테라스) 공사현장으로 진입하던 25톤 덤프트럭에 치여 현장 사망한 사고가 있었습니다. 저는 그 사망한 중학교 1학년 여자아이(배지인)의 아빠인 배은수입니다. 사고 당일 아침 25톤 트럭 밑에 깔려있는 딸아이의 참혹한 모습을 본 이후로 저희 가족들 모두는 정신과 치료를 받아야만 하루 하루를 겨우 버텨낼 수 있을 정도로 극심한 고통에 시달리고 있습니다.\n교통사고로 인한 사망사고는 전국 어디서든 비일비재하게 일어난다고만 생각했던 저에게 이런 사고가 막상 일어나니 유가족들의 마음이 얼마나 뼈저리게 아픈지 느낄 수 있게 되었습니다.\n저를 포함한 저의 가족들은 금번 사고가 운전자 과실로 발생한 단순 교통사고로만 생각하고 있었기에 가장으로써 이 사고를 빨리 수습해 남아있는 가족들을 추스르고 보살펴야 한다는 생각에 죽을 만큼 힘든 마음이었지만 꾹 참고, 또 참아가며 딸아이의 장례를 치러야만 했습니다.\n그런데 장례를 다 치룬 후 저희가 살고 있는 아파트 관리소장으로 부터 뜻밖의 사고관련 내용을 전해 듣고서 저는 경악을 금할 수 없었습니다. 첫 번째는 사고 직후 가해 운전자는 경찰 진술에서 아파트 뒤쪽에 위치한 오피스텔 공사현장으로 가던 차량이 아니라 다른 공사현장으로 가야하는데 길을 잘못 들어 그만 사고가 나고 말았다는 허위진술 내용이었는데, 이는 시공사가 사고 파장이 커질 것을 우려해 의도적으로 사고를 축소ㆍ은폐하기 위함이었습니다.\n그보다 더욱 놀라운 사실은 트럼프월드 입주민회에서 2013년도 사고현장 오피스텔 사업인허가 전부터 공사차량 출입으로 인한 안전사고를 우려해 해당구청에 수차례에 걸친 민원을 제기한 바 있었습니다. 인근주민들의 민원으로 사업인허가에 차질이 발생한 시행사는 자진하여 주민 공청회를 열어 각종 안전대책을 제시하며 주민들을 안심시키고 이에 수성구청은 조건부로 사업을 허가해 주었습니다.\n주민들을 안심시킨 시행사의 공사 안전대책들은 첫째가 등하교 및 출퇴근시간에는 차량운행을 하지 않겠다는 것이었고, 공사차량의 운행 경로를 사전 지정하여 지정경로로만 운행함은 물론 차량운행 경로 곳곳에 신호수를 배치하여 보행자의 안전을 철저히 도모하겠다는 약속을 하여 주민들도 공사 진행에 동의하게 된 것입니다.\n이러한 공사업체의 사전약속들을 제 눈과 귀로 확인하는 순간 저는 또 한번 하늘이 무너지는 마음이 들어 그만 바닥에 주저앉고 말았습니다.\n공사업체에서 주민들을 안심시키기 위해(공사인허가를 받기위해) 제시했던 저 수많은 약속들 중에 단 하나라도 지켜졌었더라면 내 딸아이의 사고는 발생하지 않았을 거라는 원망이 북받쳐 올라왔습니다.\n세월호 사고가 어른들의 무책임한 안전의식으로 수많은 어린학생들의 희생을 불러왔듯이 이번 제 딸아이의 교통사고 또한 단순 교통사고가 아닌 절대 발생되어서는 안 되는 또 하나의 인재라는 사실을 실감하게 되었고, 이에 저는 너무 억울하고 원통해서 매일 밤잠을 제대로 잘 수 없는 지경에 이르렀습니다.\n수성구청의 주선으로 공사관계자들을 만나 이야기를 들어보니 주민공청회 주관 및 공사 안전대책을 약속한 주체는 시공사인 신한종합건설이 아니라 시행사인 미광개발이라서 자기들과는 별개의 회사이므로 책임을 회피하기에 급급하였습니다.\n한술 더 떠서 차량운행 경로 등 공사현장 가림막 외부의 안전관리는 자신들의 몫이 아니라고 확실하게 선을 그으며 이번사고의 모든 책임은 운전자에게 있다고 이구동성으로 제창하였습니다. 왜 정해진 운행경로로 운행하지 않고 등하교시간대에 다수의 인파로 복잡한 그길로 운행한 것이냐고 공사관계자들에게 재차 항의하자 운전자들이 임의로 변경한 것이지 본인들과 무관하며, 덤프트럭의 운행경로까지 시공사에서 이래라 저래라 할 권한이 없다고 말하였습니다.\n시공사 및 구청관계자와 만남은 저에게 더욱 큰 마음의 상처만 남겨주었고, 제 마음속에 답답함과 분노는 극에 달해 이성을 잃고 수성구청관계자에게 하소연하였습니다. “운전자 임의로 변경할 수 있고 그 어떤 제제도 할 수 없는 사안을 주민들 모아놓고 공청회는 왜 했고, 그 수많은 안전대책은 어디에다 써먹을려고 제시한 것이며, 구청에서는 뭣하러 심의까지 해서 공문으로 하달하신 것이냐고......”\n그 이후 두세차례 공사 관계자와 만남의 자리를 가졌지만 계속 같은 입장만 반복하고 있습니다.\n1. 사업인가시 공청회때 내용은 시행사가 약속한거지 시공사는 상관없다.\n2. 시공사에서 공사차량 운행경로에 대해 약정한 문서가 없다.\n(수성구청에 정보공개로 확인해본 결과 시공사가 2016년 10월경 직접\n제출한 안전대책에 차량운행 경로가 나와 있었습니다.)\n3. 공사차량이 사전 약속된 운행 경로 외 다른 경로로 운행하더라도 시공사는\n가림막에 인접한 도로(공사현장 입출)만 통제할 뿐 진입로는 시공사 통제\n사항이 아니다.\n4. 피해자 연락처를 몰라 연락을 못했다.(사고일로부터 17일 지날 때까지\n가해자뿐만 아니라 시공사측 누구에게서도 단 한번의 연락도 없었고\n딸아이의 장례식장에도 어느 누구하나 오지 않았습니다.)\n이런저런 핑계만 계속대는 모습과 아무도 우리 아이의 죽음을 미안해 하거나 애도하는 모습을 보이지 않는 것을 보고 아빠로써 아무것도 하지 못하고 있는 제 모습에 더욱 화가 나고 있습니다.\n그 이후로도 10여일이 지날 때까지 시공사에서는 미안하다는, 제대로 된 사과 한번 없이 시간이 흘러가고 지난 8월10일 미팅이 잡혀 다시한번 시공사 관계자를 만나게 되었습니다. 그런데 그날의 시공사 태도는 절대 용서할 수 없을 정도로 당당하고 본인들은 아무런 잘못이 없다는 입장이었습니다. 변호사를 통해 알아보니 법적으로는 책임이 거의 없고 처벌 받는다 해도 벌금형 같은 가벼운 처벌이니 법대로 하라는 것과 지금까지 공사를 중단했으니 내일부터는 공사를 재개하겠다는 일방적인 통보였습니다. 그래도 우리나라에서 강소기업이라고 대대적으로 홍보하는 큰 기업이 일반 소시민을 상대로 이래도 되는 건지 도저히 납득이 되지 않습니다. 법대로 하자는 말이 틀린 말은 아니지만 이러한 상황에서 우리 아이의 목숨을 앗아간 사람들이 단 한번의 사과도 없이 이러한 행태를 보이는 것이 인간으로써 할 수 있는 짓인지 모르겠습니다. 사고 직후부터 시공사는 한 아이의 목숨보다 금전적 손해를 생각해, 가해 운전자를 설득해서 다른 현장소속 차량이라는 거짓진술을 시키고, 현장소장은 사고현장이 코앞 장소임에도 직접 사고현장을 확인하게 되면 시공사가 이번 안전사고와 연루되는 것을 염려한 나머지 어떤 상황인지 어떤 일이 벌어졌는지 와 보지도 않은 파렴치한 인간들입니다. “구청에서 피해자를 만나보라고 하니 만나긴 하지만 시공사는 아무런 책임이 없다”는 말 뿐이며, 모든 잘못은 운전자(가해자)의 운전 과실로 인한 것이라며 자신들은 공사를 강행하겠다고 말하는 금전과 물질만 생각하는 인간들과 기업입니다.\n저 혼자 하소연 할 때 시공사는 현장소장 외에는 아무런 관심도 보이지 않다가 신문기사 및 아파트 주민들의 여론이 들고 일어나자 그제서야 서울본사에서 사람이 내려와 만남을 가졌는데, 사고 피해자인 유족들을 만나러 와서 낮에 일을 보고서는 저녁에는 자기네들끼리 단합하는 회식자리를 가졌는지 새벽까지 술에 취해 희희낙락하며 즐거워하는 모습을 제가 직접 목격한 바 있습니다. 그것도 사고 현장 근처에서 말입니다.\n그렇게 저희 가족들의 가슴에 상처를 준 것도 모자라 그 이후에도 저희 가족들이 시공사측의 사과를 요구했지만 끝내 연락한번 없었습니다. 한번은 대표이사가 지금 대구 내려가니까 2-3시간 뒤에 만나자고 갑작스런 연락이 온 적이 있어 가족들에게 연락해서 같이 만나려면 4시간은 걸리니 시간을 조율해 달라고 부탁을 했지만 대표이사의 스케줄 때문에 안된다며 일방적으로 통보를 하는 겁니다. 사과를 하러 온다는 대표이사는 잠깐 저희 가족들에게 얼굴만 비추고 가려는 건지 1-2시간을 못내서 바로 서울로 올라간다고 하니 저희 가족들은 또 한번 시공사의 이런 행태에 분노하지 않을 수 없었습니다. 대표이사가 유가족에게 사과를 하러 직접 대구까지 내려왔는데 유가족이 거부해서 못 만났다고 얘기하는 그런 회사입니다. 8월 17일 대표이사와 통화하면서 빠른 수일내에 다시 일정을 잡아서 내려오고, 하루 전에만 연락주면 가족들 시간을 맞춰서 나오겠다며 저희 가족들의 의견을 전달했고 대표이사는 일정을 잡아서 연락을 주겠다고 약속을 했지만 21일 기획실 팀장이 전화가 와서는 ‘무슨 일로 대표와 통화를 원하냐’는 말을 하는 겁니다. 시공사 대표는 저희 가족들에게 사과하러 온다면서 갑질을 계속 할 뿐만 아니라 이제 와서는 본인이 직접 약속한 것도 언제 그랬냐라는 식으로 나 몰라라 하고 있고 22일에는 공사까지 재개하여 저희들의 가슴에 또다시 상처를 주고 있습니다.\n현재 수성구청에서 행정명령으로 공사는 일시 중단이 됐지만 교통안전계획에 대한 서류만 보완이 되어서 한국시설안전공단에서 승인이 떨어지면 바로 공사를 재개할 수 있다고 합니다. 그 이후로는 수성구청에서 시공사를 처벌한 방법이 없다고 하니 저희 가족들은 시공사의 이런 행태를 보고도 가만히 있어야 하는 걸까요? 아빠로써 아무것도 하지 못하고 잘못을 저지른 사람들이 저희 딸에게 사과하는 모습도 보지 못하고 가만히 있어야만 하는 제 자신이 너무나 원망스럽고 죽고 싶은 심정입니다.\n지금까지의 행태만 보더라도 공사주체인 신한종합건설은 공사를 속행할 생각만 하고 있지, 저희 가족들이 평생 가져가야 할 마음의 짐과 아픔, 우리 아이의 잃어버린 미래에 대해서는 조금도 미안한 마음을 갖지 않고 있습니다.\n제발 저처럼 돈 없고 빽 없는 일반국민들이 힘 있고 돈 있는 자들에게 더 이상 이렇게 짖밟히는 일이 없었으면 합니다.\n일반 국민에게 법대로 하자는 기업을 절대 이길 수가 없습니다. 한마디 사과도 안하는 이런 기업은 지금도 사람 목숨을 너무 하찮게 여기고 있습니다.\n죽은 제 딸 지인이를 생각하면 지금도 잠을 못 이루고 모든 것을 포기하고 싶은 심정입니다. 그런데 건축허가 조건으로 자신들이 안전대책이라며 직접 구청에 제시한 통행로로 차량이 운행을 하지 않아 사람이 죽었는데도 자기들은 책임이 없다는 신한종합건설사를 엄중히 조사하여 강력히 처벌하여 주시기를 바랍니다."
97244,2018-01-16,2018-02-15,0,1,인권/성평등,워마드 강제폐쉐,제천사고때도 그렇고 계속 우리나라 남자들이 죽으면 이를 조롱하고 비하합니다.더이상은 못참겠습니다.
28962,2017-11-09,2017-12-09,0,0,인권/성평등,조두순 출소 반대,조두순 출소 반대합니다.
328357,2018-08-03,2018-09-02,0,0,외교/통일/국방,일본 제국주의의 상징인 욱일기의 영문 명칭 변경을 위한 방안을 모색해서 정부 차원에서 바뀌도록 노력해주세요,"안녕하세요 저는 평범한 국민입니다.\n우연히 기사를 통해 서양사람들이 욱일기를 멋지다고 생각한다는 기사를 보고 또한 유명 브랜드에서 욱일기를 디자인으로 사용하는 사례들을 보고 생각나는 것이 있어 청원 합니다.\n실질적으로 가능 여부는 모르겠지만 제가 생각한 것을 말씀드리고 싶습니다.\n아시아권이 아닌 서양 문화권에서 욱일기를 미화하고 디자인 등에 이용할까에 대한  생각을 해봤습니다.\n제가 생각한 것은 욱일기의 영문 명칭이 문제가 아닐까? 생각합니다.\n욱일기의 영문명칭은 Rising Sun Flag로 한자 욱일기를 그대로 영문으로 번역한 것입니다.\n의미 그대로 번역한 것이어서 문제 될 거 같지 않지만 배경역사를 모르는 사람들에게는 떠오르는 태양, 밝아오는 아침 등 의 긍정적인 이미지를 연상 시킬 수 있겠다는 생각을 했습니다.\n동해, 독도 등 국제적인 용어들의 사례 처럼 욱일기의 영문 명칭을 제국주의의 역사적 배경을 담을 수 있는 단어로 변경하거나 직접적인 변경이 불가능 하다면 병기표기 아니면 그런 내용을 알릴 수 있는 캠페인 등을 정부나 민간 차원에서 이루 어 질 수있는 방안을 검토 할 수 있으면 좋겠습니다.\n갑작스런 생각을 써내려가느라 글이 두서 없는 점 사과드리며 국민의 한 사람으로 서 더 좋은 대한민국을 원하는 마음으로 청원 합니다."
412735,2018-10-20,2018-11-19,0,110,농산어촌,영덕군을  재난지역선포해주십시요,"제 고향은 영덕대게로 유명한 영덕군 강구면입니다 그곳에서 태어나고 자랐습니다\n이번에 콩레이로 인해 영덕군 강구면과 축산면이 큰 피해를 입었습니다\n온 동네와 논,밭 물이 잠기고 강구의 작은 항에 정박해놓았던 소형어선 15척이 물쌀에 휩쓸려 떠내려갔습니다\n그 중 한 척이 저희 아버지 배였습니다\n30년 넘게 그 배 한척으로 저희 아버진 파도와 싸우며 저와 제 남동생을 먹이고 입히고 키우셨습니다 그런 가족같은 배를\n눈앞에서 손쓸 도리없이 보내버리고 말았습니다\n제가 다니던 초등학교,장설때마다 친구들과 국수를 사 먹었었던 강구시장,그리고 친구들의 집 제 어릴적의 추억이 담겨있던 그 모든곳이 물에 잠겼고 동네 주민들은 물에 잠겼던 모든것을 버려야만 합니다\n그 어떤 태풍이 와도 끄덕없던 영덕이었습니다\n태풍하나에 온 주민이 망연자실해있습니다\n그런데도 재난지역 선포를 건의중이랍니다\n피해액이 수십억이 넘어가는데도 아직도 건의중이랍니다\n그럼에도 불구하고 경북 도의원이라는 사람은 공무원들과 이미 전부터 계획되어있던것이라며 해외연수를 가신답니다\n영덕이라는 조그마한 마을은 경북이 아니고 대한민국의 작은 마을도 아니었나봅니다\n투표할때만 경북이고 대한민국인가봅니다\n물에 잠겼던 집중에는 저희 할머니집도 있습니다\n남의 일이라고 생각치 마시고 관심을 가져주세요\n영덕을 특별재난 지역으로 선포해주십시요\n힘들지만 열심히 살아가던 농.어민들을 외면하지말아주세요\n보상금이 잘 쓰여질 수 있도록 투명하게 공개하여주십시요\n여러분의 관심이 필요합니다"
13489,2017-09-12,2017-09-19,0,0,농산어촌,농업용 방제 드론의 운영을 합리적으로 개선해 주시길 부탁드립니다.,"안녕하세요.\n농업용 방제(농약분무) 드론 이용의 합리적인 개선을 요청드립니다.\n현행법상 농업용 드론을 이용하여 자가 사용시에는 특별한 인허가 사항이 없습니다.\n그러나 고령의 이웃 농가분들의 요청으로 소정의 비용(만원 단위)을 받고 방제를 해드리기 위해서는 면허(조종자증명 취득)이 필요합니다.\n더구나 위 면허를 취득을 위한 전제조건으로 지정 학원을 통한 실기교육이 이루어져야 합니다.\n기체등록과 사업자등록을 통한 소득세의 신고는 당연히 이루어져야 하지만 농업용 드론의 경우에는 면허(조종자증면이 취득)의 개선이 필요하다고 생각됩니다.\n정말 안전을 위한다면 자가사용도 면허가 필요해야할 것이며,\n그렇지 않다면 고령의 이웃 농가들에게 약간의 편의를 드리기 위해 농민들이 몇백만원씩의 비용을 지불해야되는 모순이 있습니다.\n당연히 짐작하시겠지만 이웃 어르신들에게 사정을 말씀드린다고 하더라도 서운한 감정은 쉽게 사라지지 않습니다.\n또한 서로간에 묵시적으로 재화가 오갈시에는 법을 어기는 경우가 됩니다.\n당연히 소득세의 탈루를 방지하기 위한 장치들은 필요하겠지만,\n농업용 방제 드론의 경우에는 면허(조종자증명 취득)와 무관하게 사용이 가능하도록 제도의 개선을 부탁드립니다."
220286,2018-05-03,2018-06-02,0,25,보건복지,아버지를 그렇게 보내드리면 안되는거였습니다.,아버지가 며칠전 병원에 입원했는데 장염이라고 해서 4일간 치료를 받다가 5일째 이상하다고 큰병원으로 옮기고 난뒤 다음날 돌아가셨습니다. 장염이라고 4일간 치료를 했던 병원 상대로 소송을 걸려고 여기저기 알아봐도\n정확한 자료가 있지도 않을뿐더러 4일간 장염치료를 한 의사가 잘못했다는걸 일반인인 우리가 밝혀야하고\n그 과정에서 설사 어느정도 정보를 찾았다고 하더라도 같은 의사들끼리 진술을 해주지 않는다는 말도 안되는\n소리만 듣고 이 울분을 이 화를 어디다가 하소연해야하는지 그냥 병원측에 이야기 해서 위로금 정도 받으면\n잘한거라고... 그날 아침에 아버지가 거동하시는걸 봤는데 저녘에 반시체 상태로 병원에 누워계시다가 다음날\n돌아가셨습니다. 위로금이라고요? 누가 어떻게 위로가 된다는 말입니까? 페혈증이던 아버지를 장염으로 오판하고\n4일동안 장염치료만한 그 의사를 처벌할 방법이 없다면...너무나도 법이 허술한거 아닙니까?
390811,2018-09-27,2018-10-27,0,1,보건복지,아동수당 추가 지급에 관해..,..제친구는 아이가하나입니다\n둘째계획은 없다고하네요 애키우기가 힘들다나요\n자유에얽매이고 구속되고 진짜이유가  애키우는게 돈이들어가  힘든게아니라 본인들의 삶이없고 육체적으로 정신적으로 힘들어 안키우는거입니딘\n현재 12억5천짜리아파트살고있고 부부둘이 매월합산 급여가 1100만원정도 된다고합니다.그리고 양가에서 물려받을재산이 수십억내지 수백억쯤? 되는데\n이런사람들에게 아동수당 10만원을 지급하는게 의미가있나요  다시한번 생각해보시기바랍니다 저출산의 원인이 돈이아니라는것. 근본적인원인을 찾아야할듯하네요 무의미하게 세금 펑펑쓰기보다는요
254624,2018-05-30,2018-06-29,0,1,인권/성평등,문재인대통령님께 한자 한자 적어올립니다,안녕하십니까 저는 부산에서 어릴때부터 자라서 어린나이에 친구들과 잘못사겨서 조직폭력배 생활을 하다가 이것은아니다생각이들어서\n부산에서 홀로 서울에 올라와 힘들게살고있습니다 그리고 전과자 있다이유만으로 그리고 누범에 해당한다고 그리고 주거지가\n고시원 이나 모텔이라고 구속수사 을 사기친것도 아닙니다 금엑은 불과 27만원때문에 구속이되었습니다 그리고 검사구형 1년에 징역11개월\n살고출소했습니다 2018-02-19일 날 서울동부구치소에서 출소을했습니다 그리고 합의도 다보고 처벌불원서 변호사 사선선임까지해서 재판을 받았습니다 그런데 전과 있다는이유만으로 징역 11개월을선고을받고\n그리고 검사가 부대항소 해서 서울북부지방법원 항소 1부 에서 재판진행중입니다 우리나라 법이 바껴야 합니다 대통령님 전과있고 모텔에 산다고 고시원에있다고 저앞으로 계약이안되었있으면 무조건 구속수사 재판을받는게\n너무나 억울하고 부당하다고 생각이듭니다 제말이거짓이면 제가 위증 아니면 무고죄로 처벌을받겠습니다
138904,2018-02-13,2018-03-15,0,1,농산어촌,도매시장 가격이 문제,"너무나 어이없는 현실입니다\n익산과 정읍,  정읍과 여타 도매금이 너무 차이가 납니다\n시금치, 상추, 다발무 등 채소값이 정읍은 타 도매시장에 비하여\n형편없습니다, 왜 이런 결과가 나온걸까요?\n저희는 정읍에서 채소를 길러 정읍에 내왔는데, 너무 어이없게도 익산과 기타 도시에 비해 정읍 정일청과(주)이 채소 가격이 반에 반절,\n다발무 경우 5배 이상 차이가 납니다\n시금치는 2배 이상, 상추는 2.5 배 가량 차이가 나고\n도매와 소매의 차이가 아닌 같은 도매시장에서도 이런 일이 벌어질 줄이야\n왜 이런건지 설명 좀 해주십시요\n그냥 경매란 시스탬이 그렇다 ???? 라고 하기엔 심각합니다\n정읍 정일청과(주) 채소 가격이 왜 이런지 밝혀주십시요,\n그 동안 힘들게 키워서 내다 팔아온 농민들 힘빠지게 하는 이 시스탬, 정읍의 도매시장 감찰 해주십시요\n폭리를 취하고 있는 이 사기스러운 시스템 망해야 됩니다\n특히 정읍 도매시장 감수해주십시요\n왜 제대로 된 기능을 못하는 정읍을 두고 멀리 익산 또는 타 도시로 가야만 됩니까?\n부실한 정읍 도매시장을 개혁해야하지 않나요?\n농민을 위한다고 있는 저 농업관련한 공기업들, 공무원들 솔직히 다 필요없습니다\n이런거 하나 못고치면 그냥 농민들 죽는겁니다\n다른거 할 필요없습니다, 이런 문제점들 하나 하나 고쳐나가 주십시요\n지금 하고 계시는 어떤 업무보다도 농민한테 밀접한 이런것들만 해결해간다면 정말 좋은 농촌 될것입니다\n부탁드립니다 !\nps. 이 글은 신문고에 올린 내용인데, 농촌의 현실을 조금이나마 알리고자 올립니다\n정읍 시금치 4kg 도매가 6천 ~ 8천원 -> 소비자가 200g 이 2천원"
153611,2018-02-28,2018-03-30,0,0,기타,청원목록 129069를 삭제해주세요.. (잘못 올렸습니다.),"청원목록 129069를 삭제해 주시기 바랍니다. 실수로 잘못 등록되었으며,, 내용도 없습니다.\n본 청원인은 '청원목록 129069'의 작성자 입니다."
78272,2018-01-02,2018-02-01,0,1,미래,마이크로소프트가 한국에 데이터 센터를 짖는 이유,유튜브를 보다가 외국에서 한글이 굉장한 가치를 갖는다는걸 알게됫습니다.정보화 시대 가장 띠어난 문자라구 외국학자들이 주장하더군요.지금은 정보화 시대를 바탕으로 데이터를 모아 인공지능을 개발하려구  많은 국가에서 투자하고 잇습니다.여기서 핵심입니다.가장 띠어난 정보가 모이는 한국(왜냐면 한글의 정보화에 대한 가장 띠어난 문자때문)에 데이터 센터를 짖습니다 마이크로소프트가요.한국의 컴퓨터관련((인터넷 등등)) 모든 정보를 모아서 데이터를 빼갈려구 하는것 입니다\n제발 캐치하시길 부탁드립니다.한국이 인공지능 개발에 가장 근접해 잇습니다.부디 캐치하시길 바랍니다
374337,2018-09-10,2018-10-10,0,3,미래,기부금재원 확보방안,기부금 재원확보 방안\n현재 각종 포인트가일정기간동안만 제공되며  일정기간이지나면 미사용분이 소멸되는것으로 알고 있습니다.\n포인트 소유자가 특별히 신경쓰면 소멸대상 미사용분을 기부하던지 사용하던지 하겠지만\n그렇지 못한 현실에 소멸대상 포인트를 미사용하면 자동으로 기부금으로 전환되게 제도적장치를 만들면 기부재원을 많이 확보할 수 있을것으로 생각됩니다.\n포인트제공회사가 일정기간 미사용하여 소멸대상이된 포인트는 기간이 만료함과 동시에 기부재원에 기부하는약관을 만들어 시행하게되면 좋을 듯하여 제안합니다  ^^
357847,2018-08-28,2018-09-27,0,62,보건복지,난민들  건강 보험 적용 불가 합니다.,"내용을 보면\n특히 난민법에 따라 인도적 체류 허가를 받은 사람(난민)의 국민건강보험 지역가입도 허용한다. 앞으로 국내에서 난민 지위가 인정되면 건강보험을 취득해 보험료를 납부하고 의료 혜택을 받을 수 있다.\n*불가 합니다\n현재 외국인. 외노자. 다문화 가정. 건강 보험료 적자가 한해 2천억 이상입니다\n여기에 난민도 된다면 건강 보험료 적자는 더욱 늘어날겁니다.\n보건복지부가 외국인을 대상으로 국민건강보험의 가입 자격은 강화하고, 혜택은 늘리는 방안을 법제화한다.\n* 외국인 대상으로 국민 건강 보험 가입 자격이 6개월 국내 거주 입니다. 거주만  한다고 혜택을 주는건 아니지 않습니까"
499585,2019-01-18,2019-02-17,0,2,문화/예술/체육/언론,대한체육회를 해체하여 주십시요,체육회 미투로 온나라가 떠들썩 한데 문체부와 대한체육회가 내놓은 대책이 10년전 내놓은 대책과 판막이라고 합니다\n개선의 의지가 없는 문체부를 징게해주시고 대한체육회는 해체하여 주십시요\n국민의 혈세로 운영되는 체육회가  귀하디 귀하게 자란 소중한 우리 자식들은 성노리게감으로 여기고 있습니다.\n개선의 여지가 없고 자정능력이 없는 대한 체육회를 해체해 주십시요
190626,2018-04-08,2018-05-08,0,12,정치개혁,친일파를 청산해주세요,지금한국에는 같은 한국인을 착취해 얻은 돈으로 잘사는 사람들이 많습니다.\n그리고 한국을 지켜주신 독립투사분들의 후손들은 가난에 시달리면서 사는 모습을 보고 매우 가슴이 아팠습니다\n문재인 대통령님 이런 사람들이 계속 잘살게된다면  과연 나라에 나를 희생하고 싶어질까요?\n대한민국의 국민으로서 친일파 후손들의 재산을 몰수하고 그돈으로 독립투사분들의 후손에게 전달해주셨으면 하는 바람입니다
489488,2019-01-07,2019-02-06,0,0,안전/환경,더케이 자동차 손해보험사의 갑질,"대한민국 모든 국민들과 문재인 대통령님께,\n애통하고 비통하고 절박한 심정으로 온 맘과 정성을 담아 눈물의 글을 엄숙히 올려드리오니 거대한 권력형 기업의 횡포에서 대한민국 국민의 단합된 힘을 통하여 대한민국 국민들이 더 이상 생명이 짓밟히고 학대받는 일이 반복되지 않도록 함께 힘을 모아 주시길 간절히 간곡히 고개 숙여 부탁 부탁드립니다.\n얼마 전 언론을 통해 트럭과 승용차 교통 사고내용을 다루며 가해자인 트럭 보험사가 심한 상해로 고통 받는 피해자인 승용차 운전수를 가해자로 둔갑시켜 승용차 운전자님의 아들이 SNS를 통해 억울함을 호소하며 도움을 청하여 사고 당시 지나가던 다른 차의 블랙박스를 통해 진실이 밝혀졌던 가슴 따뜻한 사건을 기억하실 것입니다.\n대한민국 대기업 외국계 보험사의 권력형 갑질 횡포는 상상을 초월하며 납득하기 힘든 비상식적인 눈속임으로 지금도 계속 진행중인 더케이 자동차 손해보험사를 고발합니다.\n더케이 자동차 손해보험사는 가입한 운전자가 사고를 일으킨 사실을 <사고사실확인서>를 통하여 가해자는 피해자가 서 있는 것을 확인하였다고 여러 번 인정하고도 피해자의 허벅지가 가해자의 차 뒤 범퍼에 부딪쳤다는 진술서에 따라 평지에서 피해자가 가해자와 동일한 차의 뒤 범퍼에 서니 범퍼는 피해자의 뒤 종아리에 위치한 사실에 입각하여 피해자의 허벅지에 차 뒤 범퍼가 부딪히기 위하여 악세레타를 밟으며 10cm높이의 방지턱을 한 번에 오를 만큼의 속력으로 후진을 하였음이 확인되며, 가해자가 처음 피해자를 뒤 범퍼 아래에 모서리에 부딪혔을 때 무릎이 뚝하며 굽혀지며 넘어질듯이 앞으로 몸이 쏠리며 ‘아’소리를 들었다 진술하고도 수수차례 피해자의 무릎과 허벅지를 무거운 가해자 차 무게로 밀은 사실과 가해자의 차 뒤 범퍼가 피해자의 허벅지에 부딪힌 것을 확인하였다는 것은 결국 가해자는 방지턱 위에 올라온 무거운 자신의 차로 피해자를 누른 상태로 방치한 사실까지 확인되며, 사고 후에도 피해자 무거운 차 무게에 부딪치고 눌리고 방치되는 동안 오른쪽 팔 다리에 마비 증상으로 걷지 못함에도 병원에 바로 이송하지 않고 가해자는 ‘다 나을 때까지 끝까지 치료해 주겠다.’ 다짐과 약속을 하며 사고 현장이 보이지 않는 곳으로 이동하고 도망간 사실까지 사고사실 확인서에 확인이 되면서 고의적으로 가해자가 피해자의 상해의 치료의 골든타임을 놓쳐버려 더 큰 상해를 초래하였다 매우 보여집니다.\n그 상황을 지켜보시던 분이 사고 현장 사진을 찍으러 사고 현장을 두리번거리다 방지턱을 올라오며 가속에 의해 가해자 차의 타이어 자국이 방지턱에 남아 있는 것을 확인하시고 찍어놓은 증거사진도 있습니다.\n<경찰서 사건 처리결과> 인사사고를 일으켜 무한대로 치료하라는 명령까지 받았으며, 병원들의 피해자의 진단서 및 후유 장애 진단서 내용으로 이유 불문하고 무조건 금융회사로써 보상에 최선을 다해 성실히 임해야 하는 의무와 도리를 위반하고, 대구 지방 법원 판사들을 스폰서 판사로 매수하여 허위사실 소장의 사실관계를 입증하기 위하여 판사가 대한민국 국민의 동의 없이 몰래 개인정보를 법원이 악용하여 피해자의 진단서의 진단명을 찾기 위하여 대한민국 모든 보험사와 원칙적으로 불가능한 13년 동안의 건강보험을 통하여 허위사실의 소장의 증거를 만들어 주려 하였으나 대한민국 국민인 교통사고 피해자의 상해가 더케이 자동차 손해보험사의 상해로 발생된 사실이 확인되고 증명되자 확인서를 계획적으로 대한민국 국민인 피고에게 감추고, 선고의 판결 기준인 정확한 증거 사실관계 입증이 확인된 사실을 고의적으로 배제하며 대법원 판례까지 인멸하는 법과 원칙을 위배하고는 허위 사실 만으로만 판결하여 거래재판 의혹의 사법농단의 팩트인 판결 선고로 대한민국 국민인 교통사고 피해자에게 사고 후 더케이 보험사의 보상의 의무로 치료 보증한 치료비(병원을 지정하고 입원시 통증으로 고통스러워하는 피해자에게 강한 스테로이즈제만 수수차례 조제하며 하루에 오전 오후 물리치료를 받으며 상해에 합당한 치료를 더케이 손해보험사는 교통사고 환자인 피해자에게 하루에 단 한 번의 반토막 물리치료)를 갈취한다 협박을 하고 있습니다. 대한민국의 법과 원칙인 자동차 손해배상보장법 제5장 자동차사고 피해지원사업 제36조(다른 법률에 따른 배상 등과의 조정) ②정부는 피해자가 제3조의 손해배상책임이 있는 자로부터 제30조제1항의 손해에 대하여 배상을 받으면 그가 배상받는 금액의 범위에서 제30조제1항에 따른 보상 책임을 지지 아니한다.를 위반한 범죄에 대한 책임을 져야 할 것입니다.\n대한민국 국민으로 자괴감이 드는 청청병력 같은 일은 대한민국 공공기관인 금강원, 사법부가 대한민국과 모든 국민 앞에서 엄숙히 약속하고 선언한 소임과 의무를 송두리째 내던지고 권력형 대기업인 더케이 자동차 손해보험사의 눈치를 보며, 아무 일도 하지 않고 방관하며 대한민국 국민인 교통사고 피해자에게 보험사 사기를 일삼는 대기업 권력형 더케이 자동차 손해보험사 사기를 위한 희생량이 되라 노골적인 글도 압박까지도 일삼았습니다.\n더케이 자동차 손해보험사의 녹취록에 문재인 대통령님은 대한민국 국민의 생명을 짓밟고 학대하는 권력형 대기업인 더케이 자동차 손해보험사의 횡포에 모르쇠로 일관 하신다 확신하며 비아냥거리며 조롱하였습니다.\n심지어 대한민국 국민의 단합력을 하대하며 해프닝으로 끝난다며 대한민국 국민의 결속력을 부정하였습니다.\n그러나 대한민국 국민은 문재인 대통령님께서 국민과 약속하신 정의와 상식과 원칙이 바로서는 사회와 국민의 삶의 질을 향상해 주신다는 약속을 꼭 지켜주실 것이라 믿어 의심하지 않습니다.\n대기업 더케이 자동차 손해보험사는 법과 원칙이 무너지고 사법부의 치부인 권력형 기업을 위한 스폰서 판사들의 거래재판의혹의 갑질 판결 선고로 보험사 사기를 진행하려 하고 있으니 대한민국의 대통령령인 자동차 손해 배상 보장법으로 막아주십시오\n그리고 사법농단의 주범인 권력형 대기업 더케이 자동차 손해보험사는 대한민국의 법과 원칙을 부당하게 쥐락펴락 할 수 있다는 오만이 틀렸다 진실을 명명백백 밝히기 위하여 대한민국 국민의 교통사고 피해자의 상해를 입증한 사실관계증거들을 대법원을 통하여 법리검토하시어 거래재판의혹에 의한 갑질 판결을 파기하시고 법대로 합당한 보상처리가 이행되어 무너진 사법부와 대한민국 문재인 대통령님의 권위와 위상을 떨쳐 주시어 대한민국의 모든 국민들이 교통사고시 상해를 무조건 모두 다 보상을 받을 수 있는 안전한 나라를 만들어 주십시오."
128294,2018-02-05,2018-03-07,0,6,성장동력,가상화폐 니들때문에 손실이 너무크니 니들이 물어내라,발뺌하지말고 니들때문에 가상화폐손실났으니까물어내라
242516,2018-05-24,2018-06-23,0,0,행정,신용불량자 또는 사정상은행거래없는 개인 의 공인인증서발급,부채가있는1000만인구의 신용불량자중 은행거래가 불가능한 사람이100만~300만인구가 될거라 생각합니다 수치가다소 차이가 있을수 있겠지만 상당이 많다고 생각합니다.\n저또한 부채해결이 불가능하여 현재 프리랜서로 일하고있어 은행거래가 불가능하여 (전에했던건 거래정지) 핸드폰통장도 친구의 명의로  사용하고 있습니다.\n공인인증서는 일상생활에 꼭 필요하니 본인인증가능하면 구청이나.동사무소에에서 발급받을수있게 도와주세요.\n아이핀 하고는 사용용도가 차이가있습니다.\n감사합니다.\n그리고 택시회사 부조리 좀바꿔주세요.\n매일입금은.14만~18만 해놓고 운행시간은 최저임금에맞처 12시간기준 5~6시간을 맞추어놓으니  세상어느누가 이걸 상식의 선에서 보겠습니까? 운전수가  교통사고시 가해자든 피해자든 간에 병원입원관계없이 입금은 무조건 해야되니\n세상천지 이런 불법적인일을 전국택시조합에세 하고있습니다\n조사 부탁드림니다
425402,2018-10-30,2018-11-29,0,18,경제민주화,북한을 주적이라고 말도 못하고 서민들 챙겨주세요.,대선 토론때 주적이라고 말도 못하는거보고\n뽑기 싫었지만 그래도 이명박근혜보다는\n잘할거라 믿고 뽑았는데 너무 실망이에요...\n서민들 다 죽게 하고 남북통일되면\n경제격차 맞추려고 방치하시는건가요???
111260,2018-01-24,2018-02-23,0,17134,기타,"조선일보 폐간,  경영진 비리 조사.","조선일보는 아직까지도 거짓기사와 국민을 분열시키려는 책동을 계속하고 있다.\n경영진들과 논설위원들 그리고 일부 기자들은 특정집단과 결탁해 그들의 하수인 역할과 각종 비리를 저지르고 있다.\n또한, 일부 정치인들과 거짓기사의 주고받기식으로 거짓 여론을 확대 재생산하고 있고,\n특정집단과 지역의 이익과 보호를 위해서 국익을 심각히 해치고 있다.\n심각한 사회악인 조선일보를 폐간시켜, 언론 개혁의 초석을 다져야한다."
122730,2018-01-31,2018-03-02,0,8,일자리,최저임금외에 식대도 지급하도록 법제화바랍니다,저임금 근로자는 금번 최저임금 인상으로 받던 식대도 급여에서 제외 당하고\n급여가 작으니 매달 급여에 포함해서 주던 연차도 빼버렸습니다\n30만원 가까이 올라야할 급여가 실제로는 동결수준이거나\n고작 몇만원 오르는데 그쳤습니다.\n이런 부정부패와 꼼수에 가로막힌게 현실인데 언제까지 수수방관 할것입니까.\n최소한 일하는곳에서 밥을 주지 않거나 밥을 먹을곳이 없다면\n식대는 따로 지급해야 맞다고 생각합니다.\n밥은 주고 일을 시켜야죠.
96710,2018-01-16,2018-02-15,0,1,교통/건축/국토,포항 환여지구대에서 길가던사람보고 음주측정 불라네요,저는 포항시 두호동 명지파크 3동 365호에 거주하고 있는 김수철이라고 합니다 이번에 너무 억울한 일을 겪어서 이렇게 청와대에 글을 올립니다  본업인 대리운전도 7일째 못하고 있는 상황입니다 일단 있었던 일에 대해서 말씀드리겠습니다 저는 평소에도 대리운전 하면서도 제차를 손님이 계신 차앞에 주차해놓고 콜을 수행해야 했던 경우가 많습니다 장거리가 많으니까요 그날도 제차를 포항 영일대해수욕장에 버려놓고 일을 했습니다 새벽까지 일을 마치고 피곤해서 차는 내일 찾으러가자 싶어서 집에서 잤습니다 그러고 다음날이 너무 추워서 하루 쉴려고 차를 일단 집에 가져다놔야 다음날에 편해서 제차를 타고 집앞까지 왔습니다 오면서 미리 뒷차를 못보고 실수로 갑자기 끼어든적이 있는데 뒤에서 경적 울리고 해서 미안하다는 비상등 표시까지 했는데 한참뒤에 저를 음주로 신고했더군요 이미 저는 술먹기전에 마트옆에 주차한 상태였고 마트에서 술을 사서 먹고 있으니깐 경찰관들이 오시더만 신고 들어왔으니깐 무조건 불라고 하시더라구요 그래서 제가 차를 운전했습니까 차에 시동이 걸려있습니까 제가 차에 있었습니까 차는 이미 오래전에 제가 술먹기전 주차된 상태였습니다 지구대에선 무조건 증거도 없는데 신고 들어왔으니깐 부셔야 된다고 도망가면 법적처벌 받는다고 그게 법입니까?민중의지팡이요?자기들만의 지팡이겠죠 몇일 있다가 포항 북부경찰서 교통사고조사계에서 전화가 왔더라구요 조사받으러 나오라고 그래서 갔는데 그날 어떻게 된일인지 묻더라구요 그래서 있었던일 그대로 진술했는데 경찰이 하는 말씀이 영일대해수욕장 어디서 누구랑 술을 먹었냐 하더라구요 저는 차가 영일대해수욕장 근처에 주차해놔서 차를 찾으러  갔다고 분명히 말했는데도 계속 어디서 술먹고 운전했는지 묻더라고요 절때 술먹은적 없다니깐 콜마트 사장님 모시고 출석하랍니다 어이가 없어서 이건 강압수사 아닌가요? 저는 결백합니다 제차를 찾아서 우리집으로 운전해서 왔고 음주운전은 절때 안했습니다\n제가 묻고 싶네요?음주불고 나면 경찰들은 갑인가요?그런식으로 교통사고조사 한다면 그자리 내려오시죠? 저는 청와대에 민원청원할껍니다.그냥 술먹는 시민들 다 음주 조사하시죠???대리운전이 본업이고 이일 아니면 생계가 흔들리고 힘든데 억울하게 면허정지 되면 되겠습니까? 이혼하고 우리아들 양육비도 대리운전하며 주고 있는데 정말 열심히 사는 한 가장을 아무 이유도 없이 신고들어왔다고 음주 측정한다면 이게 대한민국 법입니까?저는 절때 음주운전 한적 없습니다 결백합니다 제 억울한 사연을 청와대에서 보시고 해결 좀 해주세요 부탁드립니다...
469210,2018-12-14,2019-01-13,0,26,경제민주화,이게 진짜 촛불을 일궈내 나라냐?,대외 리스크 탓만 하는 정부\n그래놓고 연일 기업만 잡는 금감원\n일자리 창출은 답도 없고\n제조업은 계속 쓰러져만 가고\n귀족노조는 판을 치고\n힘없는 계약직 노동자는 죽어가고\n실업자 지원은 끊기고\n재직자 지원은 남아 있고\n취업포기하는 자들 속출하고\n국회의원들은 자기 밥그릇만 챙기고\n주식시장 다 죽어가도 공매도는 배부르고\n공무원만 늘어나고\n국회의원도 늘리려 하고\n대기업만 살고 중소기업은 죽어나고\n애 낳고 살기 더 힘들고\n진짜 이게 우리가 원해서 일궈낸 나라 맞나?\n힘들어서 못살겠다
223285,2018-05-04,2018-06-03,0,18,정치개혁,술이면제부가되면 안됩니다,심신미약  이라는거는 술을마셔서 몸을 못가누는것도  술을마셔서 판단 미스도 아닙니다\n심신미약은 아파서 병원에 입원하여 수족을 못쓰는상태를 지칭하는 단어여야합니다\n우리나라는 술마시면 다 무죄\n이 법을 없애주세요\n술을마시고 범죄를 저지르면 더 엄증히 처벌해주세요\n영조처럼 금주령을 내리지는 못하더라도 술로 인해 면죄부를 줘서는 안된다고 봅니다
297311,2018-07-05,2018-08-04,0,20,외교/통일/국방,군가산점제를 부활시켜주세요,"군대에서 2년동안 국민을 위해 조국을 위해 훈련받고 노력하시는 분들에게 정작 돌아오는게 있을까요?\n체력? 사회관계? 전 아무것도 얻는게 없다고 생각합니다. 그렇기에, 군가산점제의 부활을 원합니다. 조국을 위해 밤새 노력한 군인들에게 그정도의 대우는 호의가 아니라 필수라고 생각합니다."
161598,2018-03-08,2018-04-07,0,0,교통/건축/국토,▶농촌 노후주택 수리 비용의 과다◀,"농촌은 고령이신 분들이 노후 주택에서 생활 하시는데 불편함이 많습니다.\n노후주택 수리비용이 너무 과다합니다.\n주거복지, 주거안전을 위해.... 농촌 노후주택 수리비용이 절감되었으면 합니다.\n농촌 영세민은 봉사활동원이 수리비용 없이 집수리를 해 준다고 합니다."
53137,2017-11-27,2017-12-27,0,2,육아/교육,크림하우스  환불,크림하우스 제품에 대한 정확하고 자세한 조사가 필요합니다. 아기들이 많은 시간을  보내는 매트인데 유해물질이 나왔음에도 잘못 인정보다는 본인들도 몰랐다는식으로 발뼘하며 환불도 11월 구매자에 한해서만 해준답니다. 그 전에 매트 구매자는 유해물질이 나오는 매트에 아기를 계속 놀게 해야하나요?\n소비자를 우롱한 이 사태에 대해 꼭 조사하여 처벌해주세요
411702,2018-10-19,2018-11-18,0,7,안전/환경,고양저유소 화재의 불편한 진실,"이번 화재사고 원인은 사실 정답은 어렵지 않은 곳에서 발견할 수 있습니다.\n대한송유관공사는 1990년 설립\n당시에는 공기업으로 출발 했지만 정치 소용돌이에 휘말려 전국 송유관 건설 준공 후인 2001년 민영화 되어 공기업 사냥꾼인 SK그룹 계열사로 억지 편입되었습니다.\n사기업으로 바뀌면서 그 결과는 공공의 이익보다는 수익창출, 비용절감의 영리만을 추구했구요.\n고양저유소인 경우 근무직원\n(60명→30명), 경비원 대폭 감축으로 안전, 보안 인력 부족 및 시설관리 소홀이 당연 발생했고\n""올 것이 왔구나"" 하는 심정을 감출 수 없다.\n정부는 스리랑카 외국인에 사고원인 초점을 맞출게 아니라...\nSK에게 안전•시설관리 및 보안 인원 확충을 요구하고 시설 취약점 개선을 요청해야 한다.\n""그렇지 않으면 정부에서 사업을\n강제 회수 조치 해야 할 것""이고\n한국가스공사, 한국석유공사와\n같이 석유수송관리의 현대화를\n위한 국가 중요시설임을 다시 한번 상기하여 관리주체의 조속 정상화 (공기업) 시켜야 한다고 판단 됩니다.\n소속 직원의 명예회복 및 자긍심을 위해서라도..."
401368,2018-10-09,2018-11-08,0,27,미래,방탄소년단 군면제를 막아주세요,방탄소년단이 빌보드 차트 진입하고 UN연설도 한 것은 맞습니다.\n하지만 이런걸로 군면제라뇨;;이게 무슨 말도안되는..\n전 이해불가입니다.
457918,2018-12-01,2018-12-31,0,5,인권/성평등,범죄자 보호막 명예훼손죄 폐지 청원,명예는 명예를 소중히 생각하는 진짜 명예가 있는 사람에게는 생몀보다 존귀한 것입니다.\n그러나 범죄자는 스스로 지탄의 행동을 하였고 자초한 만큼 사회적 평판이나 비판은 수용할 수 있어야한다고 생각합니다.\n여성들은 성범죄 피해를 당하고도 그걸 알리게 했다는 이유로 명예훼손 맞고소 로 이중삼중의 고통을 당하기도 합니다.\n범죄자보다 더큰 처벌을 받는다는게 말이 됩니까?\n어디서 폭행 당해도 그 사실을 다른 사람에게 알리면  명예훼손죄로 처벌당하는 어처구니 없는 일이 대한민국에서 존재합니다.\n누군가 범죄나  지탄의 행동에 대해 지적하였다고 해서 명예훼손죄로 처벌하는 것은 범죄예방에도 도움이 되지않을뿐 아니라 오히려 범죄자들을 보호하고 죄의식을 못 느끼게하는 보호막 역할을 할 뿐이므로\n명예훼손죄는 친고죄로  법제화 해야합니다.  본인 당사자가 가만히 있는데 제3자가 고발해 처벌하는 것도 심히 부당한 처사입니다.\n결론 : 부패한 범죄자 욕도 못하게 만드는 범죄자 방어벽  사실적시 명예훼손죄  폐지를  주장합니다.\n진실한 사실인 경우   명예훼손죄를 묻지 않는 예외를 확대하고 친고죄로 개정될 수 있도록  많은 서명 부탁드립니다.
234162,2018-05-16,2018-06-15,0,7,일자리,퇴직금 중간정산제 부활 및 청구 요건을 바꿔주셨으면 합니다,"퇴직금을 받기위해서는 퇴직할 경우가 대표적 이지만, 퇴직이 아니어도 12개월 근무후 1개월치의 책정된 퇴직금을 준 적이 있었습니다.\n그러나 퇴직 후 목돈이 없어 생활이 힘들어진다라는 이유로 퇴직금을 몇몇 중요사항이 아닌이상 회사를 퇴직해야만 받을수 있게 되었습니다.\n하지만 이 법이 계정 된 후 저희 남편은 회사를 관두면서 퇴직금을 못받은 일이 생기고 있습니다.\n한두번이 아닙니다. 이유는 회사의 부도나 회사가 문을 닫는 것입니다. 잘 나가는 회사가 경기가 안 좋으면서 월급도 못 받을 지경까지 되니 퇴직금은 결국 받지도 못 하고 다른 회사로 옮겼지만 그 회사도 초반 1~2년은 잘 나갔지만 지금은 퇴직금은 말 도 못하고 월급도 제대로 못 받은 상황입니다.\n퇴직 후 생활도 중요 하지만 하루하루가 살벌한 지금의 위기에 열심히 일한 댓가윽 퇴직금 요구도 못 하다니요 ㅜㅜ\n예전처럼 12개월 근무후 13개월치 월급인 퇴직금 중간 정산제 부활을 요청합니다. 아님 본인의 의사를 물어보아 중간정산을 원하는 이에게는 지급토록 변경 바랍니다"
358784,2018-08-29,2018-09-28,0,3,안전/환경,토양의 산성화를 방지하기 위한 탈황 장치 설치 의무화,"산성비로 인한 많은 피해가 발생하고 있고 그중 토양의 산성화는 가장 큰 문제로 대두되고 있습니다.\n토양의 산성화로 인해 땅 속 미생물들이 멸종하고 이는 식물의 성장을 방해하면서 연쇄적으로 피해를 일으킵니다.\n이는 낙엽 등이 흙 위에 쌓여도 분해되지 않는 이유와도 같습니다. 원래는 낙엽이 쌓여 흙 속에서 분해되어 거름이 되는게 정상이지만 땅 속 미생물의 멸종으로 낙엽이 썩지도 않고 쌓여 화재 발생률을 높이고 있습니다.\n이러한 문제의 해결책으로는 탈황 장치가 있는데, 탈황 장치는 배연에서 나오는 아황산칼슘과 황산칼슘을 제거합니다. 이 둘은 산성비를 일으키는 요인으로써 대기 중에서 공기와 일부가 반응하여 삼산화황을 생성하고 이는 비에 녹아 아황산과 황산이 됩니다. 이 둘을 제거하는 것이 산성비에 가장 직접적인 효과를 줄 것이고 어서 빨리 탈황 장치 설치가 의무화가 되야 할 것입니다. 감사합니다."
276141,2018-06-19,2018-07-19,0,12,안전/환경,미세먼지 문제 해결 부탁드립니다,"안녕하세요. 저희는 고등학교 1학년 학생들입니다. 현재 정부는 미세먼지에 의한 대기오염 농도가 심각함에도 불구하고 구체적인 해결방안을 내놓지 않고 있습니다. 이에 저희는 미세먼지로 인해 피해를 얼마나 받고 있는지, 지금 정부의 대책에 만족하고 있는지 등에 대한 사람들의 생각을 알아보고자 학교에 설문조사와 서명운동을 실시하였습니다. 그 결과 미세먼지에 의한 피해를 매우 많이 받았다 라고 응답한 학생들이 대다수였고, 학교에 공기청정기 설치, 학급에 마스크 배부 등 정부가 좀 더 효과적인 대책을 내놓길 바라는 아이들도 매우 많았습니다.\n미세먼지는 호흡기 및 심혈관계 질환의 발생과 관련이 있으며 사망률도 증가시키는 것으로 보고되고 있습니다. 특히, 크기가 10마이크로미터 이하의 초미세먼지들은 폐와 혈중으로 유입될 수 있기 때문에 큰 위협이 된다고 합니다. 학생들 중에서도 미세먼지가 심한 날이면 눈이 따갑거나 목이 아프다는 등  고통을 호소하는 학생들이 많습니다.\n이제 우리 국민들은 마스크 쓰는게 일상이 되어버렸고, 가정에서는 공기청정기가 필수품이 되어가고 있습니다.\n국민들의 더 나은 삶을 위해 미세먼지에 대한 구체적인 대책을 세워주세요."
199673,2018-04-14,2018-05-14,0,15,반려동물,반려동물관련 면허증 발급을 청원합니다,"예전부터 반려견이나 유기견 문제에 대해 많은 관심과 걱정이 있었고 반려견을 키워보고 떠나보낸적도 있어서 요즘 반려동물을 기르는 사람들을 보며 걱정이 많아져 좋은 방법이 없을지 생각해보았는데요. 방송프로그램중 “세상에 나쁜 개는 없다”라는 방송에서 반려동물을 기르며 문제가 있을때 전문가를 불러 문제를 해결해주는 방송만 보더라도 반려동물을 기르는 주인들의 공통점은 기르는 반려동물의 특징과 알아야할 기본지식을 갖추고 있지 않다고 보여졌습니다. 그로인해 제대로된 환경과 여건이 갖추어지지 않은 상태에서 무리하게 반려동물을 들이고 기르다 자신의 환경과 뜻대로 키워지지 않아 버리게되고 학대로 이어지는거 같습니다. 그래서 제가 생각한 방안은 예를들어 자동차가 필요하고 운전을 하고자 하는 사람은 운전면허시험을 통해 기본지식과 운전법,관리방법을 숙지하고 시험에 통과하여 면허를 취득하고 자동차를 구매하게 됩니다. 보험도 들게되지요. 반려동물도 마찬가지로 반려동물면허증같은 등록증을 만들어 반려동물의 기본지식과 책임을 부여하게 된다면 지금처럼 물건거래와같이 쉽게 반려동물을 들이고 실증나면 유기하게되는 사태는 해소 될거라 보여집니다. 그와 관련된 직업군과 일자리도 늘어나고 보험,의료,세금에 대해서도 연결이 될거라 보여집니다."
121616,2018-01-30,2018-03-01,0,11,정치개혁,이게 나라냐....,이게 나라냐...\n올림픽을 유치해놓고\n태극기를 못들고 입장하고\n우승을 해도 애국가를 못부르고\n아리랑을 부른다는게..\n이게 나라냐..\n무능한 문재인 정부는 정신차려라........
145899,2018-02-21,2018-03-23,0,791,경제민주화,삼성 이건희 회장의 차명계좌 문제가 촉발된 이기회에 각 증권사 계좌상 타인의 차명계좌 전수조사를 청원합니다.,"이건희 회장의 개인차명계좌가 천개가 넘게 발견되었는데 그것이 비호세력들에게 감춰져 이제서야 문제제기 가 되는\n현실이 개탄스럽습니다.\n금융실명제법위반을 물론 조세포탈 탈세 횡령등의 혐의가 앞으로 수사를 통해서 밝혀야됩니다.\n대한민국 최고 부자인 이회장이 떳떳하다면 왜 차명계좌를 만들어서 자금을 관리하고 그것도 왜 증권계좌가대부분\n일까요?  일반 국민들은 꿈에도 꿀수없는 거대한 자금을 주식시장에서 편법으로 증식했을것이라는것은 상식적으로\n생각해도 이치가 맞을겁니다.\n계열사인 삼성증권에 수백개 미래에셋 신한금융투자 한국투자증권 수십여개..... 앞의4개 증권사는 대한민국을\n대표하는 대형금융투자증권사 입니다.\n이들 증권사들이 각종연기금 운용을 아웃소싱하고 각종펀드도 운용하며 사실상 대한민국의 자본시장을 주도해가는것\n은 현실입니다... 따라서 이들의 의지대로 주식시장이 흘러가고 주가또한 컨트롤 하고 있습니다.  (여러가지 금융기법으로)\n또한 특정 경쟁기업을 공매도로 배후 공격할수도 있고 거기에 개인 차명계좌들이 동원되고 있는 형태들이 너무나 농후합니다\n왜 지금까지 이건희 회장의 주식 차명계좌들이 비호되고 숨겨져 있었는지 정말 이번 기회에 대한민국 금융시장이\n다시 태어 나야 한다고 생각합니다.  왜 증권사에서 이회장의 차명주식계좌가 이용되었는지?  그과정에서 자본시장을\n교란 한점은 없는지 불법은 없는지  이 기회에 타인의 명의로된 증권사의 차명 주식계좌가 없는지 철저하게 조사하고\n비자금 조성이나 조세포탈 금융실명제법 위반들 부정불법 행위에 대해서는 강력하게 처벌해야 합니다.\n개인투자자들은 시장은 주도해가는 금융투자기관들의 변칙적이고 편법적인 여러가지 (공매도,자전거래,통정거래,업틱룰위반)\n투자 기법에 넋놓고 코베어 가는것 처럼 대응 방법이 없습니다... 금감원 은 사실상 개점 휴업입니다.\n제발 원하옵건데 공정한  대한민국의 자본시장과 금융시장이 확립되길 기대합니다"
17200,2017-09-26,2017-10-26,0,1,교통/건축/국토,도로교통법 개정해주세요,"안녕하세요. 서울에 사는 34살 남자 입니다.\n간단히 말하면,\n주말에 가족끼라 여행을 갔는데.. 차량에는 저와 제 아내와 이제 7개월된 아들이 타고 있었습니다.\n그런데 2차선 도로에서 역주행 하는 차량이 있었습니다.\n저는 방어운전을 하며 클락션도 울리고 하였지만 그 차량은 저에게 돌진 하더군요, 그러면서 저는 속도를 줄이고 옆 갓길 같은곳으로 피하면서 사고는 나지 않았습니다.\n그후 저는 서울로 와서 국민신문고에 신고를 했지만..\n현행법상 중앙선짐범으로 밖에 처벌이 안되 9만원의 벌금만 부과할수 있다고 합니다.\n저는 저렇게 운전한 사람이 난폭운전이고 타인의 생명까지 위협했는데..\n어떻게 사고가 안났다고 중앙선침범밖에 안될까요?\n저런 사람 처벌하려면 사고가 나야 하나요?\n정말 이나라의 법은 어떻게 되어 있는건가요?\n타인의 생명을 위험하는 사람이 대한민국에서 운전을 하면서 지낼수 있는건가요?\n필요한 동영상은 가지고 있습니다. 이쪽에 올릴수 없어서 올리진 못하지만, 필요하시다면 보내드릴수 있습니다.\n혹시 몰라서 네이버 지식인에 올린 자료 링크 겁니다."
247708,2018-05-28,2018-06-27,0,2,농산어촌,시골어르신들토지있다고정부지원금끊는것반대합니다,돈얼마안되는산이랑땅몇평에돈받고다른사람들농사짓게해주는데그와중에외할아버지는뇌경색외할머니는지체장애이신데병원비랑세금낼돈도부족한데정부지원금을끊어버리는게이해가안됩니다!제발부탁드릭니다땅몇평있다고정부지원금끊는정책을폐지했으면합니다!!
481400,2018-12-28,2019-01-27,0,0,기타,사행성 불법게임,주위에 사람들 하고 저도 모두 이사행성 게임을 하면서 가정을 지키지 못하고 있습니다\n부디 이 사행성 게임 사이트를 패쇄해 주십시요\n사이트 주소 batt77.com
244203,2018-05-26,2018-06-25,0,4,인권/성평등,소위 ''ㅍㅁㄴㅅㅌ''사이트 군대발언 가해자 영장발부!,그 페미니스트 사이트 들어가보면 당연히 가관이다\n정신병원 환자 모임회 인가? 싶을 정도로 한국이 이정도 수준 이엿구나 뼈저리 느낀다!\n일단 군대를 아주 쉽게? 즉 수련회 커피프렌차이즈 랑 비교를해 막말을 합니다! 정치인들 막말은 이제 곧죽을 노인들이니 내비두고 이러한 발언을 하는 xx를 잡아서 영장발부 합시다. 요번주 에도 그러한 글이 올라왓다\n확인 하고싶으면 다음카페 쭉x카페 에 들어가봐라\n여기가 그나마 정상인데 같은 여초카페라서 많은 정신병자 유입됫다! 지지철회 할예정이다 이러한 사소한 문제 고치지못하면!
204066,2018-04-18,2018-05-18,0,22,정치개혁,드루킹사건 특검갑시다,이건 국민에 대한 배신입니다 8년간 뒤를 봐준 뒷빽은 누구며?돈음 어디서 나왔고?느릅나무는 누구꺼며 김경식과 민주당과 대통령구는 무슨 연관이있는지 특검으로 밝히십시오 꼬리자르기따윈 소용없습니다 촛불 다시 들것입니다!
129253,2018-02-06,2018-03-08,0,11,미래,정형식 판사,대한민국의 미래를 위해\n정의롭지 못한 판결을 일 삼는 사법부 특히\n판사들을 개혁 해 주시고\n이재용 재판판사\n정형식 판사를 파면하고 특별감찰 해\n주시기 바랍니다
364570,2018-09-03,2018-10-03,0,2,행정,세상에 이런 법은 없습니다.,"제가 아파트가 노후화 되기 시작한 시점에서 업무추진비가 정상적으로 사용되어 지지 않으면 아파트 관리가 부실화 될 것을 우려하여,\n■ 입주민에게 업무추진비(480만원)가 대표회장 호주머니속으로 들어가 사생활비로 허공으로 사라졌다는 통지문을 보내자 통장겸 대표회장은 문제의 본질을 흐리면서 자신이 가진 입주자대표회장 권력과 통장직을 이용하여, 저를 좌파로 인식하도록 한것도 모자라서\n본인의 권력을 앞세워 미천하지만 소중한 저의 개인정보를 제 허락이나 동의없이 ■ 대표회장 직인까지 무단 사용하고, 관리주체를 허락도 받지 않은 상황에서\n■ 아파트 엘리베이터에 대자보를 붙이고 입주자 우편함을 통해 통지문에 반복 강조 각인하도록 제 실명과 실제 동호수 그리고 저도 잘 알지 못하는 개인정보를 배포하였습니다.\n이에 한참 사춘기에 접어든 딸 아이가 대인기피증세를 보이고 있습니다. 저는 그렇다고 쳐도 제 가족은 무슨 죄가 있길래 .. 저의 가족이 거주하는 동호수까지 기재하여 대자보를 붙이는지....\n■ 제가 입주민에게 배포한 유인물의 본래 취지는 대구시 공동주택관리규약에 의거하여 입주민 여러분이 뼈 빠지게 힘들게 번 돈으로 납부하는 관리비에서 지출되는 업무추진비를 사용하되 ""업무에 맞게 정당하게 사용하고 영수증 처리를 해 달라”는 것이었습니다.\n■ 그런데 대표회장은 업무추진비는 업무에 맞게 쓰던 사생활비로 사용하던 그 돈은 내가 알아 잘 쓰겠다 ? 상관하지 말라...\n■ 입주민의 무관심을 이용하여 영수증 처리 없이 본인의 주머니속으로 가져가는 것이 정당하고 당연하다 ? 고 한치의 물러섬도 없었습니다.\n■ 입주자대표 총무는 회장에게 힘을 실어줘야 한다 영수증처리 절대 불가를 외치고 여기에 동대표회의중 ■ 갑자기 나타난 노인회장은 대한민국 천지에 판공비(업무추진비)를 영수증 처리하는데가 어디 있노하면서 고래 고래 소리치고, ■ 회의도중 총무와 감사간에 멱살잡이 사태까지 가는 파국이 진행되어 과연 돈의 실제 주인인 입주민들은 어떻게 생각할까 하는 차원에서 진실을 알렸을 뿐인데 말입니다.\n개인정보를 어떻게 수집했던 그것은 상관이 없습니다. 하지만, ■ 현직 통장(개인정보처리자)로써, 저의 개인 정보를 만천하에 공개한것에 대해 ..\n관할구청인 ■ 달서구 진천행정복지센터, 달서구청, 대구시까지 업무의 가장 기본질서를 파괴한 현직통장을 계속 유임시킴으로써 그 어디에 민원 제기해도 답은 나오지 않습니다.\n도와 주시기 바랍니다. 저는 법을 떠나서 현직 통장이 개인정보처리업무의 가장 기본질서를 파괴한 만큼 현직 통장에서 해임되어야 된다고 판단합니다.\n여기에 현직통장의 해임요건이 있는데, 이는 ■ 진천행정복지센터 동장이 판단해야 될 문제인데, 동장은 업무의 가장 기본인 개인정보를 만천하에 공개해도 ...  ■ 업무 적합도에는 문제가 없다고 판단하고 있는듯 합니다.\n■ 저의 연락처는 (010) 5471 - 0500 입니다."
458456,2018-12-02,2019-01-01,0,1,농산어촌,광주에 서식하는 도롱뇽을 몰살시켜주세요,농작물을 해칩니다
183090,2018-04-02,2018-05-02,0,1,육아/교육,일요일 각종 자격증 시험을 금지해 주세요.,각종 자격증 시험이 주일(일요일)에 시행되는 경우가 많아 교회 예배에 빠지는 주일학교 학생들이 많아졌습니다. 주일은 하나님을 믿는 기독교인들에게는 반드시 지켜야 할 의무입니다.\n신앙적 양심을 택한 학생들은 시험을 못치는 불이익을 당해야 하고\n시험을 택한 학생들은 양심의 고통을 겪고 있습니다.\n주5일 근무제가 보편화된 시기에 굳이 주일에 자격증 시험을 해야 할 이유가 없습니다만 주일 시행 또한 자격증 주관처의 자유라 제재하기는 어렵습니다.\n학생들이 종교의 자유가 있는 대한민국에서 신앙적 양심을 지키고 살면서도 불필요한 불이익을 당하지 않도록 제도 개선을 요청 드립니다. 주일학교 교사 드림
143816,2018-02-20,2018-03-22,0,1,인권/성평등,청원 답변시 연동시스템 가동해랏!!,법률안 제정 관련 답변은 능력도 없는 청와대에서 답변하지 말고 국회와 상호 연계시스템을 구축하여 해당 소위원회에서 답변하도록 하고 판결 관련해서는 대법원에서 답변하도록 시스템을 정비해서 구축해 주시기 바랍니다.  평상시 청와대의 형식적인 답변..관련유관기관과 논의 후 검토하겠다...우리는 해당기관이 아니니 답변할 수 없다. 이런 거 하지 마시고..\n공무원에 두 가지 유형이 있다.\n1) 아주 친절하게 민원 거절\n2) 짜증내고 투정도 부리지만 어떻게든 성의를 다해서 해결해 주려는 공무원
274443,2018-06-18,2018-07-18,0,0,문화/예술/체육/언론,스웨덴 축구선수들 입국금지 시켜주세요,방금 월드컵을 보고 왔습니다. 스웨덴 축구선수들은 한 골을 넣자마자 침대축구를 진행해 왔습니다. 너무 드럽습니다. 그러므로 스웨덴 축구선수들을 입국금지 시켜주십시오.
261556,2018-06-04,2018-07-04,0,1,경제민주화,"저소득층 분배 문제, 이러게 하면?","지본주의 자체가 빈부의 격차가 심화되는\n태생적 한계를 지니고 있으며, 문제점인데\n그런 자본주의 경제 구조와 체제 속에서\n그 문제를 해결하겠다는 의지는\n가상하지만\n현재까지\n이 문제를 해결한 국가는 없다.\n특정 개인 혹은 집단의\n정치적 이상을 위해서\n실험은 하지 말기를 바란다.\n저소득층의 문제해결은\n직접적이어야 한다.\n1. 저소득층의 개념을\n노동자와 자영업자를\n하나로 봐야 하며\n2. 정직한 노동에 대한\n하층민에 대한 직접적 지원하라\n4대 보럼 등 기준을두고\n지원한다 ?\n하층민을 모르는 소리\n3. 정부지원은 이렇게\n노동자에게 현금을 직접 지원하라\n단, 자영업자로 부터 정당한 노동을\n했다는 평가를 벋았을 때\n지원금을 보수에 포함하라.\n[출처] 역시 통계가 짱이다! [차이나는 클라스] 9회~10회 장하성 교수편|작성자 료우기"
432863,2018-11-05,2018-12-05,0,1,저출산/고령화대책,결혼에 대한 부분으로 솔직한 말씀 드리겠습니다.,결혼에 대한 부분으로 솔직한 말씀 드리겠습니다.\n돈도 돈이지만\n우리나라는 외모 지상주의가 만연한 이 시대에\n20대 청년들 중에 가장 걱정되는것중에 하나는 추석과 설날명절 어르신과 부모님의 잔소리입니다.\n1순위는 취업은 잘 되가니?\n2순위는 결혼은 언제 할거니?\n이 두가지가 가장 많이 있을것인데요.\n결혼도 부모님 눈치를보며 해야하는 세대가 지금 세대가 아닌가 싶습니다.\n답없는 이 시대\n청년들의 자유를 조금 더 보장해 주시기를 당부 드립니다.
27851,2017-11-08,2017-12-08,0,0,보건복지,조두순 출소를 반대합니다,딸키우는 엄마로써 반대합니다
378035,2018-09-12,2018-10-12,0,13,교통/건축/국토,부동산 투기  해결못하면  해결사 수입해야할듯 .....,아파트  1평에  1천만원  이정도 집값이 정상 아닐까요 ??
269222,2018-06-12,2018-07-12,0,4,정치개혁,"선거후보가 될때 탈세혐의, 전과기록 있는 사람은 후보에 오를 수 없게 해주세요.",이번에 선거 후보들 보면서 다른건 모르겠고 최소한 세금 체납된 적이 없고 전과기록은 없는 사람이 선거 후보에 올라야 한다고 생각했어요.\n이건 현 선거후보들에 대한 이야기가 아니라 앞으로 선거 후보가 나올 때는 최소한 세금 체납된 적이 없고 전과 기록은 없는 사람만 후보에 나와야 한다고 생각해요. 그런 사람이 정책을 정하고 정치를 한다면 무서울 것 같아요. 왜 그동안은 용인됐었던 건지 과거 사회적인 특수성(데모 등) 때문이라고 생각은 하지만 지금은 아니라고 생각합니다. 최소한 이런것들은 갖춰서 후보에 나와야 한다고 생각합니다. 다음부터는 세금 체납과 전과 기록 유무라도 보고 후보에 나오지 못하게 해주세요.
423976,2018-10-29,2018-11-28,0,47,경제민주화,빨갱이가 처들어 오는 것보다 더 무서운 정부의 무능력한 경제 정책,"사악한 이명박, 정치에 무능한 박근혜..너무 너무 지겹다.\n그런데 경제에 무능력한 문재인이 이제는 더 끔찍하다.\n왜..경제에 밝은 사람을 안쓰고..사악한 최종구에게 경제를 맡기는지 모르겠다.\n촛불이..다시 타올라야 정신을 차리겠느냐.\n부인 손잡고 해외여행 다니니..제 정신이 아닌 것 같다."
313751,2018-07-21,2018-08-20,0,2,정치개혁,12명의 이북 여 종업원 문제를 <정치개혁>카테고리에 올리는 것은 대통령님의  정치적 결단의 문제이기 때문입니다.,책임자였던 허강일까지 나서서 언론 인터뷰를 하고 폭로한 시점에서 이제는 북한 12명의 여종업원들에게 선택의 자유를 주어 그들 스스로가 돌아가겠는가 아니면 한국에 남겠는가를 선택하도록 해야 합니다.\n이들 문제는 이제 더는 뒷소리나 떠드는 소문으로만 치부 해서는 안되며 더욱이 이산가족 상봉과 절대 바꿀 수 없습니다.\n일부 사람들이 북한에 붙잡혀 간첩 자백까지 한 한국인들과의 교환조건으로 말 하지만 북한을 너무 모르고 하는 말입니다.\n자칫 잘못 판단하면 남북관계까지 영향을 미칠 수 있고 대통령님과 우리 민주당에 악재가 될 수 있습니다.\n북한 여종업원들 문제의 해결은 빠르면 빠를수록 좋습니다.\n대통령님 지금은 매우 어려운 도전들에 직면하고 있습니다.\n이럴 때일수록 작으나 민감한 문제부터 하나씩 풀어나가야 할 것입니다
394807,2018-10-01,2018-10-31,0,7,반려동물,동물의 범위를 확장시켜 주세요,"동물의 범위는 동물보호법에 나와 있는 1. ""동물""이란 고통을 느낄 수 있는 신경체계가 발달한 척추동물로서 다음 각 목의 어느 하나에 해당하는 동물을 말한다.\n가. 포유류\n나. 조류\n다. 파충류ㆍ양서류ㆍ어류 중 농림축산식품부장관이 관계 중앙행정기관의 장과의 협의를 거쳐 대통령령으로 정하는 동물\n으로 알고 있습니다. 이 말은 무척추동물이나 다른 동물들은 학대해도 벌을 안 받는단 말 아닌가요? 동물의 범위를 확장시켜 주세요"
464193,2018-12-08,2019-01-07,0,11,일자리,여성부해채,여성부는해체하라\nhttps://youtu.be/g9Jq6-bWjSI
122061,2018-01-30,2018-03-01,0,6,외교/통일/국방,여자아이스하키단일팀 해체부탁드립니다,저는 94년생 진보쪽성향을가지고있고 문대통령지지자이자 더불어민주당온라인당원중 한사람입니다.\n저 개인적으론 아이스하키여자팀이 북한과 단일팀한건 잘한거라 생각을 하고잇는사람이지만...\n어제 뉴스를 보고 그 생각이 확 바뀌어 버렸습니다.  어제 북한에서 일방적으로 금강산합동 문화행사를 취소하겠다고 통보를 햇다는 소식을 YTN으로부터 보도를듣고 이럴꺼면 단일팀한것도 해체를 하자라는생각밖에 들지가 않더군요\n전 웬만하면 대통령님께서 하고자하는 정권방향에대해 일절 반대도하지않고있지만 언제까지 우리가 북한에게 놀아나야되냐는 자유한국당 저 수구꼴통들의말도 듣기싫지만 계속 북한이 저런식으로 일방적으로 통보하는게 지속적으로 이뤄진다면 우리도 가만히 있으면 안된다고 생각합니다 우리도 단일팀훈련을위해 우리나라에 방한한 북한 아이스하키대표팀을 강제로 북한으로 추방합시다 글고 저들이 제일 싫어하는 대북확성기방송을 매일 하루도빠지지말고 틀어놓는수밖에 없어요 부탁드립니다 이런식이면 아이스하키 여자단일팀해봤자 소용없고 북한에 놀아나는정권으로 야당이 계속 공격해댈거니 우리 정부측에서 이번건만큼은 단호한대응좀해주세요
100077,2018-01-17,2018-02-16,0,11,문화/예술/체육/언론,잘못된 보도를 한 언론인 처벌해 주세요,"성폭력관련사건은 반드시 판결이 난 후에 기사화해야 한다. 그러지 않고 신고자 말이나 글만으로 일방적으로 기사화할 경우 나중에 무고로 드러나는 경우가 비일비재하다. 이미 성범죄자로 낙인찍힌 후인데 누가 그 삶을 변상해 주나? 기자가?? 최초 유포자가? 그들은 나몰라라 한다. 언제 그랬냐는 듯이 이 사건은 묻히고 만다. 심지어 사과기사나 정정기사 하나 없다 이제는 이런 관행 철저히 뿌리뽑아야 한다. 그리고 이들을 철저히 단죄해야 이 땅에 법정의가 실현된다. 어쨌든 여자의 진술에 일방적으로 의존해 감정이입해서 성폭행으로 몰아가는 경향이 비일비재합니다. 아예 신고당한 남성을 성폭력자로 단정해 놓고 기사화한다. 이제는 이런 악질 기자들을 반드시 실형 이상으로 처단하는 특별법을 제정할 필여가 있다.\n요즘 기자들 위세가 하늘을 찌릅니다. 취재권리를 득달같이 내세우며 국민 인권은 아랑곳않고 마구잡이로 카메라 밀어붙이는 것도 모자라 특종이랍시고 속보랍시고 마구잡이식으로 판결도 안 난 사건인데도, 단순히 기사 트위터, 대자보, 네*트 글 보고 주구장창 기사화해서 네티즌 마녀사냥 유도하는 기자들 꼭 처벌해야 합니다. 아니면 말고식, 여론몰이식 선동기사..강력한 처벌이 필요합니다. 왜냐하면 이들의 영향력은 막강하고 대부분의 네티즌이나 독자들은 일단 사실이라 생각하니깐. 이런만큼 책임지게 해야 한다. 언론독재, 여론독재가 횡해하고 있는 게 현실입니다. 강력히 제재하고 규제해야 합니다.\n나중에 무고나 사실이 아닐 경우 피해자는 회복 불능의 지경에 이른다, 하지만 최초유포자나 기자들은 사과 하나 없다. 특별법을 제정해서라도 이들로 하여금 피해배상하게끔 하고 징역형 이상으로 강력 처벌해야 함.\n인터넷 기자..강력한 제어수단이 필요합니다.이들을 처벌해 주세요. 판결도 안 난 기사를 단독보도하는 적폐행위, 이 기회에 처단하지 않는다면 억울한 제2, 제3의 박진성시인은 계속 나올 것입니다.\n이들이 바로 악질 무고자들이요, 적폐 중의 적폐입니다. 최근에 발생한 박진성시인을 필두로 동아대교수자살, 부안교사자살은 빙산의 일각에 불과할 뿐,,,판결도 안 난 사건인데도 불구하고 마구잡이식 여론몰이식 기자들의 선동보도에 기인한 것입니다. 이들의 죄를 엄중하게 물어야 이 땅에 정의가 삽니다. 특별법을 제정해서라도 반드시 실형에 처해 주세요. 즈들은 한 사람 인생의 나락으로 떨쳐 놓고 날마다 밥도 먹고 화장실도 가고 희희낙락하고 그러겠죠? 이게 사회정의인가요?\n죄를 지었으면 벌을 받아야 하는 거 당연한 거 아닌가요? 남의 눈에 피눈물나게 하고 사과 한 마디 없이 세끼 꼬박꼬박 챙겨 먹는 인간들을 두고 보실 건가요? 아마 정부정책이나 현행법체계를 비웃으며 오늘도 기사 쓴다고 책상 앞에 앉아 있을 겁니다. 반드시 일벌백계해야 이 땅에 정의가 삽니다.\n기자라면 객관적 사실을 가감없이 간결명료하게 전달하는 게 기자된 본분입니다. 현재 언론인들의 작태는 자신의 주장이나 감상문을 짜깁기 보고서 형식으로 씁니다. 이게 기자입니까?\n대통령님, 국회의원님 청원합니다. 여론몰이식 선동기사로 무고피해자 양산하는 악질기자들에 대해 특별법을 제정해서 반드시 실형에 처해 주세요. 그리고 그들로 하여금 손해배상하도록 입법해 주세요. 또한 국가 책임도 있으므로 국가에서도 피해보상해 줘야 합니다. 그들을 단죄하지 않으니깐 제멋대로 기사쓰고 날뛰고 있습니다. 이제는 이들을 엄중하게 단죄해야만 이 땅에 법정의가 실현됩니다. 이게 바로 언론적폐입니다. 청산해야죠??\n꼭 부탁드립니다.\n언론이 지닌 영향력, SNS가 가진 파급력...이들을 고려하다면 이제는 이들을 반드시 단죄해야만 합니다. 언제까지 두고만 보실 건지.."
74834,2017-12-27,2018-01-26,0,0,농산어촌,보우피싱,장난으로글쓰는게아니고요\n미국에서하는 보우피싱을합법화해주세요\n배스같은 외래어종은 생태계파괴 주범입니다\n토종어류를제외한 외래어종을잡을수있도록 합법해주십시오
328574,2018-08-03,2018-09-02,0,5,일자리,가계 궐리금반토막나도안나가요,대학교 앞에서 미용실운용중입니다 시급은많이오르고\n해서 가계도 내어놔도 나갈생각도안하고 궐리금은반토막나있는상태고   학생들도 알바할곳이없어 돈은업다고  머리하는회수도줄고 하니 적자를못면하는상황이고 한탄스럽습니다 최저시급이적용이아니라  학생들이 알바할곳이없습니다 52시간적용으로 경기침체 돈이 안도니  자양업자들은 어찌하란겁니까 해결해주십시요 52시간적용 철회하먼안되나요 공장주야시급근로자도 월급이70만원은까인다는대 그럼 주야근로자가정은 어떻게살아야할까요 가족끼리한강띠어드나요?  부부가 이혼해서 한부모해택받아야  살아야하나요?  다 죽게생겼네요  해결좀해주세요
27616,2017-11-08,2017-12-08,0,0,기타,조두순 출소 반대,조두순 출소 결사 반대!!!\n아동 여성 성범죄 엄중 처벌!!!!
399498,2018-10-06,2018-11-05,0,7,농산어촌,일본 원자력 발전 오염수에 오염된 해양 수산물 전면 수입 금지 청원,"지난 번 원전 사고 때 어떤 일이 있었는데 이번엔 일부러 저러네...\n일본인들은 유전적으로 학습 능력이 없는 국민인건가?\n2차 세계 대전 때 쓰던 욱일기도 그렇고...\n전세계적인 위안부 가해자 발뺌도 그렇고...\n독도를 비롯한 외교적 침략 행위도 그렇고...\n지난 번 원전 사고 때문에 자국 어부들까지 그렇게 괴롭혔으면서...\n또 그러네...\n우연이 세 번 이상이면 필연이라 그랬다...\n세 번 이상 잘못을 반복하는 일본은 원래 그런 민족인 건 알겠으니...\n우리 음식 전반에 들어가는 육수 및 각종 해산물, 어류 등등 전면 수입 금지를 해야 한다...\n그리고 우리와 같은 바다를 사용하는 이웃 나라인만큼 외교적으로도 심각하게 항의를 해야 한다...\n이번에도 절대로 그냥 넘어가면 문재인 정부의 무능을 그리고 외교부의 무능을 대놓고 증명하는 셈이니까...\n생각 잘 하고 빨리 행동하길..."
2065,2017-09-04,2017-09-11,0,0,육아/교육,청소년 보호법 폐지,부산 여중생 폭행사건 보셨을거라 생각합니다.\n(감옥)갈것같아?? 라는 말이 나온다는게 참...\n청소년 보호법 폐지를 해서\n강력범죄는 청소년들도 엄벌에 처해야합니다.\n아이들을 마음놓고 키울수있게 해주세요
275936,2018-06-19,2018-07-19,0,7,문화/예술/체육/언론,히딩크,거스 히등크 감독을 원합니다. 축구의 발전을 위해서. 정부가 좀.나서주세요..
156162,2018-03-02,2018-04-01,0,19,기타,장자연 사건 재조사,장자연사건 재조사 청원합니다\n경찰 검찰  민간 특병 조사단 만들어 믿을 수 있는 조사 부탁합니다
260439,2018-06-03,2018-07-03,0,7,인권/성평등,"중,고등학교 두발 규정",학생의 두발 자유화 해주세요 부탁드립니다
462857,2018-12-07,2019-01-06,0,53,정치개혁,국회의원 연봉 상향 조정 폐지해 주세요!,"이게 말이나 되는 상황입니까!?\n최저임금보다 높은 퍼센트로 교묘히 국민들의 의견도 없이 본인들 스스로가 자기 밥그릇만 챙기려 합니다.\n국민들은 지금 미세먼지, 일자리 마련, 학모들은 유치원과 싸우며 살아가고 있습니다.\n최근 경기도 갈수록 좋지 않아지고 내년도 보기 어려울정도로 심각해 지고 있는 마당에 지금 본인들의 월급을\n올리려는 말도 안되는 상황을 저지해야 합니다.\n동참해 주세요!!"
458610,2018-12-02,2019-01-01,0,0,미래,"◈-일본에 주택보급율→♠112%,","◈-일본에 주택보급율→♠112%,文정부 부동산 정책 1년 평가는집값 오름세로 양극화 심화다.\n용산 국가공원에 녹지가 없는부지에 국민주택이하의 분양과 임대주택(장기전세와 영구임대) 초고층 아파트 5만호를 지어\n개발이익을 거둬들이고 그린벨트는 보전가치있는지역은 확실히 보존 해야합니다.\n현제는 주택거주 여부·기간과 관계없이 10년 이상 보유하면 9억원 초과분에 대한 양도세를 최대 80%까지 깎아준다\n업계에선 용산공원의 취지를 살리면서도 약♠5만가구 정도의 주택을 공급부지가 확보 된다고 함니다."
295831,2018-07-04,2018-08-03,0,16,보건복지,기초생활수급자를 살려주세요,http://m.news.naver.com/read.nhn?mode=LSD&sid1=001&oid=079&aid=0003119821\n이뉴스를보면 아시겠지만 이번에도 복지사각지대에\n놓아져있던 두분은 세상을떠나셨습니다.\n기초생활수급자중에서 생계급여받는 노인들은 노령연금 거의 신청못함니다.신청하더라도 노령연금을받으면 그만큼 생계급여가 깎이기 때문이죠 그리고 자활근로를하더라도 생계급여가 줄어들고요 이런 부작용은 정부도 알고있어도 묵인하고있다고 생각합니다 나라는 지금껏 이런 저소득층을위해 귀를기울인적이 있는가요?\n소잃고 외양간고치는방식은 이제 그만하고 전수조사와 노령연금개선안이 필요하다고 생각합니다. 물론 부정수급자들때문에 쉽게 못바꿀것이라고 저도 동의합니다.\n하지만 언재까지 이렇게 힘들게 고생하시다가\n세상떠나는 뉴스기사를 봐야할까요.\n불필요한 정부예산을 조금씩줄이고\n좋은일에 많이써야 바른정책이 아닐까요?
164157,2018-03-11,2018-04-10,0,8,기타,현재 미투 문제의 본질 !!!!!!!!!!!!!!,과거에 남녀 칠세 부동석이란 말이 심십찮게 생활을 지배 했는데.....지금은 남녀 칠세 자동석으로 바꾸어 버렸습니다.\n이 현재의 작태는 간통죄를 폐지한 원인에 먼저 기인한것이 있습니다.\n구약성경에 보면 남자나 여자가 가정이 있는 사람과 성관계를 하면 둘다 사형에 처했습니다.\n그것도 만인이 보는 앞에 돌을던져 사형을 처했습니다.\n왜 그런지 아십니까....? 가정을 아주 신성시 했기 때문입니다.\n그리고 과거에 우리나라 간통죄를 저질러면 솜방망이 처벌을 하였습니다.\n왜냐하면 검찰이나 법원 그리고 권력자들이 이에 대하여누구던지  자유로울수 없었기 때문에 그렇습니다.\n만약에 감통죄를 부활시키어 10년이상의 벌을 준다고 하면 과연 이나라에 벌어지고 있는 성범죄가 일어날수 있을까요. 그리고 구약성경에는 총각이 처녀와 관계를 하면 남자와 여자 모두 상대방을 평생 책임져야 했습니다.\n왜 그럴까여 그만큼 성의 관계를 신성시 했기 때문입니다.\n남자 와 여자 모두 7세 이상이 되면 성에대한 동물적인 욕구가 본능적으로 하게 되었있습니다.\n남자는 여자를 찾고 여자는 남자를 찾게 되어 있습니다. 이것은 동물적인 본능입니다.\n손바딱도 서로 쳐야 소리가 나는것입니다.\n여자는 본래 남성을 도우라고 창조 되었습니다. 여자는 가정을 잘 이끌어가고 자녀를 잘 양육하고 그리고 남편을 잘 보필하라고 창조되었고 그리고 남자는 여자를 자기 몸같이 사랑하라고 되었습니다.\n그런데 여자가 이젠 남녀 평등의 지위에 올라가니 이것이 정치인들이 사람의 창조원리를 깨트리고 표를 얻기위하여 하다보니 자꾸만 성범죄가 여성편의를 크게 지우친 경향이 있습니다.\n여성들의 사회활동이 지금처럼 왕성하면 성적인 범죄는 꾾이없이 일어나고 .... 그로인해 사회 갈등의 원인이 됩니다.\n지금 문제를 해결할려고 하면 창조자의 남녀 창조의 그 원리를 따라가야 이 범죄가 멈추어집니다.\n만약에 성경의 원리처럼 누구던지 유부녀와 유부남과 바람을 피우면 사형에 처한다고 하면 과여 그 위험을 무릎쓰고\n그 행위를 할까요....? 그리고 총각이던 처녀이던 성관계를 하면 그 상대방을 평생 책임져야 한다면 재미로 성관계를 하겠습니까............?\n먼저 가정에 대한 창조 원리를 깨닫고 아주 신성하고 축복이다란 개념에서 벗어나면 그 저주는 이 사회에 계속 일어날것입니다.\n그리고 먼저 간통죄를 부활하여 어기면 최하 10년이상 징역에 처해야 되고......... 그리고 성에 대한 인식이 모두 바꾸어 져야됩니다.\n이것없이는 그냥 메아리치는 공허한 소리에 불과할것입니다.
92009,2018-01-12,2018-02-11,0,16,성장동력,박상기 법무부장관 대단하다,"주식시장, 가상화폐 시장을 말 한마디로 개박살 냈다.\n한 나라의 장관이라는 권력을 투자한 국민들 재산을 없애버리고, 엿먹어봐라고 자신있게 휘둘렀다.\n배짱 대단하다\n국민들 호구로 알고, 대놓고 엿먹이는구나.\n책임 져야 할 것이다."
36935,2017-11-11,2017-12-11,0,1,정치개혁,이명박출국금지,이명박 출국금지 서명합니다
23166,2017-10-23,2017-11-22,0,11,반려동물,"아파트,공동주택 애완동물 반입 가부를 법제화 해주세요..개짖는 소리에 고통 스럽습니다!","안녕하세요^^\n다름이 아니라 요즘 뜨거운 감자인 애완 동물에 관하여 저도 제안을 하려고 합니다.\n대부분 개를 키우는 사람들은 이럽니다.\n우리집 개는 안그래요..\n견주님~\n우리집 개가 아닙니다.. 니네집 개입니다..\n우리집 개라면 저같아도 우리집 개는 안 그래요라고 할 것입니다.\n여기서 우리는 견주님과 제가 같이 키우는 개이여야하는데,\n저는 님이 키우는 개에 고통을 받는 이웃 주민입니다.\n그래서 저는 견주님이 우리가 아니라 원수에 가깝다고 여겨집니다.\n견주님과 우리라고 표현 할 수 있는건 같은 건물을 이용하는 관계에서 우리의 의미만 가능합니다.\n우리가 같이 쓰는 공동 건물인데,\n그 공동 건물 안\n별개의 견주님 사적인 공간에서  방치한 개 신음소리가 환풍기인지 아니면 어떤 곳을 통해서인지 모르겠으나,\n낑낑대는 신음소리가 흘러들어 제 집까지 타고 들어옵니다.\n그런데도 어떻게 안 그런다고 장담을 하시는지..\n제가 이번 추석 연휴 동안 들은건 환청이랍니까?!\n긴 연휴 동안 견주님들이 방치하고 집을 비운 사이에\n님들의 애완견 신음소리에 고통을 견디다 못해 동물 학대로 신고 할 지경이였습니다.\n입주 첫달부터 계약을 철회 해야하나 하는 생각도 들었습니다.\n오죽했으면 경비원 아저씨께 순찰 및 공지를  해달라고 부탁 드렸습니다.\n하지만 경비 아저씨께서는 법적으로 어떻게 해줄 의무가 없다고 말씀하십니다.\n다른 해결책을 찾고자 지인들에게 상담한 결과,\n정신과 치료 후 진단서를 받고, 제가 사는 건물에서 개를 키우는 견주들에게 민사를 하라는 조언들도 있습니다. 조금만 더 양보하자는 마음에서 참고는 있지만, 점점 병으로 발전하는지라 저 혼자만 고통을 참는것도 아니지 않나 싶습니다.\n견주님들~ 님들 관리 소홀로 제가 왜 고통 받아야 하나요?!\n제가 멀 그렇게 잘 못했나요?! 열심히 일한 후 쉬는것 하나도 제 집에서 마음 편히 못 쉬어야하는 건가요?!\n요즘은 담배도 본인들 집에서 못 피우게 하는 아파트 및 공동주택이 늘고 있습니다.\n가장 큰 이유는 담배연기가 이웃집 윗집 아래집 까지 스며들어서 타인에게 피해를 주기때문입니다.\n이웃 나라인 일본을 예로 들면  공동 주택에서는 애완 동물 반입 금지라고 집을 구하기 전에 미리 고지 합니다.\n애완 동물을 키우고 싶은 사람은 애완 동물 반입 가능한 건물을 자연스럽게 주거지로 구하면 되고,\n일반적으론 반려 동물을 키우지 않는 사람이 우선이 되는 겁니다.\n이웃나라 일본처럼 공동 주택에 애완동물 반입 가능한 건물과 불가능 건물로 분리 하여 법제화 한다면\n애완 동물로 인한 상충 관계가 없어지게되고, 이웃 간에 서로 존중 할 수 있게 될 것입니다.\n층간 소음 방지 규정처럼 규제가 필요한 시기가 아닐까 싶습니다.\n두서없이 길게 쓴 글 읽어주셔서 감사합니다."
464358,2018-12-09,2019-01-08,0,24,문화/예술/체육/언론,로또가 조작인지  수사의뢰를 부탁 드립니다~,먼저  일본의  경우는  로또판매액에서  절반은 세금을  먹이지만 123등  당첨금에는 세금을 먹이지  않는다고  합니다~  그 이유가 서민들의  꿈에는 세금을 먹이지 않는다고  합니다~ 헌데  우리  나라의경우는 총판매액에서  절반으로  세금 가져가고  123등에게  또  세금을 먹입니다~서민들의  꿈에도  세금을 먹민다는거죠~  본론으로  들어가서  조작 의혹은  이렀습니다1.로또 구매  마감시간이  8시인데   추첨시간은 8시  45분에  한다는점\n2.8145060분의  1인데  매주 10~16명 까지  꾸준히  나온다는점 ( 생방송인지도  의심이  갑니다)\n3.로또수익으로 1년에  1조2천억 이상이라는데  수익금은 얼마고  어디에  얼마가 쓰여졌는지 공개하지도 않는다는점\n많은 의혹들이  있는데  하나하나 수사 부탁 드립니다
409166,2018-10-17,2018-11-16,0,14,인권/성평등,한국남자 1800만명이 성매매 했다구요???,이른바 유흥 탐정이란 범법자가 자기 이득을 취하기 위해 어쩌면 고객일수도 있는 개인정보를 파는 상도덕에 어긋나는 파렴치한 짓을했습니다\n뉴스에는 1800만명 한국 남자 연락처가 있다는 뉴스보도와 함께\n예약제로 운영되는 성매매 사이트에 대한민국 1800만명 남자가 이용을 했다고 하네요..말이된다고봅니까????어지간한 성매매 애호가가 아닌이상 대부분의 남자들이 이용 절대 안합니다\n하지만 무슨 정부기관(여가부 등)의 압력이 있었는지\n모르겠지만 불법취득한 개인정보 1800만명의 99프로는 다른 경로로 불법 취득한 개인정보임이 확실합니다\n공식적으로 정확한 보도가 이루어질수있도록 사실관계를 명확히 해주세요
18375,2017-09-30,2017-10-30,0,1,일자리,규모가 작은 중소기업도  법의테두리에 있을수있도록 통제를 강화하여 주십시오.,"청년 실업문제가 날이가면 갈수록 심각해지고 있습니다. 기업에서는 구인난, 청년들은 구직난.\n길게 작성하지않겠습니다. 이모든 문제의 출발점은 중소기업이라고 생각합니다.\n다알고 계시겠지만 , 중소기업 근무자들은 중소기업을 벗어나지 않는이상 평생 가난하게 살수밖에 없는 몇가지 치명적인 문제점을 말씀드리겠습니다.\n첫번째, 법인에 쌓인돈을 가족 및 지인의 위장취업을 통해 월급으로 수령해가는것을 단속해주십시오.\n두번째, 많은청년들이 중소기업 사장님들에게 야근으로 무료봉사를 하고있습니다.\n야근을 하게되면 적절한수당이 필요한데 포괄임금제 등과같은 방식으로 청년들의 노동력을 갈취하고있습니다.\n현제 대부분의 중소기업 근로자들의 근무시간을 임금과 비교해보면 아르바이트 보다 조금더 나은 수준이라고 할수있겟습니다.\n**무임금 야근은 다양한문제를 야기시키는데\nㄱ.청년들의 삶의질저하\nㄴ.기존 직원들의 혹사로인한 구인감소.\nㄷ.장시간 근무로인한 직원들의 건강악화로 인한 경제적 어려움의 악순환\n등이 잇습니다.\n세번째, 연차를 공휴일로 대체한다는 어이가없는 법을 바꿔주십시오. 이내용은 중소기업 근로자를 두번,세번죽입니다.\n어차피 연차쓰지도 못할거 연차수당 하루에 8만원 남짓한 수당이라도 받을수가 없는 내용이되겠습니다.\n중소기업 근로자 평균월급 '실수령액 200만원' 그들에게 연차수당 8만원은 아주큰돈입니다.\n지혜로운 국민여러분 우리나라 대부분의 국민들이 중소기업근로자입니다.\n그렇습니다 약자입니다.\n우리는 최소 하루 11~12시간이상 일하며 주말출근도 피할수없는 약자입니다 그러고도 월 200남짓 으로 생활해야하는게\n우리  중소기업 근로자들입니다.\n우리가 무리한것을, 많은것을 바라는게 아닙니다.\n정부가 약자의 편을 들어주지 않으면 약자는 살아갈수가 없습니다.\n북한을 보십시오 북한에 우리가 식량을 지원해주면 굶어죽는 북한주민들이 맛있는 것을 먹을수 있습니까?\n아닙니다. 북한주민들에게 떨어지는것은 거의없습니다.\n정부가 중소기업을 지원해주면 똑같은현상이 벌어집니다.\n지원금은 중소기업 사장 주머니에 고스란히 들어갑니다.\n중소기업은 지원할 대상이 아닙니다.\n중소기업은 법으로 통제 해야할 대상입니다.\n월200만원으로는 결혼할수없습니다.\n이렇게살기싫어서 청년들이 공무원을 준비합니다. 아직도 수많은청년들이 취준생입니다.\n중소기업 의 관리 감독을 강화해주십시오 부탁드립니다."
461706,2018-12-06,2019-01-05,0,5,농산어촌,왜 서민만 죽어야 하느나,"이번 기름값 유류세인하로 많은 사람들이\n해택을 보고 조금은 부담을 덜은것으로 알고 있는대\n왜 석유 값은 변동이 없는가??????????\n도시에서는 까스보일러를 때고 아파트에서는\n도시깨스가 들어오고 정작 농어촌이나 서민들은\n깨스 해택을 못입어 석유를 때고 있는실정인대\n석유를 다른산업체에서 때는것도 아니고 별루 사용처가\n많지않은것으로 알고있는대 왜 유독 석유만  유류세인하에서\n제외 되였는가????\n높은 사람들 자기네는 상관이 없으니 농어민들은 죽던지 말던지\n자기네 눈높이에 맞추어 시행하는 것이 대한민국의 법인가?????\n최소한 석유값부터 인하를 했어야 할것 아닌가요,,,,,,,,,,\n석유값 700원대로 내려 주시길 바람니다,,,,,"
447817,2018-11-20,2018-12-20,0,12,성장동력,물가인상 어디까지 갈건가요?,"음식점을 운영하는 자영업자 입니다.\n금년도 최저시급 16.4% 인상에 다른 어려움과 내년도 10.9% 인상으로 과연 견딜수 있을까?\n걱정이 태산 같은데 물가라도 잡아줘야 하는데 무우, 대파, 양파, 감자등 야채 가격이 최소한 20% 이상 폭등하고,\n식당에 주재료인 쌀가격은 도데체 뭐가 잘못돼서 이렇게 지속적으로 오르고 있는지 알수가 없네요.\n예전엔 37,000원대에 쓰던 브랜드의 쌀이 55,000에 사야 하니 이래서 어떻게 살아갈수 있겠나요?\n쌀이 남아 돈다고 하는데 정부에선 가격 안정을 위해서 비축미를 풀던가 해야 하는거 아닌가요?\n정부에서 북한 지원으로 비축미가 소진되여 이지경이 된건가요?참으로 안타깝고 답답합니다.\n빠른 시일내에 물가 안정대책을 세워 주세요....."
228175,2018-05-09,2018-06-08,0,3,저출산/고령화대책,"국공립, 서울형, 구립어린이집 조리사 연령 제한과 관련하여 올립니다.","저는 7월이면 만 62세가 되는 어린이집 급식 담당 조리사를 지망하는 소위 어르신입니다.  현재 저는 인턴 3개월과 단독 조리사로 3개월 근무하고 4/30일 퇴직한 상태입니다.  저는 음식만들기가 취미이자 특기여서 59세 부터 4년 넘게 요리와 관련한 여러 교육을 받았습니다.  그중에는 국비로 하는 직업교육도 있었고, 민간기업 사회공헌 프로그램도 있었습니다.  개인적으로 돈과 시간을 많이 투자하여 음식 관련한 일을 자신있게 할 수 있게 되었지만 나이로 인해 취업이 거의 불가능한 상태입니다.  제가 해본 일 중 어린이집 조리사 일이 가장 맞고 보람을 느껴 이 일을 건강이 허락하는 한 해보고 싶으나 국공립, 구립 어린이집 등은 아예 지원  대상 조차 되지 않고 있습니다.\n국공립,구립어린이집 등은 60세가 정년이라 되지 않는다고 합니다.  물론 그 규모가 큰 곳은 60대에게 맡기기 부담스러울 수 있으나, 국공립이나 구립, 서울형 중 가정어린이집  같은 곳은 그 규모가 작기 때문에 60대도 충분히 할 수 있습니다.\n일 할 수 있는 여력(건강, 환경, 교육수준 등)이 있는 60대 초반에게 가정어린이집이 일할 기회를 준다면 아이들에게\n좀더 따뜻한 먹거리와 돌봄의 환경이 조성되지 않을까 여겨집니다.  노인이라고 하기에는 아직 젊고 능력있는 60대 초중반 세대들이 할 수 있는 일에 보다 능동적으로 참여할 수 있는 기회를 열어 주십시요.   감사합니다."
69878,2017-12-19,2018-01-18,0,9,안전/환경,평창올림픽 유커 무비자입국 반대,한국 치안을 위해 평창올림픽 유커 무지자입국을 반대합니다.
107527,2018-01-22,2018-02-21,0,4,행정,청와대가 컨트롤타워입니까?,제가 볼때는 각부처가 청와대 개똥으로 보는거 같은데요? 대통령말이든 청와대 말이든 그냥 보란듯이 컨트롤이 안되는데? 제생각이틀린가요? 아니면 액션인가요? 점점 신뢰는 바닥으로 가는데 요즘 저희 나라를 두고 제일 많이 하는 말이 공산국가 규제 공화국? 이라는데 그냥 전정권 지지자들이 아닙니다 잘 알아보고 판단하세요 국민들이 돌아서고 잇습니다 민심을 잃은 정부는 힘을 쓸수 없을겁니다
485513,2019-01-02,2019-02-01,0,5,행정,우리나라 대한민국 공권력이 이거밖에 안되는겁니까?,안녕하세요 올해 40되는 사람입니다\n전 렌트카 사업을 하고 사람입니다\n혹시 집사람이 볼까 화장실에 걸터앉아 핸드폰으로 글남깁니다\n이유인즉 차량을 도난당하였습니다\n2틀치 단기 렌트비용을 받고 나간차인데 지금10일째입니다\n렌트카차량은 지피에스 를 법적으로 달수있습니다 그런데 빌려간지 6시간만에 지피에스를 탈거하고 연락이 두절되었습니다 제 생각으론 절도 같아서 경찰서를 찾아가니 절도가 아니라고합니다나중에 보니 위조된 면허증 명의가 틀린 휴대폰번호 몇일이 지나고 다시 경찰서를 찾아 신고하니 절도가 아니랍니다 어처구니가 없었습니다 왜 아니냐고 물으니 계획을갖고 훔칠려고 마음을먹고 한행동이니 사기 횡령 민사사건이라고합니다 답답합니다\n형사님들이 안타갑다고합니다\n그래도 절도가 아니니 형사계 강력계 광수대 아무도 움직일수없다고합니다 지능범죄수사대 경제범죄수사팀 에서 관할한다고합니다 정황상 절도 사건이 맞는데 왜 절도가아니라고하는지 모르겠습니다\n도난당하고 5일후 알게된건데 저희말고도 다른렌트카 에서도 2대를 도난 당하였습니다 똑같은 휴대폰 면허증을 사용하구요\n그래도 사건이 안된다고합니다 이런 유사사건으로 범인을 못잡는경우가 많아 사건이 안돼니 안움직인다고하는데.\n왜 우리나라 법은 이런걸까요?\n존경하는 대통령님 국회의원님들 내 재산이라고 생각한번 해주시길 진정으로 간곡히 부탁드리겠습니다 두아이에 가장이 이렇게 나마글남겨봅니다 이사건은 절도 사기 횡령 재물손괴  범죄단체 다 될수있는 사건인거 같습니다 부탁드립니다
435495,2018-11-07,2018-12-07,0,4,성장동력,"약대입학정원 일본 13,000명 VS 한국 1,600명","약대입학정원 일본 13,000명 VS 한국 1,600명\n일본은 약대 입학정원이 연 13,000명 입니다.\n1000조 신약시장을 준비해야 합니다.\n국민소득 5만달러로 갈려면\n이제 bio등 신약시장을 선도해야 합니다.\n1000조 신약시장을 준비할려면\n우선 약사 인력을 대폭 늘려야 합니다.\n약사입학정원을 연 5천명으로 늘려야 합니다."
501056,2019-01-20,2019-02-19,0,1,반려동물,국가 권력급 히어로를 탄핵시켜주세요,그는 히어로활동을 하지만 경찰을 기절시켜버리고 도망간 히어로의 탈을쓴 쓰레기입니다\n탄핵시켜주세요.
13759,2017-09-13,2017-11-12,0,55,일자리,일학습병행제 바뀐 법률 항의합니다,안녕하세요. 저희는 일학습병행제라는 제도를 하고 있는 20살 직장인 또는 대학생입니다. 저희는 고등학교에서 일학습병행제로 취업하여 2016년도에 시작해 2018년도에 완료하는 과정이였습니다. 그런데 갑작스럽게 바뀐 일학습병행제 법률로 인해 더이상 일학습병행제 제도를 실시할 수 없게 되었습니다.  한 업체에서 1년이상을 하지 못하여 폐지가 될 상황입니다. 당장 이번 11월 중순이 1년과정이 끝나는 시기인데 그 이후가 되면 완전히 저희는 강제적으로 일학습병행제를 끝낼 수 밖에 없습니다. 저희가 지금껏 쌓아올린 1년이란 시간을 허비하지 않도록 도와주세요. 어린 나이 고3 나이에 먼 타지역에서부터 올라와 직장과 대학교를 오가면서 직접 돈을 벌고 일찍 혼자 사회 생활을 해오면서  힘들지만 2년이란 목표만 채우자라는 마음가짐으로 버텨왔습니다. 하지만 이제 그 노력들이 물거품이 되려합니다. 대통령님 도와주세요 .. 제발 저를 포함한 일학습병행제 친구들이 이번 일학습병행제를 무사히 마무리 할 수 있도록 도와주세요. 1년이란 시간만 기다려주세요 부탁드리겠습니다 저희 미래에 가장 큰 터닝포인트가 될 것입니다.
335724,2018-08-10,2018-09-09,0,0,경제민주화,징응적인 금융사기꾼을 못잡는다는 경촬아저씨 말에,사기당한 사람. 이용 당한 사람 징응적인 금융사기꾼에게  이용 당한 사람 벌 받고\n사기 당한 사람 피해. 입고 마는 데 .\n왜 사기꾼은 잡지도 못 한다니\n경찰아저씨는 애기 하시는지 .\n이용당한 사람은 피해및 벌 까지 받아요\n가난하고 돈 없는 사럄이용당하면 전적으로\n이용당한 사람이 잘못이라는 애기네요\n금융사기꾼 잡는 방향애기가 아닌 못잡는다는\n경찰 아저씨 이용당한 사람은  사기 당한 사람은\n왜 이용당한사람 사기당한 사람만  피해와 벌 받아야\n하나요 정말 경찰아저씨가 하신 말씀 금융 사기꾼 못잡는다고 해서요..ㅜㅜ
58275,2017-12-04,2018-01-03,0,9,보건복지,이동시(걸으면서) 흡연 금지,"현재 금연장소인 공공장소외에  거리,  아파트, 빌라 단지내에서 이동하면서(걸으면서) 흡연 할수 없게 하여 주십시오."
360907,2018-08-31,2018-09-30,0,6,경제민주화,불공정 매매 제도개선,우리나라 주식시장에서 증거금 100%로 규정하여 미수거래를 금지하는 종목들이 많이 있습니다. 헌데 이러한 종목들이 왜 공매도와 대차거래는 허용이 되는지 도무지 이해가 가질않습니다. 돈없이 빌려서는 투자하지말라고 지정해놓은 종목을 돈없어도 남의주식가지고 빌려서 매도를 허용해주는 현재의 주식시장의 룰을 도저히 이해가 안갑니다.  증거금100% 종목들에대한 공매도와 대차거래를 제도화하여 금지시켜 주십시요.
400071,2018-10-07,2018-11-06,0,6,교통/건축/국토,주택담보대출 모조건 막는것 사유재산귄침해이자 위헌입니다,9.13부동산대책 누구를 위한 대책인지 검토는 제대로 해보고 시행하는지 궁금합니다. 퇴직자로 1년이상 백수하다가 사회적기업창업을 위해 아파트담보대출하려고  은행에 문의한지 20일이상 지났지만 아직도 정부의 지침이 없어 대출을 해줄수 없다니 기가막힘니다. 58년동안 청약한번 안해보고 아파트1채 사서 20년동안 그자리에서 그대로 살고있고 담보대출도 이번  처음인데 무조건 대출이 안된다니 어처구니 없습니다. 재산권침해 정부를 상대로 손해배상 청구라도 해야하나요. 지금정부를 지지하지만 실력없는 위정자들 경재를 말아먹는 한심한 관료들로 인해 다음이 걱정됩니다
79423,2018-01-04,2018-02-03,0,10,저출산/고령화대책,난임지원및출산장려,2017년 5월 출생한 한 아이의 아빠로 열심히 살고 있는 대한민국 국민입니다 저희 부부가 나이가 있다보니 시험관 시술을 통해 임신에 성공하였고 정부지원은 받았지만 본인부담 금액도 만만치가 않았습니다 아이를 키우면서 이것저것 많은 돈이 들어가는 거에 놀랐고 출산을 장려하는 정부에서 지원해주는 제도는 미미하다는걸 알고 한번더 놀랐습니다 작년10월에 난임부부 지원이 건강보험이 적용된다는 기사를 확인하였고 올해 둘째 임신 계획을 세우던 저희부부는 해당기사를 반겼지만 이후 나오는 기사들은 횟수제한 검사료.건강보험이안되는약제비등을 몰래올리는 병원들의 부당함 같은 기사들 뿐이었고 2018년 현재에도 이렇다 할만한 추가적인 지원정책이나 대책은 찾아볼수 없었습니다 정말 옛말처럼 눈에 넣어도 안아픈 제 아이를 보면서 난임과육아에서 경제적으로 힘들어하는 많은 부부들이 출산과 육아에 집중할 수 있도록 더 많은 지원정책이 나왔으면 하는 바램에서 글을 남겨봅니다
5153,2017-09-05,2017-10-05,0,0,일자리,청소년보호법 폐지해주세요!!!!!,"청소년 보호법 무조건 폐지 해주셔야 한다고 생각합니다.\n진짜 가해자들 데려다가 죽이고 싶은 심정인데\n그전에 보호법 폐지하고 나라에서 처벌하는 동시에 그년들 보호 해주시죠 ??\n저도 어린나이에 사고 많이 쳤는데\n와.. 이건 아니지 않나요 ?\n""어린이, 청소년은 우리의 미래다""?\n미래가 뭐 이모양입니까 ?? 이거 단순한 청소년 특수폭행이아니라 살인미수고 엄연한 나라 망신입니다.\n잘생각하고 말고 할것도 없고 무조건 청소년보호법 폐지해주세요 제발 간곡히 부탁드립니다."
34835,2017-11-11,2017-12-11,0,1,정치개혁,이명박 전대통령 출국금지를 청원합니다.,이명박 전대통령 출국금지를 강력히 청원합니다.
30992,2017-11-10,2017-12-10,0,1,문화/예술/체육/언론,조두순 출소를 반대 합니다,잘살고있는 가족의 안전을 위하여 조두순의 출소를 반대 합니다
330467,2018-08-06,2018-09-05,0,12,저출산/고령화대책,난임지원 대상자범위를 제한하지 말아주세요..,2015년초 늦은결혼후 2016년 잦은 유산반복으로\n현재까지 자녀가없는 부부입니다\n올해 남편 나이는42세이고\n저는40세로 둘다직장생활하며 열심히 살면서 소득에따라 건강보험료는 많이내고 있습니다\n하지만 나라정책은 정작 보험료 많이내는\n저희같은 부부에겐 난임지원 배제대상이 되는\n실정입니다\n나이에 따른 출산의 조급함 부담...눈치..\n안받고 맘편히 난임지원 받을수 있도록\n저희같은 사람도 혜택받고 출산잘할수 있게\n출산장려정책에 신경좀써주세요 제발...
424798,2018-10-30,2018-11-29,0,29,경제민주화,공매도 일시 제한를 청원합니다.,최근 경제전망에 대해 경제부총리께서는 위기가 아니라고 합니다. 지표만 보면 그렇지요. 하지만 주식시장은 이미 위기징후를 보이고 있습니다. 나라의 부가 최근 얼마나 사라졌는지 보십시오. 도데체 얼마나  더 사라져야 위기 입니까? 최근 하락의 일등공신은 공매도 입니다. 시장 수급이 안되는 상황에서 일간 공매도가 7~8천억씩 쏟아져 반복적인 하락을 지속하고 있고 앞으로도 계속 반복될 가능성이 높습니다. 일전에도 시장 안정을 위해서 일시적인 공매도 제한을 했던 것으로 알고 있습니다. 지금은 적극적인 안정책을 내야하는 시점이지 지켜만 봐서는 안됩니다.  정부의 적극적인 시장 안정책을 기대하겠습니다. 그 첫번째가 공매도 일시적인 제한이라고 생각합니다.\n감사합니다.
121505,2018-01-30,2018-03-01,0,1,교통/건축/국토,산업재해 사고 발생시 현장에서 갑과 을이 그리고 근로자가 대체 하는 자세!! 고질적인 갑질 !!,현재 우리나라에는 산업재해 발생 시 근로자들을 위해서 산재보험 가입을 각 현장마다 의무화 하고 있습니다.\n하지만 국가에서 장려하는 산재보험이 국가에서 산재재해 접수된 현장이나 회사에 불이익을 주무로써(건설회사는 국가에서 발주하는 공사에 참여 제한) 원청사 및 각현장에서는 산업재해 사고를 은폐하거나 재해자인 근로자와의 합의금으로 사고를 유아무야 입막음 해 오고 있습니다.\n하지만 거액의 합의금도 시간이 지나면서 발생되는 후유증의 고통은 고스란히 재해 근로자의 몫인 상황입니다.\n이러한 폐단을 막고자 이번에 개정된 법에서는 산업재해 은폐시 사고현장 책임자(현장소장등) 형사처벌 하겠다고 합니다.\n하지만...현장에서는 더욱 더 깊숙이 감추려고 하는 실정입니다.\n원청사 자체적으로 산재사고 접수되는 현장의 현장대리인 및 안전관계자 공사관계자들의 인사고가점수에 반영하여 강력하고 응당한 조치를 하겠다고 하니 현장에서는 절대적으로 산재사고를 숨기려고 하는 형편입니다. 예전보다 더 심각하게 산재사고를 은폐하려고만 하는 상황입니다.\n이유는 무재해 달성을 위해서랍니다 !! 웃기죠 !! 원청사에서 무재해 달성을 위해서 현장의 안전사고 산재사고를 은폐하려 드는 현실이 ......!!\n제가 여기서 청원 하고 싶은 사항은 2가지입니다.\n첫째  산업재해사고발생시 사고를 은폐하고 합의한 재해 근로자에게도 같은 조건으로 형사 처벌 해야 합니다.\n어떤 근로자는 이를 악용하여 피해보상금으로 어마어마한 금액을 요구하기도 합니다.\n또한 공상처리로 합의 된 이후에 재해  근로자의 후유증에 대비 할 수 있습니다.\n(중대사고 발생이후 합의 했던 근로자가 합의된 금액을 포기하고 직접 신고하기도 합니다.-후유중때문에)\n둘째  산업재해사고발생시 국가에서 불이익을 주었던 법규를 산업재해사고발생시 재해 현장이나 회사에서\n적극적으로 신고를 할 수 있게 유도해야 합니다. 지금의 법규에는 처벌만 있으니 더욱더 감추려고 하는\n실정입니다. 사고나면 무조건 벌점 처리 하면 안 된다는 겁니다.\n이 둘째 항목에서는 방법을 못 찾겠네요....어차피 첫째 항목이나 둘째 항목 또한 음과양이 같이 존재 하네요......\n결론은 산업재해 사고는 제발 적극적으로 접수 될 수 있는 근로 환경이 조성 되어야 한다는 것입니다.\n은폐나 감추려고만 하는 사회가 아닌 !!\n참고로 저희현장에서 안전사고가 발생 했네요.....경미한 사고여서 대수롭지 않게 여겼는데 한달이 지나서 산재 처리해달라고 와서 협박하길래 원청사에 보고 했더니 회사 사정상 자기들이 불이익을 당한다고 제발 합의해서 보내라고 종용 하네요 .....근로자는 어마어마한 금액을 달라고 하는데 원청사는 지들 인사고가에 불이익을 당한다고 하도급 업체에 합의 종용하고 현장에는 안전목표달성 207일 떡하니 붙어 있고......!!합의금액 전달하면서 근로자에게 욕이나 한바가지 해줄랍니다.
356528,2018-08-27,2018-09-26,0,23,안전/환경,무사증제도 때문에 불법체류자 천국인 한국,무사증제도 때문에 불법체류자를 더 만들고 있네요\n이들을 더 만들어 정부는 어떻게 처리할려고 합니까\n자국민이 위협받고 일자리를 다 내어주고\n도대체 정치 이따위로 밖에 못합니까
252942,2018-05-30,2018-06-29,0,1,성장동력,청원에 이미지첨부기능 넣어주세요,꿀잼 각
320810,2018-07-27,2018-08-26,0,4,일자리,보험상담 TM업무,"보험상담 TM업무 해서 먹고사는 가장들이 전국에 몇만명으로 알고 있고 나도 그중 한사람입니다.15년전 사업실패로 파산하고 길거리로 가족들이 다 헤체하기 직전 AIA생명 TM상담원으로 입사 겨우 구사일생 가정을 지키며 아이들 착하게 키워내며 이제 조금 숨쉬고 살겠다 싶은데 ,,, 어인 날벼락입니까~하루종일 상담업무로 스트레스 받으면서도 목에서 피나오게 일해서 보험청구 유지관리 다해드리고 보험 가입 녹취해서 서류 보내고 회수진행까지 녹초가 되어 아침눈떠 저녁 밤중되어야 집에 들어가 아이들 돌볼시간도 없이 쓰러지곤하면서도 다시 일으켜세우는건 오래된 고객님들 도움이 있어서 살아숨쉬고 목에 이더위에도 목도리 두르고 에어컨과싸우며 고단한 하루를 사는데.  보험통신판매에 대한 보험업법이 만들어진지 몇십년이 되어,\n스마트기기활용 및 과도한 녹취시간의 현실적반영 등 보험업법개정을 촉구하는 국민청원게시판 글이 올라와 있습니다.이런걸 청원하라고하고 상담원들 고충은 생각하지 않으신건가요~존경하는 대통령님 ^^전수녹취 30-40분씩 콜을 더 해야하는 상황에대해서 상담원들이 받는 목아픔 스트레스때문에 간수치 높아지고 갑상선결절 .암등 목에 생기는 여러가지 병들이 무리지어 옵니다~기본상담으로 전달하고 하는것도 때론 1시간이상 상담하고 겨우 체결 원하시면 기본녹취하고 승인후 추가 서류 서명하도록 서류 보내서 본인들이 서명다해서 보내오고 이중 서명을해서 계약을 하는데 뭐가 문제라는건지 ~다시한번 돌아 봐주시고 그들에 터전을 깨뜨리지 말아주세요~목이 너무 아파서 울고 싶어도 울지 못하고 먹고 살아야해서 하루 몇번씩 욕설과 비난을 들으면서도 참고 일하고 있습니다,,, 삶에 현장에서 울고 웃는 눈물을 한번쯤 돌아봐 주세요~사랑합니다~ 태어나 처음써보는 청원글이 무섭습니다,,,"
130782,2018-02-06,2018-03-08,0,2,성장동력,1인 1계정 갑시다,1인 1계정을으로 설정하지 않으면 1인 3계정 돌려쓰기 사태로 언론조작 일어날것입니다.\n동일인물이 3번 분신술하다뇨...\n그리고 실제인물인지도 조사해주세요...\n네이버 매크로 사태 여기서 일어나는 것 국민으로써 보고싶지 않습니다.\n또 20만 넘은 글들 중에 여초 논란 일어나고 있는 글의 진상을 파악해주세요.
94324,2018-01-14,2018-02-13,0,1,미래,가상회폐,정부에서 크게 반응을 안하고 실명제하고 세금 부과만  한다고 했어도 도박장처럼 되지도 않았고 이만큼 혼란도  오지않았다고  봅니다 금액이 큰 로또 처럼 흙수저에겐 그저  희망일 뿐입니다.
190465,2018-04-08,2018-05-08,0,134,경제민주화,삼성증권 사법처리 및 공매도 폐지,"유가증권 불법발행 및 처분이라는  희대의 불법 금융사태가 우리나라 최대의 대기업에서  발생되어 금융시스템 자체를 신뢰할 수 없는 상황이 발생하였는데, 정부에서 수수방관만 하고 있을때가 아니라 생각합니다.\n이번일을 그냥 넘기면 국민들은 문재인정권을 신뢰하지 앓을것입니다..가뜩이나 삼성  이재용  봐주기 법원판결이 현정권이 삼성과 뒷거래라도 하고 있는것이 아닌지 의심되는 현실에서 이러한 엄청난 일이 발생했는데 즉각적인 대응을 하지않고 있는 정부와 청와대는 이해가 가지 않습니다..\n그동안 문재인 정권을 지지해온 수많은 촛불국민들의 민심이 이탈할까봐 심히 걱정 스럽습니다.\n이 사건을 유가증권 위조유통에 해당하는 현행범에 준하여 증거 인멸하기 전에 즉각 관련자를 체포하고, 구속 수사하여 법과 원칙에 엄정히 처벌하여야 하리라 생각하며, 재발 방지를 위하여 모든 증권사에 대하여 그 동안 유사한 사례가 있었는지 공매도 시스템 및 증권거래시스템을 전수조사하고,\n기관과 외인들은 허용하고 개인들만 공매도를 할수없는  주식시스템을 바로잡던지, 공매도 제도를 폐지하여 주실 것을 청원합니다~~~!!!"
330939,2018-08-06,2018-09-05,0,2,안전/환경,BMW차량화재!,"국개의원 나리들 폭염 속에 무얼하고 있나?\n국민들은 혀가 빠지도록 포ㄱ여ㅁ과 전쟁 중인데/\nBMW 차량 화재가 전국 곳곳에서 일어나고 있는데?\n혈세를 받아먹고 있는 기레기들은 화재 원인 하나도 밝혀내지 못하고 있쟎은가?\n국회 해당 상임 위원회를 열어서 .차량의 화재 원인을 찾아 대책을 세워주길 바란다,\n이러한  내용도  청와대 청원 페이지에 올러야만 하는지?\n차량화재로 인한 국민들의 어려움?\n국개의원 스스로들이 알아서 해결을 해 주어야할 판 이 아닌가?\n출마 때는 오만 방자한 공약으로 유혹?\n당선되면 나 몰라라!\n정신차려라!\n국민은 더이상의 바보가 아니다,"
355959,2018-08-27,2018-09-26,0,4,인권/성평등,기독교 관련 대학교에 채플수업 의무를 폐지시켜주세요,저는 서울의 한 전문대학교에 다니고 있는 20살 대학생입니다. 저희학교에는 채플과 기독교의 이해라는 2개의 기독교 관련 교양과목이 있습니다.\n그 과목들의 재학동안 일정 학기 이상 의무적으로 수업을 들어야합니다. 전 기독교를 믿지도 않고 좋아하지도 않습니다. 그런대 저는 한학기동안 채플과목 수업에 가면 교회처럼 설교하고 기독교 관련 이야기를 듣고있는게 불쾌하고 시간 낭비라고 생각했습니다. 오히려 그렇게 강제로 않아서 스트레스받으며 시간을 버릴바에 휴식을 취하더 다른 교양수업을 듣고 공부하고싶습니다. 대학교 채플 수업 의무를 없애주세요.
267699,2018-06-10,2018-07-10,0,4,정치개혁,선거 출마 후보자 기본 수준 검증 시험 제안,"우리는 선거를 통해 우리의 대리자를 선출하고 그들에게\n나라살림과 정책입법등을 맡기게됩니다.\n그에따라 이뤄지는 지방선거에는 수많은 정당의 많은후보들이\n출마하고 선거운동을합니다. 하지만 시민들은\n그들이 정말 우리의 대리자가될만한 지식수준과\n행정 업무능력을 지녔는지 검증할길이 없습니다.\n따라서 선호정당을 따라서 투표하거나 아예투표를 하지않는 등\n부작용이 따릅니다. 이에 도의원, 시의원, 시장, 등\n기초 수준 검증 시험을 치르게하여 기준점수 미달일 경우\n아예 출마를 못하게하거나 점수를 공개하여 유권자들이\n투표에 결과를 반영할 수있도록 하는 제도의 도입을 제안합니다.\n이제 더이상 눈가리고 아웅식의 선거공략, 비서진의 도움을\n받지 않고는 아무것도 못하는 무능력한 의원들을 뽑아서는 안됩니다. 진짜 일을 할수있고 잘할수있는 사람들 뽑아야합니다. 이 제안은 그 최소한의 수준도 미달인 후보자들을 걸러내는 장치인 동시에 시민들의 대리인 자리가\n많은 노력이 필요한 자리임을 우리모두에게 인식시키는 계기가 될것입니다."
221095,2018-05-03,2018-06-02,0,10,미래,LG전자 스마트폰 생산 중단 청원,악덕기업 LG는 스마트폰 생산을 중단해야한다 생각합니다 LG전자 스마트폰을 사용하고있는 한 시민입니다 LG는 스마트폰을 찍어내기만 하지 제대로된 사후관리와 서비스를 제공하지 안습니다 제가 햔드폰이 고장나서 가면 기사님이 하는 말씀이 있습니다 뭐가 문제지... 초기화 해보자 이런말은 일반인도 할수있습니다 LG는 자신들의 근본적인 원인을 모르면서 서비스 센터라는 보여주기식의 AS 센터를 만들었습니다 이젠 더이상 LG가 스마트폰을 만들면 안된다고 생각합니다 제가 LG폰을쓰면서 단한번도 정상적인 폰을 본적이 없습니다
161204,2018-03-08,2018-04-07,0,3,인권/성평등,제천여성도서관은 성차별입니다.,"제천에는 전국 유일한 여성도서관이 있습니다.\n이 도서관에는 남성은 1층 아주 일부 구간만 이용할 수 있을 뿐으로서, 남성들이 성차별을 당하고 있습니다.\n배움에는 차별이 없어야하나, 남성이라는 이유로 국민세금으로 운영되는 도서관을 이용하지 못 한다는 것이 말이되나요??\n국가인권위원회에서도 성차별이라고 남자도 이용할 수 있게하라는 권고를 내린 바 있으나,\n여성도서관측은 이를 무시하고, 겨우 1층 일부공간만 남성도 이용할 수 있게 했을 뿐입니다.\n이로인해, 남성들은 공부를 하려면 멀리있는 도서관을 가야하고, 여성들만 가까이 있는 여성도서관을 이용할 수 있는 것입니다.\n더군다나 다른 도서관에는 없는 도서가, 여성도서관에만 있는 경우도 있어서..\n남성들은 더욱 성차별을 당함을 느낍니다.\n남녀 성차별은 없어야합니다.\n그런데, 오히려 이를 알면서도 묵인하는 것은 문제가 있다고 봅니다.\n국가에서 나서서 제천여성도서관을 남녀 모두 이용할 수 있도록 바꾸던지, 국민세금으로 운영되지 못하도록 바꿔주십시오."
64807,2017-12-13,2018-01-12,0,4,인권/성평등,"노동의 사각지대, 대학원생을 구해주세요.","지난 사건중에 y대 대학원생 폭발물사건이 있었습니다. 누가 범인인지 왜 대학원생이 교수를 공격했는지 궁금해보셨는지요?\n대한민국에서는 최저시급 노동을 보장받지 못하면서 개인(교수)의 노예로 전락해버린 청년들이  있습니다.\n대학의 연구소 및 대학부속시설(산학협력단 등) 근무하고 있는 조교 및 연구원 혹은 소속이 불분명한 상태인 자로 피고용자 즉 근로자로 인정을 받지 못하고 있는 대학원생 신분 노동자가 전국대학교 90%가 넘습니다. 지역거점 국립대학교도 마찬가지 입니다.\n기존에 학업에 집중하며 그 비중이 크다는 이유로\n근로자가 아닌 학생신분으로 보는 것이 맞다는\n판례처럼 대학은 수십년동안 곪은 관례가 존재합니다.\n피해자들은 노동시간이 존재하며 인권 및 노동자로 보호를 받아서 법의 사각지대에서 빠져나와야 합니다. 자살, 외상스트레스성 질병등 다양한 피해사례가 속출하고 있습니다.\n학술연구는 그 다음 문제입니다. 대책이 시급하다고 보여집니다.\n하루 빨리 법의 보호속에서 근무할 수 있도록 정부와 고용노동부는 대책을 마련하여주시기 바랍니다.\n감사합니다."
248025,2018-05-28,2018-06-27,0,5,농산어촌,태양광시설로부터 고향을 지켜주세요...,"안녕하세요~~\n보령시 주교면 신대리 434-42 주민입니다.\n허구헌날마다 이사람 저사람 개발업자들이 저희집 주변 보령시 주교면 신대리 566-4번지, 동소 신대리 산 136-3번지에 태양광시설을 설치한다고 합니다.\n이전에도 다른 개발업자가 같은 위치에 태양광시설을 신청하였을때 70여명이 반대서명하여 반대의사를 보령시에 제출하였고,\n또 이번에는다른 개발업자로부터 태양광설치 신청이 있어 주변 주민분들이 보령시 시장님, 부시장님, 담당자분들을 찾아뵙지만 아무런 소용이 없었으며, 2018년 5월24일 보령시에 심의가 있어 주민분들 30여분과 회의실 앞에서 묵언 농성을 했습니다.\n태양광시설 관련 반대를 하면 할수록 절망만 커져 참담한 마음으로 대통령님과 보령시에 심정을 호소하고자 글을 올립니다. 명쾌한 답변 바랍니다.\n1. 어떻게 만든 법이길래 평생 조상대대로 살아온 주민은 아무런 보호도 없이 태양광설치허가를 보고만 있어야 하는건지요?\n2. 나라 돈 들여 귀어귀촌에 예산은 쓰시면서 힘들게 고향을 지키는 주민들은 고향을 버려야 하는건가요?\n3. 자기집 지붕에 일부분 설치하는것도 아니고 1만평 농경지에 태양광시설을 설치하는데 인근에 접한 주민의 의사는 묵살되는지?\n4. 대출만 받더라도 신용등급과 소득이 있어야 하는데 개발업자의 신용등급이나 자본력은 아무런 제한이 없는것인지? 무엇을 검토해서 무슨 근거로 허가를 승인하는지?\n이외에도 너무나 억울하고 비통한 점들이 많습니다.\n대통령님과 보령시 관계자분들께 마지막으로 한가지만 당부 드리겠습니다.\n농촌의 현실을 알고 주민들과 함께 할 수 있는 정책을 바랍니다. 무분별한 왜지 개발업자가 난입하는 태양광설치는 검토하면서 여짓껏 그 땅을 지켜온 주민들의 권리는 뭐가 있습니까? 왜지 개발업자들의 돈 몇푼에 고향이 파괴되지 않도록 고향을 지켜 주시기 바랍니다."
358837,2018-08-29,2018-09-28,0,9,교통/건축/국토,강남/서초 부동산 세금을 100% 강북/중랑/금천 개발에 써주세요,"[상황의 인식]\n규제로 집값 못 잡습니다.\n집값은 주거환경, 진학률 등 동네 인프라 수준에 비례하는데, 작금의 정부는 균형발전을 위한 대책보다 규제의 강도만 얘기하고 있습니다.\n[시장에 맡기자]\n효과도 없는 규제 모두 풀어야 합니다.\n다만 공시지가를 실거래가 수준으로 현실화해주세요.\n취득세, 양도소득세, 재산세, 종합소득세 등 세금을 제대로 걷어야 합니다.\n[내가 낸 세금, 남의 집값 올리는데 쓰인다]\n강남/서초/송파 등 투기지역에서 걷은 부동산 관련 세금을 매달 ""공시""해주세요.\n그리고 그 세금 전부(※)를 상대적으로 인프라 열위인 지역에 투자해 주십시오.\n정부는 그 투자금액과 주거환경/학군이 실제 어떻게 개선되고 있는지를 국민에게 정기적으로 보고해야 합니다.\n※ 국세, 지방세 모두 포함\n요는, 투기지역의 거래세/보유세가 구.조.적.으로 열위 지역의 집값을 올리는데 쓰인다는 것을 명확히 인지시켜야 합니다. 시장이 이를 정인지하면 투기 억제를 위한 어떤 규제보다도 강력하게 작동할 것입니다.\n...규제 놀이만 하다가, 5년 뒤에도, 10년 뒤에도, 빚 더 내서 집 한 채 더 사지 않은게 후회된다는 생각하게 만들겁니까? 전 투기지역에 살고 있고 제 집도 많이 오르고 있지만 투기 열풍의 비정상 사회에서 살고 싶지는 않습니다. 뭔가 사회를 발전시키는 가치에 돈이 돌아야 하지 않겠습니까?"
296560,2018-07-05,2018-08-04,0,14,저출산/고령화대책,저출산 대책.... 이게 최선입니까??,"안녕하십니까. 대전에사는 34살 재하아빠입니다.\n오늘 저출산고령사회위원회에서 발표한 저출산대책에 대해 너무 황당하고 어의없는 대책이라 생각되어\n이렇게 청원을 올립니다.\n제가 궁금한것은\n1. 실질적이지 않고 별다른 도움도 되지않는 정책을 10년간 진행해오며 130억원이라는\n천문학적인 예산을 낭비해 놓고 이와같은 어처구니 없는 정책을 연장하려는 의도가 무엇인지 정확하게 알고 싶습니다.\n2. 제도적으로 공무원들은 가능하지만 민간기업에서 특히나 중소기업에서 가능하지 않은 정책들이 많은데\n어떻게 제도를 정착시킬것인지 궁금합니다.(공부원부터 시작해서 민간까지 확대된다는 무책임한 답변은 사양합니다. 저는 대통령님말보단 저희 부장님말이 제 밥벌이에 더욱 중요하기 때문입니다. 참고로 3일로 규정되어있는 아빠 육아휴직을 부장님이 2일만 쉬라해서 2일만 쉬었습니다.이런부분을 어떻게 해소하실것인지..)\n3. 현 정부에서 얼마나 간절하게 저출산을 해결하고자하는지가 전혀 느껴지지 않습니다. 혹시 이민자의 수용과 난민입국등을 통한 인구수 증가를 노리시는건지 알고싶습니다.\n4. 대부분의 신혼부부들이아이를 낳지 않는 이유는 돈, 여유, 양육시설이 없어서 입니다. 그런데 정부는 이중 어느하나 제대로된 해결책을 제시하지 못하고 있습니다. 이유는 바로 이런걸 격어보지 못한 세대에서 정책을 수립하기때문이라고 생각됩니다.\n현정부 관료님들중에 애기 분유한통, 기저귀한박스, 애기장난감 등의 물가를 아는 관료님들이 얼마나 될까요?\n저출산고령사회위원회의 물갈이가 있어야 한다고 생각하는데 정부의 입장은 어떻게 생각되시는지요?\n5. 육아복지 사각지대에 대해 보완책을 마련하셨는데 사각지대에 있지않음에도 복지의 혜댁을 누리지 못하는\n저와같은 사람들에 대책도 많이 미흡해 보입니다. 저는 저혼자일하고 와이프는 육아를 담당(육아시설이 부족하여 퇴사함)하고 있습니다. 특수고용직이 이번부터 월 50만원씩 3개월간 받을수있다고 합니다. 저와같은 경우에는 그런것도 누리지 못하고 출산지원금 없이 20만원 육아수당과 전기값인하 외에 제가 체감하는 복지 혜택은 없는것 같은데 세금은 내면서 상대적으로 역차별이리고 생각됩니다. 어떻게 생각하시는지요?\n오늘의 대책이 너무 실망스러워 두서없이 질문을 드려 죄송합니다.\n답변부탁드립니다."
181501,2018-03-31,2018-04-30,0,141,정치개혁,조여옥대위 윤전추전 행정관 위증,조여옥대위는 군인신분으로 국가와 국민을 우롱한 파렴치한 군인입니다 이런사람이\n현재까지 현역으로 있다면 우리나라에\n크나큰 국방의 위협이되기에 하루속히\n조여옥을 현역에서 퇴출시켜서 민간인으로\n살게하고 그에 합당한 처벌을 해줄것을\n간곡히 청원드립니다\n또한 윤전추전 행정관은 박근혜를위해\n국민과 국회와 국가를 우롱한 파렴치하고도\n비인간적인 행동을해 나라를 망치는데\n일조를한 사람으로써 절대 좌시해서는\n안될사람중에 한사람입니다\n하루속히 진상규명을하여 이사람이\n죄값을치루도록 수사하여 주시길바랍니다
495626,2019-01-14,2019-02-13,0,9,행정,쓰레기종량제 봉투는 재생비닐로...,쓰레기는  종량제 봉지에 담아서 버립니다\n봉지는 크기에따라 금액이 상이합니다\n비싸다고 생각하지만\n여태 재생비닐로 만든거라 생각하며\n이도 나름 환경을 보호하는거라 생각했는데\n며칠전 각 지자체가 단지 색이 탁하다는 이유로\n재생비닐로 만든 종량제봉투를 거부한다는 뉴스를보고 황당했습니다\n아니 쓰레기버리는 봉지 색이 탁하면 어떻고\n안탁하면 어떻습니까?\n그래서 꼴랑 쓰레기 버리는 비닐을 새비닐로 만드는\n이런 터무니없는 낭비는 막아주세요\n국제적망신인 쓰레기 해외수출...\n이제 그만하고\n내부적으로 사용할수 있는것부터\n가장먼저 쓰레기봉지부터\n재생비닐을 사용하도록 행정재정부탁드립니다.
260695,2018-06-03,2018-07-03,0,2,외교/통일/국방,민간인 군복착용 강력처벌 요청,"군복착용은 현역 군인신분 또는 예비군전역자가 동원훈련때 착용하는것으로 아는데 일부  옛 향수에 적으신건지 연세도 있으신 분들이 군복을 입고 해병대전우회, 고엽제 전우회등 각종 집회  특히 보수집회에 군복을 입고나와 자신들이 현역 군인인듯 지나가는 시민들에게 위화감과 공포감을 조성합니다  일반적으로 민간인 한테  군복 입으라고 해도 입지 않을 텐데 이런분들은 군인사칭 으로 오해 소지가 있으며 국방부와 행안부에서 강력한 처벌을 요청드립니다"
336445,2018-08-11,2018-09-10,0,15,반려동물,개 식용 참견말아주세요,"반려견 안키우고 반려되지키우는사람이 되지도빼달라면 빼주실건가요?  대한민국  정부보다 오래된먹거리를  일부안먹는사람이 식용반대한다고 정부가나서서 한쪽편들면안되죠!  그리도 인기가중요합니까? 참견할거를하세요 다른가축들은되고 개는 안되는걸 외  정부가정합니까  인먹는사람들은 지들만안먹으면되지\n외  먹는사람까지못먹개하나요?  주재넘게  남먹거리가지고\n참견마시고 당신들이나 먹지마세요,  이런식이면  나중엔머고싸는거까지 통재한다고 나설까두렵내요"
76640,2017-12-29,2018-01-28,0,3,행정,공인인증서 매년 갱신하는 불편을 없애 주세요.,"공인인증서를 매년 갱신하는 것이 너무 불편하고 번거로워 청원을 올립니다.\n매년 갱신하는 이유를 대자면 보안상 이유라 답변을 하겠지만,\n보안상의 이유라면 비밀번호를 주기적으로 의무적으로 바꾸게 만들면 되는 것이지, 공인인증서 자체를 매년 새로 발급받아야 한다는 것은, 마치 주민등록 번호를 매년 갱신하는 것하고 뭐가 다를까요?\n높으신 분들이야 은행 업무를 본인이 직접 안보니까 불편함을 모르시겠지만, 우리네 서민들은 공인인증서를 바꾸면 무척 불편하다는 것을 몸소 체험했을 겁니다.\n불편 내용 및 비용 손실\n1. 내가 거래하는 은행별로, 카드회사별로, 보험회사별로, 심지어는 홈텍스, 민원24등 공인인증서를 필요로 하는 모든 기관의 인증서를 새로 등록해야 하는 불편(해보신 분들은 아시겠지만, 무척 짜증납니다)\n2. 개인 4,400원, 자영업자는 11만원씩 매년 비용이 나갑니다. 자영업자가 무슨 떼돈을 번다고 매년 11만원씩이나 주고 공인인증서를  갱신해야 하나요.\n위와 같은 사유로 공인인증서 매년 갱신하는 것을 비밀번호를 주기적으로 의무적으로 바꾸게 만들어 주기를 간절히 청원합니다."
451436,2018-11-24,2018-12-24,0,6,경제민주화,신용카드연회비를  없애주세요,카드사의  연회비도  다틀린다  경제상황이  안좋고  경기가침체대있는 데  서민들이  어쩌다  꼭필요할때 쓰는데\n연회비도  버겁다 대기업인  롯데카드연회비 는  15000원 삼성카드  .현대카드 .신한카드....서민을위해  연회비\n페지해주어으면  고맙겠읍니다
296528,2018-07-05,2018-08-04,0,37,경제민주화,국회의원 특활비는 왜 사용내역이 없나요?,"정의당만 자체 반납이라 나오고, 국회의원 특활비 법제정 과정에서 거의 다 반대라고 봤어요. 어떤 명목으로 어디에 쓰이는지라도 확실히 알아야 국민들의 세금이 잘 쓰이고 있는지 확인할 수 있는 거 아닙니까?"
120069,2018-01-28,2018-02-27,0,4,성장동력,가상화폐의 규제를 엄중히 고려해 주시고 합리적 판단을 청원합니다.,"청와대에 계시는 정부 관계자님에게 부탁드립니다.\n지금까지 정부는 우리 국민들에게 행복한 꿈을 꾸게 해줄려는 노력은 있었습니다. 대표적인 정책은“잘살아 보세~~ 새마을 운동”이었습니다. 그 당시 우리 국민들의 꿈은 “보릿고개”를 넘는 것이 “꿈”이었습니다. 그 꿈은 정부의 설득과 노력으로 국민들이 단합을 했기에 이루어낸 “꿈”이었습니다.\n그렇지만 한반도에 세워진 그 어떤 국가와 정부도 국민들에게 꿈을 선사해 주지 못한 경우도 많았습니다. 고구려도 그랬으며 신라도 그랬습니다. 그래서 국민들이 실망을 한경우도 많았습니다. 그렇지만 우리 국민들은 어려운 여건 속에서도 잘 버티면서 살아왔습니다.\n우선 가상화폐의 의미가 무엇인지 살펴볼 필요가 있다고 여겨집니다. 화폐는 화폐로써의 가치가 있을 때 화폐가 되는것입니다. 우리가 물건을 구매할 때 지갑에서 돈이나 신용카드를 꺼냅니다. 오늘 5천원이면 내일도 5천원입니다. 100원짜리는 내일도 100원짜리 화폐입니다.\n투자라는건 화폐를 이용해서 주식을 산다던지 땅을 사는것인데 화폐로 화폐를 투자한다는 것은 그것은 화폐로서의 순기능을 의심해봐야 합니다.\n실패를 할 것을 알면서 투자를 한다면 가상화폐는 화폐의 기능이 많이 퇴화되는것입니다. 또한 화폐는 실패할수 없습니다. 저에게 1천원짜리 10장이 있는데 1만원짜리로 교환하기 위해서 은행에서 1만원자리 1장으로 바꿨다면 손해가 생길까요? 손해는 0원입니다.\n1만원자리 1장하고 1천원자리 10장하고 시세는 같고 내일도 같고 한달이 지나도 같습니다.\n""가상화폐 거래소 조차 폐쇄해 버릴 수 있으니 적당히들 하시라고""\n<위에 말은 맞는말입니다. 서민들중에는 사채업자에게 빚을내서 가상화폐에 투자를 한 사람도 있습니다. 저번에 정부 발표로 인해 엄청난 손해를 입었습니다. 3억을 사채업자에 빌렸다고 하더랍니다. 그래서 2억을 손해봤습니다. 그러면 이게 적당히 한 것으로 간주 할 수 있는지요? 선전포고를 해야합니다. 사채업자에게 돈을 빌려서 못 갚으면 빛쟁이 되는건데 정부에서라도 선전포고를 할 수 있는 상황이었을 겁니다.>\n우리 국민들이 가장 절실히 원하는 꿈은 1만원자리 지폐로 시장에서 1만원답게 물건을 사는것일것입니다. 1만원 가지고 시장에 가면 욕나옵니다. 나도 한강 가즈아라고 외치고 싶을 정도로 욕나오는 경우 있습니다.\n집을 살지도 모른다는 생각은 “상상”입니다. 내가 하고싶은 것을 다 하면서 산다는 것은 “욕심”입니다. 내 생활에 보탬이 되려면 “술과 담배”를 끊어야 합니다.\n술과 담배 때문에 오히려 가계 지출에 구멍이 생기고 건강에 문제가 지출은 더욱 늘어나게 됩니다.\n몇일전 시장에서 돼지고기 한 근을 샀습니다. 그런데 업주가 “가상화폐”로도 결제가 가능하다고 귀뜸을 주더랍니다. 그래서 저는 와~~ 가상화폐로도 결제가 되구나라고 생각을 했는데 가만히 생각을 해보니 불평등했습니다. 돼지고기는 먹으면 없어집니다. 다시 먹으려면 사야합니다. 그런데 가상화폐는 다음날이면 시세가 오를 수 있습니다. 그리고 그것을 팔아서 돼지고기 한근보다 많은 돼지고기를 사서 먹을 수 있습니다.\n그러면 이건 정상적인 화폐라기 보다는 “불평등 화폐”입니다.\n이 원리는 고물상과 같은 원리입니다. 고물상에서는 그날 시세대로 고철을 매입합니다. 판매자는 시세대로 팔았기에 기분이 좋겠지만 고물상은 이갈 바로 파는 것이 아니라 시세가 좀 올라가면 되팝니다. 물론 경기가 안좋을때는 빨리 되팝니다.\n그려면 이게 정상적인 화폐의 순기능이 맞느냐?인데 아닙니다. 차익을 노리는 성격이 강합니다. 비트코인의 블록체인 기술은 유효하겠지만 이미 가상화폐가 아닌 다른 기술로 블록체인 기술을 실현시키기 위해서 업체들도 노력하고 있습니다.\n4차 산업은 통신기술의 눈부신 발전에 힘 입어서 산업과 써비스업의 질적인 향상과 발전을 가져다 주는것인데 가상화폐가 4차 산업에 차지하는 비중이 과연 어떻게 될지는 저도 모릅니다.  비중이 적다면 굳히 가상화폐를 고집할 이유는 없다 여겨집니다.\n화폐는 화폐로서의 순기능이 있어야 하는데 투자를 한다는 것은 “이익”을 얻고자 하는 개인 욕구가 반영된 결과라고 생각합니다.\n그렇지만 가상화폐가 어느정도 안정화가 되면 투자 목적은 사라질것이지만 현재는 채굴이 한창 진행중이고 채굴이 끝나면 가격은 수요층이 많다면 더 오를수 있습니다.\n지구에 숨어있는 자원도 마찬가지입니다. 구리/철/니켈/석유등.... 가지수가 많은 자원도 종류가 많아 보일뿐 매장량은 한정되어 있습니다. 그렇기에 훗날에는 가격이 더 올라갈 요지가 많으며 특히 석유는 전쟁도 일으키는 강력한 자원입니다. 이러한 자원은 인간의 생존에 필요한 공산품과 장비들을 생산하는데 필요하기에 수요층이 매우 많습니다.\n가상화폐도 수요층이 많기에 가격이 상승했는데 가상화폐는  말 그대로 가상이기에 범죄에 취약하다는 단점이\n또한 실제 현장에서 통용되는 가상화폐수요가 적정한지도 살펴볼 필요가 있습니다. 시장에서 물건을 구입하면 대부분 5만원 이내에서 사는 경우가 많은데 가상화폐의 밸런스가 맞는지 의문입니다.\n물론 시세가 폭락했다 할찌라도 처음에 시작한 이들은 손해가 아닙니다. 10원에서 출발했다 칩시다 그러면 시세[가 30%덜어져도 10까지는 안떨어지겠지요.\n또한 가상화폐를 온 국민이 할 수는 없습니다.\n가상화폐를 구입하려면 그만한 돈이 필요할텐데 결국 일반 서민들은 사채업자에 빛을 내서 해야 되는 상황도 있었는데 이건 정상적인 화폐구입은 결코 아닙니다.\n누구나 여름에 전기를 계속틀고 싶어하고 겨울되면 보일러 기름 팍팍 넣어서 때고 싶기도 합니다.\n지금 우리나라는 자살율/고툥사고율/낙태율/아기해외입양..뭐하나 할것없이 상위권입니다.\n만일 가상화폐가 합법적으로 이루어진다면 성공하는 사람도 있겠으나 실패하는 사람도 있습니다. 이 세상에는 뭐든지 반대급부가 있기 마련입니다.\n실패자가 낙심해서 한강 가즈아~~라고 외치면 자살율 상승에 도움을 주는꼴이 됩니다.\n우리나라의 경제력은 “제조업”입니다. 북한은 남한보다 빈곤하게 살아도 지하에 묻힌 자원이 엄청납니다. 반대로 남한은 지하자원이 없어도 너무 없고 있어도 이미 채굴이 다 끝났거나 양도 얼마 되지 않을것입니다. 남한이 저주를 받았다고 생각이 들 정도로 비극입니다.\n그래서 우리 한국은 수출주도형으로 살아남았습니다. 제조업이 성장 동력입니다.\n그런데 학교 선생님들은 “좋은 직장” “안정적인 직장”을 다니라고 권고하고 공부하라고 합니다.  대한민국 국민 누구나 그렇게 교육을 받는다면  모든 국민들은 안정적인 직장을 다녀야 할터인데 그게 안됩니다.  교육제도를 현실에 맞게 개선하던지 아니면 ""세직장운동""이라도 해서 대한민국에 있는 공장들을 좋은 일자리 공장으로 만들던지 해야 한다고 생각합니다.\n다들 공무원되겠다고 공부하고 판,검사 되겠다고 공부하고 의사되겠다고 공부합니다.\n제조업에 들어가면 그거 할려고 대학갔냐면서 욕하는 부모들도 있습니다.\n“국민들의 생각이 바뀌어야 한다고 생각합니다”\n옛전에 보릿고개를 겪을 때 “잘살아보세”라는 구호로 국민들이 단합하여 위기를 극복했고 꿈을 실현했습니다. 그래서 제조업의 경쟁력 상실이 대한민국의 최대 위기라고 생각합니다.\n외국인들을 주구장창 채용하는 것은 범죄율을 높이고 제조업의 경쟁력을 상실하는 결과를 언젠가는 가져올것이라 여겨집니다.\n제조업이 일도 힘들고 월급은 적고 욕은 많이하고 성깔 더러운 공고애들이나 가는곳이다라는 생각을 버리고 대학원 졸업자도 제조업에서 당당하게 명함 내밀 수 있는 사회가 되었으면 합니다. 그래야 서로 잘 버틸 수 있다고 생각합니다.\n청와대에 계시는 정부 관계자 여러분~~~ 가상화폐는 화폐로써의 순기능에는 적절치가 않아서 화폐라고 부르기엔 다소 부족합니다.\n가상화폐로 물건을 구입할수 있지만 이것은 “불평등 거래”입니다.\n일부 국민들은 대통령을 잘못 뽑아서 “문재앙”이라니 “문화재”라느니 이런 소리를 하지만\n저는 문재인 대통령님이 역대급 대통령 중에서는 최고로 잘생겨서 “문모델”이라고 생각합니다. 국민이라서 이런 개그도 할 수 있잖습니까?\n그렇지만 정부에서 가상화폐를 합법적으로 인정하실 요량이시면 사채업자에게 빛을 내서 가상화폐를 구입하는 일은 없도록 철저한 단속과 안전장치를 요구합니다.\n또한 가상화폐가 순기능을 할 수 있도록 가격을 아예 고정가로 책정을 해서 통용을 시키시던지 했으면 합니다.\n화폐는 화폐다워야 화폐로써 정상적인 기능을 발휘하는것입니다. 또한 기존에 사용하고 있는 지폐의 가치를 하락시켜서는 안될것이라 생각합니다.\n많은 국민들이 자기 개인의 욕구로 인해서 가상화폐를 무리하게 구입한 경우가 많은데 이 부분은 정부의 실책도 있다고 여겨집니다.\n가상화폐는 말 그대로 가상인데 가상의 물건들은 시세차익이 생길 수밖에 없으며 그 차익을 노리는 투자자들이 생길 수밖에 없습니다.\n이번 가상화폐 사건을 교훈으로 삼고 다음에는 가상 화폐와 비슷한 것들이 발생하면 처음부터 차단을 해서 국민들이 손해를 보는 경우가 없도록 예방책을 세워야 할것입니다.\n이와 같이 청원합니다."
24916,2017-10-31,2017-11-30,0,0,인권/성평등,학교 인권침해,폰한번 안냇다고해서 일주일압수해요..원래 그런거 학생인권침해잖아요..\n그리고..전에 체육복 한번 못가져와서 멋있었는데\n제가 남녀공학이거든요 ...남자애들있는데서 뻗치라고해서 단소로때렷어요...어떻게해야하나요..수치심느꼇고..도와주세여..ㅠㅠ
357879,2018-08-28,2018-09-27,0,0,문화/예술/체육/언론,국익선양자에게 병역 의무를 40대 이후로 유보해 주셨으면 합니다.,"올림픽 금메달 수여자들에게 주는 병역 혜택을 국위선양자들에게 '기간유보'의 혜택을 주셨으면 합니다. 국위선양자의 심사 기관을 만들어 추천자의 도덕성, 투명한 세금 납부 사실을 확인 하고 심사 하여 그 심사 기관이 운영 하는 홈페이지에 국민들이 참여 하여 찬성이 백만명 이상 돼면 잠시 병역 나이를 40대로 미루어 주어 1년 정도 행정업무를 본다든지 지금 한창의 나이에 병역이란 짐을 좀더 유해하게 해 주어야 한다고 생각 합니다. 면제를 청하는것이 아니고 병역의무를 좀더 뒤로 기간을 유보해 달라는 것입니다. 20-30대 한창 활동해야할 시기에 병역 이란 공백이 그 활동에 지장을 주는 것은 국익을 위해선 아니라고 생각 합니다."
428253,2018-11-01,2018-12-01,0,3,미래,이 청원은 지우지 마세요!,1.모든 정부발표\n2.모든 방송내용\n3.모든 언론보도내용 등등은\n그 결과를 정직.공정.투명 하게 수집하고 발표하여 헌법에 보장된 국민의 알권리를 지켜주기 바랍니다.\n물론 발표되는 곳은 한 곳으로 집중시켜야 하겠지요! 찾아보기 쉽게 말입니다.\n이렇게 하면 당연히 가짜뉴스는 사라지겠지요!
211189,2018-04-24,2018-05-24,0,5,보건복지,치아교정치료에 의료보험 혜택을 부탁드립니다,"치아교정치료비용이 보통 400-500만원인데\n교정기를 매일 교체하는 것도 아닌데 이렇게 비쌀 필요는 없어보입니다.\n물론 저렴한 교정비를 제시하는 곳도 있지만\n오히려 다른 치료를 빌미로 더많은 치료비가 들게됩니다\nhttps://www.youtube.com/watch?v=paydfkk9pxg\n교정치료비 자체의 보혐혜택 확대와\n교정치료중 추가 치료비 과다 청구를 막을 수 있는 제도를 부탁드립니다.\n---------------------------------------------------\n정부가 국민의 소득을 늘려주지는 못하겠지만,\n생계에 부담을 주는 부분을 현실화해주시기 바랍니다."
115779,2018-01-26,2018-02-25,0,2,반려동물,동물학대 법,저는 동물 학대하는 사람들에게 좀더 엄격한 법으로 벌을 내렸으면 합니다. 얼마전 강아지가 사람을 무는 일로 인해 안타까운 일이 있었습니다. 그로인해 강아지에 대한 규정과 법이 확대 되었습니다. 저는 이 법이 생기는 동시에 사람들에 마음이 아닌 동물들의 마음을 입장바꿔 생각하게되었습니다. 사람들이 집에 하루 이틀 몇일을  갇혀있다가 잠깐에 산책이 주어졌다고 생각한다면  매우 신이 나서 돌아다닐것같습니다. 하지만 새로운 규정으로 인해 사람들은 입을 막고 목줄에 감긴체 1m도 마음대로 돌아다니지 못한다면 어떨것 같습니까? 그건 사람으로써의 자기 할도리도 자격도 없다고 생각합니다.  그렇게 사람들은 동물들이 가장 가까운 친구라고 말하지만 정작 사람들은 전혀 그렇지 않습니다.  강아지가 사람을 죽이는것과 사람이 강아지 죽이는 것이 다르다고 생각하는게 너무 억울합니다. 목숨의 무게는 잴수없다고 생각합니다 그래서 저는 동물 학대 하는사람도 강력한 법과 똑같이 당해봐야한다고 생각합니다. 그렇기에 저는 동물학대 법이 가중되기를 청원합니다
300050,2018-07-08,2018-08-07,0,55,미래,난민은 진짜 반대!,"우리나라가 난민들을 받아들여서 다른나라들처럼 더 이상 안전하지 않은 나라가 될까봐 불안합니다.\n저는 아직 하고 싶은 것이 많습니다. 꿈도 이루고 싶고, 친구들과 국내여행으로 이 곳 저 곳 다니면서 맛집탐방도 하고 싶고 집에 늦게 들어가고도 하고싶습니다. 물론 23시전까지는 들어가야겠지만요.\n그러다 보면 저는 직장에 다니면서 돈을 벌고 세금을 내게 될 것입니다.\n우리나라 불우이웃을 위해서도 아니고 우리나라를 위해서도 아닌 난민들을 위해서 저는 열심히 일을 해서 세금을 내게 되겠죠.\n그것도 안전을 보장받지 못한 채 매일매일 집단강간을 당할까.아니면 테러가 일어날까. 걱정하면서 직장에 다닐 것입니다.\n그러다 난민들이 더 많아지면 직장을 그만두게 될것입니다. 생명의 위협을 느껴서..\n그렇게 우리나라는 많은 여성 인재들을 잃게 될 수도 있을 것입니다.\n또 국내여행은 커녕 집 앞 슈퍼에 나가는 것도 무서워서 포기하게 되겠죠.\n어느 신문사에서 난민을 받아들이는 이유가 저출산때문이다.라고 보도한 것을 보았습니다.\n저출산을 해결하는 것에 동의합니다.\n하지만 저출산 해결방안으로 난민들을 채워넣는 것에는 동의 하지 않습니다.\n청 장년층이 난민들을 먹여살릴려 뼈빠지게 세금을 내야한다는 말은 하지 않겠습니다. 이미 인터넷 댓글에 많이 올라와 있으니까요.\n제가 하고 싶은 말은 우리나라 인구는 점점 줄어드는데 난민들이 점점 많아진다면 그 땅을 우리 땅, 우리 자랑스런 대한민국이라고 할 수있을까요? 아니요. 난민들이 무서워서 말도 꺼내지 못할 것입니다.\n잘못을 깨닫고 되돌릴 수 있는 일과 없는 일이 있는 것처럼 이 문제에 대해 다시 한 번 더 생각해주세요.\n생명의 위협을 느끼면 사람들은 아이를 더더욱 낳지 않을 것입니다. 저출산의 해결 방안으로 난민들을 받는 것 말고 우리나라 국민들이 아이를 낳을 수 있는 정책을 만들어주세요.\n우리는 일본으로부터 중국으로부터 우리 땅을 지키기 위해 노력해왔습니다. 하지만 난민들이 불쌍하다는 이유로 세계화의 일원으로써 선진국의 의무로써라는 이유가 우리 땅을 뺏길 수도 있는 위협을 우리나라 국민들의 안전의 위협을 감당해야하는 이유가 될 수있을까요?\n제가 지나친 비약을 한 걸 수도 있지만 대통령님\n저출산으로 한 명 한 명이 소중한 아이들을 지켜주세요.\n우리나라 사람들이 불안에 떨지 않도록 지켜주세요.\n난민들의 안전이 아니라 우리나라 국민들의 안전을 우선으로 지켜주세요.\n비행기를 타고 온 다른 나라 사람들의 가난이 아니라 지금도 굶고 있을 우리나라 사람들을 지켜주세요. 이기적인 말일 수도 있지만 저는 우리나라에서는 우리나라 사람들이 먼저다.라고 생각해요"
93573,2018-01-13,2018-02-12,0,2,미래,가상화페 철회반대합니다.,가상화페 철회반대합니다.
38441,2017-11-11,2017-12-11,0,3,기타,이명박  출국금지,이명박전대통령 출국 금지하고 구속 수사해주세요
382990,2018-09-17,2018-10-17,0,28,보건복지,성매매 여성 지원금 반대 합니다,"성매매 여성 지원금 결사 반대 합니다\n왜 그들에게 100만원씩 매달 생활비와 ,직업 훈련비 30만원, 주거지원비 700만원 을 지원해주는지 이해할수가 없습니다.\n그들이 잘못 살아온인생을 열심히 일하면서 살고 있는 국민들 세금으로 지원을 해주는 겁니까?\n그부류의 사람들은 돈 쉽게벌라고 그일을 택한 사람들입니다... 똑바로 살아라고 지원금을 준다한들 다른직업을 가져도 절대 금전적인 부분에 만족해서 살수가 없습니다 ....여성직장인 평균 월급이 150정도 인데 그사람들은2-3일만에 버는돈입니다... 학생들은 학자금 대출해서 어떻게든 좋은 직장 가보려고 노력하고  ...사업하는 사람들은 온몸이 아파도 한푼더 벌라고 노력하고 살고 있고  ...노인들은 겨울엔 보일러도 돈이 아까워서 안틀고 ... 심지어 겨울엔 연탄으로 살고 있는 집들도 있는데 ..차라리 그돈으로 어려운 사람들을 도와주세요... 왜 국민들 세금으로 돈낭비를 하는지 ... 성매매 여성 지원금 결사 반대합니다"
488284,2019-01-05,2019-02-04,0,3,기타,일본을 식민지로 지배합시다,일본을 식민지해서 지배합시다
504169,2019-01-23,2019-02-22,0,1,외교/통일/국방,강제징병제폐지,청년들이푼돈주면서나라지키는뉘들노예냐?\n강제징병제폐지하고모병제시행하라!!\n군에갓다온사람들에게보상하라!!
425569,2018-10-30,2018-11-29,0,57,교통/건축/국토,카풀반대,카풀반대
23949,2017-10-26,2017-11-25,0,1,안전/환경,깡패단속해주세요,깡패들 단속좀 강력히 부탁드립니다 가족들대리고 다니기도 겁이납니다 몸에문신이 벼슬인양 주위사람들 겁주고다니고 꼭 부탁드립니다
285417,2018-06-26,2018-07-26,0,4,경제민주화,어찌살아요?,61년생 퇴직자예요   삼십여년 근무하고 퇴직하니  일을 찾고있는데  할수있는일이 없어요  아직  애들이 학교를 다녀야해서  수입이 없으면 안되서 고심끝에 작년말 집팔고 퇴직금보태고  대출을 해서  상가 임대 사업을  해볼려고  시작했습니다  그런데  부동산 규제로 인해  임대도 안나가고  거기다  임차인 보호는 십년이라고 합니다 투자 대비  은행이자는  나와야하는데  이자도내는게 어렵습니다우선은 임대를원하는사람이없구요  몇달 이자만  내고있는데  얼마나 버틸수있을지  고통스럽다 못해 두렵습니다   임차인이 보호받는게 맞지만  임대인도  살수있게 해주세요   대출까지 감당해야하는상황도 생각해주세요
18756,2017-10-03,2017-11-02,0,5,문화/예술/체육/언론,Mnet 아이돌학교 프로그램에 문자 투표 진실을 요청합니다.,"꿈 많은 총 40여명의 학생들이 Mnet 아이돌학교에 입학하여 3개월간의 학습과 트레이닝을 통해 성장하\n여 육성회원님들의 선택에 따라 최종 선정된 9명의 학생들이 드디어 걸그룹으로 데뷔하게 되는 내용의\n걸그룹 육성 서바이벌 프로젝트 입니다.지난 9월 29일 최종 종영된 아이돌학교 프로그램은 최종화 시청률 0.4%, 최종 1위 생방송 문자 투표 수 5700표 정도 규모의 프로그램이었다는 것부터 밝히겠습니다.\n아울러 아래의 내용이 가수의 꿈을 꾸고 정식데뷔를 목표로 최선을 다해 노력한 한 연습생의 탈락보다는 투명하지 못한 오디션 프로그램의 공정성에 대한 의심과 그에 따른 증거를 제시함으로써 프로그램 제작진 및 방송사의 사과 및 해명을 요청하고자 하는 것이며 또한 오디션 프로그램 경쟁에서 공평하게 기회를 부여받아야 함에도 불구하고 그렇게 되지 못하는 문제점 및 유료 문자투표에 대한 투표 유권자의 권리를 찾기 위함임을 알려드립니다.\n11화 최종 점수 및 순위에서 이해인 양은 11위에 머무르게 되었습니다. 생방송 문자 투표 점수는 실제 들어온 문자 수 x 10으로 계산하므로 최종화에서 이해인 양이 받은 문자 투표는 4725표가 됩니다.\n그런데 이상한 점이 있습니다. 위의 사진에 명시되어 있듯 11화에서는 10화에서 받았던 문자 투표 수와 합산이 된다는 것입니다. 즉 4725표는 10화 문자 투표와 11화 문자 투표의 합입니다.\n10화 문자 투표 점수표입니다. 최종화에 명시된 4725표에서 지난주에 집계된 2068표를 제하면 어림잡아 2700표 정도가 11화에서 이해인 양이 받게 된 문자 투표 수라고 볼 수 있습니다.\n하지만 최종화가 방영되던 날 디시인사이드 이해인갤러리에는 총 3383표에 가까운 문자 투표 인증이 쏟아졌습니다. 오직 생방송이 방영되던 시간 안에만 올라온 인증의 수입니다. 이때부터 저희는 문자투표수에 대한 의심을 갖게 되었습니다.\n모든 문자 투표 인증 사진을 직접 저장한 폴더의 사진을 자료로 첨부합니다. 폴더의 용량은 2.3G 가량입니다. 프로그램을 통해 저장했고 200여 개의 중복 사진 거르기 작업을 마친 상태였습니다. 즉, 저 폴더에 중복 문자 투표 인증 사진은 없습니다. 하지만 조작된 사진이 있을 수 있는 점, 집계한 개수에 미세한 오차가 있을 수 있음을 양해해 주시고, 정 의심스러우시다면 이해인 갤러리에서 전체 내용을 공개할 용의가 있습니다.\n역시 1분을 기준으로 오직 실시간 방송 중 이해인 갤러리에 올라온 인증 글의 개수를 첨부합니다. 역시 믿기 어려우신 결과라면 이해인 갤러리에 방문하시어 당시 올라온 모든 분당 게시글을 직접 세어 보셔도 좋습니다. 오차 범위는 ± 3개입니다.\n이에 조작이 의심된 이해인 갤러리 팬들은 꼬박 3일(29일~1일)에 걸처 갤러리에 올라온 모든 문투 인증 사진을 모으고 1차로 픽셀단위로 검사해서 중복 사진을 걸러주는 프로그램으로 분류 작업을 하고 2차로 문자가 보내진 시간과 이름 전화 번호등이 틀린것들을 골라내고 시간별로 분류하는 작업 마지막 3차로 팬들이 분담하여 직접 눈으로 조작이거나 잘못 보낸 문투 사진등을 검수하는 작업을 거쳤습니다. 검증에 검증을 하고 마지막 오류 분석작업도 마쳤습니다,\n마지막 1일 오후 10시경 최종 유효문자투표수 총 5098표를 최종 확인 하였습니다.\n위 자료는 이해인 갤러리에 29일 생방송 시작 직후부터 검증을 위해 저희 팬들이 정한 1일 오후까지 올라온 문자 투표 인증 글입니다. 인증해 주신 글을 전체 화면 pdf로 저장했고, 글에 함께 올려 주신 문자 투표 인증 원본 캡처 역시 전체 저장하여 보관 중입니다.\n그러나 아이돌학교는 이해인 양이 그날 받은 문자 투표 수는 2700표 가량이라고 표시하고 있습니다. 디시인사이드 사이트 특성상 약 5100개의 문자 중 중복, 조작 등이 섞여 있을 것이라 예상할 수 있겠지만, 약 5100개 중 2400개가 중복 및 조작이며 디시인사이드를 제외한 곳에서는 그 누구도 이해인 양에게 투표하지 않았다는 결과는 상식적으로 말이 되지 않을 뿐더러 방송사의 잘못된 집계임을 저희가 인증자료로 확인하였습니다. 이미 저희 자체적으로 중복,오류,허위 검증작업도 마친 상태 입니다.\n일부 분들은 다중 투표를 근거로 이해인 양의 점수가 조작되지 않았을 것이라 주장하시지만 최종 확인된 약 5100표 가량의 문자 투표는 다중 투표, 견제 투표와 관련없이 이미 이해인 양을 향한 투표입니다. 이해인 양은 다수, 혹은 이해인 양만을 지지하는 사람 등에게서 약 5100표 이상의 지지를 받았으나 아이돌학교 측의 자료에서는 2700표 정도밖에 받지 못했다는 결과를 보이고 있습니다.\n무엇보다 당일 생방송으로 진행된 아이돌학교의 문자 투표는 건당 100원의 정보 이용료가 부과되는 유료\n투표였습니다. 모든 육성회원은 각자 공정한 투표 기회를 가지고 투표에 임했으나 결과는 모든 학생에게 공정한 기회를 부여하지 않고 있습니다. 특정 학생을 향한 투표 수를 고의적으로 낮추고, 제외하는 행위는 곧 11주 동안 아이돌학교를 시청해 온 육성회원은 물론 최종회에서 문자 투표를 행사한 모든 시청자를 기만하는 행위가 아닐 수 없습니다.\n지금 이 순간에도 이해인 갤러리 및 커뮤니티에서는 지속적으로 투표 인증이 올라오고 있는 상황입니다. 또한 자주 유료 투표가 진행되는 엠넷 프로그램들의 특성상 이와 같은 투표 공정성 논란은 이전에 배출되었던 등수나 결과에도 의구심을 품을 수밖에 없게 만듭니다. 11화 점수표가 합산이어도, 합산이 아니어도 조작이 발견되는 상황에서 투표에 이용된 수많은 육성회원들의 자비에 대해 엠넷과 아이돌학교 측은 반드시 책임을 지고 피드백을 내놓아야 할 것입니다.\n아이돌학교의 제작진과 엠넷 측에서 설명해 주셨으면 하는 것들로 마무리하겠습니다.\n1. 만약 11화 점수표가 10화를 합산한 값일 시, 프로그램 측에서 이해인 양이 받았다고 주장하는 2700표를 훨씬 웃도는 약 5100개 가량의 문자 투표 인증들은 어떻게 설명할 것인지?\n2. 만약 11화 점수표가 10화를 합산한 값이 아닐 시, 발표한 결과에서 10위와 11위가 바뀌게 되는 것은 어떻게 설명할 것인지? 그렇게 되면 최종 순위도 바뀐다는걸 인지하고 있는 것인지?\n3. 위 1번과 2번 중 어느 방식을 선정,적용했더라도 결국 문자투표수가 잘못 집게된것을 인정하게 되는\n것인데 이 부분에 대해 어떻게 설명할 것인지? 1화 부터 11회까지의 생방송 문자 투표수가 신뢰성이 있는 것인지?\n4. 9회 방송에서 8회,9회 집계 발표된 점수중에 당 회차는 온라인 사전투표가 없어서 8회,9회 집계 발표된 온라인 수행평가 점수가 총 28명 동일하게 점수가 적용되야 함에도 해인양 포함 특정인 3명만 점수가 상향, 하향 된 부분에 대해 어떻게 설명할 것인지?\n5. 위와  같은 문제점을 제기하면서 생방송 중에 집계된 유료 문자 투표수에 대한 정확한 데이터 공개 및 그에 따른 Mnet 방송사와 아이돌학교 제작진의 입장 표명을 정중히 요청합니다.\nps: 청원을 올리는 해인양의 한 팬으로서 드리고 싶은 말이 있습니다.\n한 소녀가 사랑하는 가족들과 친구,많은 팬들이 지켜보는 가운데 홀로 서 있습니다. 탈락이 확정된 후 눈물을 보이고 있습니다. 해인양은 아이돌학교 최종 11위로 탈락 했습니다. 딱 거기까지였던것 같습니다..\n하지만 Mnet 방송사와 아이돌학교 제작진은 이런 해인양을 순위발표에서 중요한 마지막 최종 2인 발표때까지 남겨두었습니다. 최종 데뷔 멤버 9명 중 남은 자리인 6위 와 탈락조 11위를 가장 마지막에 남겨 두고 발표를 했습니다. 가장 긴장된다는 클로징 발표....중간 광고까지 하면서....어느 서바이벌 순위 발표 방송에서 가장 중요한 1등과 2등 발표도 아닌.....합격과 탈락의 경계인 9등과 10등 발표도 아닌 6등과 11등을 가장 마지막에 발표를 했었는지요? 이런 행위는 합격,탈락의 여부를 떠나서 해인양을 방송에서 상업적으로 이용했던것 밖에는 이해가 되질 않습니다. 팬들이 가장 분노하는 건 이런 Mnet 방송사와 아이돌학교 제작진의 홍보,이득을 위해 한 소녀의 꿈을 이용했다는 것입니다. 비단 아이돌학교 프로그램 뿐만 아니라 다른 프로그램에서도 제2, 제3의 방송 희생양이 나올수 있고 그런게 방송  시청률,화제성을 높이기 위한 관례처럼 생각해서는 안된다는걸 말씀드리며 위에 제기한 문제점과 더불어 해인양에 대한 아이돌학교 제작진의 책임있는 사과를 요청하는 바 입니다.\n결론적으로 프로듀스 101에서도 CJ 계열사인 젤리피쉬 소속 연습생을 밀어주기 위해 이해인을 희생양으로 수차례 사용하였고 아이돌 학교에서도 수차례 이해인을 희생양으로 사용하였습니다. 이는 문재인 정권의 적폐청산이라는 가치와도 어긋납니다. 부디 진실을 밝혀주시기 바랍니다."
230523,2018-05-11,2018-06-10,0,2,문화/예술/체육/언론,강화도 고인돌 유적을 지켜주세요,"우리나라 유네스코 세계문화유산인 인천 강화 고인돌 상당수의 관리 상태가 부실 한 것으로 보입니다.\n강화 양사면 고산리 고인돌 11기는 관리가 제대로 이루어지지 않아 세계문화유산으로 보이지 않고 언뜻 보기에 돌 쉼터로 보입니다. 또 다른 고인들은 흙에 파묻히거나 금이 많이 가 있으며, 인근에 설치된 세계문화유산 표시하나만이 고인돌의 정체를 알려줍니다. 안내판이 있어도 고인돌 유적지로 들어서는 길은 제대로 닦여 있지 않아 위치도 찾기 어렵습니다. 우리나라 세계문화유산인 만큼 관리와 홍보가 더 필요하다고 생각합니다."
393985,2018-09-30,2018-10-30,0,6,반려동물,제발 개를 풀어두지 못하게 다시 법으로 제한해주세요,제발 개를 풀어두지 못하게 법좀 만들어주세요\n정말 세상 무서워서 못살겠어요\n경찰부르면 상해가 일어나지 않으면 과태료도 없고 제발 제도좀 만들어주세요\n한해 개로인한 상해건수도 늘어나고 있다고 하는 기사도 보있습니다
94769,2018-01-14,2018-02-13,0,3,미래,지금의 2030 도박세대는 이제 적폐도박세대 입니다.,"미래 대한민국을 위하여 2030 도박적폐세대를 철저히 고립 고사시키고,\n다른 새로운 세대들에게 희망을 거시고, 모든 혈세를 집중시켜야 합니다.\n도박세대들에게 공무원 증원해서 공무원 시키겠다구요?\n무슨 기대를 가지고 2030 도박세대들을 위해 그 엄청난 세금을 퍼 붓고 있습니까?\n당장 중단하세요."
29555,2017-11-09,2017-12-09,0,0,미래,출소반대합니다,출소반대합니다
159127,2018-03-06,2018-04-05,0,14,정치개혁,안희정에 대한 신병을 확보해야 한다.,"안희정은 현재 극단적인 심리공황 상태에 있을 것이다.\n만일 그가 그의 아내와 있다면 그나마 안심이 놓이지만,\n그래도 현재의 신병확보가 조속히 이뤄지지 않는다면\n그는 최악의 상황에서 극단적 선택도 할 수 있다.\n따라서 경찰과 정보당국에 안희정에 대한 신병을 최대한\n빨리 확보하고, 그의 아내도 신병을 확보해 주길 바란다.\n재판을 받는 도중이나 또는 수감중인 상태에서도 유명인들은\n극단적인 선택을 하기 때문이다.(안상영 전 부산시장)\n안희정에 대한 신병확보 후 수사로 전환하여 피해자 조사와\n함께 피의자 신분으로 안희정을 조사하여야 한다.\n그래야 우려스러운 일을 막을 수 있고, 또한 분노하는 국민의\n감정에 국가의 공복들이 당연히 해야 할 일이다.\n다시 한 번 강력히 촉구한다!\n안희정에 대한 신병을 경찰과 정보당국은 조속히 확보하여\n최악의 극단적인 상황이 오지 않도록 준비해야 한다.\n안희정의 부인에 대해서도 신병확보가 되지 않았다면 속히\n신병을 확보해 줄 것을 진심으로 촉구하다!"
368452,2018-09-06,2018-10-06,0,11,보건복지,건강보험국가가대출해줬냐? 외저소득층국민들에빚지우고압류하냐??,직장 다닐땐 병원한번안가고\n꼬박꼬박 건강보험걷어가 국가에\n부조했는데 지역으로 가입되 소득없어\n못내니 쌓여 빚이되고 통장압류\n많은사람들이 복지제도란거로고통 받으면 본말전도 아닙니까 ??\n복지제도란게 이렇케\n국민압살하고 국민들에게 고통이면\n잘못된거맞지요??\n국민에게 대출해줬습니까?? 외 국민들에게 빚지우고\n고통을 주지요 ???\n있어도 안내면 문제지만 없는사람들에게 압류는\n복지빙자. 국가횡포아닙니까??대통령이 바뀌어도 바뀐게없어여?? 보건복지부정책 압살이 더해요??\n국민들 통장압류하고 그래서 건강보험흑자나니 나라살림\n좋아졌나요???\n국민들 압류부터 풀어주고 소득증대 논하던가요??\n본말이 전도된 4대연금 개혁해야합니다\n복지제도가 본말이 전도된. 국민에게 고통이면 그건 문제가 큰겁니다
42613,2017-11-12,2017-12-12,0,3,기타,잘못된 관습적 나이셈법 바꿔야 합니다.,우리나라도 전 세계처럼 만으로 나이세는것으로 바꿔야 합니다.
401499,2018-10-09,2018-11-08,0,2,외교/통일/국방,해군 업무추진비 집행에 대한 의혹 조사 필요성 제기,"최근 관함식과 관련하여 관심의 대상이 된 해군(공보실, 문화홍보)에서 개인이 각종 업무추진비를 사적인 용도(유흥비 포함)로 사용하고 있다는 소문이 대내에서도 분분합니다. 이에 대한 철저한 조사를 통하여 유언비어라면 해당 부서의 억울함을 해소하고, 사실이라면 그에 상응하는 조치를 취하여 주십시요."
229090,2018-05-10,2018-06-09,0,32,정치개혁,국회의원 비례대표 선출제도 폐지 원합니다.,"국회의원은 국민의 다수결에 의한 국민의 대리인입니다.\n그러나 비례대표는 특정 정당의 대리인입니다.\n정당이 구성된 배경은 각자의 신념에 따라 자유롭게 가입한 일부 소수의 국민들이 구성한 것이지, 대한민국 전체 국민의 민주적인 선거에 따라 구성 된 것이 아닙니다. 시민단체, 환경보호 단체와 같이 목적만 다른 일종의 단체인 것이지요. 이에 따라, 자연히 한국 정당의 조직문화는 한국의 기업문화, 여느 단체의 조직문화처럼 조성되어있을 것입니다.\n그러면 당연히 권력의 강약도 구성되어있을 것이고, 일부에서는 정당내의 실세가 비례대표를 지명하는 말도 안되는 행태도 있을 것입니다.\n그렇다면, 이 비례대표는 대한민국 전체국민이 바라는 대리인 입니까?\n아닙니다. 비례대표 국회의원은 국민의 대리인이 아닌, 정당 실세의, 또는 특정 단체의 대리인이 되는 것입니다.\n국회의원은 국민 다수의 입장을 대변해야 합니다.\n어느 한 정당의 이익만을 위해 일해서는 안됩니다.\n국회의원이 한 종교의 사제도 아니고, 한 신념만을 위해서 일한다는 것은 헌법에 위반되는 행위입니다.\n대학으로 예를 들면, 서울대 경영학과 행정실에서 경영학과 학생회장을 지명하는 것이나 마찬가지 입니다.\n국회의원은 국민전체의 대리인이자 대표이므로, 오로지 국민을 위해서만 일해야 합니다.\n그러므로 일반 선거와 같이 국민의 손으로 선출된 사람들로 구성되어야 합니다.\n그렇기 때문에 나눠가지기 식의 자격검증도, 국민을 위한 공약도 없는 사람들로 구성된 비례대표로 의원은 국회의원으로 인정할 수 없습니다.\n따라서 국회의원 비례대표 선출제도 폐지를 청원합니다."
75399,2017-12-28,2018-01-27,0,0,저출산/고령화대책,다자녀 육아휴직주는 기업에  혜택은 없나요?,"전 한회사에서 두번 육아휴직을 썼습니다.그것도 매우 감사한 일이죠.중소기업에서  한 직원에게 두번이나 주었다니 말입니다\n복직하자마자 셋째는 안가질꺼지? 라며 신신당부를 했는데 조심치 못하게 셋째가 생기고,,.사회적 분위기에 따라 제가 죄인이 된것같고 하지 말아야할 생각도 듭니다.\n회사에 폐 끼치는 생각이 들어 세번째 육아휴직은 신청 못할  것  같습니다. 남자의 육아휴직도 있다지만 주위에 쓰는 사람 못봤고,  저희 남편도 ""육아휴직쓰면 알게 모르게 명퇴 대상이야 ""라고 합니다.\n저도 육아휴직이 없다면 바로 퇴사하겠죠? 핏덩이를 어린이집에 보낼수 없으니 말입니다.육아휴직  없이 복귀하면,산후조리 못한 몸으로 골골대다 버티지 못하고 튕겨져 나오겠죠?\n생활비 부족해서 결국은 애들 어느정도 키운다음에  경단녀 출신으로 예전10년 넘게 일한 커리어 살리지 못하고 파트타임 겨우 구할까 말까 하겠죠?\n너무 심난해서 다자녀카페 들어가 글들 읽어보니 생활비 문제로 고생이 많으시더라고요.\n혜택같은건 피부에 와닿지도 않고..차량 등록세 140 만원 면제면 뭐합니까?  갑자기 줄어든 수입으로 차를 살돈이 없는데...\n저도 물론 가정에 주는 혜택이 일순위 입니다. 그러나 저출산을 막기위한 기업 문화도 변해야 생각됩니다.\n다자녀 육아휴직 제공하는 기업에게 더 큰 혜택을 주셨으면 합니다.현재 세금 감면제도는 보통 한번이면 끝나서 다자녀 갖을 생각도 하지 못합니다.\n눈치 안보고 육아휴직 여러번 써도 고용 보장되는 사회가 되었으면 합니다."
57221,2017-12-03,2018-01-02,0,1,저출산/고령화대책,인구 절벽을 막아주세요!,나의 조국 대한민국의 미래는 태어나는 신생아가  줄어  멀지않아 저출산으로 인한 국가의 존망이 심각한데도 정부는 말로만 대책이라고 하며 복지에 돈을  투 자만 한다.\n앞으로 미래를 내다보고 정책을 바로 세우지못한 지난 정부의 과오도 너무나 크지만 지금이라도 인구절벽을 막을 대책을 마련하여 시행해야 한다.\n나는 인구절벽을 막을 대안으로 아이1명에 부모가65세되면 80만원 정도 2명이면 160만원3명이면 240만원정도를 연금 형식으로 지급하면 그래도 출산율을 높이는 대안이 되지 않을까 생각해본다.\n너무나 심각한 인구 절벽에 너무 늦었지만 지금이라도 정책으로 결정하여 시행하면 출산을 너무나 어렵게하는 요소가 다소 빠르게 해결되지않을까 생각하여 청원 합니다.
222173,2018-05-03,2018-06-02,0,1,농산어촌,경상북도지사님께 올리는 탄원서,"경상북도지사님께 올리는 탄원서\n경북바이오산업연구원(고정규 박사, 이택관 연구원장)\n경북 안동시 송천동 1319-84(대학로 270번지)\n경북바이오산업연구원(본원)\n2004년도에 살립된 지식경제부 소속인 경북바이오산업연구원(재단법인)은 총 6개 업종의 바이오사업을 운영합니다. 경북 북부지역 미래성장동력산업의 견인차로서 지역경제활성화에 크게 기여할 것으로 기대하고 있는 경북바이오연구원은 (1)기능성식품공장 (2)음료생산공장 (3)연구지원사업 (4)창업기업 유치 및 지원사업 (5)바이오벤처기업 공장유치 및 개발사업 (6)기업장비 및 GMP 기능성식품 임대사업 등이 있으나, 총 8명의 박사가 국내외 유명 의약품 관련 기업의 유치에 노력을 하고 있지만, 지역의 식품기업 위주로 운영이 되고 있습니다."
514991,2019-02-01,2019-03-03,0,2,정치개혁,기초연금 ♥공약을 조속히 이행 하시요,◈-문대통령은 기초연금 ♥공약을 조속히 이행 하시요(2인 40만원을 60만원으로).우리세대는 국민소득 ♥35 $ 시대의 노인으로 노동능력(척축수술등 관계로)이\n상실되였습니다 그나마 ♥부모부양과 자식 교육을 위하여 노후를 준비하지 못하였습니다.하위 30%에 해당되며 ♠75세이상 입니다.\n우리는 국민소득 ♥20-30$시대에 살면서 국가에 공헌하여 지금까지 상위권 나라가 되는데 일부를 기여 한바 있슴니다.저와같은 조건의 사람이 국민의 20%도 되지 않슴니다.\n인간다운 생활을 할수있게 ♠특별 연금제도을 만들어 주세요.
439770,2018-11-12,2018-12-12,0,8,행정,복지부동 공무원,"문재인 정부가 출범한지 일년반이 지났군요. 그동안 많은 변화가 일어났고 많은 기대를 하고 있습니다. 그런데 막상 삶으로 이어지지않는 부분들이 많은데, 그 이유는 구체적으로 업무를 실행해야 하는 공무원들중에는(물론 사명감을 갖고 묵묵히 자기 본분을 수행하는 분들이 더 많은 것을 압니다) 정부의 정책방향과 장관의 지시에는 따르지않고 자신들의 안위만 생각하는  중간관리자 등등.... (한 예로 이국종 의사의 답답함 같이....) 시간만 지나가라는 태도... 국민들만 애태우는 현실이 답답합니다. 결정된 정책이나 지시사항들이 어느 선에서  왜 막히고 있는지 국민들이 알 수 있도록 투명하게 관리되고 실현되기를 바랍니다."
204747,2018-04-18,2018-05-18,0,0,문화/예술/체육/언론,스포츠각각협회 차라리 없애는게 나을꺼같습니다,스포츠협회도 적패대상이 되잇는지 온 전국민이 다아는 상식이 되버렷습니다  대한 빙상연맹 축구협회 고질적인 적패협회 이고 국민들의 지지도 못받고 오히려 비난의 대상만 되는 협회를 차라리 없애고 민간이.관리 하는게 어떨가요  세금도 굳고 좋습니다
113135,2018-01-25,2018-02-24,0,28,문화/예술/체육/언론,적폐청산이라고하셧는데 빙상연맹도 적폐청산해야겟네요,얼마전에도 올라왔던빙상연맹의 잘못된 관행과\n오역해서 4년동안준비한선수들\n힘빠지게만들고 그와중에 거짓말에\n이런상황에서 빙상연맹에서 뭘기대하라는건지요\n어린선수들 맞아가면서 운동하는거\n그래도 올림픽나가게 나라든 빙상연맹이든\n해줘야할거아닌가요\n안타까울따름입니다 그와중에 기사들올라오고있네요\n빙상연맹 전면 개혁하시고\n빙상연맹 적폐청산했으면합니다\n피땀흘려서 메달은 못따게할망정\n출전못시키는건아니잖아요\n빙상연맹  제발정신좀차리세요\n구설수에자꾸올라오니\n빙상연맹 간부급들\n제발정신좀차리시죠
10284,2017-09-06,2017-10-06,0,0,미래,청소년보호법폐지,청소년보호법 폐지해주세요
267082,2018-06-09,2018-07-09,0,0,성장동력,미래의 성장을 위해 위험물질 액체괴물을 없애주세요,http://www.sedaily.com/NewsView/1RUN1U151J/GK0101\n우리 아이들 미래를 위해 위험물질을 차근히 없애나가요
403463,2018-10-10,2018-11-09,0,35,반려동물,고양이 대리출석 시킨 김진표 의원 사퇴 바랍니다,"김진표는, 국감장에서 퓨마를 대신하여 작은 것이라도 보랍시고 데려온\n아기 뱅갈고양이를 어떠한 보호도 없이 좁디 좁은 ""쇠창살 속 케이지""속에 가두어두고\n오랜 시간동안 낯선 환경에서 사람도 부담스러워 할 카메라 셔터를 수백차례 받게끔 방치했습니다.\n퓨마를 언급하면서 동물 학대 관련된 내용에 대해 말했지만\n과연 이 행위가, 진정 동물보호라는 주제를 언급하기 위한 행위에 맞을까요?\n고양이와 함께 생활한 지 4년이 넘어갑니다. 고양이라는 존재는, 굉장히 소심하고 낯선 환경에 굉장한 스트레스를 받습니다.\n영상 속 고양이(아기로 보이더군요.) 또한 이것에 벗어나지 않지요. 심지어 카메라 셔터 속에서 아기고양이가 두려움에 덜덜 떨고 울고있었음에도 자기 발언만 이어가는 이기적인 행위를 계속해갔습니다.\n도대체, 왜 국감장에 고양이를 내세워서 보여주기식 정치질을 하는 지 의문스럽습니다.\n심지어 동물보호에 반대되는 행동을 하고, 국감장에서 고래고래 소리지르고 무력을 행사하면 다인 줄 아나요?\n이런 일을 한다고 해서 댁들의 막장 의원짓은 환영받지 못합니다. 오히려 돌팔매질 받아도 할 말이 없죠.\n쑈만 해대면서 소리만 질러대면 그저 이기는 줄 아는 짓거리에 이제 보호받아야 할 어린 고양이까지 끌고 들어오다니 기가 찹니다.\n한나라당, 새누리당 그리고 자유한국당으로! 당 이름 변경으로 신분세탁만 자행했던 당의 김진표 의원이 자숙의 의미로 사퇴하라! 사퇴하라! 당신 같은 건 꼴도 보기 싫습니다! 사퇴해라!!"
89851,2018-01-12,2018-02-11,0,1,성장동력,거래소 폐쇠 반대 국제 금융허브 산업으로 키울수 있는기회입니다,전국민 편의점 점주시키고 치킨집 점주\n시킬건가요?\n언제까지 국민들에게 실망만 주실건지요\n이런 새로운 성장동력을  이대로 두지마시고\n금융 허브 산업으로키우세요.\n진심으로 다시한번 당부드립니다
210428,2018-04-24,2018-05-24,0,4,농산어촌,문제인과  김정은의  만남,정말 기대 됩니다..\n꼭  좋은결과  얻어 이나라   소원   이뤄주시길   꼬옥 바랍니다..\n믾은 국민은  문제인 대통령 응원 합니다..\n<문제인 삼행시>\n문.....문제는\n제....제가\n인....인내와  인간의  도리로  해결 하겠습니다..
451725,2018-11-24,2018-12-24,0,3,인권/성평등,여혐 범죄 멈춰주세요,또 조현병 환자입니다. 이유도없이 여성을 공격했습니다. 이것은 명백히 여혐범죄입니다.\n가해자가 여성이어도 남성처럼 똑같이 무거운 처벌을 해야합니다.
326030,2018-08-01,2018-08-31,0,3,안전/환경,SK매직 대기업횡포 고발합니다.,"정수기 렌탈 사용자 입니다.\n2016년도 6월에 렌탈계약 하였고\n이제 만 2년을 사용한 상황에\n부품이 없다며 계약해지 혹은\n새계약(3년약정)을 요구하더군요.\n1년만 사용하면 계약이 만기에\n추가 2년(총 5년)을 사용하면 명의이전까지\n약속한 상황을 얘기했으나\n계약유지경우 현재 39,900원인 금액에\n1만원이 추가된 49,900원에\n이용하라는 얘기를 합니다.\n기사검색을 해보니 저와 비슷한 상황이 많이보여\n대기업의 악의적인 상황을\n저도 당하나싶어\n이렇게 글을 남깁니다.\n새제품이 나올때마다\n앞으로도 이런식으로\n소비자의 골을 빼먹는 대기업의 갑질은\n없어져야 한다는생각입니다.\n먹는물이 불안하여\n정수기를 들여놓는 상황에\n정수가 렌탈료까지 해마다 높아지고\n이렇게 갑질까지 직접 겪고보니\n느끼는점이 참 많네요.\n사람이 생활하는데 물이 얼마나 중요한데\n먹는걸로 장난질치는 대기업\n이제는 제발 갑질 그만할수 있도록\n여러분이 도와주세요...\n개인적이랄수 있지만\n주위에도 저와같은 상황을 적잖게 보았던지라\n저 혼자만의 상황은 아니라 판단하여 글을 남깁니다.\n제발 서민이 대기업의 횡포에 놀아나지 않는\n깨끗하고 투명한  환경에서 아이 키우고 싶어요..."
142527,2018-02-19,2018-03-21,0,3,성장동력,임금불평등 해결 방법,일의 강도에 차이가 없거나 더 힘든데도 불구하고\n중소기업 근로자는 대기업 근로자의 임금의 절반도 안 되는 돈을 받고 살아갑니다.\n고임금자에게 세금을 더 걷고 그 돈으로 중소기업 근로자에게 돌아가는 정책이 시행되어야 합니다.\n하는만큼 받는 것이 공정한 것 아닙니까? 업종별로 공정별로 위험도별로 세분화해서 임금을 차등 적용해야합니다.\n그리고 비정규직은 더 줘야되는 거 아닙니까?\n선진국들은 비정규직한테 더 주던데\n왜 한국은 안 됩니까?\n왜 스타트가 좋으면 평생 행복하고\n안 좋으면 평생 불행해야하죠?\n그리고 학력 나이 차별이 심각합니다.\n능력으로만 채용했으면 좋겠습니다.
500448,2019-01-19,2019-02-18,0,22,기타,문재인정권  지지율 조작하지마라,무슨지지율이 47프로냐?  나  40인데  전라도 친구들도\n다 지지철회하더라   더불어민주당도  40프로  말이안된다    지지율장난  그만해라!!!!!!!!!!!!!!!\n그리고  원주민 5천명  일자리 5천명있는  하남교산지구 지정철회하라!!!!!!!!!!!!!!!!!!!!!!\n생각좀 갖구 국정운영해라!!!!\n변호사 출신맞냐?
320118,2018-07-26,2018-08-25,0,1,일자리,취직못하는군면제자,안녕하세요? 군대면제받은 20대 청년입니다 저는 커피를 좋아하는 사람입니다 카페에 정규직으로 취직을 하려고\n지금도 열심히 구직활동을 하고 있는데 유명한 브랜드의 회사측에서는 정규직으로 취직을 하려면 남자는 반드시\n군필자여만 한다고 합니다 그래서 군필자가 아닌 저는 이력서 자체를 거절당했습니다 이대로 저같은 사람은 군대를\n갔다오지 않은 것 그거 하나 때문에 유명한 브랜드의 회사는 정규직으로 취직은 커녕 회사 근처도 못 가는 것일까요?\n정말 이대로 비정규직만을 선택해야만 하는 것 일까요?? 솔직히 저 같은 사람들은 정말로 울고싶을 정도로 답답한\n심정입니다 부디 정규직에 이력서를 넣을때 군필자가 아니라는 이유로 이력서 자체를 읽지도 않고 거절해버리는\n일은 더 이상 일어나지 않았으면 좋겠습니다. 감사합니다.
336920,2018-08-11,2018-09-10,0,9,보건복지,국민연금,국민연금 개혁안을 보면서\n1.우선 국민연금관리공단 재정지출부터 줄이십시요\n공단직원 감원:유휴인원인이 너무많습니다.\n급여:대기업 수준의 연봉을 중소기업 수준으로 조정하십시요.(근무능력에 비해 과도한대우)\n이렇게 구조조정 하면 국민연금 인상등 하지않아도 될듯합니다\n2.국민연금에 관한것은 40년후 정부에 맡기십시요\n그때는 지금정치인 보다 더 현명하고 똑똑한정치인이 많을겁니다.너무걱정하지 마십시요.\n지금 정부에서 할일은 당장현실 문제해결에 집중하여주시기바랍니다.
95814,2018-01-15,2018-02-14,0,0,외교/통일/국방,중국정부가 대한민국에게 살포하는 미세먼지에 대해 정부가 항의와 배상소송을 해줄것을 요청합니다.,지금 중공이 우리나라에게 미세먼지를 뿌려 우리국민을 살인하는데도 우리정부가 중국정부에게 공식으로 사죄를 요구하거나 혹은 항의하거나 배상소송을 진행했다는 뉴스를 보지 못했습니다. 과연 이게 주권이 있는 자주독립국가인가 자괴감이 들었습니다. 부디 제발 저 간악한 중공짱개에게 우리 대한이 소국이 아닌 강대한 힘을 가지고 있는 나라임을 보여주기를 원합니다. 저 건강하게 짧게 살고싶습니다. 미세먼지 질병으로 골골대면서 오래살고 싶지 않습니다. 부디 소송을 하거나 미국과 국제여론을 움직여 중국을 압박해주십시오 각하
44843,2017-11-16,2017-12-16,0,0,안전/환경,긴급 재난문자 읽어주는 앱 만들어 보급해 주세요 ...,부산인데\n어재 포항지진당시 ...긴급 재난 문자 수신은 진동느끼고난후 10초이상 2분이라 사이 경보울림 ///\n지진나기 전에 경보가 왔더라면 하는 바램과 기술적 한계도 고려할수 밖에 없음을 이해하고 ....\n다만 현재 처음 긴급 재난문자 수신해봤는데 (2g폰과 알뜰폰은 아예 재난문자 안온다)\n띵 ~~~~~~~~~~~~~~~~긴 단조음으로 수초간 오던데\n1분1초가 아쉬운 판에\n띵 ~~~~~~~~~~~~~~~~소리 듣고 휴대폰 확인하고 ....시간 소모적이라 생각합니다 ....\n재난 문자 수신하면 바로 ....문자를 읽어주는 앱을 만들어 보급해주면 ...\n1초라도 대피에 유용할것 같습니다 ...........................\n예를 들어 ~~~휴대폰에서\n띵 ~~ 포항지역에서 지진이 발생했습니다 ~~띵 ~~~안전행동 개시 ....안전행동 개시  띵~~~~\n띵 ~~ 전쟁이 발생했습니다  띵 ~~ 국민여러분 정부에 지시통제에 적극 동참해 주십시요  띵 ~~~~~~~~~~~~~~~\n크크 ...내가 생각해도 너무 좋은 아이디어 ....\n대통령 표창감 ㅋㅋㅋㅋㅋㅋㅋㅋㅋㅋㅋㅋㅋㅋㅋㅋㅋㅋㅋㅋ
146294,2018-02-21,2018-03-23,0,5,일자리,어린이집  주방선생님 60세 이전은 너무 하십니다.,저는 어린이집을 운영 중 입니다.2년 전부터 취사부 보조금이 일부 지원이 되면서 나이 제한이 생겼습니다. 우리나라 정년퇴직 나이가65세 인데 어린이집 취사부 정년은 왜 60세로 지정이  되었는지 알고싶습니다.  100세시대 노인일자리 창출 취지에 맞지 않은 정책인듯 싶어 올리고 65세 이전 어르신들의 사회진출기회를 확대해 주시기 바랍니다.
179627,2018-03-29,2018-04-28,0,1,보건복지,국민연금 40년 채울 수 있도록  추납 만 18세 부터,국민연금 40년을 채워야 소득대체율 40%를 달성할 수 있다고 합니다.\n그렇다면 만 18세부터 국민연금을 납부하여야 합니다.\n국민연금을 30살에 가입하여서 최대 30년을 납부히였다면\n지금이라도 나머지 10년치 국민연금을 추납할 수 있도록\n추납인정 기간을\n국민연금 가입 이후가 아니라\n만 18세 이후의 기간으로 바꿔주시기 바랍니다.
24129,2017-10-27,2017-11-26,0,2,육아/교육,[진정서] 어른들의 이기심 때문에 우리아이들이 울고 있어요,"진   정   서\n진 정 인:       이 름: 임 인숙\n주 소: 하남시 미사강변한강로 134\n휴대폰:010-6651-7111\n이메일:nihansang@naver.com\n피진정인:  경기도광주하남교육지원청교육장,교육부,국민권익위원회,청와대신문고,청와대 국민청원\n제    목: 경기도 하남시 망월동 미사2동 22통,55통(R3,R2 단독주택) 통학구역 개정안 반대\n진정이유:  1.현재 미사2동 22통,55통(R3,R2 단독주택) 아이들은 미사강변초로\n통학하고 있습니다 그런데 2017년 10월 24일 교육청에 공지사항이 올라왔습니다\n미사2동 22통,55통(R3,R2 단독주택)은 개정안에대해  반대합니다\n(미사2동 10통~21통(A6,7,9,10블럭) 아파트 입주민들이 2만장의 통학구역 개정안\n의견서를 과밀학급이라고 명칭 하면서 내면에는 자기 아이들의 쾌적한\n공부환경 목적으로 제출했다고 합니다)\n2.미사강변초 와 미사초 현재 학교배정 주변 세대수를 보면\n미사강변초 총4956세대  미사초 7679세대입니다\n통학구역 세대수만 비교해도  미사초가 2723세대가 더 많은 세대를 안고 있습니다\n*통학구역 세대 비교자료 첨부\n3.미사2동 10통~21통(A6,7,9,10블럭) 학부모들이 과밀을 주장하여 자기 아이들만 쾌적한\n학생수 조건으로  공부환경을 만들려고 미사2동 22통,55통(R3,R2 단독주택)\n아이들을 미사초교로  통학하라고 합니다 그래서 개정안 공지사항이 올라왔구요\n미사2동 22통,55통(R3,R2 단독주택)은 개정안 반대합니다\n4.미사강변도시 신도시 도시계획에 초등학교는 근거리배정이 원칙, 안전한 통학거리 원칙\n으로 통학구역을 정했을텐데 이를 무시하고 차도를 건너\n불안전하며,멀리 있는 미사초로 통학하라고 타단지 다수 어른들의 이기심으로 개정안을\n올린 광주하남교육청에 현장확인 요청합니다\n5.아이들의 학교가 바뀌게 되면 형제 또는 친한 친구들간에 서로 다른 학교로 통학하면서\n형제,친구간에 학교행사,학교정보 공유가 안되며, 친한 친구들간에  함께 하는 시간이\n멀어지면서 교우관계가 불안정해집니다\n6.현재 과밀에대해 이미 미사강변초교는 증설공사를 진행하고 있으며\n2018년 02월 15일까지 완공으로 총23학급 공사완료입니다\n공사가 완료되면 더 이상의 전학생이 들어올 세대가 없기 때문에 과밀은 해소되는데\n왜 미사2동 22통,55통(R3,R2 단독주택)에 사는 아이들을 미사강변초로 못오게\n통학구역을 개정해야 하는지 잘 모르겠습니다\n*미사강변초 현재학급수, 미사강변초 증설공사기간,미사강변초 증설학급수 첨부파일 참고\n7.현재 A6,A7,A9,A10 아파트 입주완료, 미사2동 55통(R2 단독주택) 95%입주완료\n미사2동 22통(R3 단독주택)30% 입주완료 남은세대수 300세대임\n(R3블럭 남은300세대도 주거면적으로 보면 대부분 신혼부부 입주예정)\n8.다수의 아파트단지 의견은 중요하고 소수의 의견이 무시당하는 이런 교과행정이\n당연한건가요?\n9.미사강변초 현재 A6,A7,A9,A10블럭 아파트 아이들만 통학하게 해서 쾌적하게 수업을\n만들겠다는 어른들의 이기심에 소수의 미사2동 22통,55통(R3,R2 단독주택) 우리 아이들은          울고 있습니다\n10.미사2동 22통,55통(R3,R2 단독주택) 통학구역 개정안 강력하게 반대합니다\n2017년    10월    27일\n경기도광주하남교육지원청 귀하\n교육부 귀하\n국민권익위원회 귀하\n청와대 신문고 귀하\n청와대 국민청원 귀하"
455574,2018-11-29,2018-12-29,0,20,저출산/고령화대책,대한민국 어머니들 출산 장려금 250만원 매춘부 지원금 2000만원?,안녕하세요. 지금 20살이 되서 갓성인이된 사람입니다. 아무리 생각해도 대한민국이란 나라는 이상한거 같아서 청원 올려봅니다. 왜 어머니들 아이를 낳으시는 것보다 매춘부 지원금이 더 많은거죠? 애초에 전세계사람들이 고령화사회와 저출산 사회를 겪고 있지 않습니까? 우리나라에서도 이문제를 해결하기 위한 정책과 지원이 필요한거같습니다. 돈을 더 달라는것이 아닌 어머님의 위한 복지와 아이를 부담없이 맡길수 있는 그런곳이 필요한것 같습니다. 문제인 대통령님 대통령이시기 전에 한가정의 아버지 아니십니까? 대통령으로써가 아닌 아버지로써 국민들의 조금더 나은 편안한 생활을 할수있게 조금만 더 힘써주세요 부탁드립니다
326125,2018-08-01,2018-08-31,0,45,농산어촌,외국인을 위한 최저시급인가요?,"저는  20살인  한국농수산대학교를 다니고 있는 학생입니다 방학이여서 부모님 일을 도와드리고 있습니다.  아버지는 캄보디아4명을 고용해서 일을 하고있어요 주로  방울토마토,상추,배추,고추,양파,감자  를 키우고있는데  가격이 너무 터무늬없어요 상추5kg박스가 경매에서 5천원 나왔어요 그것도 매달마다  적자를 보고있어요 그상황에서 시급은 계속올라가고\n마트에서 농산물가격,가맹점 은 가격만 올리면되고 농민들은 뭐를 올릴수있죠?  게다가 퇴직금까지 주고  주말에는 외국인 쉴때  아버지랑 저는 쉬는날없이  일만합니다 왜냐  월급은 줘야되고  일감이 떨어지면 월급줄돈이 안생기고  진짜 농민들 죽어나는 소리 여기저기 다들립니다 . 시급이 한국인과 똑같으면  저는 당연히 한국인 쓰고싶죠 말도 통하니까요 그런데 시골에는 전부다 나이 많으신 어르신이고 일손부족하고 외국인은 말도안통하고  일은 더 힘들고   외국인을  위해서 시급을 올리는건가요?  캄보디아는 우리나라돈에 15배라고 하네요 그나라  가서도 그렇게 벌기힘들건데 그렇게 해주면 국가에 무슨 이윤이 남나요,,   이건 심각한 문제라고 생각합니다.  저도 영농을 위해 국립한국농수산대를 왔지만 농산물가격은 개판이고 외국인 인건비는 나날이 똑같이 올르고\n자신이 없어지네요 그냥 직장다녀서 월급 꼬박꼬박 받는데 더 낫다고 생각하네요 문재인 대통령님  진짜  아버지 일 열심히하시고 지금 이 글을 보신 농민들.기업인들 진짜 고생많이하셔요   빛내서 애들 월급주고 돈갚으로고 전화오고 속상합니다 비젼도없고 이러다가 진짜 아버지,농민분들 걱정되고 저도 걱정됩니다  외국인 최저시급을 낮춰주세요\n죽고싶지 않습니다 !!!"
238558,2018-05-21,2018-06-20,0,9,외교/통일/국방,류경식당 종업원들 정확한 조사를 하고 가족품으로 돌아가고 싶은 사람은 돌려보내 주세요.,자진 탈북인지?  속아서 끌려온 탈북인지?  진위를 정확하게 조사하고 진정 가족으로 돌아가고자 하는 사람은 돌려보내야 하는게 문명국가에서 할 일이라고 봅니다.\n자한당 전신인 새누리당 집권기간에 일어난 일인데 속아서 끌려온 것이라면 인간으로서 할 짓이 아닌 일이 일어난 것입니다.  남북관계가 좋던 나쁘던 관계지을 일도 아니고 정확한 조사로 진위를 가려 귀국을 원하는 사람은 북으로 보내주어야 한다고 봅니다.
295314,2018-07-04,2018-08-03,0,1,보건복지,국내 수입 신고한 업체만 단속,성분 하나로 식품을 의약품으로 의약품을 식품으로 기업 입맛대로 둔갑시켜 마음대로 국민을 우롱해도 되는 나라 입니까?\n식약처 허가를 미끼로 대기업만 독점 판매하고 수입대행 업체는 각종 이유로 수입제제 하는 식약처의 행태를 철저히 조사하여 바로 잡야 주십시요.\n그리고 국내 수입대행 업체는 단속대상이고 해외에서 영업하는 대행업체는 단속대상이 아니라면 국민건강을 책임지는 식약처의 답변이 적법한지 철저히 수사하여 바로잡아 주십시요
166859,2018-03-15,2018-04-14,0,0,인권/성평등,이래서는 안되는거 아닌지요...ㅠㅠ,눈물이 앞을 가리네요\n세상이 우리 나라가 진정 이래선 안되는거 아닌가요\n눈물로 청원합니다\n고인의 명복을 빌며 천추의 한을 풀어주세요...
85250,2018-01-11,2018-02-10,0,1,미래,청원 한 곳에서 해야합니다. 각자하시면 아무 소용없습니다.  위에 추천순 눌러서 진행해주세요,청원 한 곳에서 해야합니다. 각자하시면 아무 소용없습니다.  위에 추천순 눌러서 진행해주세요
365164,2018-09-03,2018-10-03,0,0,일자리,국가기간 산업 투자 시 구매하는 물자는 국내 생산기준을 적용 요청 합니다.,"국가 기간산업(정부, 지자체, 공기업, 정부 지분이 있는 기업)과 국가 공적 자원을 사용하는 토지, 주파수 등 기업들이 물건을 구매하는 경우 국내에서 생산되는 물자를 구매액 기준 70%이상 구매하도록 하는 정책을 만들어 주세요."
502760,2019-01-22,2019-02-21,0,5,반려동물,개식용과 반려동물법 분리의 필요성,"본문으로 바로가기\n하단메뉴 바로가기\n메뉴국민청원 및 제안\n최신순\n추천순\n분야별 청원\n답변된 청원\n청원진행중\n개 식용법안과 애완동물법 분리의 필요성\n참여인원 : [ 5명 ]\n카테고리반려동물 청원시작2018-12-25 청원마감2019-01-24 청원인facebook - ***\n청원시작\n청원진행중\n청원종료\n브리핑\n청원내용\n다른분이 청원을 했었던 내용인데 날짜가 다되었고,\n아직 식용금지법안이 발의상태로 있는걸로 알고있어 이부분이 결론날때까지 청원의 지속적인 필요성이 느껴져 재청원 드립니다.\n도움 부탁드리고, 양해 바랍니다.\n요즘 동물 보호를 하자는 사람들도 많지만 병이 들거나 볼품없어지고, 생계가 힘들어 끝까지 책임 못지는 견주도 있습니다. 그러다 보니 도심에 버려져 발견되는 애완견들이 늘어나고 있습니다. 이는 책임의식이 결여된 상황에서 귀엽다는 이유로 충동적으로 키우는 사유가 크다고 봅니다. 이런 유기견들은 음지에서 유통되는 경우가 많고, 동물학대 노출이 많다는 점입니다.\n애견인들은 이런 상황을 막기위해 동물학대나 식용부분에 법제화 하려는 부분이라 생각됩니다.\n제 소견으로 볼 때 사육 및 식용 부분과 애완견 부분을 분리하여 법제화 하는것은 어떨까 합니다.\n애완동물에 대한 부분입니다.\n악의적으로 동물을 학대하는 부분은 법적 처벌을 강화가 필요한 부분이고 애완견주의 관리 소홀 및 일반인 안전에 대한 부분도 법적으로 필요합니다.\n'내가 키우는 애완견은 가족이니까 보호해야되'\n맞습니다. 당연히 주인으로써 보호하고 다른 사람에게 피해 없도록 관리하려는 부분은 옳은 행동입니다. 타인에게 피해만 주지 않는 범위라면 누구도 허용하고 수용 할 것입니다. 하지만 그것이 한 개체로 국한하는 것은 아니라고 봅니다. 정말 동물을 사랑하고 보호 할 마음이 있다면, 내가 사랑하고 아끼는 동물 만큼 다른 개체도 보호해야 합니다.\n개식용 사항\n개식용에 대한 의견은 정말 치열한 상황입니다. 실제로 불필요한 학대와 위생 개선을 위해 개고기 식용을 합법화 하려고 했지만 개고기 식용반대 세력에 의해서 깨끗한 환경에서 위생적으로 유통될 수 있었던 법안 조차 무산되었습니다.\n결국, 환경개선과 보호를 주장했던 그들이지만, 스스로가 우려하고 계속해서 지적했던 위생문제, 학대, 무분별한 도살 문제를 반대한 격입니다.\n개고기 유통을 법적으로 통과시켜 음지에서 불법적으로 도살 행위를 철저히 막고 위생적인 환경에서 사육하도록 환경개선과 합법적인 유통이 되도록 했으면 합니다.\n선진국이나 외국에서 혐하니까 우리도 하지 않아야 한다.라고 주장하는 분들도 많습니다.\n역으로 대한민국에서 법적으로 금지하는 사항들을 선진국이나 외국에선 합법화 되고 있는 부분도 많습니다.\n나라마다 고유의 미풍양속이나 전통문화가 다르기에 생기는 현상이라 생각되고 '외국에서 이렇게하니까 우리도 해야되' 라고 한다면 생각해봐야 할 것으로 보입니다.\n'헌법 제 8조 국가는 전통문화의 계승 , 발전과 민족문화의 창달에 노력하여야 한다.' 라는 조항에도 있듯이 우리는 전통문화를 계승할 책임이 있습니다.\n물론, 대한민국이 역사적으로 볼때 급속도로 발전하여, 전통문화가 희석된 것은 사실이나 그것을 빌미로 법으로 금지하는 것은 옳지 않다고 봅니다. 개식용에 대한 자료는 삼국시대 벽화(고구려)에서 발견되었고 현재까지 전통 식문화로 계승되어 왔습니다. 해가 갈 수록 계승조차 힘들어 사라지는 문화가 늘어나고 있는만큼, 전통문화에 대한 인식을 강화해야 할 것으로 보입니다.\n헌법 제10조, 모든 국민은 인간으로서의 존엄과 가치를 가지며, 행복을 추구할 권리가 있습니다.\n개고기 식용을 싫어 할 수는 있으나 그것을 타인에게 강요하는 것은 개인의 행복 추구권을 침해하는 행위입니다. 누구도 그 행위에 대해 침해나 강요 할 수 없는 부분입니다."
54762,2017-11-29,2017-12-29,0,0,농산어촌,산업재해 근로자에 대한 치료비 지원 제도 도입을 청원합니다.,"안녕하세요.\n존경하는 대통령님, 의원님\n산업재해 근로자에 대한 치료비 지원 제도 도입을 청원합니다.\n저희 아버지께서는 2015년 9월 회사에서 근무하시다가 기계에 왼쪽 손이 눌려 피부 손실 및 절단되는 불의의 사고로 인해 장애판정을 받으셨습니다. 사고 후 대학병원에서 여러 차례 수술을 받으셨고 지금까지도 수술과 재활치료를 병행하고 있습니다.\n근로복지공단에서 산업재해라는 이유로 70%의 급여를 지급하고 있지만, 치료를 위해 필요한 수술비는 턱없이 부족한 실정입니다. 회사에서는 산재처리가 되고 있으니 재해자에 부여되는 비급여 치료비에 대해 아무 말도 없는 그런 상황입니다.\n저희 아버지뿐만 아니라,\n산업재해로 인한 중증외상환자들은 대부분 소득이 적은 일용직 노동자, 생산직 근로자 등 육체노동을 하는 사람들입니다.\n고소득자가 아닌 이상 대학병원 수술비를 감당하기 힘든 사람들입니다.\n치료가 끝난 후 가족들은 환자가 쾌차했다는 안도와 동시에 높은 비용의 수술비와 치료비를 지불해야하는 이 현실에 대한 원망도 함께 다가옵니다.\n근로복지공단에서는 급여의 70%를 지원하고 있지만,\n치료를 위해 재해자에게 필요한 의료비용에 대한 추가적인 제도가 필요한 실정입니다.\n존경하는 대통령님, 의원님\n대한민국의 발전을 위해 사고의 위험을 무릎 쓰고 보이지 않는 곳에서 열심히 땀 흘리며 일하는 근로자들을 위해 산업재해 근로자에 대한 치료비 지원 제도 도입을 부탁드립니다.\n감사합니다."
57980,2017-12-04,2018-01-03,0,5,보건복지,흡연부스 늘려주세요,흡연부스좀 많이 늘려주세요. 금연구역 10개 지정하면 그에따른 흡연장소 한 두곳은 있어야 공평한거 아닙니까? 금연구역 늘릴수록 거리 걸어다니며 피는 사람들도 늘어납니다. 흡연부스 이제껏 강남고속터미널에서 한번 보았습니다. 담배값 인상돼서 세금 많이 내는 흡연자들을 위한 장소도 해결 됐으면 합니다. 흡연부스는 흡연자와 비흡연자 모두를 위한 방법이기에 꼭 깊게 생각해주셨으면 좋겠네요.
420195,2018-10-25,2018-11-24,0,3,외교/통일/국방,통일국기를 가늠할 남북공동국기 제정시급,"거두절미하고 태극기와 한반도기는 명백하게 급조된 역사입니다\n태극기의 4괘는 일장기와 구별할 목적으로 배치하였는데, 국민 99%가\n무엇이 감이고 리이며 왜 땅이고 물인지 모를뿐만 아니라 설명한들 객관성도 없습니다.\n또한 고난의 6자회담, 외세의 영향이 태극을 X자로 에워싸고 그에 표정이 헬렐레 합니다.\n한반도기 역시 어느 누구도 예상하지 못한 일본 지바현 남북탁구 결승전 응원때문에\n급조하느라고 우리민족의 자랑스러운 간도, 그 광할한 대륙의 역사를 우리 스스로 버리면서\n지금도 중국영토에 비하면 도토리만한 영토가지고 독도표기 문제로 우왕좌왕 허둥거리고 있습니다.\n결론은 모순의 한반도기와 비운의 어수선한 태극기의 교체를 대비하고 나아가 불멸의 역사를 보전할\n글로벌적이고 확장력과 패션력이 풍부하며 창의적인 통일국기로 승화되는 가늠자 남북공동국기의 제정이\n절실하고 시급합니다.\n이유는 변화를 창조하며 민족의 대통합 정서의 상징성으로 구심력을 굳건히 재고하여야 합니다.\n참고로 이에 대하여 남북공동 주최로 남북공동국기 창작대회를 전개하시고\n탁월한 성과를 위하여 ""통일국기 준비위원회""를 운영하여 다시는 나라의 표상이 급조되지 않토록 바랍니다.\n2018, 10, 25 통일국기디자인 후보 / 통일태극기 창작인 ; 천수만 올림"
136786,2018-02-11,2018-03-13,0,7,안전/환경,제천화재가 무엇이 문제인지 다시 제고해주시고 잘못있는자에게 처벌을 해주십시오,제천화재가 무엇이 문제인지 다시 제고해주시고 잘못있는자에게 처벌을 해주십시오\n왜 죄없는 소방관님이 덤터기를 써야하는지 납득이 되지 않습니다\n화재원인과 화재가해자 주정차위반자 건축법 건축관리 엄격하게 처벌바랍니다
273761,2018-06-18,2018-07-18,0,2,경제민주화,(내수활성화방안3) 국내여행 마일리지 제도 도입(해외여행수지 개선안),"해외여행객 관세 부과등 과세만 열을 올릴것이 아니라,\n당근을 제시해서 자연스럽게 국내여행 유도하는것이 바람직.\n1.국내여행 [지역 마일리지] 제도도입.\n가. 각지역(ex, 강원도) 여행에서 쓴 경비(신용카드,현금영수증등)를 국세청 홈페이지에 영수증을\n개인이 직접등록 -> 항공사 마일리지처럼 세금마일리지 적립(향후 각종 세금납입시 마일리지 사용가능)\n※ 적립된 마일리지는 그 지역 자치단체에서 재원보전.(그지역 경제활성화에 기여했기 때문)\n2. 국내여행객 파격 당근 제시\n가. 낙후지역(ex, 이번 군산,울산등 경제침체도시) 여행객중 국세청 홈페이지에 등록된 영수증을 추첨하여,\n국내여행발전기금 1억,5천만원,3천만원등 당첨금 차등지급.\n나. 각 지역 기업체와 제휴하여 파격적인 상품 추첨 제공\n(ex, 예를들어 전라도 광주, 울산등 자동차 도시에 여행객은 국세청 영수증 등록자중 추첨하여, 최신 자동차 상품 증정등)"
364700,2018-09-03,2018-10-03,0,6,교통/건축/국토,"넘치는 자동차, 주차지옥, 교통지옥",차는 넘쳐흐르고 주차할 곳은 없고...네비게이션 20분거리 퇴근하는데 한시간 반이나 걸립니다. 차선은 좁은데 차는 커져서 아찔할 때도 많고...\n1.운전면허 취득기준을 강화하세요. 우리나라는 미국처럼 자동차가 반드시 필요한 나라가 아닙니다. 대중교통도 너무 잘돼있고...\n2.주차공간이 확보된 가구에 한해 차량 판매할 수 있게 규제를 하세요. 빌라촌 주차장도 몇개 없는데 한가구에 차는 두세대씩 가지고 있고...\n기업이야 차 많이 팔아서 좋을지 모르겠지만\n정말 지옥이 따로 없습니다. 기업에서 규제를 막나요?\n그럼 공영 주차장이라도 많이 운영하던지...돈주고 주차하고 싶어도 그것도 없고...\n정부는 방관하고 서민들은 박터져 죽던말던 알아서 하란건가요?
95702,2018-01-15,2018-02-14,0,1,성장동력,가상화폐 거래소 폐쇄를 반대합니다,합리적인 규제는 필요하되 폐쇠는 반대합니다.  박통/전통 시대도 아니고...
212004,2018-04-25,2018-05-25,0,4,일자리,일자리 안 늘어나는 이유! 일자리 안느는 정책고집!,"왜 일자리 안늘까? 답은 간단하다!\n기존기업들 망하면 돈 밀어넣고, 새로운것에  관심없고  남잘되는것 막고  오직 자신들  영역지키려고 혈안이 된 기득권  요구만 받아주니  일자리가 생길리 있겠는가?\n그러니 돈은  폭리취하는 기득권으로  몰리고  힘약한 하청없체는 갈취당하고, 이것도 저거도 아닌  대다수 국민들은 힘들게  겨우 버티는데  돈좀 생기면 기득권 씨스템을 장악하고  일자리는  턱도없이  적게만들고  돈만 쌓는곳으로  빨려가고 ᆢ\n정부는 일자리 창출을 위해 겨우 놀부집에 구걸이나하고ᆢ\n간신히 버티는 소상공인에  월급올리라 압박하고ᆢ\n대기업이 망하면 일자리  없어진다고 세금 적게걷고 ᆢ\n대기업의 곶간에 그동안 얼마나 많은 돈을 채워줬는지  통계를 한번 보면 알거다!\n고환율 정책으로 국민들  주머니  틀어간것 아닌가?\n환율내려  물가 내리고  주머니 안틀어 갔으면  대기업 주머니 두둑하겠는가?\n환율올려 주머니 틀어가서  대기업들 배불려주고싶으면  일정규모이상 이익내면 법이세에도 누진세 적용해라!\n과점기업들이  일정규모 이익  이상내면  누진과세 부과하라!\n국내기업이  일 못하겠다면 외국기업  끌어와라!\n자동차든 통신사업이든  허가내줘라!\n남들 시장진입 막아서  키워주고  독과점식으로 폭리 취하게  해놓고 세금도 적게거두면  이건  범죄다!\n문제는  촛불을 자처하는 지금정부가 과거 못된 정부의  가장 못된짓을 GM에  특혜를  줬다!\n정부정책이  고작  이따위인데 일자리가 무슨수로 늘어나는가?\n최순실은 대기업에서 강제로 돈뜯어 문화사업을  육성하겠다고  했단다 ㆍ\n최순실이가 훨씬 낫다!"
178080,2018-03-27,2018-04-26,0,4,일자리,일자리 문제근본 원인,오늘 연합뉴스를보니 국가부채의 반정도 814조정도가 군인 공무원 연금 지급 때문에진빛이라는 겁니다국민이 진정 바라는게 먼지 모르시는거 같아서\n지금 우리나라 제일 큰 문제는 공무원 들의 무사안일 탁상공론 움직이지 않는 행정 맨날 고위직 공무원 문제만 다루는데 일반 공무원 들의 문제점 너무 많읍니다\n어찌 공무원이 일반 국민보다 편하고 연봉 연금이 최고의 직업이됐나요\n일반 서민은 진짜 경기가 힘들어 살기가 너무 힘든데 공무원 들이 먹고 살기 편한 세상이 됐나요 선진국 공무원 들같이 날마다 가가호호 방문하고 봉사하는 개념이 아니라 국민위에 군림하고 봉사라는 개념도 없고 불친절과 거만함이 하늘을 찌름니다\n국민에게 물어보세요 공무원 들의 대우와 근무태도 얼마나 문제가 많다고 생각하는지\n일단 공무원들 부터 최저임금 적용하고 각종수당 성과큽 이런거 없애고 연금도 국민연금 수준으로구청 시청 주민센터 필요없는 인원줄이고 해년마다 근무평가 하여 자리만 지키고 있는 공무원 들은 퇘출 해야 합니다\n왜 국민이 공무원 먹여 살리려고 고생을 해야 하나요\n공무원은 직업의 개념이 아니라 국민에게봉사의 개념입니다  이렇게 공무원의 혜택과 연봉 연금이 많다보니\n청년들은 공무원 준비에 허송세월  중소기업은 인력난에 허덕이고 청년실업률은 하늘을 찌릅니다 제가 의견낸거 같이 공무원 최저임금  수당 성과급 이런거 없애고 연금도 국민연금 수준으로 하면 청년들은 중소기업 으로 눈을 돌리게 돼 있고 국가 부채는 줄고 청년 실업률도 줄것입니다\n이리해야 교육이 살고 청년이 살고 나라가 삽니다\n처음엔 공무원 들의 반발이 심하겠지만 미래를 위해 제일 먼저 해야할 일입니다
433584,2018-11-06,2018-12-06,0,1,경제민주화,리츠 활성화 대책,"국토부는 9월중에 리츠 활성화 대책을 발표한다고 했는데, 이런저런 이유로 10월 중순까지 발표하기로 했다가,\n11월 초까지 발표를 하지 않고 있습니다.\n국가의 중요한 기관으로써 매번 번복하고 신뢰가 떨어지고 있습니다.\n국민들께 약속을 지키는 국토부가 되었으면 합니다.\n이래서야 국민이 국가의 기관을 믿고 살 수가 있겠습니까, 거짓말과 변명으로 우롱하는 국토부는 반성하고,\n신뢰를 찾기를 바랍니다."
281827,2018-06-24,2018-07-24,0,2,일자리,조현우 리버풀 입단하게해주세요.,조현우정도면 정부차원에서 해외가서 선진문물 가르쳐야합니다. 리버풀 팬들도 원한다고하니 보내주세요.
78313,2018-01-02,2018-02-01,0,21,육아/교육,정시늘려주세요,누구를 위한 수시며 학생부종합전형입니디까?\n지방학생전형 있는데  지역균형을 위해 수시가 필요하다?니요ᆢ\n정시로 공정하게 대학갑시다\n아이들 수능못봐도 부모잘둬서 학종으로 대학 잘가네요\n말이나 되나요?
96671,2018-01-16,2018-02-15,0,0,보건복지,미성년자 금연보조제 판매규제,"미성년자에게 담배는 피지말라는데\n왜 금연보조제를 사지못하게합니까\n정말 끊고 싶은데 19미만 판매금지네요\n비타스틱,금연초,전자담배는유사 흡연행위니까\n규제한다칩시다\n근데 왜 리엔파이프,파이프형 금연보조제는\n왜 구매를 막는지 모르겠네요"
395152,2018-10-01,2018-10-31,0,99,육아/교육,유은혜 교육부장관 후보 절대  반대합니다,유은혜 교육부장관 후보 절대적으로 반대합니다\n아이들의 미래가 걱정됩니다\n어떻게 된게 일반인은  작은 실수만 있어도 난리면서\n정치인들은 왜 다들 부정부패 많아도 다 버젖이\n일하게 하는겁니까 ?\n자식이 군대안가고 부정편입에 오만 비리 다 있어도 시장되고 도지사되고  ~~~~열심히 사는 국민들\n국민들 진짜 힘빠지고 너무 짜증납니다\n정치인부터가  부정부패가  넘쳐나는데\n돈있고 권력있으면  다 비리투성입니다~~\n현정부는 인사들이 그렇게 없답니까?\n깨끗하고 일잘하고 정직한 사람으로 뽑으세요\n공무원의 기본은 청렴이다 ~~~~~~~
155564,2018-03-01,2018-03-31,0,8,인권/성평등,가정있는사람들 외도하면 무거운중벌을만들어주세요,대한민국이 불륜천국이란말들어 보셧나요\n제남편은 첨부터지금까지 바람안피운날이없으며. 간통죄없어지고 한달에반이상은외박을하고 위자료안주려고이혼도안해줍니다\n남들도 다바람핀다고 오히려당당합니다\n여자에게 전화햇다고 폭력하고 칼들고와서 죽인다그러면 너무무섭습니다\n만나는유부녀가 한두명이아닙니다\n저는한번도놀고먹은적없이살아도 돈도안주면서 밖에여자들에겐 사주고먹고 여행다니고 상대유부녀도당당하게 저에게 니남편니가간수하라고합니다\n대한민국 너무더럽습니다. 위에서생각하는것보다 엄청더러운한국입니다\n제발 법을 무겁게만들어주세요\n힘없고 불쌍한배우자가. 무시당하지않고 어깨펴고살수잇게해주세요\n이혼하려해도 증거가잇어야하는데 돈없으면증거잡을수없어요\n왜!!!미친짓하는것들은 웃으면서 잘사는데 죄없는 배우자들은 눈물과고통으로 살아야하나요\n동방예의지국따윈없어요 불륜천국 불명예는 없애야하지않을까요\n매일을불행하게 살아가는 상대배우자들에게 힘을주세요 대한민국 가정들 위태롭습니다\n이런가정에서 자녀들이 제대로자랄까요\n1외도한사람은 모든재산을 배우자에게 주고 나가는것\n2거세시키는것(내시처럼)\n3바람피우면 얼굴을 세상에 공개할수잇게하는것\n제발부탁드립니다. 너무나 고통스럽습니다
387463,2018-09-21,2018-10-21,0,0,농산어촌,서울대에 초등교육과를 설치해 주세요.,"서울의 사립대인 이화여대엔 초등교육과가 있습니다.\n청주의 국립대인 교원대에도 초등교육과와 중등각과교육과가 있습니다.\n그런데 최고의 대학이라는 서울대엔 초등교육과가 없습니다.\n그런데 순수연구목적으로 서울사대부속초등학교는 또 있습니다.\n도 지역의 읍면단위 이하에서 일정기간 의무복무를 조건으로 나라에 최고의 수재들이 모인다는 서울대에 초등교육과를 신설해 주세요.\n보통 한 학교에서 최고5년까지 근무할 수 있으니, 10년간 의무복무기간 조건으로 입학요강에 명시하면 될 것입니다."
120213,2018-01-29,2018-02-28,0,2,경제민주화,삼성화재보험의 모든 숫자는 보험계리행위로 만들어진다 숫자는 삼성화재보험의 이익과 직결됨에 담당자들의 도덕적해이는 곧 범죄행위이다.,"삼성화재보험의 숫자(계리)놀음은 심각한“집단적인 도덕적 해이”\n삼성화재보험의 모든 숫자는 보험계리행위로 만들어진다 숫자는 삼성화재보험의 이익과 직결됨에 담당자들의 도덕적해이는 곧 범죄행위이다.\n보험금을 노린 사기꾼 이연행에게 69,350원(확정) 계리행위를 하여놓고서도→ 149,953,113원(이연행,요구)→537,718,619원(거짓으로 계리 행위를 하여서)→ (주)패밀리에게 덮어씌워서 75%(보험료 2억 5천만 원)에서 250% (보험료 10억 원) 보험료 폭탄으로 (주)패밀리를 2009. 5. 25. 강제 학살→일자리를 빼앗아고, 집을 빼앗고, 광주지방법원 2014하면218으로 가정을 빼앗은“죄”\n❶삼성화재보험의 설계사 자격시험 연수교재가 증거합니다\n❷금융감독원 본 사건 감독자 남경엽이가 양심설명으로 증거합니다\n❸광주동구보건소(조선대학병원의진단서에 대한유권해석)가공문서로증거합니다\n❹이를 묵인 묵살 방조 하수인 노릇하고 있는 금융감독원입니다\n✱국민이 참여한 철저한 조사 수사가 필요합니다✱"
140706,2018-02-16,2018-03-18,0,14,성장동력,부동산 투기 근절 청원(의견모음 창),"이곳에 집값이 떨어지기 바라시는 분들의 청원을 모읍시다.\n현재 수준의 부동산 정책은 노무현정부의 실패를 반복할 것 같읍니다. 또 금연효과는 별로 없이 세수만 올린 무능한 박근혜정부의 담배세 정책의 판박이가 될 것 입니다.\n열심히 공부해서 창의와 노력으로 미래를 만들어가야하는 보통의 청년들에게 최저임금 수준의 사회초년생들이 혼자 생활하는 작은 원룸의 집세로 소득의 반을 내야하는 현재의 집값은 대한민국을 희망없는 지옥으로 여기게 만드는 핵심 입니다. 또 열심히 일해 돈을 모아가는 보통의 무주택 기성세대에게도 그렇읍니다. 특히 강남의 부동산시장은 참여할 수 없는 국민들이 삶의 회의를 느끼게 만드는 부자들의 공개된 도박판이 되었읍니다. '재테크' 라는 용어포장으로 탐욕스런 투기를 사회가  정상적인 투자와 동일 시 하게 만든 부동산업계의 트릭으로 인해 사회적 고통총량이 매우 급격하게 늘어가고 있읍니다.\n이준구교수와 같은 합리적 경제학자들의 반대에도 불구하고 노무현 정부 부동산정책의 끝부분에 나온 보유세를 집 한채 월세로 살아가는 노인과 같은 극단적인 사례를 여론화하는 보수 언론과 손잡고 이명박 정부가 무력화시켜 버렸지요.\n현재의 상황은 많은 서민들의 희망을 없애고 삶의 좌절감을 안기는 높은 부동산 가격을 '사회악'으로 규정해야 합니다.\n부동산투기로는 시중은행의 정기적금의 이자 이상의 수익을 올릴 수 없는 구조를 만들어야 합니다.\n평균 주택가격 이상의 주택에 대한 누진적 보유세는 당연합니다.\n지나친 과세가 부담스러우면 면세 도 방법입니다.\n무주택자의 경우 주택마련 저축액을 세액공제, 무주택자는 주택 구입 시 취득세 면제, 보유주택에 따라 유효한 누진적 취득세,\n방법은 많읍니다. 아닌 정부의 의지문제라고 생각합니다.\n자본주의 대표사회인 미국에서 조차 자식들에게 주거비용은 소득의 20%  이내로 하라고 교육한다고 합니다.\n주택정책에도 목표가 필요할 것 입니다.\n바람직한 목표가격은 미국을 참고로, 취사와 샤워가 가능한 평범한 원룸의 월세가 사회초년생(최저임금 )월소득의 20%, 도시의 평균주택가격을 지역별 평균임금의 도시근로자가  월소득의 20% 정도의 월세에 해당하는 주택가격을 빨리 만들 수 있는 정책을 펼쳐야 합니다.\n아무쪼록 국민들의 촛불 희망을 노무현정부의 실수 반복과, 무능부패한 이명박근혜정부의 판박이로 저버리지 마시길..."
28690,2017-11-09,2017-12-09,0,0,인권/성평등,조두순 출소반대합니다.,"조두순... 출소로 인한 불안에 떨고 있을 피해가족과, 제2 제3 범죄에 노출가능성이 높습니다."
65526,2017-12-14,2018-01-13,0,0,저출산/고령화대책,시골길에 노인용 소형 전동차나 유모차를 위한 길을 확보해 주시기 바랍니다.,"이제 우리나라는 인구 고령화에 따른 농촌 공동화를 현실로 마주하고 있습니다.\n지난 6개월 이상을 우리나라를 돌며 많은 문제들을 마주하며 살펴 왔습니다.\n마주한 우리 시골의 모습들 중에,\n오늘은 꼭 그리고 빠르게 해결되길 바라는 이슈를 먼저 청원합니다.\n시골, 굳이 이렇게 말하지 않아도 이미 지방의 중소 도시들은 이미 노령화가 눈에 뜨일 정도로 진행되어 있습니다.\n운전하며 다니다 보면 나이 드신 분들이 대부분 소형 전동차를 이용하시거나,\n보행기나 유모차를 개조해서 지팡이 대용으로 끌고 다니십니다.\n그런 도로들 대부분이 2차선이며 길 어깨가 없는 곳이 또한 대부분입니다.\n봄부터 가을 사이엔 길게 자란 잡초 사이로 불쑥 나타나시기도 합니다.\n한적해서 피할 만한 곳은 그나마 낫지만, 그렇지 못한 곳도 많습니다.\n게다가 느리기도 하고 자칫 위험하게 운전 실수를 하는 경우엔 큰 사고로 서로에게 어려운 일이 될 것입니다.\n자전거 도로 만들듯이 우선은 불편한 분들을 위한 시설이 먼저라고 생각합니다.\n그래서, 제안합니다.\n시골길 2차선 도로에 노인들을 위한 소형 전동차나 유모차들이 다닐 수 있는 길을 확보해 주시면 좋겠습니다."
323472,2018-07-30,2018-08-29,0,10,외교/통일/국방,국방력 감소? 군복무 단축?,"다른나라는 모두 국방력 강화에 힘쓰는데 왜 우리나라만 국방력 감소를 하십니까?\n군복무 3개월 단축이라... 대신  정치/공무원들도 임기 단축 하십시요!\n우리나라 주변 강대국 중국. 러시아. 일본이 있는데 그 나라들은 우리나라보다\n훨씬 나은 첨단무기가 없을까요?\n방산비리, 정치/공무원 들 비리만 잡아도 현 예산으로 국방력 상승에 크나큰 도움이\n되리라 생각합니다."
211319,2018-04-24,2018-05-24,0,1,일자리,일자리 안정자금 그거 왜주는건거여?,"그거 주지말던가\n주려면 철저히 조사하고 주세여\n우리사장님 그거 받아서 술먹으러 가여\n오래근무한직원 2명, 알바1명 그외엔 절대 충원언해여\n필요없다는데...지원금은 왜주냐구여\n강남포함 오피스텔 11채,  강남에집 2채, 강남포함 전국에 토지 다수보유...\n심심해서 일한다는데 ...지원금은 술값이맞네\n열받아서 글씀"
349811,2018-08-21,2018-09-20,0,0,기타,금감원이 신청인의 약관이 아닌것으로 답변,금감원 직원이 민원신청인의 약관이 아닌것으로 답변을 자꾸합니다
44776,2017-11-16,2017-12-16,0,2,성장동력,중소기업 제조 업체 상생,수고가 많으십니다.\n8.2 대책으로 인해 부동산 경기를 바로 잡고 서민이 집을 살수 있는 나라가 되기를 바라고 바라는 국민입니다.\n그런데 저희 회사는 40여년동안  합판 및 유로폼(건설 자재) 생산업체로서 한눈 팔지 않고 제조업으로 회사를 이어 오고 있습니다. 제조업이 갈수록 어렵다 어렵다 해도 지역 사회에 이바지 한다는 생각으로 한눈 팔지 않고 회사를 운영해 오고 있는 중에 8.2대책 이후 모든 부동산 경기가 얼어 붙어 저희 회사 같은 건설자재 업체는 크나큰 타격을 입고 있습니다.\n매출이 줄어 은행에서 규제가 들어 오고 원목 수입 유산스 결재가 밀려 오고 회사를 유지 하기가 너무나도 힘이 듭니다.\n생산을 줄이고 하지만 회사 직원들이 힘들 모아도 이 어려운 난관을  헤져 나가기가 너무나 힘이 듭니다.\n은행에서 매출이 반토막 난 이후로 대출은 커녕 원금 상황에 압박까지 시달리고 있는 상황입니다.\n부디 이러한 어려운 제조 회사에 긴급 대출이라던지  중소기업 지원이라던지 이난관을 극복해 갈수 있는 대안을 마련해 주시기 바랍니다.
373628,2018-09-09,2018-10-09,0,13,경제민주화,촛불집회가답이다.,"나라꼴이말이아니다. 다시 촛불을 들어야 정신을차릴건지, 아니면 무능해서 바꿔줘야할지, 촛불집회가답이다."
69874,2017-12-19,2018-01-18,0,2,육아/교육,교원성과급페지,페지ᆢ
222769,2018-05-04,2018-06-03,0,14,행정,대체휴일을 법정 공휴일로 해주세요. 중소기업은 일합니다.ㅠㅠ,달력엔 대체휴일\n빨간 글씨라  휴일인줄 알았는데\n출근을 한다고 합니다.\n법을 잘 지키는 회사여서\n법정 공휴일만 되어도 쉴텐데\n강제성도 없고\n공무원이나 일부 기업에만 적용이 되니\n일해야 하는 저로서는 짜증이 나고\n차라리 법정공휴일이 아니면\n대체 휴일이나 달력에 빨간색 휴일로\n표기를 안했으면 좋겠습니다.\n모두가 혜택을 누릴수 있게\n대체공휴일을 법정공휴일로 지정 요청드립니다.\n어느 지방 중소기업 노동자의 의견입니다.
468949,2018-12-14,2019-01-13,0,25,정치개혁,혜경궁 김씨 기소하세요,문재인 대통령 비하글과 문준용 공기업 취업특혜글 세월호비하글 노무현 전대통령 비하글이 4만여건이\n김혜경 아이디로 작성되었다고 한다 이정열 변호사 말에 의하면 70%가 이재명 도지시 집무실에서 작성되고\n최종 접속지가 자택으로 되어있는데 정황증거로봐서 100%로 보이는데 왜기소하지 않는지 이해가 안감니다\n정황증거도 정치적 판단으로 유불리에 따라서 기소되어서는 안됨니다 기소하세요
423806,2018-10-29,2018-11-28,0,38,경제민주화,금융적폐 최종구 김용범을 당장 파면하라.,문재인 대통령님...\n이리도 국민들이 힘들다고 아우성을 치는데 왜그리\n외면만 하시는 겁니까.\n북한만 해결하면 모든 게 해결되는 건가요?\n북한도 해결하면서 국내 금융경제도 신경을 써주십시오.\n경제 수장이 있으니 나는 모르쇠로 일관해도 되는 겁니까?\n경제 수장이란 작자가 일을 제대로 못하면 파면 조치를\n하셔야 할 것 아닙니까.\n모든 국민들이 금융적폐라 부르짓는 최종구 김용범을\n왜 아직도 감싸고 도는 겁니까?\n당장 파면시키고 주식 시장 안정을 위해 공매도 한시적 금지 조치를 내려주세요.\n500만 개인투자자 전부 죽습니다...
138843,2018-02-13,2018-03-15,0,5,외교/통일/국방,탈북자 중에 북한가고 싶은사람 북으로 송환시켜주세요,북한에 아주아주 관심이 있는 어떤 야당인지 모르겠지만 탈북자들 뒤에 숨어서 조작질 하는데\n북으로 보내달라는 사람들 보내줬으면 합니다.\n정착자금 다시 회수하고 북한으로 보내주셨으면 합니다.\n김련희라고 했죠? 그사람 부터 바로 보내버리고 전에 대선때 북으로 보내달라고 했던\n탈북자 단체 걔네들도 다 보내주시기 바랍니다.\n한국이 싫다는데 왜 한국에서 살게 해주는지 이해가 안갑니다.
351031,2018-08-22,2018-09-21,0,16,농산어촌,쌀값 폭등 이유와 사라진 쌀의 정체가 무엇인지,"쌀이 남아 돈다는데 폭등한 이유와,,\n미곡창고의 쌀이 사라졌다는 애기는 무엇인지 속 시원하게 밝혀 주세요"
67586,2017-12-16,2018-01-15,0,6,정치개혁,더불어민주당 박경미의원 제명 청원합니다,과거 현직대통령님이 제기하여 위헌심판 받아낸 법안을 다시 발의했습니다..현직교원에  대해 성범죄혐의만 있어도 직위해제시킨다는 내용입니다. 이건 단순 혐의만으로 죄를 묻는다는 겁니다..\n1. 법치주의의 근간을 무너뜨리는 법안입니다..무죄추정의 원칙을 도외시한 상식 이하의 법안입니다.\n2. 모든 남자교사를 잠재적 성범죄자로 치부하는 반인권적 법안입니다\n3. 무고에 대해  먼저 언급하지 않은 미완성법안입니다\n4. 여학생들이 기분에 따라 무고가 판을 칠 것은 너무도 자명합니다. 아마도 무고피해자들의 원성이 자자할 것입니다.\n5. 사회문제화되는 것은 자명하며 스승의 권위가 땅에 추락할 것입니다.\n이에 반인권적 법안을 발의한 박경미의원을 사퇴하도록 종용해 주시고 당에서 제명해 주실 것을 청원드리는 바입니다.
494155,2019-01-12,2019-02-11,0,13,경제민주화,거래소의 고무줄 잣대를 끊어주십시오,"어제 JTBC의 기사입니다. 삼성바이오와는 너무도 다른, 타기업에 대한 거래소 기업심사위원회의 심사 행태를 고발합니다. 경남제약, 해덕파워웨이 등 기업에 투자한 우매한 주주들이 하루하루 고통속에서 거래재개만을 기원하고있습니다. 엄청난 자금을 분식회계한 기업과 공시위반, 경영권 다툼 등의 분쟁중인 기업이 어찌이렇게 다른 심사결과가 나올수 있는지요? 정치쇼에만 열중마시고 억울한 국민 좀 돌아봐주십시오."
244959,2018-05-26,2018-06-25,0,36,외교/통일/국방,"2차 남북 정상회담 모습, 보기 좋네요","남북 정상이 만나서 포옹하고 악수하고 보기 좋은데 65년 동안 못보던 모습이다.마치 아버지와 아들의 오랜만의 만남 같이 좋아보인다.2대에 걸쳐 대적하고  3대에 이런 모습은 늦은 감이 있다. 남북이 서로 적대하고 죽이고 학살하고 테러하고 하는 세월이 60년이다.그래서 서로 소통하고 회담하는 것은 전쟁 방지와 화해, 그리고 더 좋아지면 통일이 기다리는 것이다. 태영호 공사의 사퇴도 좋은 분위기다. 남한은 북한 지도부를 망명하면 다 받아들였고 황장엽은 남한에서 죽어 국립묘지까지 안장해주어 후한 대접을 한 동포 아니던가? 탈북민이 어느새 3만명이 넘었다고 하는 마당에 남북이 60년이 넘도록 적대를 해소하지 못한다면   남북 모두 문제가 많다는 것이다.\n자유한국당은 이런 시대의 흐름을 만들지 못하고 대적만 일삼다가 오히려 북한이 핵에 집착하도록 만든 것이 책임이 없잖아 있고, 북한으로하여금 거부 반응을 생기도록 하였다. 앞에도 이야기했지만 우리가 부유해지고 좀더 강한 형님의 심정으로 포용할 필요가 있었던 것이다. 대화 속에 교류가 있고 협상이 있고 교류속에 통일의 길 열린다. 6.25 알레르기에 걸린 세대는 북이나 남이나 많이 죽고 사라졌다. 이제는 풋내나는 손자와 대결을 계속 이어갈 필요가 없다. 잘 다독거려서 남북 화합을 모색하고 새로운 역사의 전환점을 만들어야  하는 것이다. 진보보수 빨 타령은 힘을 잃을 것이다. 강대국 싸움터가 되는가 여부는 남북 화합여부에 달렸다."
17394,2017-09-27,2017-10-27,0,2,외교/통일/국방,철원 총기사건,철원 부대 총기사건에대해서 나서서 해결해주십시오.\n현재 철원 총기사건에 대한 기사나 뉴스또한 상당히 부족한거같습니다. 나라가 필요로 요구해서 국방의 의무를 가져야하는 이나라의 국민인 청년들이 국방의 의무를 가지다가 이러한 피해를 입는다는게 너무나도 원통스럽습니다. 군부대 내에서 대처또한 미미하다면 그 누가 국방의 의무를 가짐에 있어서 믿음을 가지고 행할수있겠습니까?\n이 사건을 꼭 밝혀내서 피해사병의 가족분들의 아픔과 국민들의 안타까움을 꼭 덜어주십시오.
161056,2018-03-08,2018-04-07,0,1,기타,4월말 남북정상회담시 분위기조성 팁제안,"4월 남북정상회담시 상호 진심에서 우러나오는 분위기조성을 위해 우리 영부인께서 힘드시겠지만\n상호 만찬때 노래한곡을 꼭 준비하셔서 먼저 하시면서 북한 이설주의 답가를 이끌어낼경우\n남북정상간의 분위기고조에 엄청난 도움이되리라 생각합니다. 물론 영부인께서 노래를 부른다는것이\n상상도 못할일이라 생각될수도 있으나, 먼저 깜짝쇼로 한곡하시면서 북측 이설주의 답가를 이끌어낼수있다면\n만찬의 분위기뿐아니라, 모든 정치, 경제협상이 순조롭게 해결되리라 생각됩니다.\n사실 이런생각이 ""무슨 홍두께같은 생각이냐""라고 생각할수도있으나, 이런 깜짝쇼가 인간의 마음을 움직일수\n있습니다. 꼭 영부인께 한번 물어보시길........\n저는 부산에 거주하는 대통령과 같은 성씨로 항상 지지합니다."
134953,2018-02-09,2018-03-11,0,0,농산어촌,670만불,670만개의 촛불이다.
44507,2017-11-15,2017-12-15,0,14,육아/교육,솔직히 하루전날 수능연기는 아니지않나요???,이번 수능 끝나고 주말에 제주도 가족여행 갈려고 숙소잡고 비행기표 다 예매 해놧는데 망햇네요 ㅋㅋ 군대간 형도 휴가아끼다 일부러 저랑 놀려고 내일 휴가 나오기로 햇는데 수능연기 하나로 모든게 다 틀어져 버렸네요 이러다 일주일후 강진나면 또 연기하겟네요?
295723,2018-07-04,2018-08-03,0,33,안전/환경,고 장자연 사건 철저히 수사 바람니다,고 장자연 사건 관련자들 철저히 수사해서 엄벌에\n처해 주시기 바람니다\n저는 50대 남성이지만\n장자연 사건 기사을 볼때마다\n화가 치밀어 오름니다\n장자연 고인이 어려워 용돈을 주었다고\n방금 뉴스에서 들었습니다\n철저히 수사 해서 최대한 무거운 벌을 주시기 바람니다\n인간 쓰레기들
319795,2018-07-26,2018-08-25,0,0,성장동력,수도권 법인 3배 중과세 법안,"안녕하세요.\n저는 수도권에서 벤처기업을 운용하는 2년차 법인 대표입니다.\n정부에서 일자리 창출과 경제활성화를 외치면서 창업을 장려하고 있지만, 정작 수도권에서 사업을 하려면 취등록세 등을 3배 중과세 해서 납부를 해야 합니다.\n지벤처기업인증을 받으면 취등록세에 대해서 면제 혹은 감면등의 혜택이 있지만, 수도권에 있는 기업의 경우는 벤처기업이라 하더라도 똑같이 3배 중과세의 세금을 납부해야 합니다.\n서울에도 많은 실업자와 노동자가 있는데  수도권 기업에 3배 중과세를 하는 것은 수도권에서는 사업하지 말고, 수도권에서는 일하지 말라는 소리와 같을 것입니다.\n정부가 창업을 장례한다면 최소한 창업중소기업이나 벤처기업에 대해서라도 3배 중과세 제도는 철폐되어야 할 것 같습니다.\n솔직히 중과세 되는 세금을 납부할때마다 법인의 소재지를 지방으로 옮기고 사업의 기반과 생활의 기반이 모두 서울에 있고, 직원들도 모두 서울과 수도권에 거주해서 수도권을 벗어나서는 사업을 하기 힘든 구조를 가지고 있습니다.\n사업에 집중해서 많은 사람들이 일할 수 있는 직장을 만들도록 정부에서도 도와 주셨으면 합니다.\n감사합니다."
425699,2018-10-30,2018-11-29,0,54,인권/성평등,파일노리 양** 처벌 강화 부탁드립니다.,요즘 세상에 어린아이들도 전부 스마트폰 sns다 하는 시대인데 진짜\n사회의 악들이 너무 득실 거리네요 양** 그 사람 빠른 처벌 부탁드립니다.\n모든 사람들 앞에서 피해자분에게 모욕감과 수치감을 주었고 정신적으로 피해를 주었으며\n그 피해자분 가족들이 보면은 얼마나 화가 치밀어 오를까요 빠른 시내에 처벌 부탁드립니다.\n어떻게 이런 사회에 요즘 세상에 이런 갑질을 하고 대놓고 폭행을 합니까?\n사람 돈으로 죽이려고 하고 진짜 세상 잘 돌아갑니다 빠른 시내에 처벌해주세요\n국민적 망신이고 창피합니다.\n그리고 위디스크 파일노리 빠른 폐쇄 조치 부탁드립니다.\n[본 게시물의 일부 내용이 국민 청원 요건에 위배되어 관리자에 의해 수정되었습니다]
218242,2018-05-01,2018-05-31,0,29,경제민주화,삼성바이오로직스의 주가조작 의혹에 대해서 금감원의 조사를 청원합니다.,"아무리 주식시장이 가격이  미래의  가치를 선반영 한다고 해도 적자를 보고 있는 회사가 488,000원(5/2/2018 액면가 500원) 입니다.분기별 15조의 영업이익을 내고 있는 삼성전자도 2,650,000원 (5/2/2018 액면가 5000원)\n입니다.이런 비정상적인 주가는 작전세력의 개입없이는 상상할 수 없는 주가라고 판단됩니다.\n바이오로직스 주가를 띄우는 세력은 삼성측이라고 판단됩니다.\n바이오로직스 주가를 띄워서 삼성생명이 갖고 있는 삼성전자주식을 삼성물산이 인수하고 삼성물산이 갖고 있는 바이오로직스지분을 삼성전자에 매도해서 그 자금으로 삼성물산은  삼성생명이 갖고 있는 삼성전자 주식을 인수해서 삼성물산 주식만 들고 있는 이재용에게 어마어마한 부를 안겨주는 플랜을 갖고 움직인다고 판단되어 금감원의 감사가 필요하다고 판단됩니다."
276051,2018-06-19,2018-07-19,0,265,보건복지,대진라돈침대 사용자 보건소에서 건강검진 해주세요,"저는 2011년 11제조 프리미엄 웨스턴 슬리퍼 Q을 2018년 06월15일까지 사용한 46살주부입니다.\n2011년 겨울부터 건강했던 제 몸에 이상현상이 나타나기 시작했고, 전신가려움증, 심한기침, 눈:입술떨림,생리불순, 자궁,유방통증 등등... 으로 병원치료, 입원 등등 저를 포함 남편에게 일어난 일들... 저희딸이 2년동안 이침대를 사용하면서 일어난 일들...\n정말 끔찍해서 요즘을 잠을 이룰수가 없습니다.\n원자력안전위원회에서 알려주는 상담전화는  나라에서 상담전화만 ~ 병원직원들은 대진라돈침대보다더 심한 방사능에 노출되어 근무를 하고 있고,  비행기를 타면 엄청난 양의 방사능에 노출되고...있으므로... 대진라돈침대정도는 그렇게 심각한 일이 아니라는 듯~ 그렇게 걱정이 되시면 개인적으로 개인경비로 폐검사를 해보라고 아주 친절한 상담을 해주시더군요~\n정말 국가에 화가 나고 억울한 생각이 들어서요~\n방사능 안전규정이란게 있긴한건지.. 관리감독은 잘 되고 있는지...\n저는 주부지만 TV도 안보고 인터넷뉴스도 골라 보는 사람이라... 대진침대 추가로 저희집 제품이 추가로 들어가는걸 6월 14일밤에 알게되어 부랴부랴 수거 신청을 했습니다.  지금은 동네철물점에서 싼 비닐로 밀봉한 상태구요.\n존경하는 문재인 대통령님께 부탁드립니다.\n이번 대진라돈침대 사용자들은 보건소에서 건강검진을 해 주셨으면 합니다.\n출산율 저하 세계1위인 우리나라에서  국민의 목숨을 이렇게 함부로 해하다니...\n국가차원에서 라돈이 폐기능에만 문제가 심각하다고 하니(원자력병원측상담원말) 모든 보건소에서 건강검진을 할수 있도록 방법을 찾아 주셨으면 합니다.\n38년동안 아무일없던 건강한피부가 대진라돈침대사용하면서 가려워서 잘수가 없었는데(정신병걸릴수준)... 아무런 문제가 없다고 하니 기가 막히고요~\n그래도 폐암 위험성이 많다고 하니 국가에서 국민건강을 책임지는 차원에서 건강검진을 받게 해 주세요."
453051,2018-11-26,2018-12-26,0,15,안전/환경,지금 대한민국의 최우선의 민생정책은 미세먼지 저감정책입니다.,"돌된 아기를 가진 엄마입니다.\n여름은 제외하곤 한국에서 미세먼지 공포때문에 살 수가 없습니다.\n국민들이 할 수 있는건 오직 마스크를 쓰고 공기청정기를 쓰는 것 밖에 할 수 가 없습니다.\n국가에선 미세먼지에 대한 근본적인 대책을 내놓아야 하는데\n뉴스에선 온갖 대기 상태가 심각하다는 말뿐 청와대나 정부에서는 어떠한 노력을 하고 있는지에 대한 말이 없네요\n차량 이부제 등 국내에서의 미세먼지 저감 정책말고 중국발 미세먼지를 멈추게 하는 것이 더 급선무일것 같습니다.\n중국과의 미세먼지 저감을 위한 정부의 노력은 무엇인지 꼭 국민에게 알려주십시오\n지금 대한민국의 최우선 민생정책을 미세먼지 저감정책입니다.\n제 주위 사람들은  다 이민 생각하고 있습니다. 이 미세먼지 떄문에 말입니다.\n국민이 있어야 국민의 국방, 외교,경제도 있습니다.\n부디 대통령께서는 미세먼지 저감을 위한 적극적이고 과감한 대책을 하루 빨리 조속히 말씀해주시길 바랍니다."
510899,2019-01-29,2019-02-28,0,5,교통/건축/국토,집이 남아도는데 제3신도시가 웬말이냐~~,전국적으로 아파트 미분양이 천지이고\n수도권에 집이 남아도는데\n제3신도시 지정이 웬말입니까\n정책을 전문가가 해야지\n이해관계도 없는 분들이\n펜으로 정책을 발표하면 되겠습니까??\n사장경제에 맡기시고\n정책에서 손 떼십시요
87690,2018-01-11,2018-02-10,0,0,성장동력,가상화폐 폐지 반대합니다,"폐지하기에 앞서\n미국 일본 독일 등 가상화폐의 기술을 받아들이고 이를 활용하며 보완 개선점을 선점하고 있는 분야에\n우리나라는 규제 보다 폐쇄가 우선입니까\n이를 통해 학문적 발달이나 새로운 분야 리더역할의 젊은 인재들은 이미 한 발 빨리 움직여 왔는데\n미래의 가치를 보고 투자한게 죄입니까?\n이게 무슨 도박꾼이고 투기꾼인가요?\n투기꾼으로 몰려 억울합니다\n억대로 투자하는 기관도 아니고 몇천 있는 것도 아니고\n다들 203040젊은분들이 모바일 및 IT에 적응하기 쉬워 시작했던것이지\n다들 초창기 주식,부동산등 경제적 투자가 어려운 소자본 젊은이들이 많습니다\n투기꾼 잡는다고 엉뚱한 선의의 사람들만 피해가 돌아올 것 같네요\n한 사람 한 사람이 중요하다면\n일처리 확실히 해야합니다\n어설픈 규제와 폐쇄방침은\n미래 산업 성장주도에 전혀 도움이 되지않습니다."
344842,2018-08-17,2018-09-16,0,0,행정,경찰청 블랙박스 영상 처리 불합리함 개선,"경찰서의 블랙박스 영상 과태료 부과등 관련 절차가  너무 제보자 위주로만 되어 있어서 그 불합리함에 대한 개선을 요구합니다.\n블랙박스에 찍한 운전자가 과태료, 벌금 고지서를 받고서 해당 영상을 확인해 보고 싶을 때 어떻게 해야 할까요?\n영상 확인은 가능하다고 합니다. 그런데 바쁜 시간을 내서 경찰서에 방문해야지만 확인이 가능하다고 합니다.\n요즘같은 인터넷시대에 경찰서까지 방문하라고 하니 뭔가 불합리하다는 생각이 듭니다.\n당사자 차량과 다른 차량들의 정보(번호판 등) 들을 가린채 편집된 영상을 인터넷 홈페이지에( www. efein. go.kr 등) 올려서 당사자만 접근할 수 있게 하면 굳이 경찰서를 방문할 필요가 없을 것입니다.\n시스템을 개선하여 인터넷에서도 확인할 수 있도록 해주세요..\n영상에 찍힌 운전자에 대한 정보는 제보자와, 경찰만 공유하고 있고 피제보자는 위반사실이 기억나지 않는데... 그리고 세금을 내야하는 사람에 대한 고려가 안되어 있다고 생각합니다. 경찰서 방문하라는 것은  불합리한 행정이라고 생각됩니다.  정보에 대한 접근 편리성을 높여야지 경찰도 해당업무 처리시 과태료 부과 등을 신중히 처리할 수 있을거라 생각합니다."
314072,2018-07-21,2018-08-20,0,2,행정,민방위훈련참석자 교통비와 수당지급,"현역군인,예비군훈련참석자들은 급여를받는데 민방위훈련참석자는 일체의수당지급이없습니다.민방위훈련참석자들도 생업을접고 참석하는건데 교통비와 수당(시간당최저임금X4)을 지급했으면 합니다."
198617,2018-04-14,2018-05-14,0,8,정치개혁,국회의원 본회의 출석 2/3 하지 않으면 피선거권 제한 법,학생들 처럼 2/3이상 출석 안하면 낙제시키고 다음 선거에 피선거권을 제한하는 법을 만들자!!! 이런 법이 나오면 대출하려나 걸리면 알죠??
358577,2018-08-29,2018-09-28,0,2,육아/교육,신생아를 키우고 있는 부모입니다.,안녕하세요. 1살 3살 아이를 키우고 있는 부모입니다.\n요즘 저출산으로 인해 국가의 경영에 부담이 되고 있는 시대에\n정부에서의 좋은 지원을 통해 나름대로 다양한 혜택을 받고 있습니다.\n다름이 아니라 건의드리고 싶은게 있어 글을 남깁니다.\n올 여름 너무나 무더운 시간을 보냈습니다. 열대야가 한 달 넘게 지속되며\n아이를 키우는 부모입장에서 에어컨을 지속적으로 틀지 않을 수 없는게 현실입니다.\n이 달에 한전에서 날아온 요금고지서를 보고 깜짝 놀랬습니다.\n거의 30만원에 육박하는 전기요금으로 인해 솔직히 속상하였답니다.\n저출산고령화 시대에 정부에서는 출산률을 높이려는 다양한 정책을 펼치고 있지만\n실질적인 국민을 위한 정책개선이 필요해 보입니다.\n외벌이 가정에서 전기료 30만원은 사실 감당하기 힘들거든요...그렇다고 해서\n에어컨을 틀지 않을 수도 없구요...\n성인들은 참을 수 있지만 신생아의 경우에는 적정한 체온을 유지해줘야 하기 때문에\n에어컨 사용은 불가피한 현실입니다.\n부디 잘 헤아려주셔서 저와 같은 처지에 놓여있는 부모들이 여름에는 시원하게 겨울에는 따뜻하게\n부담없이 아이들을 잘 키울 수 있는 환경을 만들어 주길 바랍니다.
365425,2018-09-04,2018-10-04,0,9,행정,층간소음 법을 제대로 해주세요!!,아파트의 층간소음 데시벨 체크를 나라에서 만들어선 이젠 윗집에서 '시끄러우면 신고를 하던지~'로 나옵니다 . 왜 윗집때문에 밑에 집이 스트레스를 받고 살아야 합니까? 그 쪽에선 저희 보고 그럼 왜 입주를 했냐 합니다!! 데시벨 체크도 사람이 항상 똑같은 소리가 안나와서 제대로 체크도 안된다면서요? 그리고 소리를 낸 사람이 피해본것을 입증해야한다니 왜 그래야 하는지도 모르겠네요 그럼 밑에 집도 피해입은것을 입증할 수 있어야죠? 그리고 벌금도 적다면서요!! 양쪽의 피해를 입증하고 벌금도 높여야죠!! 이건 나라에서 데시벨 체크라는걸 잘못 만든겁니다!! 불씨만 커졌어요!!
115046,2018-01-26,2018-02-25,0,3,안전/환경,다음 슈퍼문 언제 뜨는지 아시는분?,재앙에 대비하려고요ㅠ
441933,2018-11-14,2018-12-14,0,7,저출산/고령화대책,다자녀 가족의 차별,요새 여행을 가려해도 왠만한 숙소는 기준인원2인 최대인원4인이고 그 인원 초과시 다른 숙소를 알아봐야 합니다.\n24개월 이상이면 무조건 1인으로 치고 택시를 타도 4인 등등 오히려 다자녀여서 피해를 보는 경우가 많습니다.\n다자녀일때 육아에 더 많이 들어가는 비용도 비용이지만 여행을 가도 식당을 가도 취미생활을 해도 핵가족 보다 여러가지로 불편한게 많습니다. 부모는 따로 여가생활을 즐길 여유도 없네요.\n이러한 세세한 부분에 대한 편의 지원에 관한 정책은 없는지요?\n이러한 부분에 대한 고민은 안하시는지요?\n체감하기도 힘든 적은비용 지원보담은 체험할 수 있는 실생활에서의 편의를 위한... 남보다 더 해달라는것도 아니고 남들처럼 할 수 있는 편의를 위한 정책 지원을 부탁드립니다.
392987,2018-09-29,2018-10-29,0,4,교통/건축/국토,택시승객이 안전벨트 안하면 왜 택시기사가 책임집니까?,대중교통 특히 택시승객이 안전벨트 안하면 왜 택시기사가 벌금냅니까? 정말 이상합니다 승객 자신의 생명을 보호해야지 되는거죠 택시기사가 승객한테 안전벨트하라고 하면 승객이 화내고 그걸로 시비 붙으면 불친절기사로 신고하는 마당에 정말 현실적으로 맞지않는 법규입니다 술취한승객은 기사를 때리지만 않아도 다행입니다 혹시 안전벨트 하라고 했는데 승객이 안해서 단속되면 경찰은 택시기사를 봐주는건가요? 승객이 기사가 그런말 한적없다고 빨뺌하면 택시기사가 대화녹음된거 증거라도 제출해야하는건가요? 아니면 무조건 안하면 단속되는건가요? 경찰은 법집행을 뭐 이런식으로 합니까? 안전벨트 안한 승객을 단속해야지 왜 택시기사를 단속합니까? 이건 말이 안되는겁니다 법규를 수정해주세요
386841,2018-09-21,2018-10-21,0,22,반려동물,동물원  방사사육,동물원아이들이 평생 철장속에 고통받다 사람들에  놀이대상으로 스트레스받다 생이 킅나는건 부당합니다 동물과인간은  갇은 생명으로 존중돼야하고   상생해야  서로가 지켜질수있어요 한정지역 안에서라도  방목하여 관리보호 될수있도록 빨리 도와주세요 이제 자연과 동물에대한  미숙한 문화수준도 고쳐져야합니다
484458,2019-01-01,2019-01-31,0,1,저출산/고령화대책,택시 승차인원,전 세아이를 낳은 엄마 입니다.\n저출산 시대에 아이 많아 상을 받아도 모자란데..\n택시기사분들이 거부를 합니다.\n친정엄마도 모시고 사는데.. 어딜가려면 저와. 엄마 그리고 아이셋.. 막내는 이제 24개월 되었습니다.\n5명은 사고가 나도 보험처리가 안된다고 안태워 줍니다.\n세아이 키우는것도 버거운데..교통비까지..\n기준을 다시 변경해 주세요..\n주변에 세아이 키우는 분들이 있는데..다들 불만들이 많습니다.\n꼭좀부탁드립니다
319678,2018-07-26,2018-08-25,0,0,안전/환경,어린이 통학차량에 안전을 강화해 주세요,"안녕하세요.\n저는 5살 아이를 키우는 워킹맘입니다.\n아이는 지금 유치원에 다니고 있어요.\n해서 교보육기관에서 일어나는 학대나 사고 등의 문제에 민감하게 반응하게 되는 것도 사실입니다.\n얼마 전, 동두천에서 일어났던 사고도 제겐 큰 충격이었습니다.\n사고가 일어나자 ""슬리핑 차일드 체크"" 등 많은 기술들이 언급되었지만, 15인승 어린이 통학버스에 어른이 2명.\n뒤를 확인하기 위해 장치를 달아 보완을 해야 할 만큼 큰 차였던가. 생각하게 되었습니다.\n저 또한 통학차량을 운영하는 유치원에 아이를 보내고\n차량의 운영여부, 동선등은 고려했지만\n차량의 연식, 사고 이력, 운전자의 운전 이력, 안전장치의 장착 유무 등은\n유치원을 선택할 당시에 한 번도 고려한 적도 없는 기준이었거니와 원에서 공개하지 않는 부분이기도 합니다.\n어린이 보육포털에 들어가도 운행여부나, 안전교육을 받았는가에 대한 공개는 있지만\n차량이나 운전자에 대한 어떠한 설명도 없습니다.\n원에서 지입차량을 운영하고 있는지, 혹은 기사님이 여러 곳의 운전을 하시는지, 운전이력은 어떻게 되는지,"
158348,2018-03-05,2018-04-04,0,5,미래,저는 제 가정을 지키고 싶었습니다.,"현재가 행복하지 않은 삶 속인데\n30년 후의 앟날을 어떻게 내다볼 수 있나요?\n카드빚에 허덕이며, 하루하루 버티기 힘든데..\n어떻게 노후가 있고, 미래가 있습니까?\n정말 국민연금이라도 통해 빚을 갚고, 다리 좀 펴고 살고 싶은 서민들이 절실함을 아시나요?\n먹고 살기 힘들어 카드연체되고, 그럼에도 살아가려 하는데..\n대출도 안되는 삶에서 제가 할 수 있는 게 무엇인가요?\n그리고 카드의 연체정보 공유로 타카드도 사용 안되는 건 뭐하자는 건가요?\n카드 한번의 연체로 죄인 취급 만들고, 대출도 안되는데. 이 상황에서 어떻게 빚을 갚을 수 있을까요?\n경제가 어려워짐에 따라 힘들게 살고 있는 서민들이 많고,\n저와 같은 상황에 놓인 사람들을 위해 국민연금을 통해 빚을 갚을 수 있게 해 주세요.\n정말 먹고 살기 힘든데.. 돈 나올 구멍은 없고 어린 자식과 죽게 생겼습니다."
88012,2018-01-11,2018-02-10,0,5,반려동물,반려동물 폭력을 징역형으로 해주세요 벌금형은 부족합니다,저는 강아지를 키우는 학생입니다 어떤 사람에 의해서 다쳐서 지금도 아파하고 있습니다 강아지의 고통을 가해자도 직접 느껴보랬으면 좋겠습니다 벌금형은 너무 적습니다 징역형이여야 동물 폭력도 줄어들것 같습니다\n문재인 대통령님 제발 부탁 드립니다 반려동물 가족 으로써 너무 기분이 안좋습니다\n국민과동물들이 살기좋은 세상으로 만들어주십시오
459734,2018-12-04,2019-01-03,0,0,미래,부가세 결재를 직접 국세청으로 자동납부되는 시스템 은 어떠신지요?,"안녕하세요? 소기업이든 자영업이든 항상 느끼는 것은  항상 쪼들린 삶이 매번 반복되다 보니 수금을 하면 바로 부가세 모두 다른지출에 쓰기 바쁩니다. 해서 없으면 없는대로 기업들은 운영되는 실정이니  ..정부가 ..부가세 거둬 들이는 시스템을 개발하여  회사마다 코드를 정하여  국세청에 직접 10% 거둬 들인후 원금만 결재하는 방법을 찾아야만  국가도 살고 국민도  살길 입니다. 요즘 세금 납부 강화가 되어 무조건 통장,거래처, 압류를 하고 보니 서로가 고통 스럽습니다. 우리도 열심히 일해 기분 좋게 10%란 세금을 내는게 정상이지 강제로 압류에 의해 납부되는것은 아니라 생각됨니다... 물론 10% 세금도 그반면 잘 납부하는 국민도 있겠지만 다반사 모두 내돈인양\n일단 쓰고 보는 심리이며 뒷감당은 국세청 체납에 의한 신용 불량자만 우글우글 하는 시대입니다,  정치도 좋고 외교도 해야지요..하지만 소소한 국민의 애로사항인  이런문제 부터 생각하여 실천한다면  국가도 부자되고 국민도 국세에 대한 부담감에서 벗어나 편한하게 밥은 먹지 않을까 싶습니다...."
499248,2019-01-17,2019-02-16,0,2,육아/교육,중고교 교복비 지원사업에 비리가 있는 건 아닌지 조사해 주세묘,"중고교 교복비 지원을 받고 있는데, 춘추복, 하복의 품질이 너무 안좋아요. 춘추복, 하복, 운동복이라고 하면 그래도 어느 정도 품질은 되어야 할거 같은데. 원단값이 비싸지기도 했겠지만. 검토바랍니다."
434427,2018-11-06,2018-12-06,0,3,문화/예술/체육/언론,"댄서,안무가 등등 몸값을 올려주세요","댄서와 안무가 등등 춤을 추는 사람들은 우리나라를 알리는 사람들입니다. 그치만 그에 비해 아직도 배고픈직업인것은 확실합니다. 어떤 분들은 생계를 유지하기도 힘들정도로 벌이가 안되는것입니다. 래퍼,아이돌분들의 수익은 어마어마하지만 그 뒤에서 열심히 안무를 제작하고 댄싱을 하고있는 사람들은 벌이는 커녕 용돈같은 벌이를 법니다. 몸값을 올려주거나 저작권료 또는 안무의 값을 올려주세요. 읽어주셔서 감사합니다."
134942,2018-02-09,2018-03-11,0,5,정치개혁,대통령 중간평가제 입법화~!! 청원합니다,"공무원들 먹여 살리려고 국민들 뼈빠진다. 집값,땅값 못 잡고 맨날 웃으며 대외홍보 등 인사치레만 열심히 챙기는 문재인정부는 서민들의 애환은 뒷전인가??\n총체적난국인 이 시점에 된장인지 #인지 분간도 못 한 형국에 정부정책은 복지부동,,,전시행정 탁상행정만 일삼는 문정권...솔직히 이전보다 더 못한 듯...혹시라도 대통령의 실정에 대한 대비책으로 중간평가가 있어야 함\n국회의원 여러분 혹시라도 국민들이 선거에서 포퓰리즘에 휩싸여 순간 착오로 대통령을 잘 못 뽑을 우려가 있습니다. 그런고로 중간평가제를 신설하여 국민투표나 국회의원 투표로 사임케 한 후 잔여임기를 특별위원회로 꾸려 나가든 다시 선거를 하든 특별한 제도가 있어야 할 듯합니다.\n진지하게 고려 및 검토 부탁드립니다!!"
8439,2017-09-05,2017-12-04,0,0,인권/성평등,청소년법폐지해주세요,부산여학생폭행사건이일어나고 꼭 청소년법이 폐지되어야한다고 생각합니다
45760,2017-11-17,2017-12-17,0,1,안전/환경,허가제 탐정업으로 해커까지 동원하는 불법 흥신소를 척결하여 주세요 <해커 동원 당진흥신소>,"해커를 동원하여 주거침입 재물손괴를 가리지 않는 당진흥신소같은 흥신소범죄부터 수사하여 주시기 바랍니다\n경찰인력 2만 증원, 우선하여 해커를 동원한 범죄조직 당진흥신소부터 수사하여 주시기 바랍니다\n집안의 모니터에 칼을 그어놓고 가도,\n파출소에서 사건을 본서에 올려도 당진서 형사과는 피해자에 1번 연락주지 않고,\n수사기간 2달을 보내고,\n마당에 설치한 텐트에 'L'자 4개를 파놓고 가고,\n집 밖에서는 네어귀에서부\n심야에 수시로 침입하여 온갖 가재에 칼질을 해도,\n수사지원팀은 최초된 신고한 진정사건을 확인없이 취하하여 현재 국민신문고를 통해 청문감사가 이뤄지고 있습니다.\n합법화에 있어 전정권에서 결론을 내리지 못한, 불법흥신소 관리에 대한 문제는 이 청원을 통해 불법 흥신소가 일반 국민에 미치는 악영향을 조사하고, 그 대안을 마련하여, 현정권에서 매듭지었으면 하는 바램에 청원을 하게 되었습니다.\n그 표본은,\n채무관계가 아닌,\n단지 악덕업자에게 매달 의뢰비을 받아 해커까지 동원하여,\n집에서는 칼질,\n집밖에서는 길막기,\n사이버에서는 핸드폰, 인터넷 해킹을,\n벌이는 당진흥신소입니다. 당진에서 제일 크게 영업하는 불법흥신소이고,\n차량번호 10여개, 선명한 용의자 블랙박스 화면사진도 있습니다.\n이를 통해 현 흥신소의 문제가 어디까지 왔나 진단하여 주시고,\n그 대안으로 더불어 탐정업의 합법화를 고려하여 주시기 바랍니다\n저에게 형사고소 당할 상황에 있는 악덕 업주가\n다달이 흥신소에 송금하여,\n사채 한번 쓴 적 없는 제가 업자가 보내는 단 몇 푼에 당진으로 이사 온 2012년부터 각종 피해를 입고 있습니다.\n신고하면 경찰은 2달 수사기간 허송세월만 보내고 전화 한번 주지 않고 있습니다.\n청원인에게 형사 피소돼 구속될 상황이 되자 악덕 업주가 당진 흥신소에 다달이 돈을 대,\n흥신소를 동원한 범죄로 인해,\n이전의 흥신소 범죄와 다른 것은 해커와 위치정보를 이용해..\n집에서는 2012년부터 5년간 20여건의 주거침입, 재물손괴 피해를 입고 있어..\n외출시에는 길막기..\n사이버에서는 해킹이 동원되는 최신 흥신소 범죄입니다. (무한요금제 쓰지만 3년간 핸드폰 끄고 삽니다)\n절도, 폭행이 범죄의 전부인양 쌍팔년도 관행의 경찰은 기술진보로 인한 새로운 범죄수단이,\n해킹이 현실의 범죄에 결합되어 벌어짐에도..\n이해할 수준도 되지 않고.. 새로운 범죄현장을 이해하려고도 하지 않아..\n집에 들어와 27인치에 모니터에 칼질하고 가도..\n당진서 담당수사관 이름을 국민신문고에서 8개월째 이름으로만 보고 있고..\n2달간 연락도 주지 않고 시간만 허송세월하고 사건을 끝내버리고.\n당진서 수사지원팀장은  3건의 형사사건 진정을,\n112 신고한바도 없는 사건임에도 내사종결하였다고 사건 접수 하루도 지나기 전에 사건취하를 해..\n사건을 없애버렸습니다. 문재인대통령님도 할 수 없는 일이 당진경찰서에서 벌어지고 있습니다.\n인구 15만 당진시 주로 영업하는 흥신소 해봐야 너댓개 되는거..\n관련된 용의자 사진까지도 첨부해서 형사진정하였지만..\n형사는 수사를 안 하고.. 연락도 주지 않으니..\n수사지원팀은 멀쩡한 사건을 없애..\n이게 이전 정권부터 앓고 곪던 관행이라도 이제 소통을 중시하는 새정권에서는\n아프더라도 골음을 짜내야 한다고 봅니다..\n이미 국민신문고를 통해 위 사안 청문감사가 진행중인데..\n지난 5월부터 집 근처에 와서 최근까지 5개월간 쳐대고 있는 지경으로..\n얼마나 밖에서 서성거렸는지 30평 땅이 풀이다 다 밟혀 죽어 있습니다. 발자국부터..\n조폭같으면 관리라도 하는데.. 흥신소가 단속의 사각지대 속에서 위치추적기, 해킹과 결부하여..\n이러한 범죄가 가능해져..\n탐정업 합법화도 같이 고려하여 주시기 바랍니다.\n탐정업 합법화가 개인 사생활 침해를 가중하는 것이 아니라,\n흥신소가 해커를 고용하여 통신사나 정부관청까지 해킹하는 상황에서,\n합법화를 하여 침해되는 사생활 침해보다, 현 불법 흥신수를 놔두는 것이 더 사생활 침해가 심하다고 보여집니다.\n탐정업 합법화 하여 제도권 내에서 자격증과 허가를 통해 관리하고,\n일탈행위를 최대한 제약하고\n불법 흥신소와 불법 흥신소 이용자 모두 처벌되는 법규를 마련하면,\n사생활 침해를 최대한 막으면서, 현행 불법 흥신소의 폐해를 줄여나갈 수 있다고 봅니다."
212643,2018-04-26,2018-05-26,0,2,교통/건축/국토,주차 문제,현재 연산6동에 포스코 재개발 현장의 차량이 일반 주택가로 들어가는 곳에 주차를 해둬서 차량 진입이 어려운 사정입니다.\n건설현장에 차량이라고 출입증이 붙어있어 연락해보지만 전화기를 꺼두거나 안받는 상황이 자주 발생하고 차량을 옴겨달라고 구청또는 경찰에게 연락을 해봐도 거기 도로에 노란줄이 끄여있지 않아서 견인또는 차량을 비켜달라는 것을 도와 줄수 없다고 합니다. 그사실을 안 포스코 건설현장차량들은 주거지 입출입로에 길을 막기가 허다하고 차량에 지나가는 공간이 되어 후진 하다가 건설현장 차량을 받아서 보험처리하는 것을 10여차래나 됩니다.\n연제구청은 자기 관할이 아니라서 경찰에게 도움을 받으라고 하지만 경찰에게 연락하면 자기권안 밖이 라고 하니 어디에서 도움을 받아야 할지 몰라 글을 습니다.
212607,2018-04-26,2018-05-26,0,23,반려동물,반려견 및 반려동물법 시행바랍니다,끊임없이 개물림 사고가 발생하고 있습니다\n풀린개 신고 하면 주인이 벌금을 낸다고 합니다\n어디다가 신고하나요?\n신고받는 부서가 있긴 한건지 의문입니다\n오늘 아침 아이들 등교길에 목줄풀린개가 있길래\n주인에게 개줄 잡으라하니 물면 자기가 책임진다고 하더군요.. 그래서 신고할려고 하니 어디다가 신고해야 될지 모르겠더군요\n사람을 문 개는 안락사 시킨다하는데 그주인은 무슨처벌을 받습니까?\n왜 무책임한 주인때문에 생명을가진 개가 죽어야 합니까?\n생명을 가진 동물을 키울려면 사랑으로 잘돌보고 책임감있는 사람이 키워야 합니다\n그냥 적적해서 심심해서 이쁘니까 단순이런이유로 생명이 있는 동물을 키워선 안됩니다\n책임등록제 시행 해서 사랑으로 돌볼수있는사람만\n키워야 합니다\n또한 주차 단속 요원 처럼  반려동물 지킴요원 순찰을 통해 등록안된 반려동물들 계도기간을 지나면 주인이 벌금 내게 하고 목줄과 배변봉투 등록카드 미지참시\n또한 벌금 물게해야 합니다\n책임등록제 시행 후 일정기간에 한번 의무교육 시행또한 반드시 행해져야 합니다\n사람과 사람 그리고 사람과 동물 생명의 존엄성을알고\n그것을 책임지고 지키는 사회가 되었으면 합니다
327655,2018-08-02,2018-09-01,0,84,반려동물,죽어야만 나갈 수 있는 곳 식용견 농장 없어져야 합니다,"'식용견' 한번 생각은 해보셨는지요.\n태어나자마자 혹은 왜 그런 공장으로 옮겨 졌는지 모를만큼 정말  많은 강아지들이 썩은 공장에서 처참이 살아가고 있습니다.\n각종 오물들에 큰강아지들은 제대로 엎드릴수 없는 작은 철장들에 심한 악취 몇백마리 몇천마리의 강아지가 공장에서 처참이 죽어가고 있어요\n심지어는 몇십마리의 강아지를 한 철창에 다 깔려 움직일수 없게 놔두기도 하고요..\n뜬장이라는 철장인데요 배변을 했을시 바닥에 구멍이 뚫려있어 밑으로 빠지게 한 것입니다 강아지들의 발은 불편할것인데 말이죠  밥도 그냥 다 각종 어떠한것들을 섞어 비위생적인 음식을 줍니다.\n3개월 4개월 밖에 되지 않은 자그마한 아이들은 국물을 내기 위해 사용됩니다.\n그런데도 그런 강아지들은 사람을 보면 그 작은 철장 안에서 꼬리를 흔들며 반겨줍니다.\n몇곳의 공장에서 몇백마리,몇천마리의 강아지들을 구조해 주었습니다\n아직 3천여 군데에서 더욱더 심하게 아이들을 방치해두고 죽어가고 있습니다\n강아지 고양이를 먹는나라는 우리나라 중국..등 4나라3나라 밖에 되지 않아요 그나라의 우리나라가 속해 있다니..\n법을 만들려고만 하지 않고 없어져야합니다 없에야 합니다\n일러한 공장들을 이러한 것들을 만들려고 하는 사람이 있다면 막아야합니다\n이것은 사람들의 관심이 필요 하기도 한 문제이기도 하고요\n사람들이 식용견에 대해 익숙해질까 두려워요\n""덩치가 있고 코가 검고 몸이 누리끼리한 개는 저런 공장에 있어도 돼 어울리잖아"" 아니요. 그 어떠한 강아지도 그런한 곳에 어울리는 강아지는 없어요.\n사람들의 생각부터 바꾸어 주세요.\n지구라는 곳이 동물과 인간이 함께 어울릴수 있는 곳 아니였나요? 동물을 보호하고 서로 도울수 있는것 아니였나요?\n비글 강아지 실험도 그렇고 비글이 사람을 잘따르고 그러한 혹독한 실험에도 꼬리를 흔들며 사람을 반긴다고 실험을 하나요?매년 100만마리의 강아지들이 죽어갑니다\n하루 식용을 위해 도상되는 개 2736마리..\n3천여 군데에 있는 죽을 날만을 기다리는 강아지들을 어서 구해 줍시다 제발 도와주세요\n(글 내용 도움-세상에 나쁜개는 없다#최고의 날,죽어야만 나갈수 있는곳|크랩))"
386652,2018-09-21,2018-10-21,0,0,외교/통일/국방,"대구경북지방 병무청, 대구경북지방 병무청 복무관리과의 군 복무자에 대한 갑질 횡포를 고발합니다","대구경북지방 병무청, 대구경북지방 병무청 복무관리과의 횡포, 보복 행정을 고발합니다\n안녕하십니까? 저는 대체복무로 군복무를 마친 사람입니다\n제가 복무중에 당한 대구경북지방 병무청의 횡포 보복 행정을 제보합니다\n대체복무도 국가를 위해 공공기관에서 최저임금보다 적은 돈을 받으며 의무를 다하는 국방의 의무중 하나인건 엄연한 사실입니다 지금 현재도 더운날에 몸이 불편하지만 국가기관에서 열심히 의무를 다하는 대체복무자들이 많습니다\n대구경북지방 병무청은 병역 의무자한테 불친절은 기본이고 신문고를 썼다는 이유로 보복행정에 횡포 부리는게 과연 국민들이 내는 세금으로 월급 연금주고 세금 들여가며 운영되는 국가기관이 맞는지 의심스럽네요\n비록 몇 개월 지난 일이지만 그냥 넘어갈 경우 또 자기네들 직급과 공무원이라는 직업 특성을 믿고\n현역이나 다른 대체복무자들에게 횡포 부릴것은 분명하고\n국민들이 피땀흘려 번 돈으로 내는 세금으로 월급 받으며 병역 의무자들에게 횡포를 부리는\n악질 기관을 강력히 제재할것을 요청하며 청원을 올립니다\n국민 신문고를 쓰면 될 일을 왜 바쁘신 대통령과 청와대 관계자들 힘들게 청원 올리느냐 하실지 모르지만 대구경북지방 병무청은 같은 민원을 지속적으로 제기하지도 않았는데 반복민원 종결 처리법을 악용해 어떤 내용의 신문고를 써도 종결처리로 무시하고 제식구 감싸기로 넘어가서 꼭 청원을 하기로 했습니다\n2017년 7월과 9월 사이에 있었던 일입니다\n제가 2017년 7월 초 근무지에서 트러블 생기고 심한 욕을 지속적으로 들어 대구지방 병무청에 복무기관 재지정 요청을\n하게 되었습니다 그리고 며칠뒤 복무지도관이 왔습니다\n복무지도관이란 사람은\n❍ 사회복무요원 복무관리규정\n제2조(정의) 15. “사회복무요원 복무지도관”이란 영 제63조에 따라 행정관서요원의 복무실태를 관리․감독하거나 복무기관의 복무관리실태를 조사하는 사람(이하 “복무지도관”이라 한다)을 말한다. 입니다\n저와 면담한 복무지도관은 김O호 복무관리과 계장인데 계장이지만\n복무지도관 역할도 하며 직접 근무지로 오기도 하네요\n(현재는 문제의 김O호 계장이 은퇴한거 같습니다)\n김O호 복무지도관은 저를 보자마자 반말과 듣기 불편한 말투로 응대를 합니다\n면담 시작하자마자 짜증내며 대체복무자들이 어떻게 하면 경고를 받고 경고 몇번 누적되면 고발되고 형사처벌 받는다는 내용을 보여주며 협박하듯이 면담을 시작합니다 그리고 너 폰 줘봐라 녹음하는거 아니지? 너 어느 사이트 보고 행동하는거 아니지? 라고 합니다\n병역 의무자를 면담할때 그런 목록부터 보여주며 겁을 주고 무슨 권한으로 개인정보들이 들어있는 제 휴대전화를 보겠다며 달라고 강요하고 어느 사이트 보고 그렇게 행동하는거 아니냐고 범죄자 취조하듯 시작하는게 말이 됩니까? 병역 의무자가 무슨 범죄자 입니까?\n어느 나라에서 누가 병역 의무자들을 면담할때 범죄자 취급합니까?\n면담중에는 내 나이가 너보다 40살 많다 나는 내년에 은퇴한다 넌 다른 복무자에 비하면 아무것도 아니라는둥 면담 주제와 관련 없는 말들을 하고 제 말을 들어주는 시늉조차도 안하며 제가 욕들어도 되는 존재처럼 말해서 굉장히 불쾌했네요\n이에 대해 민원을 넣고 제가 근무지에서 욕을 들은것을 고충 심사서로 작성했습니다\n그동안 욕한 가해자는 김O호 지도관이 전화하기전 저에게 사과를 하였고\n김O호 지도관도 제가 지도관한테 가해자가 저에게 사과를 해서 해결이 되었다고 말씀 드리니까 “그래, 가해자는 너에게 사과를 하지 않았냐 그리고 우리 병무청에서는 딱히 해줄만한게 없다 우리들이 가해자에게 직접 사과 요구하거나 관여할수 없지 않느냐 그리고 가해자가 사과를 했다면 더 이상은 문제 없으니 현재 근무지에서 계속 근무해라 내가 면담할 때 널 기분상하게 해서 미안하다 나한테 감사가 나왔다” 해서 저도 사과를 받아들이고\n그 지도관이 말한대로 현재 복무기관에서 열심히 복무하겠다고 말했습니다\n그렇게 가해자와 지도관이 저에게 진심으로 사과하고 서로 좋게 합의를 봐서 사건은 해결된 듯 했습니다\n하지만 일주일쯤 지난후 담당자에게 전화가 오고 저한테는 발이 아프고 불편해서 오래 서서 근무할수 없는 도시철도로 변경되었다는 재지정 통지 수령증이 온겁니다\n면담했던 그 지도관에게 전화를 해서 어떻게 된거냐 가해자가 사과를 했고 일이 해결되었으니 재지정이 불필요하여 여기서 근무하라 하지 않았냐 그래서 나도 당신 말대로 하겠다 했는데 왜 갑자기 강제로 복무기관을 바꿔버리냐고 항의를 했습니다 그러자 이번엔 확 짜증 내며 동문서답하고 비꼬면서 “근무지는 변경되었으니 내일 당장 그곳으로 가서 출근하길 바랍니다~” 말하고 “근무지 변경되었으니 그곳에서 출근하도록 합니다 민원 넣을 테면 넣으세요 전화 끊을께” 하고 끊어버린뒤 이후 전화 문자 모두 무시했고\n재지정 사유 보니 온갖 말도 안되는 이유들과 제가 아닌 다른 사람의 안전을 이유로 변경조치 했다고 적었네요\n이걸 어떻게 이해해야 합니까? 제가 욕을듣고 피해를 봤는데 근무지 다른 사람의 안전을 이유로 변경조치 했다고요? 장난하는 건가요?\n신문고 썼다고 앙심품고 주말과 휴일도 출근하며 저는 오래 서있을수 없는데 오래 서서 근무하는 곳으로 사전 통보도 없이 강제 배정하는건 명백한 보복 아닙니까?\n병역 의무자를 범죄자 취조하듯 면담하는걸 문제 제기한게 잘못인가요\n그따구로 응대하고 그에 대해 민원을 제기했다는 이유로 직권을 남용하여 일부로 저한테 힘든 근무지로 강제 변경하는 보복을 하는게 병역 의무자들을 대하는 기관 공무원입니까?\n결국 지하철에서 근무하면서 평소엔 전혀 없었던 목 이물감과 심한 기침이 항상 발생했고\n발 통증도 참으며 한달정도 근무하다 결국 도저히 근무하기 어려울 정도로 악화되어\n근무지 직원분들께 말씀드렸습니다 그리고 신문고를 통해 제 신체상태와 그로 인해 업무 수행이 어려움이 많다는 애로사항을 병무청에 제기했지만 반복 민원이라며 반복민원 종결처리법을 들면서 접수도 안하고 종결처리 해버립니다\n할수 없이 지하철 고객센터 직원분을 통해서 센터 직원이 직접 병무청에 전화를 했고\n2017년 8월말(25~30일쯤)에 지도관과 신문고 접수, 병역조사 담당 진O식 주무관이 왔습니다\n이번엔 제가 마주했던 문제의 김O호가 아닌 최O두 라는 지도관이였고 면담을 시작했습니다\n진O식 주무관이란 사람도 문제의 김O호 계장이 하는 말과 놀랍도록 똑같았습니다\n당신보다 처지 나쁜 복무자들 많다 당신이 말하는건 그저 주장일 뿐이다라는 김O호 지도관과똑같은 말을 하네요 혹시 김O호 계장이 시킨 것 아닌가 싶을정도로 똑같았습니다\n단지 반말하고 인격무시하는 말만 안했을뿐 거의 똑같았습니다\n그리고 저에게 신문고 종결처리한 이유를 설명하고 그냥 종결이 가능한 것이 아닌\n청장님 결제까지 받아야 종결처리가 가능하다고 했습니다\n근데 대구경북지방 병무청장은 2017년 11월 6일에 취임하지 않았습니까?\n제가 김O호 지도관이 보복한 당일(7월20~25일경) 병무청장실에 전화를 걸었었는데\n청장이 공석이라는 직무 대리분? 의 말을 들었습니다\n왜 마치 병무청장이 계셨던 것 처럼 거짓말 했는지 이해 못하겠네요\n그리고 저는 김O호 지도관이 저에게 했던 행동들을 진O식 주무관에게 다 이야기하고 그분이 복무관리과 계장인데 또 그사람이 보복하고 면담도 못하게 할꺼 같다 그 사람의 부적합한 행정처분과 행동에 대해서 조치를 해야하지 않냐고 하니까 진O식 주무관이 “김O호 계장은 관할 구역이 달라서 아무 상관없고 ㅇㅇ씨에게 어떠한 행정조치를 할수 없어요” 라고 대답 하고 제가 지적한 김O호 계장의 부적절한 행동에 대해선 아무런 대답을 하지 않았습니다\n그리고 재지정 원서와 진단서를 제출 하라는 말을 끝으로 면담이 끝났었습니다\n그 후에 최O두 지도관은 재지정 원서는 우리들(병무청측)이 내는 것이라 제출할 필요가 없다고 말했습니다 분명히 규정에 복무기관 재지정은 원서 제출해야한다고 명시되어 있습니다\n그리고 두 번째로 면담을 왔을 때 최O두 지도관이 제가 준비한 진단서를 들고가며 근무지 변경 고려하겠다는 말을 남기고 한달을 질질 끌고 중간에 약속한 추가 면담도 아무 연락도 없이 파탄냈고요 진단서 들고가던 두 번째 면담에서는 최O두 지도관이 이유없이 짜증냈었고\n검토하겠다 불가능한건 아니라는 말만 남기고 갔습니다 하지만 지도관이 전화도 안하고\n검토하겠다 한지 한달이 되도록 검토중이라는 말만 하고 중간중간 제가 직접 전화를 했지만 여전히 검토중이라는 말만 할뿐이였습니다 뭔 승인 여부가 그렇게 오래 걸립니까?\n그리고 2017년 9월 27일\n결과 통보하기로 한 날짜도 한참 지났고 추가 면담도 전화도 없이 마음대로 파탄내고 여태 제가 직접 전화 걸지않는이상 전화 한통도 오지 않아 도저히 어떻게 되어가는지 알수 없어 답답한 마음에 다시 최O두 지도관에게 전화를 걸어 검토 결과는 아직도 안나왔냐 검토 담당자가 누구인지 알려달라 그분에게 직접 전화해보겠다고 하니까 갑자기 큰소리로 한참 웃으며 “검토 담당은 김O호(문제의 계장)이고요 저는 바빠서 전화 못받을꺼 같아요 끊어요” 하고 전화를 끊고 이사람도 똑같이 전화 문자 무시하고 잠적해 버렸습니다\n분명 저에게 두 번이나 김O호 계장은 어떠한 행정처분 권한 없다고 말을 했는데 이것도 거짓말이었네요 재지정 승인 여부도 재지정 안하기로 결정났었는데 그 사실을 저에게 끝까지 말하지도 않은채 한달이 넘는 기간을 저에게 검토중인 것처럼 거짓말하다가 제가 재지정 담당자가 누구인지와 검토 결과를 물어보니 웃으며 전화를 끊고 김O호 계장처럼 전화 문자 무시하고 잠적해버렸고요\n최종적 결과는 복무기간 끝날 때까지 근무지 직원들이 마련한 대체업무를 하며 복무했지만\n3개월 동안 저는 엄청난 스트레스에 시달렸었고 악화된 신체적 문제로 고생하며 병원도 다녔었고 지도관이란 사람 두명은 보복하거나 저에게 거짓말로 속이고 비웃고 전화 문자 무시하며 농락한 것에 대해 사과도 없고 김O호 계장 지도관이란 사람은 은퇴하고 세금으로 연금 받으며 뻔뻔하게 자기가 좋은일 했다 하며 살아가겠죠\n병무청은 김O호 잘못을 제식구 감싸기로 넘어가고 신문고도 종결처리로 무시하고\n결국엔 김O호 계장이 민원을 제기한 것에 대해 앙심을 품고 보복을 해버리네요\n귀중한 세금이 그런 수준 낮은 한심한 인간들한테 월급이랑 연금 주며 먹여살리고\n병역 의무자들을 그딴식으로 응대하며 국가기관을 운영하게 한다는게 참 어이없습니다\n분명 저한테만 그런 횡포를 부린 것이 아닐테고 향후 또 자기네들 직급과 공무원이라는 직업 특성을 믿고 현역이나 다른 대체복무자들에게 그런 짓거리 할 것은 불보듯 뻔해 보이네요\n그리고 저런 일들이 있었던 만큼 대구경북지방 병무청 복무관리과와 대구경북지방 병무청에 강력한 제제 조치를 요청합니다\n나라에서 청춘 2년을 뺏으며 강제로 의무를 부과하면 월급이라도 많이주고 병역 의무자들이 부당대우 부당처분으로부터 구제받을 제도를 마련하여 처우를 개선해야 한다고 생각합니다\n병역 의무자에 대한 공공기관 횡포, 보복 행정, 부당대우도 적폐청산 대상 중 하나라고 생각합니다\n국방의 의무를 다하고 있는 20대 남성은 인권도 없는 노예가 아닙니다\n가해자 계장은 대구경북 지방 병무청의 제식구 감싸기로 아무런 제재조치도 없었고 결국 민원제기에 대해 앙심품고\n보복행정을 한후 은퇴하고나서 연금받으며 잘도 살고 있겠죠\n그리고 제식구 감싸기를한 병무청의 제2 제3의 가해자들도 세금으로 월급 꼬박꼬박 받으며 병역 의무자들을 대하고 있을텐데 이런 자격도 없고 병역 의무자들에게 횡포를 부리는 사람들이 국방 의무자들을 대하는건 안된다고 생각합니다 문제의 대구경북지방 병무청에 강력한 처벌이나 제재조치를 하거나 해당 가해자들의 진정한 사과를 요청하는 바이며\n청원을 계속 올리겠습니다"
479020,2018-12-26,2019-01-25,0,8,기타,청각장애 2급이신 저희 아버님을 사기꾼인 저희 고모로부터 격리하여 도와 주셨으면 합니다.,"현재 저희 아버님은 선천적인 청각장애 2급 이십니다.\n듣지도 말하지도 못하시고 오직 수화로만 통화가 가능합니다.\n사연은 24년전 저희 고모와 고모부는 저희 시골에 갑자기 내려와 저희 아버님의\n농지와 양식 그리고 키우는 가축(소) 등을 모두 자기 마음대로 처분하고\n아버님의 승락도 없이 인감을 이용하여 부동산에 설정을 하고 돈을 갈취 하였습니다.\n그리고 아버님 앞으로 카드를 발급받아 자기 마음대로 쓰고 자동차 보증을 서 신차를 구입하기도 하였습니다.\n세상 물정을 모르는 아버님은 여동생이라 믿음을 가졌던 것입니다.\n무료 그 금액이 24년전 1억에 가까운 빚을 지고 밭은 경매까지 진행이 되었습니다.\n그후로 저는 고모부를 시골에서 이사를 시켰습니다.\n고소장도 준비하여 고소를 하려고 하였으나 고모라 한번 용서하기로 하였습니다.\n그 이후로 저는 고모가 남긴 빚을 10여년 동안 열심히 갚았습니다.\n그리고 그후로 10년이 흐른 시점에 또다시 고모는 아버님을 상대로 부동산 소송을 하였습니다. 너무나 어처구니가 없었습니다. 저는 일단 아버님의 재산을 보호해야 하겠기에 변호사를 어렵게 선임하여 1년 가까운 소송끝에 아버님의 당연한 상속이라는 법원의 판결로 재산권을 보호할수 있었습니다.\n그저 가만히 시골에서 농사를 지으시는 장애이신 아버님을 상대로 고모가 이런 소송을 낼 줄이야 저는 생각을 못했습니다.\n이제 부터는 정말 고모라는 이름만 들어도 정신적으로 정말 힘들어지기 시작했습니다. 그후로 10여년 한동안 평안한 시간이 시작되고 2018년 12월 15일 오후에 아버님 시골집에 갑자기 고모와 고모부가 나타나 아버님을 데리고 갑자기 사라졌습니다.\n여동생도 정신 장애가 있어 자주 통화가 불가능한 상태에서 아버님이 집에서 나간 이틀후 여동생으로부터 전화가 왔습니다. 아버님을 고모와 고모부가 데리고 나갔다고 말을 했습니다. 저는 그순간 아버님을 이용해 또다시 사기 행각을 할것 같아 마음이 아팠습니다. 아니라 다를까 아버님의 이름으로 도장을 자기들이 주문해서 신분증을 이용하여 어제 오후에 아버님의 허락도 없이 고모,고모부는 농어촌공사 화성지사에 방문하여 저희 아버님이 연금으로 지급받고 있는 부동산 설정을 아버님의 승락도 없이 자기들 임의대로 해지해 달라고 요청을 한 것입니다. 저는 농어촌공사 연금 당담자의 전화가 와 바로 달려갔습니다. 그러나 아버님은 이미 고모와 고모부의 차로 사라진 후였습니다. 저는 112상황실로 전화하여 이 사실을 알리고 가까운 지구대의 도움으로 아버님이 계신 서울 은평구의 고모의 거처에 아버님이 고모와 고모부와 함께 있다는 사실을 알았고, 그 즉시 저녁 늦게 은평구에 도착하여 지구대와 함께 아버님을 볼수 있었습니다. 그러나 아버님은 고모와 고모부의 억압에 의한 것인지는 모르나 시골 집에 안 가신다고 하여 제 억장이 무너져 내렸습니다.\n지금 현재도 고모와 고모부는 아버님을 이용하여 사기 행각을 할 생각을 하니 너무나 마음이 아픔니다. 저의 아버님을 저희 고모와 고모부로부터 빠른 시일내에 격리하여 시골로 내려오게 도움을 주셨으면 합니다."
344211,2018-08-16,2018-09-15,0,15,인권/성평등,칼들고 강간 하는것 보다 권력으로 강간하는 것을  더 준엄하게 심판해야 한다.,정치권력의 남용을 막기위해서라도\n칼들고 강간 하는것 보다 권력으로 강간하는 것을  더 준엄하게 심판해야 한다.
42950,2017-11-13,2017-12-13,0,6,반려동물,반려동물 견주에 대한 법률 강화,안녕하세요\n저에 주관적 생각일지 모르겠지만\n반려견의 대한 명확한 법게정 이 필요하다 싶습니다.  얼마전 아이돌 가수 최시원  반려견의 의해 사망사고로 논란이 있었죠 이외 계속 개에 무리는 사고 기사가 올라오곤 하는데요 어제 또 광주에서 7세 아이가 개에 물려 사망했다는 기사가 있습니다. 견주는 그에 사과도 하지 않았다고 합니다. 강력한 법개정을 만들어 주셨으면 합니다.
99231,2018-01-17,2018-02-16,0,0,미래,아침 신문 꿀잼 이겠다,가상화패 거래소 패지글 동시 다발적으로 올라와 국민 패쇄 희망\n알고보니 OO 에서 알바 고용 ㅋㅋㅋㅋㅋㅋㅋㅋㅋㅋㅋㅋㅋㅋㅋㅋㅋㅋㅋㅋㅋㅋㅋㅋㅋㅋㅋㅋㅋㅋㅋㅋㅋㅋㅋㅋㅋㅋㅋㅋ
167265,2018-03-15,2018-04-14,0,4,경제민주화,다이소문구류판매규제가상당히 어이가없습니다.,문방구같은곳이 싸고좋게파는다이소때문에 매출이하락해서 그걸규제시키는건 말이안됩니다.\n문방구는 다이소물건의2배정도높은정도로\n양심이없게판매를해서 장사가안되는거지 다이소가싸고다양하고좋아서 안되는게아닙니다::;;\n이건 문방구 측이고쳐야할것이지 다이소측이 고쳐야할게아닙니다.
185322,2018-04-04,2018-05-04,0,6,교통/건축/국토,gtx c노선개발,gtx c노선 조속히 개발 해주세요~\n1차 2차 나눈다는 말이 있는데 나누지 말고 같이 진행해 주세요~
272738,2018-06-17,2018-07-17,0,11,보건복지,청각장애등급 기준을 개선해주세요,한쪽 눈이 안 보이면... 장애죠\n한쪽 팔이 안 움직이면.. 장애죠\n한쪽 다리가 안 움직이면 .. 장애죠\n한쪽 귀가 안 들리면.. 장애가 아니라네요\n다른 한쪽귀는 들린다고.....\n사람의 신체에 두개씩 있는것중 하나만 불편해도 장애입니다\n한쪽귀 청력상실..\n장애인도 아니고 그렇다가 정상인도 아니고\n그냥 사람들은.. 저보고 병신이라고 부릅니다\n장애등급은 누가 정합니까..\n한쪽귀 청력상실인 사람들은 하다못해\n언제 남은귀도 안들려지게될까봐 심리적으로\n불안감도 많이듭니다.\n장애등급은 누가 정합니까.. 수치상으로만 판단하지마시고\n한쪽귀 막고 하루만 살아보시길 바랍니다
96789,2018-01-16,2018-02-15,0,4,경제민주화,서민은 계속서민으로만 살아야합니까?,정말 실망입니다.
240424,2018-05-22,2018-06-21,0,32,정치개혁,야당은 대통령 개헌안을 표결 하라!,야당은 국민을 위한 대통령 개헌안을 표
260718,2018-06-03,2018-07-03,0,6,안전/환경,환경미화원분들의 건강을 미세먼지로부터 지켜주세요.,"우리 사회를 위해 새벽부터 청소하시는 환경 미화원분들은 복장 문제로 민원이 들어온다는 이유와 한 달에 마스크가 7개와 같은 적은 양이 지원되는 이유로 많은 환경 미화원분들은 마스크를 착용하지 않으십니다. 미세먼지를 작업 중 들이마실 수밖에 없어 고통이 큰 환경미화원에게 제대로 된 마스크가 지급되지 않는다는 것은 심각한 문제라고 생각합니다. 최근 더욱 심각해진 미세먼지와 황사의 영향으로 봄철 건강을 위협하는 가운데 장시간 야외에서 근무해야하는 환경미화원들에게 마스크를 제공함으로써 호흡기 질병으로부터 건강을 지키는데 도움이 될 것입니다. 저도 미세먼지로 불편을 겪는데 시민들을 위해 청소하시는 환경 미화원 분들의 건강을 지키기 위해서라도 식품의약품안전처 인증이 된 마스크 지급 확대를 촉구합니다. 마스크는 식품의약품안전처 인증 KF80 제품으로 황사･미세먼지는 기본, 초미세먼지까지 차단할 수 있는 기능성으로 공급되었습니다.\n확인 결과 부산 16개 기초지자체 중 영도구와 사상구, 북구는 환경미화원에게 미세먼지용 마스크를 그동안 지급하지 않았다고 합니다. 미세먼지(PM 2.5 이하)를 거르지 못하는 KF80(식품의약품안전처 등급) 제품을 지급한 지자체도 7곳(서·사하·동·중·연제·금정·강서구)에 달했습니다. 이렇게 환경미화원분들은 마스크를 지급을 잘 못 받고 있고 받는다고 해도 미세먼지를 거르지 못하는 마스크를 지급 받는다고 합니다. 우리를 위해 열심히 일하시는 환경미화원분들의 건강을 위해서 미세먼지를 차단하는 마스크를 1일1개 공급하고 마스크 착용 의무화를 촉구합니다.\n-참고 자료http://news20.busan.com/controller/newsController.jsp?newsId=20180328000370\n-강영진, 김민식, 이재근, 황세웅, 황인서-"
51184,2017-11-25,2017-12-25,0,3,안전/환경,년말 무분별한 보도공사,매년 년말이 다가오면 멀청하던 보도블럭과 도로포장들하느라 교통도 심하게밀리지만 쓸때없는 일한다고 눈살이 찌프려집니다.\n예전정부들에서 예산 낭비식의 공사했지만 이젠 이런 무의미한 공사는 이게바로 적폐란생각이 듭니다\n부디 남는예산때문에 형식적인 행정은 막아주세요\n세금낭비제발부탁드립니다
12767,2017-09-08,2017-12-07,0,17,보건복지,의료사고 피해 구제법이 의사들 특례법으로 전락하지않도록 막아주세요,"저희는 몇해전  의료사고로 소송을 한적이 있습니다.\n아버지는 친어머니랑 사별하시고 너무 힘들어 하시다가 새어머니를 만나 건강도 많이 회복하시고\n두분은 오손도손 재미있게 사시다가 어머니가 두통이 있어 병원을 찾았습니다.\n의사는 간단한 시술로 나을수 있는거라며 허언장담 하였습니다. 그러나 시술받으로 걸어서 들어가신\n어머니는 다시는 돌아오지 못하셨습니다.  [시실내용및 의료과실 내용은 링크참조해 주시기 바랍니다.]\n그렇게 황당하게 어머니를 보내고 고인의 억울함이라도 달래기 위해 변호사를 찾았습니다.\n주위지인들도 돈이 많이 들고 길고긴 싸움이라고 말렸지만 저희는 진행하기로 하였습니다.\n처음 변호사를 찾아갔을때 병원측 변호사는 5명이고 가족들의 재정상태부터 확인할거라고 하더군요.\n저희 변호사께서 집안에 20억 있으면 승소를 바라볼수도 있으니 시작하라고 우스갯소리로 말했습니다.\n의료사고임은 명백하니 협상테이블에 까진 내보이겠다고 했습니다.\n그렇게 소송은 시작했고 1차 공판을 앞두고 저희측 변호사로 부터 2천만원에 합의하자고 연락이 왔습니다.\n물론 병원의 사과는 없었으며, 위로금 차원이라고 했습니다.\n저희는 새어머니 인데다가 너희 형편상 이정도면 감지덕지아니겠냐하고 병원에선 생각한거 겠죠. 물론 저희에게 2천만원은  큰돈이지만 목숨과도 바꿀정도는 아니었습니다.\n어이가 없어 그내용을 녹음하여 증거로 남길 정신도 없었습니다.\n저희는 계속 재판을 이어갔고 대법원까지 상소하였습니다.\n보기좋게 모두 패소 했습니다. 우리는 20억이 없어서 졌습니다.\n부단 저희 가족 뿐만아니라 엄청나게 많은 사람들이 의료사고로 아까운 목숨을 잃고 있습니다.\n그 가족의 아품이란 이루 말할 수 없죠. 그걸 돈으로 환산할 수도 없지만 사과조차 받지못하는게 현실입니다.\n선진국과는 달리 한국에서는 의료과실이 있는경우 의사가 아닌 환자가 그것을 증명해야 합니다.\n엄청난 돈을 들여서 말이지요. 이런 불합리한 경우가 어디있습까?!억장이 무너집니다.\n의사도 사람인지라 실수 할수 있고 실수하면 정중히 사과해야 하고 죄를 지었으면 죄값을 치뤄야 한다고 생각\n합니다.\n아무조록 끝[링크]까지 읽어주시고 의료사고 피해자들이 보다 보호받고 진중한 사과를 받을수 있도록 청원\n드리오니 참여 부탁드립니다.\n감사합니다\n[링크]file:///C:/Users/usc/Desktop/list.htm"
77164,2017-12-30,2018-01-29,0,7,인권/성평등,여성할당제 폐지 촉구합니다,"남녀평등시대에 발맞춰 여성할당제 이제는 폐지돼야 합니다.\n1. 여성할당제는 자율경쟁을 저버리고 특별한 혜택 속에서만 존립한다는 걸 나타낸 것이므로 여성 스스로가 열등한 존재라는 걸 걸 인정하는 것입니다.\n2. 여성할당제는 모두가 공정한 기회 속에서 경쟁하는 구도를 저벼렸으므로 기회 균등의 원칙에도 위배됩니다.\n3. 요즘은 여성들의 권익이 향상됐고 거의 모든 부문에서 평등한 사회입니다. 이제는 인간사회의 군더더기일 뿐입니다.\n4. 특정 집단의 이익만을 대변하므로 사회적 불신과 위화감을 조성합니다.\n현재 존재하고 앞으로 준비중인 고용할당제 비례대표할당제 임원할당제 임용할당제 등등, ,\n평등한 대한민국을 저해하는 할당제,,더 이상은 존재할 필요가 없고 그 이유도 없습니다.\n대통령님, 국회의원님 모두가 공정한 사회구조 속에서 경쟁하여 존재 가치를 인정받아야 정의 사회가 구현되는 것입니다.\n반드시 여성할당제 폐지법안을 2018년 내에 입법 발의하여 모두가 평등한 대한민국 사회를 구축해 주십시오.\n적폐 청산 지켜 보겠습니다. 항상건강 챙기시구요."
7852,2017-09-05,2017-12-04,0,0,행정,소년법폐지해주세요,소년법 폐지해주세요...\n너무 악용되네요
472201,2018-12-18,2019-01-17,0,3,행정,화장품 제조 판매관리자 교육에 대하여,"화장품 제조 판매관리자 교육에 대하여\n화장품을 제조및 판매하는 자는 1년에 한번씩 화장품 제조판매관리자 교육을 받아야 합니다. 식품의약품 안전처와 대한화장품협회가 매년 교육대상자,교육장소등에 대해 계획한다고 알고 있습니다.\n그런데 해마다 12월만 되면 교육을 미루었던 대상자들의 교육관련 문의가 쇄도하여식약처나 대한화장품협회 실무 담당자분들도 힘들어 하고 있습니다.\n교육대상자들이 육일정에 따라 미리 교육을 받았다면 문제가 되지 않겠죠.\n문제는 대상자들이 회사사정이나 개인사정 혹은 단순히 교육일정을 뒤로 미루면서\n정작 교육마감시한인 12월에 교육을 신청해서 이수하고 싶어도 교육일정이 조기마감되어 교육을 받을 수 없다는 것입니다.\n교육을 받아야만 하는 입장에서는 교육이수기간이 아직 남아 있음에도(12월 31일까지) 불구하고 교육이수를 못해서 과태료를 내야 합니다.\n대한화장품협회는 어쩔 수 없다고 하고 해당 주무부서인 식품의약품 안전처 화장품 정책과에서는 매년 발생하고 있는 이 문제에 대해 고민중이고 개선하고자 한다고 하고 있습니다.\n제 문제를 해결할 수 있는 방법은 동영상교육으로 전환하거나 화장품제조 판매업 등록날짜로 부터 매년 1년이내 교육을 이수하는 걸로하면 교육대상자가 자동적으로 분산되어 매년12월에 교육관련 민원이 덜어 질수 있다고 생각합니다.\n물론 관리하시는 입장에서는 회계연도 단위로 매년 1월~12월로 마감하여 관리 하시는게 편하시겠지만 실제 적용대상자 입장에서는 이 부분이 불편함과 과태료 문제가 발생한다는 것입니다.\n2018년 12월에 추가적인 교육일정이 없고 추가 교육일정이 나오더라도 조기마감이 되면 교육을 받을 수 없는 회사(대상자)는 과태료를 물어야 합니다. 이 부분에 대해\n첫째, 12월안에 모든 교육대상자가 교육을 받을 수 있도록 해주시고 이때 지방 교육도 감수하겠습니다.  둘째, 2019년 1~3월까지 교육마감 시한을 연기 해주시거나 셋째, 과태료부분을 없애주셨으면 합니다.\n많은 중소기업들이 불경기에 힘들어 하고 있습니다. 이점 널리 헤아려 주셔서 도와주셨으면 정말 감사하겠습니다.\n연말 모든 일정 잘 마무리 하시길 기원합니다."
467237,2018-12-12,2019-01-11,0,35,일자리,일자리가 늘지않는다고 공무원만늘리면...,일자리가 늘지않는다고 국가예산(국민의혈세) 으로 공무원만늘리면(우체국등) 대통령님이 월급이나 연금 주실껀가요??\n지금 통일보다 힘든 국민을 챙기셔야할때아닐까요? 모든 소상공인들이 내년에 어떻게 열심히할까? 고민하는것이아니라 어떻게 살아남을까?.. 내후년엔... 이런생각들인데요....
473770,2018-12-19,2019-01-18,0,23,반려동물,동물카페 관련 제도가 마련되었으면 합니다.,"현재 동물카페에 대한 적절한 법률이 없습니다. 동물원 및 수족관의 관리에 관한 법률(동물수족관법) 2조에 따르면 총 10종 이상 또는 50개체 이상 보유 및 전시하는 시설이 동물원으로 인정받습니다. 동물카페는 대부분 소규모로 동물수족관법이 정하는 동물원의 범위에 미달하는 경우가 많아 환경부의 관리대상에서 제외가 됩니다. 또한, 동물보호법 제32조는'(영업의 종류 및 시설기준 등) ①농림축산식품부령으로 정하는 개·고양이·토끼 등 가정에서 반려(반려)의 목적으로 기르는 동물과 관련된 다음 각 호의 영업을 하려는 자는 농림축산식품부령으로 정하는 기준에 맞는 시설과 인력을 갖추어야 한다'입니다. 이를 보면 반려 목적으로 기르는 동물이라 함은 개, 고양이, 토끼, 패럿, 기니피그, 햄스터를 지칭합니다. 즉 위 6종의 동물과 관련해 동물 전시업을 운영하려는 경우 영업기준을 갖춰 등록하여야합니다. 그러나 열거된 6종에 해당하지 않는 동물을 전시하는 업소의 경우 등록대상에서 제외되므로 관리의 사각지대에 놓이게 됩니다. 뉴스에서도 동물카페에서 다친 사람들, 스트레스를 받는 동물들에 대한 문제를 보도합니다. 동물을 위한 권리, 사람을 위한 권리 모두 보장될 수 있으면 합니다."
188900,2018-04-07,2018-05-07,0,33,성장동력,삼성전자 반도체 기술공개 결정 반대 합니다,"목욕물이 더럽다고 아이를 같이 버리는 우를 범하지 맙시다.\n정부에서 삼성전자 반도체가 수십년동안 쌓아온 반도체 공정,사용 화학물질 등을 일반에 공개 하라는 결정을 했다고 합니다. 참으로 놀랍고 걱정 되는 일 입니다.  반도체  에서 사용 화학 물질의 비밀은 핵심 비밀 입니다. 이는 코카콜라 의 물질 비밀을 공개 하지 않는 것과도 같습니다. 또한 유명 맛집의 양념, 재료, 조리방법 등 비법을 비밀로 하는것과도 같습니디. 중국의 국가 주도 반도체 굴기가 진행되고 있는 이 위험한 현실에서 수십년 쌓아온 반도체 기술을 통째로 까 발리는 일은 수백, 수천조의 국가적 손실을 가져 올것이 분명 합니다. 정부는 심사숙고하여 잘못된 결정을 취소 하고, 산업재해의 원인 규명 이 필요하면 정부와 삼성전자는 국가 경제에 피해가 가지 않은 확실한 다른 방법을 세우기 바랍니다."
231094,2018-05-12,2018-06-11,0,2,미래,인공지능 (AI) 개발을 멈춰주세요,"안녕하세요 대통령님. 저는 현재의 나라 그리고 미래를 생각하고, 관심이 생기고 있는 한 중학생입니다. 나라를 위해 힘을 써 주시고, 변화가 있다는 점 잘 알고 있습니다. 그에 대해 정말 감사드리고, 대통령님께서 국민을 사랑하고 계신다는 게 보입니다.\n저는 위에서 말씀 드렸다시피 중학생, 나라에서는 보호를 받고 있을 청소년입니다. 제가 이렇게 청원을 써 올리는 것은 다름이 아닌 저희 나라, 혹은 세계의 미래 때문인데요, 요즘 과학기술이 많이 발전하였고, 현 시대를 4차산업시대라고들 합니다. 이에 “많이 발전을 했구나”라며 긍정적인 생각이 드는가 하면, 미래에 악 영향이 끼치지 않을까 하는 불안감도 동시에 듭니다. 많은 인공지능(AI)가 발전하면서 사람을 대신하는 로봇들도 많이 나오고 있습니다. 이로 인해 사람들은 더욱 편한 삶을 누릴 수 있게 되었지만, 이게 나중에 어떤 재앙을 불러 일으킬 지 아무도 모릅니다. 그러기에 더욱 무섭고, 두려운 것이라 생각이 듭니다. 일부 과학자들도 인공지능(AI)는 인간에게 해롭고, 개발을 중단해야 한다고 합니다. 그렇지만 편해질 수가 있는데 어찌 그만두겠습니까. 하지만 충고를 새겨 듣지 않고, 멋대로 하다가는 후회를 하게 될 것이며, 제자리도 돌릴 수도 없게 될 것입니다. 대통령님, 과학기술이 발전하는 것은 좋고, 도움이 될 뿐더러 위험하고, 우리에게 해롭다는 점 꼭 알아주셨으면 좋겠습니다. 인공지능(AI) 개발을 아예 중단시켜 주셨으면 하는 게 바람이지만, 그럴 수 없다는 점 충분히 알고 있습니다. 그럴지라도 다른 해결 방안을 찾아주시고, 전 세계가 인공지능(AI) 개발을 덜 할 수 있도록 도와주세요. 인간이 할 수 있는 일은 인간이 해야 인간다운 것이라 생각합니다. 부탁드립니다. 제 글을 읽어주시고 마음이 바뀌셨기를 바랍니다. 감사합니다."
49429,2017-11-24,2017-12-24,0,0,보건복지,이국종교수님 외상센터 지원 부탁드려요,처음으로 청원드립니다. 꼭 필요한 중증외상센터에서 의료진들이 맘편히 일할 수 있도록 많은 지원부탁드려요. 특히 간호사분들에게요.
143267,2018-02-20,2018-03-22,0,15,반려동물,안녕하세요 다둥이 강아지를 키우고있는 언니입니다,"안녕하세요 저는 강아지 4마리를 키우고 있는 사람입니다. 처음엔 말티즈 한마리를 쭉 길러오다 최근 가족사정으로 한마리를 더 키우게 되었고 임신중이었던 강아지의 새끼2마리가 태어나면서 총 4마리가 되었습니다. 새끼들이 크면서 적절한시기에 좋은 가정에 보내주고 싶었지만 강아지에 대한 이해부족과 강아지가 생김으로써 불편함을 감수해야하는 것에 다시 파양당하기 일쑤였기 때문에 저와 우리 가족이 같이 예쁘게 키우자는 마음으로 정성껏 돌보려 합니다. 4마리를 키우면서 경제적인 부분 (사료.예방접종비. 그밖..)의 비용은 어느정도 생각햇지만 그중에서도 병원비가 무지막지 한것 같아 강아지도 등록제로 등록을 햇다면 등록한 강아지는 주인이 확실하고 나라에서 관리되는 강아지인 만큼 강아지 의료보험이 실행되었으면 하는 바람입니다. 아실지 모르겟지만 강아지도 사람처럼 보험이 있습니다. 하지만 실상 큰 도움이 되진 못합니다. 제외항목도 많을 뿐더러 한번 강아지가 질병에 걸린것이 확인되면  보험도 해당되지 못하기 때문입니다. 그렇기때문에 반려견을 키우는 많은 사람들은 보험보다는 저축을 택합니다. 하지만 저축으로는 턱없이 진료비가 비싸고 의료보험도 안되는 탓에 예쁜마음으로 반려견을 돌보기엔 부담감이 막중합니다. 지역마다 진료비가 천차만별로 다르고 저희같은 일반 사람들은 무지라는 명목하에 턱없이 비싼 진료비를 내며 각종 검사를 받고 치료를 하게됩다. 그러나 한번으로 진료가 끝나는 것은 없고 대부분 재진을 하거나 꾸준한 치료와 관리가 필요하게 됩니다. 현재 정부에서는 각 시청과 군청등을 포함하여 1년에 한번씩 광견병 주사를 저렴하게 해주는 복지를 하고 있다고 알고 있습니다. 저희 아픈강아지를 대신하여 간절하게 청원드립니다. 대통령님. 반려견 의료보험을 만들어주세요. 그래서 대다수 동물들에게 해당하는 슬개구탈구, 심장이나 신장질환,혈액검사비용,중성화수술까지 다방면에서 가능한 부분을 생각해주세요. 모든 반려견이 사실상 힘들다면 반려견 등록제로 등록된 반려견들을 대상으로 의료보험을 들 수 있도록 제도를 만들어주세요. 그렇게 된다면 강아지를 키우는 각 가정에서는 강아지 의료보험을 들기 위해서 반려견들을 각 동물병원에서 등록하게 될 것이고 국가에서 관리또한 유용해질 것입니다. 물론 유기견들은 의료보험보다는 좋은 가정을 만나는 것이 더 우선순위일 테지요 유기견 홍보를 활성화시켜 그 개체수를 줄이는 것도 중요할 것입니다. 그리고 유기견이 좋은가정에 입양갈때 등록제를 실시하도록 도와야할것입니다. 동물을 좋아하는 한 사람으로서, 간절히 바랍니다."
96662,2018-01-16,2018-02-15,0,1,보건복지,산분해 간장의 생산 유투브 영상입니다.재료가 염산입니다.,산분해 간장의 생산 유투브 영상입니다.재료가 염산입니다.\n산분해간장으로 조리한 음식을 먹으면 그날 저녁 식도가 타들어가는 느낌에 밤잠을 설치신 적이 있으신가요.식도에 화상을 입히는 듯 합니다.소량만 섭취해도 식도암을 비롯해 위암에 걸리겠죠.원가를 낮춘다고 해도 이런 방법은 좋지 못한 듯 합니다.조취를 해주시면 좋겠습니다.https://youtu.be/ceuPKP_Q-Go     ※ 식초도 빙초산 식초는 제조과정 동일함.
71152,2017-12-21,2018-01-20,0,4,일자리,장애인 일자리,"현재 시청주관 장애인 일반형 일자리 장애인 행정도우미로  2년째 일하고 있는 한 청년입니다.\n1년 단위로 계약을 해서 근무를 하기때문에 매년마다 연말이 되면 또다시 지원 원서접수를 넣고, 선발이 된다는 가정하에  다음해에 다시 새로 근무를 하게됩니다.\n그렇기때문에  연말마다 내년에도 또 일할 수 있을까..? 하는 막연한 불안감이 듭니다.\n몸 불편한 장애인이라서 취업이 잘 안되는데 정규직 전환이 어렵다면 무기계약직으로라도 해 주세요 제발!!"
356190,2018-08-27,2018-09-26,0,19,인권/성평등,개인회생 36개월 단축소급적용 전국으로 시행하라...,같은 나라에서 법원마다 다른 법을 적용? 정말 말도 안되는 이유와 핑계로 한사람과 가족의 생사를 법원 마음대로 처리한다니...지나가는 개도 웃을 일이네요....너무 기가 막히고 어이 없습니다.\n(업무량 과다및 쏠림!!! 판사 재량껏!!! 서울은 OK? 지방은 NO?)\n헌법에 위배된 차별과 형평성 문제에 어긋난 이 문제를 청원드리오니 반드시 꼭 해결해주십시요.
77442,2017-12-31,2018-01-30,0,3,미래,가상화폐는 투기 ? 투자 ?,"가상화폐 이더리움 공동 창시자들 두명 모두\n자기들이 개발한 의도와 다르게 자기들의 기술을 갖고\n도박,투기로 가는것에 안타까워 하며\n이상태가 지속된다면 이더리움 거래를 중단시킨다고 하던데요.\n가상화폐에 투기를 계속하고자하는분들은 이더리움 창시자들보다 똑똑한가여 ?\n투기가 아니라 투자라구요 ?\n이더리움 창시자들도 지금의 가상화폐 시장을 투기판이라고 정의하고 있습니다.\n자기들의 스마트한 기술을 왜 도박,투기에 이용하는지 이해할수가 없다는군요\n가상화폐 투기 옹호론자분들\n가상화폐 거래소의 투기가 4차산업혁명에 대한 투자니 뭐니 하면서  합리화시키지 마세요\n여러분들은 그냥 후발투기자들이 계속들어와 갖고 있는 코인값이 오르기 바라는것 뿐입니다.\n가상화폐에 적용된 블록체인 기술은 이더리움 창시자들 의도처럼 건전하게 세상을 발전시키는 방향으로 가야합니다 ."
290426,2018-06-29,2018-07-29,0,16,외교/통일/국방,여성징병제를 도입해주세요,"지금껏 이 나라를 먹여 살려온 것은 남성입니다. 남편들이 밖에서 상사눈치밥먹고 피땀흘리며 벌어온돈을 아무렇지도않게 애낳아줬다고, 집안일했다고 자연스럽게 뜯어가죠.\n피해자 코스프레에 속지말고 똑바로 보세요.지금껏 이 나라에 얹혀 살아온 것은 여성입니다.\n남아선호사상이었다고요?그건 지네들 어머니 세대얘기고 지금 이 세대에 그런게있습니까?\n이 나라는 지금 껏 자국민이 아닌 외국인들과 윗분들을 먹여살려온 호구같은 나라입니다.\n이러니까 나라뺏기고 이유없는 사람들이 여태껏 희생당하고 못산거아닙니까\n기초부터 다시 시작해야합니다.\n대한민국 여성들도 징병제로 입대시켜야 합니다.\n여성들은 목소리를 내고 있습니다.\n""Girls can do anything""\n여성들은 자기들은 무엇이든지 남성들과 동등하게 할수있다고 외치고있죠 허나 정말 신기하게도 자기들이 비호감인것은 바퀴벌레처럼 이리저리 도망치며 피하고 발뻄하고 헛소리하고있죠 하도 받아주고 지네들 원하는대로만 다받아주니까 뭐라도된다고 생각한마냥 호의를 권리로 보고앉아있습니다.\n이들의 정신관념을 뜯어고치기 위해서라도 의무적으로 군입대를 시켜야합니다.\n여성들이 군입대를 하기 시작하면 이 나라의 국방력은 상승할것이고\n여성들이 의무적으로 군입대를 하면 국방부 분들이 아주 좋아하실 겁니다.\n부디 남녀평등을 위해\n대한민국 여성들을 위해서라도\n혜화역에서 시위하고있는사람들을 위해서라도\n여성들도 의무적으로 군입대를 시켜야 한다고 봅니다. 원하는대로 해줬는데 뭐가 문제냐 너네들이 뱉은말 그대로 전한다.""Girls can do anything"""
397184,2018-10-03,2018-11-02,0,5,저출산/고령화대책,아기를 꼭 낳고싶어요,안녕하세요 40대를 바라보는  주부입니다 해가 거듭될수록  저출산 문제가 심각한대요  정작 아기를  낳고 싶은 사람들은 애가타고  스트레스와 몸보다 마음의 상처를 많이 받습니다 불임치료로 인공수정이 가능하지만 정자와 난자기능은 하나 자궁기형 선천적 기형또는 자궁적출로인해 아기를 갖고싶어도  못가지는  분들이 많습니다  이런분들을 위한 해결방법은 없을까요  !!???
54314,2017-11-28,2017-12-28,0,1,미래,군대,문재인 대통령님 항상 존경합니다. 청원할게 있는데 들어주시면 감사하겠습니다. 여자들도 군대를 가게 해주십시오
1397,2017-09-02,2017-12-01,0,11,행정,9월에 나올 가계부채 대책에 대해 청원합니다. 저희 가족의 꿈을 짖밟지 말아 주세요,저는 어린 시절 부터 연극배우로  살아가다가 2011년 아내를 만나 지금 까지 대리운전과  각종 일용직을 병행하며  하루하루를 버티듯이 살아가고 있습니다.\n그러던중  제가 살고있는 마곡지구에 새로운 상권이 들어 선다는것 듣고 다년간의 대리운전으로 상권에 대한 소신이 있던 저는 15년에 상가 분양권을 어렵게 당첨 받았습니다.  지금은 힘들지만 앞으로 삶을 준비하고 또한  30대 중반 나이에 언제까지 대리운전만을 하면서 살수가 없기 때문입니다. 정부에서 일자리 일자리 이야기 하지만 실제로 일생 연극만 하던 사람이 무엇을 할수있을까요? 연극만하면 4명의 가족이 어떻게 살까요?\n하지만 이곳이면 회사도 많아  사업을 하기에 좋겠다라는 꿈을 가지고 그때부터 지금까지 (약 3년동안 )하루에 3~4시간 정도만 잠을 자며 대리운전등을 하며  자금 마련에 최선을 다했습니다. 아내도 다행이 정규직이라 아이들을 돌보면서 육아와 회사생활을 하고 있습니다. 아내는 출산휴가 이외는 휴가를 반납하고 악착같이 일을 하며 지내왔습니다. 왜냐하면  그곳이\n저희에게는 꿈이고 희망이였습니다.\n그런데 몇일 전에 정부에서 주택규제 뿐 아니라 상가에 대한 규제를 한다고 이야기를 들었습니다.\n대출금을 70%~인것을 40%로 줄인다고요.  10%씩 줄이면서 단계적으로 할것이다 투기꾼들 하지마라 그런\n시그널도 없이 그냥 바로요.... 주택처럼 캡투자를 할수있는것 도 아닌데  믿을 수없었습니다.  적정한도에 맞추어 계획을 하고 일을 해왔는데 갑자기 절반 가량으로 줄이면 저같은 사람들은 꿈도 가져 보지 못합니다.\n그래서 물건을 팔겠다고 내놓았지만 모두들 9월대책을 기다리고 있다고 합니다.\n그때가서 규제가 나오면 저희 같은 사람들은 모두 팔려고 하겠지요 그러면 약3년동안의 시간과 피땀어린 인내가 사라지는것은 말할것도 없고  저 같은 사람들이 손해를 감수하고 팔것입니다. 그러면 아주 많은 양의 매물이 나올것이고 그때 물건을 정말 돈이 많으신 분들은 싸게 구입하여 더욱 부자가 되시겠지요. 도데체 누구를 위한 정책\n입니까?  삶의 이유와 목적을 잃은 기분입니다.\n9월 가계부채 대책에 임대업과 자영업 모두를 규제한다고 하는데 정말 너무너무 하는것 아닙니까? 주택도 아니고 사업해서 돈벌고 세금내는 사람들 까지 규제를 하면 어떻게 살아 갑니까? 정부 의 뜻을 이해 못하는것은 아닙니다. 부채 줄여야지요  그렇지만 이렇게 급하게 하면 저같은 사람들 죽으라는 말입니다. 기사를 읽었습니다. 선의 피해자는 어쩔수 없다고요? 정부의 의지를 보여 줘야 한다고요 아 우리 나라 공산당입니까?  우리나라  민주주의\n자본주의 국가 아닙니까? 어떻게 미래와  꿈을 위해 노력한 사람들 까지도 투기꾼 취급하며 꿈을 짖밟으시려 합니까?　그리고 저 같은 사람 적은 숫자 아닙니다.  저도 사업을 준비하고 있지만 당장은 상가 매입자금　필요하기에  임대업으로 시작해야합니다.  이후 2~3년뒤 혹은 임차인과 이해 관계가 맞을때 시간을 두고 할려고 합니다. 나름 철저히 사업을 계획을 하고 있었습니다.  실패하기 싫어서요...\n그런데 이제 저는 그럴 기회조차 꿈을 가질수도 없게 되었습니다.  팔리지도 않습니다. 다들 기다렸다 포기하면\n살려고 한다합니다. 제발 저같은 사람도 많다는 것을 기억해 주십시요 제 주위 사람들도 발을 동동 구릅니다.\n주위만 그럴까요? 강서구에만 해도 엄청난 인원일것 입니다. 부디 부디   현명한 정책을 부탁합니다.  급격한 변화는  정말 무리가 있습니다.  부디 신중한 결정 부탁합니다.\n정말  종합 청사에 나가 자해라도 하고 싶은 심정입니다. 저와 저희 가족들의 꿈을 짖밟지 말아 주시길 바랍니다.
109779,2018-01-23,2018-02-22,0,28,외교/통일/국방,나경원 파면 해주세요,나경원 파면 해주세요
479705,2018-12-26,2019-01-25,0,3,정치개혁,일본군 위안부 피해를 홀로코스트와 같이 대중화하기를 바랍니다.,"안녕하세요. 저희는 묵호고등학교 동아리 VANK에 이수림, 박훈, 이윤주, 조은아입니다. 저희는 일본군 위안부 문제가 학생들을 비롯한 국민여러분들에게 최대한 많이 알려져 그 문제를 인식하고 이에 알맞은 대처가 필요하다고 생각합니다. 저희는 최근 위안부를 홀로코스트로 해석하는 글을 읽었습니다. 이때 홀로코스트는 독일 유대인 학살사건을 말하는데, 이 홀로코스트는 영화나 서적으로 대중화가 되어 국민들이 쉽게 접할 수 있고, 국가에서는 홀로코스트에 대한 마땅한 대처를 내려 국민들의 불만이 없는 상태입니다. 하지만 우리나라에 일본군 위안부 문제는 대중화 되어있지 않고, 마땅한 국가의 대처도 없는 상태라 시민들의 언성이 높아지고 있는 상태입니다. 이에 저희는 아래와 같이 청원하는 바입니다.\n저희는 학생들의 교과서에 일본군 위안부 문제를 다룬 서적이나 영화를 집필하여 학생들의 수행평가에도 반영해, 학생들이 좀 더 위안부 문제에 다가가고 문제를 인식하고 해결할 수 있는 능력을 키우기를 바라는 바입니다. 만약 지금 살아계신 위안부 할머님들께서 모두 돌아가신다면 미래는 저희 학생들이라고 생각합니다. 이에 저희는 학생들을 주된 타겟으로 선정하여 위안부에 대한 교육을 실시하고 일본군 위안부에 대한 상식과 생각을 심어주는 것이 알맞다고 생각합니다. 따라서 학생들의 교과서에 일본군 위안부 서적을 집필할 것을 청원하는 바입니다.\n또한, 저희 묵호고등학교 동아리 VANK는 홀로코스트를 접할 수 있는 매체만큼 위안부 매체를 늘려야 한다고 생각했습니다. 그래서 저희는 세계 각국의 영화산업과 문학부분에서 미국과 일부 유럽권들의 국가들이 주도권을 쥐고 있기에 ‘홀로코스트문제를 다룬 문화적 인지도는 높지만 위안부문제는 그렇지 않다’라는 결론을 내리게 되었습니다. 따라서 저희 묵호고등학교 동아리 VANK는 이에 대한 해결방안을 몇 가지 모색해 본 결과 아래의 해결방안들을 찾아냈습니다. 먼저 첫째, 우리나라 정부에서는 작가들과 감독, 크리에이터들이 위안부 문제에 대한 작품의 대중화에 기여하도록 참여를 촉구해야 합니다. 이에 우리나라 정부는 문화산업에 대한 예산을 대폭 증진하여 문화산업에 대한 아낌없는 지원과 도움이 필요하다고 생각합니다. 두 번째로는, 국내의 일본군 위안부 문제에 대한 문학과 영화산업이 가지는 파급력을 키워야 한다고 생각합니다. 근 3년간 영화 '귀향'을 시작으로 위안부 영화가 국내와 국외에서 인정받기 시작하였습니다. 이 기세를 타 전 세계인들이 '위안부'라는 문제를 알게 되어 파급력을 키워 홀로코스트와 같은 맥락에서 바라볼 수 있도록 해야 합니다. 따라서 묵호고등학교 동아리 VANK는 홀로코스트를 접할 수 있는 매체만큼 위안부문제를 접할 수 있는 매체를 늘려 주실 것을 요청하는 바입니다.\n지금까지 긴 글 읽어주셔서 감사합니다."
70523,2017-12-20,2018-01-19,0,2,인권/성평등,헌법에서 2017년 촛불시위의 의의를 기억해주세요,헌법 전문에서 대한국민은 3·1운동으로 건립된 대한민국임시정부의 법통과 불의에 항거한 4·19민주이념을 계승하고..... 이렇게 3·1운동 그리고 4·19민주화 운동을 기억하는 것 처럼 2017년 촛불 시위의 의의를 법적으로 인정해주었으면 해요 ㅎ
244729,2018-05-26,2018-06-25,0,83,반려동물,개식용 금지법을 만들어주시고 동물보호법 처벌 강도를 강화해주세요,"개식용 금지법을 만들어주세요  소,돼지,닭은 이미 일상생활에 실효화가 되어서 금지를 못시키고 저런 대형가축은 따로 관리하는 기업들이 많아서 위생적이고 최소한의 고통으로 도축을 하는데 개고기는 도축하는 과정도 끔찍하고 먹는사람도 거의 없을뿐더러 개고기 유통이나 도축을 책임지는 기업도 없어 도축 당하는 개들은 많은 고통을 받으며 죽습니다 그리고 개는 인간하고 가장 가까운 반려동물이며 친구입니다 인간하고 가장 가까운 반려동물을 보호해야한다는게 인간의 도리하고 생각합니다 개식용 금지법을 만들어주시고 처벌강도는 징역3년~징역10년으로 맞춰주시고 동물보호법 처벌은 최소 징역2년~무기징역&사형까지 폭넓게 처벌할수 있도록 법을 만들어주세요 이상입니다."
11387,2017-09-06,2017-09-13,0,0,인권/성평등,소년법  폐지해  주세요,소년법은  없어져야 합니다\n폐지해 주세요
20658,2017-10-11,2017-11-10,0,1,문화/예술/체육/언론,안녕하세요. 요청드립니다.,2002부터 시작된 각종 스포츠 연맹들이 자기 울타리 쳐놓고\n각종 파벌생성 및 세금낭비를 일삼아 온걸로 꾸준히 아는데\n정권이 바뀐만큼 이또한 재조명 되야한다고 생각합니다.\n축구협회로부터 시작해서 빙상연맹까지 모든 예체능 협회에대한\n조사를 해서 썩은물은 퍼내고 인재를 기용해야 다시 예전만큼\n예체능관련 발전이있을것 같습니다.
17509,2017-09-27,2017-10-27,0,7,저출산/고령화대책,난임시술 건강보험 적용시 왜 나이 제한을 두는 건가요??,왜 난임시술 건강보험 적용시 나이제한을 두었는지 마음이 아픕니다.\n저는 늦게 결혼하여 아이를 낳을려구 하니 잘 되지않아 난임병원을 다니고 있습니다.\n만44세이하 정부에서 지원해주는 난임시술비를 지원 받을 수 없는 나이여서 10월 시행되는 난임시술 건강보험 적용에 큰 기대를 걸고 있었는데...여기에서도 나이제한에 걸려 해택을 받을 수 없게 되었습니다.\n나이 많이 먹은 사람은 아이를 났지 말라는 것인지...정말 분통이 터집니다.\n매달 꼬박꼬박 건강보험료를 내고 있는 저로서는 정말 이해가 안되며...\n건강보험료를 내고 있는 모든 국민은 똑같이 평등하게 건강보험 해택을 받아야 한다고 생각합니다.\n나이 많이 먹은 사람은 병원에서도 홀대를 받는데...국가에서까지 이런 홀대를 받게 해서는 안된다고 생각합니다.\n부디 제도를 개선하여 나이제한을 두지 않으셨으면 합니다.
386869,2018-09-21,2018-10-21,0,3,농산어촌,자전거 음주  단속 시골노인은 어떻하나요,"운전 면허  있고 없고  떠나서  시골서 농사일 ,장날, 이웃마실 등  노인네가  일상일을  하는데 자전거 가 많은가  아니면 차량이용이  많은가?    자전거 음주 시골 읍면에서는   일상적인데 , 차후 음주후   걸어다는것도 단속하고 싶은거지요\n농촌을  도시로 끌어 드리지 ㅡ마시고요  . 뭐든지 꼭꼭 묶어  두려 하지 마시고  자유로운 자유인이 그립네요"
387016,2018-09-21,2018-10-21,0,8,미래,다문화를 동남아화로 명칭변경해주세요,"여러문화를 포용한다는 다문화란 그럴싸한 포장지 벗겨내면\n결국 베트남,필리핀,태국 등 여성들이 우리나라 남성들과 결혼해서 사회에 닥치는 동남아문화이자 그들 2세 역시\n동남아화의 결정체로 동남아화라는 현실직시적인 명칭변경이 필요하다고 봅니다\n마치 여러 다양한 서양동양의 문화를 흡수해서 우리나라에 이익을 가져다 주는 뉘앙스의 다문화란 말은 없어져야합니다\n동남아화로 명칭변경이 필요하다고 봅니다"
377410,2018-09-12,2018-10-12,0,17,교통/건축/국토,미친집값 잡을수 있습니다,"지금 집값이 미쳐 날뛰고 있습니다. 정부규제는 집값을 더 올리고 있네요.\n집값 잡는건 간단합니다,.양도세를 매년 10%씩 올려 70%까지 환수 하는겁니다. 올린후 물가상승률을 감안하여 1년 보유시 마다 5%씩 감산해주면 집가지고 투기하는 사람들 이익이없어면 다 팝니다. 실거주자는 어차피 살집이니 문제없구요...."
233202,2018-05-15,2018-06-14,0,1,저출산/고령화대책,"노인 무임승차 없애고, 교통보조금 지급해야","노인 무임승차 없애고, 교통보조금 지급해야\n서울 수도권 광역시 등\n대도시 노인들은 지하철 공짜입니다.\n그러나\n지방의 중소도시와 농촌의 노인들은\n버스비 전액 지급하고 대중교통을 이용합니다.\n실제로\n경제적으로 여유있고 윤택하신 노인분들은\n서울 수도권 광역시 노인들 입니다.\n특정 지역만 혜택을 받는 지하철 공짜제도를 없애고\n모든 노인들에게 교통보조금을 지급하는 것이\n옳다고 봅니다."
106483,2018-01-21,2018-02-20,0,211,문화/예술/체육/언론,나경원 평창올림픽 위원회 파면시켜주세요,나경원 평창올림픽 위원자격 박탈해야합니다!!\n단일팀 반대하고 분탕질이나 했습니다!!\n위원자격없으니 박탈해주세요
76708,2017-12-29,2018-01-28,0,6,성장동력,200배가 올랐으니까 규제한다? 도대체 말이 됩니까?,"이번 정부 들어서 시작된 비트코인 규제와 관련 정책에 어이가 없어서 몇글자 적어봅니다.\n2013년 중순에 국내언론에도 보도가 되기 시작했고 거래소가 처음 생기고 당시 가격은 11만원으로 기억합니다.\n5년이 지나는 지금 이제 비트코인 한개의 가격은 200배가 올라서 2천만원이 되었습니다.\n지금 접근은 참 어이가 없게도 가격이 많이 오르고 사람들이 많이 몰려서 규제하고 금지하겠다는건데\n과연 금지하고 규제한다고 저렇게 오르는 시세가 조정이 될것 같습니까.\n비트코인은 전세계에서 다양한 각계 각층 인종과 국가를 불문하고 거래되고 있습니다.\n이것은 갯수가 매우 한정되어 있어서 당연히 시간이 지날수록 가격이 뛰고 가치가 올라가는데\n한국에서 이렇게 규체를 하면 앞으로 차후 어떻게 하겠다는겁니까?\n가상화폐라고 해서 그냥 무작정 찍어낼수 있는 것으로 생각하는데 정말 큰 오산이고 멍청한 생각입니다.\n갯수는 한정되어 있고 중국에서 비트코인을 금지하자 오히려 가격은 더 몇배로 올라가고\n그걸 사려는 사람들이 다른나라로 몰려들고 있습니다. 비트코인은 단순한 가상의 데이터가 아니라\n일종의 자원입니다. 때문에 미국의 현물거래소에서도 취급하고 2달후 미국 나스닥에 성장지수 펀드로\n상장이 됩니다. 일본과 미국은 물론 유럽에서도 합법화가 되는건 당연하고 양성화 조치로 관련 산업이\n크게 성장하고 있습니다.\n지금 이러한 정부의 엇나간 규제 정책과 보도가 남발됨으로 인해서 수년동안 이어져온 개인의 자산이\n이번 정부 들어서서 크게 침해받고 있습니다. 저 또한 수천만원대의 손실을 보았습니다.\n어떤 정부도 지금까지 어떤 대한민국 정부도 개인의 사유 재산에 대해 이렇게 제한하고 규제하고 막은적이 없습니다.\n전세계가 동시에 움직이는데 한국에서 규제 뉴스가 터지고 말도 안되는 금지 보도가 될때마다 전세계 시세가\n크게 요동칩니다. 점유율이 10%가 안된다고 하더라도 그 여파는 작지 않습니다.\n게다가 시장을 이렇게 불안하고 위험하게 만들면 오히려 국부유출의 계기가 될것입니다.\n누가 대한민국 정부를 믿겠습니까? 이미 현재도 해외의 값어치는 계속해서 올라가는데 오히려 한국은 내려갑니다.\n이전에 200배가 올랐던것처럼. 앞으로 또 200배가 올라서 그때는 잡지도 만지지도 못하는 개체가 되었을때\n그때 국민들로 부터 들을 원망과 호소. 불만은 어떻게 감당하려고 하십니까?\n비트코인은 규제한다고 그렇게 잡아지는게 아닙니다. 이미 거래를 강력하게 규제한 중국과 러시아의 거래소는\n사실상 전세계에서 비트코인이 가장 비싸게 거래가 되고 있습니다. 특히 중국에서는 아예 금지한 탓에\n거래소 운영자는 중국사람들인데, 거래되는 화폐는 위안화가 아닌 달러화로 거래됩니다.\n이로서 제대로 추적이 되지도 않고 국부 유출만 가속화 될뿐입니다. 때문에 단기간내 비트코인 시세는\n크게 올라갔습니다. 오히려 자유롭게 거래가 가능한 영국, 미국, 일본에서는 오히려 가격이 낮습니다.\n누구나 손쉽게 언제나 사고 쓸수 있기 때문에 값어치가 그렇게 높지가 않습니다. 그와는 달리 중국과\n러시아에서는 모두가 가지고 싶어하니까 가격이 오르는 것입니다.\n지금 한국도 점점 그렇게 될지도 모릅니다. 단기간내 가격은 내려가지만 금지가 되거나 그럴 기미가 보이면\n다들 정부의 눈을 피해 해외에서 구매를 할것입니다. 앞으로도 몇배가 오를지 모르는데 그걸 투자를 못하게 하면\n과연 사람들이 그냥 그걸 포기하겠습니까.\n이 뿐만이 아닙니다. 블록체인 및 암호화 화폐는 단순히 무의미한 데이터를 찍어내는 것이 아닙니다. 이미 새로운\n몇몇의 암호화 화폐는 대규모의 컴퓨팅 자원을 확보해서 클라우드 시스템이나 인공지능 개발, 우주개발에까지\n이용이 되고 있는 실정입니다. 실제 러시아의 천재 고등학생이던 비탈릭은 완전 튜링지향의 블록체인 개발로\n이미 수십조원의 시가총액에 달하는 부를 일구어냈고, 전세계 수십만대의 컴퓨팅 자원을 제공받고 있습니다.\n하지만 현재 대한민국에서는 이러한 암호화 화폐를 개발 배포하는 행위 자체가 완전히 금지되어 있습니다.\n이는 유례가 없는 것으로 중국에 이어 세계 2번째로 ICO금지국가로 등극되었습니다.\n이 모든 정책이 불과 이번 정부 들어서 생겨진 것입니다.\n도대체 무슨 생각으로 4차 산업혁명과 밀접한 관계가 있는 암호화 화폐 산업을 규제하는지 이해가 가질 않습니다.\n게다가 이미 5년동안 국내에서 충분히 자리잡고 상당한 스타트업이 세계적인 규모로 성장하고 거래소는 물론\n시세와 관련된 통합적인 앱까지. 사실상 핵심적인 암호화 화폐 개발을 제외한 모든 분야에서 압도적인 성장과\n존재감을 과시하는것이 현재의 한국입니다. 이는 미국, 일본에 이어 세계 3번째 입니다.\n이전에 한류로 많은 대중문화가 퍼져나갔듯이 암호화 화폐에서도 한국은 주도적인 역할을 할만한 충분한\n경험과 능력, 잠재력을 가지고 있습니다. 암호화 화폐는 단순히 몇달만에 뚝딱 만들어져서는 이슈화\n되는 것이 아닙니다. 이미 이 세상에 나온지 8년이 지나고 있습니다.\n2009년 서브프라임 모기지 사태때 기존의 자산가치가 완전히 붕괴하고 은행도 정부도 믿을수 없다는 것을 안\n소수의 사람들이 문제 제기를 하였고, 한 암호화 학자가 이론으로만 존재하던 조작불가능한 공동장부를 현실화\n한것이 바로 비트코인입니다. 전세계에서 처음으로 등장한 이 암호화 화폐의 지위는 시간이 지날수록 공고해졌고\n지금 이 분야에서는 이미 기축통화로서 다른 코인들간의 거래에 기준점으로 삼아지고 있습니다. 이 상황은\n절대 뒤바뀌지가 않습니다. 결국 비트코인은 단 2100만개만이 생산되어지게 되고 이것은 매우 한정된 자원입니다.\n현재의 대한민국 정부는 유례가 없는 규제 및 철퇴 정책으로 세계 3위의 떠오르는 시장을 다 죽이고 있으며\n지난 5년동안 수많은 사람들이 일구어놓은 기반 인프라를 다 뒤흔들고 있습니다. 우리나라가 멈춘다고 비트코인이\n멈추지 않습니다. 중국의 규제로 더 가치가 올라갔고 한국의 규제 이후에는 더 심화될것입니다.\n4차 산업혁명과 밀접한 연관관계가 높은 이 산업을 사실상 질식사 직전으로 몰아가고 있습니다.\n이 한정된 자원의 분야에서 한국은 크게 뒤쳐지게 될것입니다. 앞으로 그 가치가 크게 앞으로도 200배가\n오르고 난뒤. 되돌릴수도 없는 황금같은 시간을 어떻게 무엇으로 채울려고 하십니까.\n이미 해외에서는 수년전부터 연구가 충분히 되었고 민간 뿐만아니라 제도적으로 크게 완비되고 있습니다.\n현재 한국은 그럴 시간도 없이 지키지도 못할 의미없는 선동성 규제정책만 언론을 통해 끊임없이 쏟아내며\n시장을 죽이고 있습니다. 과연 그게 누구를 위해 좋은 일일지 한번 생각해보시기 바랍니다.\n한번 궤도에서 어긋나 탈선한 산업분야는 다시 제궤도로 올려놓기가 정말 힘듭니다.\n이번 정부 들어서 이토록 이 분야를 죽이는 이유가 이해가 가질 않으며 앞으로 엄청난 파장을 불러 일으킬것입니다.\n제 말이 거짓말인지 한번 두고 보십시요."
370506,2018-09-07,2018-10-07,0,6,보건복지,풀무원 케이크,풀무원 케이크 피해자들에게 피해보상을 해주시고 처벌을 해주셨으면 합니다.
316136,2018-07-23,2018-08-22,0,64,행정,강원도 양양군 '간곡리마을회' 억울한 소송을 해결해 주십시오,"대통령님!\n<2016가단301105 소유권말소등기> 소송의 부당함을 살피시어 ‘간곡리마을회’의 억울함을 밝혀주십시오.\n저는 간곡리 마을에 25년째 거주하는, 양양군 소재 중학교의 55세 국어교사입니다.\n‘간곡리마을회’는 마을회가 피고 상태로 재판이 진행되어온 사실도 몰랐으며, 1심 판결 후 항소를 제기하지 않아 피고 자격마저 박탈당했다는 사실도 몰랐습니다. 올 2018년 6월 27일에서야 마을 도로가 막힌다는 이야기를 전해 듣고 군청을 방문한 후 사태를 파악하게 되었습니다.\n현재 위 소송은 피고 양양군만이 항소하여 대법원 심리만 남아있는 상태입니다.\n전체 29가구 규모인 강원도 작은 산골 주민들의 소통부재와 법지식 무지에서 발생한 결과이오니 대통령님 제발 재심이 열릴 수 있도록 헤아려 살펴 주십시오.\n대법원 심리만 남겨둔 현재의 재판이 그대로 종결된다면,\n양양군은 막대한 경제적 손실을 입게 되고, 간곡리 주민들은 이용하는 도로가 막히게 되며, 나약하고 힘없는 한 개인(최천수)의 토지 소유권은 사라지게 됩니다.\n분쟁이 발생한 2,588 평의 토지는 이제껏 점유한 사실이 전혀 없는, 토지와는 무관한 원고의 소유로 귀속됩니다.\n- 소송\n사  건    2016가단301105  소유권말소등기\n원  고    박정숙\n피  고    1. 양양군\n2. 간곡리마을회 (강원도 양양군 강현면 간곡리)\n- 관련 사건 경과\n1970년 간곡리마을회는 마을회 소유 132번지 1699평을 최식엽(박정숙 夫)에게 매도\n1970년 간곡리마을회는 마을회 소유 133번지 889평을 김선녀(최천수 母)에게 매도\n1976년 양양군 불분명 토지 정리 사업 때 132번지와 133번지 직권등기하여 양양군이 귀속\n1996년 최식엽(박정숙 夫)이 춘천지법 속초지원 96가단3281 소송, 132-1번지만 소유권이전등기 완료.\n2016년 박정숙(최식엽 婦)이 2016가단301105 소송 제기. 132번지 133번지 소유권말소등기 신청.\n위 소송은 원고 박정숙이 속초지원 96가단3281 소송을 변형시켜 무리하게 진행하는 소송이라 판단됩니다.\n132-1외에 132전체를 소유하고자, 80이 넘으신 마을 어르신들을 찾아가 사실과 다르게 설명하며 ‘갑 제3호증’에 서명날인을 받아 132번지와 133번지 모두 자신의 소유로 주장하는 소송입니다. 어르신들 누구도 분쟁 대상이 되는 토지를 정확히 모른 채 서명날인 하였습니다. 어르신들의 입장을 담은 마을주민 탄원서와 이의제기서는 대법원에 제출하였습니다.\n‘간곡리마을회’ 주민공청회 의견은 이러합니다.\n1. 132번지는 속초지원 96가단3281 소송 결과에 따라야 하고\n2. 133번지는 올해 초, 알콜중독으로 동사한 채 집 앞에서 발견된 최천수의 두 아들 최완식,     최훈식의 소유가 되어야 합니다.\n최천수의 두 아들은 중학교를 졸업하고 일정한 직업이 없는 지적 능력과 경제적 능력이 모두 미흡한 미혼의 청년들입니다.\n그들은 1970년 133번지를 김복녀(최천수 母오래전 사망)가 ‘간곡리마을회’에서 구입한 이후 이제껏 점유해온 실소유자들입니다. 양양군에 귀속된 133번지를 찾을 행정적인 능력이 전혀 없는 가족입니다.\n이런 133번지를 박정숙은 ‘갑 제3호증’에 최천수가 날인을 했다는 이유만으로 자기 땅이라 주장하고 있습니다. 최천수는 심한 알콜 중독자였습니다.\n박정숙은 132-1번지를 1970년 마을회에서 매입했고, 그 이후 132,133 번지를 점유한 사실과 점유 흔적이 전혀 없는 사람입니다.\n대통령님, ‘갑 제3호증’에 날인하신 어르신들이 어떤 말을 듣고 어떤 과정을 거쳐 ‘갑 제3호증’ 날인했는지 소명할 기회를 주십시오. 현재는 대법원 심리만 남아있기에 어떤 소명기회도 없습니다.\n그리고 ‘갑 제3호증’에 날인하지 않은 마을 토박이 어르신들이 왜 ‘갑 제3호증’ 날인하지 않았는지 소명할 기회도 반드시 주십시오.\n또한 133번지는 나약하고 힘없는 최천수의 두 아들 최완식, 최훈식의 소유가 되도록 살펴 주십시오.\n대통령님, 소송의 부당함을 알리는 ‘간곡리마을회’ 목소리를 살피시어 < 2016가단301105 > 사건이 재심될 수 있도록 도와주십시오.  간곡하게 부탁드립니다.\n- ‘간곡리마을회’ 주민 일동-"
461734,2018-12-06,2019-01-05,0,5,성장동력,공영방송 개혁 적폐청산 시작이닷,"온사회가 지난 시기의 적폐를 청산한다고 난리를 쳐도 부분적 국소적 파당적 개혁에 머물고 있는 실정이다\n정치권에서 진보세력이 지난 보수정권의 잘못만 물고 늘어지지만 자신들 또한 잘못을 저지르는 것은 마찬가지다\n무능한 현정권에서 검찰과 법원 등 자신의 입맛에 맞지않는 곳만 선택적으로 손을 대기 때문이다.\n이제 개혁과 혁신은 사회모든 분야에서 전방위적으로 묶음식(패키지=몇개의 비슷한 분야끼리) 및 순차적으로   실시해야 한다. 경제계, 교육계(고질적 사학비리), 문화계, 체육계, 지방 토착비리 등 강력한 개혁칼날이 필요하다\n그 대상을 넓히면 방만한 공기업(공사) 개혁도 시급한데 , 공영방송의 개혁이 가장 시급하다고 본다\n주인이 없고 감독자가 역할을 소홀히 하니, 그야말로 개혁의 무풍지대이고 그저 세금만 집어먹는 공룡이다\n이제라도 관계기관이 적극 나서서, 상위직급이 하위직급보다 많고 고액연봉이 60%가 넘고 일부직책은 할일이 없어\n신문이나 뒤적인다는 KBS 개혁에 총대를 메어라. 고강도 직제개혁으로 직급체계를 재조정하고, 명예퇴직도 실시하고, 임금피크제도 도입하고  해서 새로워진 모습 개혁에 앞장서는 회사로 거듭나도록 관게당국과 국민들이\n궐기하고 나서야 한다. 자사이기주의와 보신주의에 빠져 절대 자기개혁은 안된다고 생각한다. 구조개혁 나서라!!"
256301,2018-05-31,2018-06-30,0,13,행정,청와대 청원 게시판 실명제로 운영하면 좋겠습니다.,"청원 게시판은 국민의 얘기를 듣는다는 점에서 정말 좋은 정책입니다. 하지만 현재 본래의 목적과 다르게 ‘자신이 좋아하지 않는 연예인 누구누구를 사형해주세요’ , ‘특정 축구선수를 사형해주세요’ ‘같이 게임할 팀원 구합니다’같은 터무니없는 청원들만 존재합니다. 그래서 대학교 대나무숲 게시판에 빗대어 몇몇 사람들은 청와대 청원 게시판을  ‘청와대나무숲’ 이라고도 부릅니다.\n이렇게 좋은 정책이 이렇게 변질되는게 너무 안타깝습니다.\n그래서 저는 이런 문제를 해결할 가장 좋은 방법이 익명제보다는 실명제로 운영되길 바랍니다."
464069,2018-12-08,2019-01-07,0,17,저출산/고령화대책,다자녀 가구 직장 입사시 혜택을 주십시요.,"세아이에 아빠입니다.\n나이는 많은데  아이들은 어리고  살기가 팍팍합니다.\n직장 입사시에 다자녀 가구에게  혜택이 주어진다면,  많은 사람들이\n아이 낳는것을  두려워 하지 않을 것으로  생각 되어서  적어봅니다.\n감사합니다.  수고 하십시요."
366766,2018-09-05,2018-10-05,0,0,인권/성평등,경찰이  공기업 직원 과잉 조사하여 사망한게 사실이다면,문재인대통령께 질문합니다.\n공기업 직원 경찰이 과잉수사하여 사망한 사실\n맞습니까?\n사실이라면 공기업 직원을 얼마나 과잉수사했기에 사망합니까?\n그런 식으로 인권유린한다면 누가 조사를 받겠습니까?\n도대체 경찰서 경찰 어떻게  관리되는 거죠?
357599,2018-08-28,2018-09-27,0,30,일자리,외노자와 불체자는 이나라를 위해서 있는건가요 아니면 이들을 위해서 한국이 존재하나요,저는 중소기업에 다니는 회사원입니다\n저희 회사에도 외노자들이 다수 있습니다\n이들은 5년 노동비자로 들어와서 일을합니다\n이들은 물론 돈을 벌기위해서 들어온거지만 회사입장에서는\n조금이라도 싼 노동력을 얻기위해서죠\n어느날부터인가 이들이 태업을 시작합니다\n자기들을 해고시켜 달라는겁니다. 이유는 간단합니다.\n이제 이곳 사정에 좀 익숙해지고 기존 그나라 사람들하고 연락을 취하며 살다보니\n다른곳에 일자리가 좀더 월급을 많이 준다니 그곳으로 옮기겠다는 겁니다.\n그래서 어이가 없어서 질책을 하고 끝까지 태업을 행하는 자를 강제귀국 조건으로\n해고하였습니다.\n그런데 정문을 나서는 모습이 무척 행복한 모습입니다. 그건 조금도 두렵지 않다는거죠\n밖에만 나가면 이미 이런일을 전문으로 처리해주는 브로커가 있어서 금방 다른곳으로\n옮길수 있다는 겁니다.\n물론 불체자 신분으로 남아서 일하는건진 잘 모르겠습니다.\n남아있는 외노자들은 지금도 일하는걸 보면 열불이 날정도로 태업입니다.\n언론에 보면 외국인근로자 한테 폭력을 행사하고 욕이 일상이라는걸 보면서\n웃음이 나옵니다.\n그거 아주 오래전 애기입니다. 지금은 이들이 단체로 사무실로 와서 따지는 일이\n다반사입니다. 무언가 자기들 의견과 맞지않으면 말이죠.\n그러면서 손가락이 조금 베인걸 가지고 병원엘 갑니다. 이게 매일 병원에 가서 치료할\n사항이 아니라는건 다 아는 사실 아닙니까?\n그런데 이걸 핑계로 일주일을 병원에 갑니다.\n어느날 병원가는걸 불허하니 갑자기 무단 외출을 실시하더군요.\n나중에 알고보니 자기가 다쳤는데 병원에 안보내준다고 노동부에 신고를 하였더라구요\n아주 이런 상전이 없습니다.\n내국인은 생각도 못할일들을 이들은 행하고 있으며 회사에서 근무태만으로 해고되는거에 대해 전혀 두려움이 없습니다.\n이미 선배들이 닦아놓은 길이 있기에 해고되어도 불체자로 오년 버티며 다른곳서 일하면 그만이고 오년이 아니라 십년도 일할수 있으니 무슨 걱정이 있겠으며 회사의 지시에\n따르겠습니까\n제발 관련법좀 제대로 강화해주시고 불체자 단속좀 해주시기 바랍니다.\n인력이 없다면 신고포상제를 실시하세요.\n주변에 불체자 아주 널려있습니다.\n불체자 단속을 못하는 겁니까 아니면 안하는 겁니까?\n대한민국의 노동력을 위해 외노자가 있는건지 아니면 외노자를 위해 대한민국이\n존재하는건지 요새는 헷갈릴 정도입니다.\n요새 실업이 심각하다는데 외노자와 불체자 수만 확 줄여도 우리나라 실업문제\n크게 개선되리라 봅니다.\n또한 외노자와 불체자 관리는\n근로제공보다도 국민의 안전에 직결된 사항입니다.\n불체자는 지문관리도 안되어 무슨일을 저질러도 근거가 남지않고 관리가 안되니\n늘어나는 외노자와 불체자로 인한 문제 언젠간 심각하게 곪아 터지리라 봅니다
6040,2017-09-05,2017-10-05,0,0,인권/성평등,청소년 보호법 및 소년법 폐지,폐지 부탁드립니다.
6868,2017-09-05,2017-11-04,0,0,육아/교육,청소년보호법폐지를 청원합니다,무섭고 무섭습니다\n미래의 아이들을 위해서라도...
219436,2018-05-02,2018-06-01,0,7,미래,대한항공 저질 외국녀,관세청.국세청.검.경은\n물컵.폭행으로 국민 속임 그만 하고  페밀리  상습  밀수.배임.횡령.국제 지능범죄로\n빨리 전원 구속 하라..\n정말 짜증 난다.\n욕 한마디만     우~~쒸
107919,2018-01-22,2018-02-21,0,15,반려동물,혐오 발언자에게 입마개를. 네이버에게 전자입마개를,"대한민국 국민 힘들어서 못해먹겠습니다. 문빠라고 조롱하고 달빛창녀단이라고 희롱하는게 표현의 자유입니까. 의석수의 1/3 이상을 점유한 제1 야당의 대표라는 작자는 문슬람이라 그러지 않나, 같은 당 원내대표는 상식적인 질문하는 시민을 특정 정당 지지자로 매도했습니다. 어디 저들 뿐입니까. 매일같이 쏟아지는 저급하고 저열한 언어들은 도처에 널렸습니다. 혐오 공화국이에요. 온갖 것들이 아무런 이유나 근거도 없이 혐오의 대상이 되고 그것을 또 재미로 소비하여 확대 재생산하는 행태. 악한 순환 구조를 그냥 보고만 있습니까. 그렇게 된 결과 어떤가요? 혐오에 대해서 무뎌집니다. 혐오의 표현을 쓰는 것에 거리낌이 없어 너도 나도 쏟아냅니다. 타락해도 어떻게 이렇게 타락할 수 있습니까? 과연 이 나라가 이 사회가 정상이라고 자신있게 말할 수 있습니까? 아직도 사이트가 돌아가는게 기적인 일베, 악하기로는 일베는 상대가 안되는 네이버..이런 저 따위 혐오론자들의 놀이터가 왜 공공에게 오픈되어 있나요? 왜 우리나라는 혐오에 대해사 단호하지 못합니까. 무관용을 배풉시다. 자유에게 자유를 되찾아주기 위해서라도 남용되고 오염된 자유에게는 무관용의 철퇴를 내려쳐 부숴버려야 합니다.\n말 못해서 억울한 우리 죄없는 강아지들 그만 괴롭히고. 입마개가 필요하다면 저 혐오를 쏟아내며 대중들에게 혐오감을 부추기는 정치인 언론인 네이버 등등의 세력들에게나 해당되는 거 아닙니까. 배트맨의 악당 베인 처럼 아구에 입마개를 채운 홍준표를 보게 된다면, 글쓰기가 불가능한 기레기들과 댓글알바들. 정의가 승리하고 상식이 이기는 모습 꼭 눈으로 보고 싶습니다."
14840,2017-09-19,2017-10-19,0,4,미래,박정희 대통령 동상 철거 요청,자유민주주의 국가인 대한민국에서 독재자 박정희의 동상이 세워져 있는것은 말이 되지 않습니다. 독재자의 동상을 하루빨리 철거해야 합니다!
414222,2018-10-21,2018-11-20,0,3,육아/교육,사립유치원 당.정.청 회의는 ㆍ,오늘 오후 뉴스를 접하고 참으로 답답합니다.\n우선  당정청 회의 결과를 발표를 했습니다.\n박 모 의원이 법을 입법화를 하겠다고 아우성칩니다만 이미 법은 잘 되어 있습니다.\n또 사립 유치원 비리 원장 이름을 밝힌다고 얘기를 하지만 개인정보 보호법이 우선합니다.\n그리고 유 장관께서는 단지 2퍼센트라고 말을 하고 있습니다. 이에 따른 교육부 1차 개선기간 2차  컨설팅기간 그리고 3차에 걸쳐 법 속에 충분히 단속이 요구됩니다.\n작금  선량한 유치원이 행정적 미흡으로 비리라는 딱지가 그 분들에겐 평생동안 따라다니므로 이 또한 유아 전문 교육자에게 멍에를 지우는 것입니다.\n대통령님 사립유치원법은 나라의 흥망성쇠를 가름하는 중요한 법입니다.\n그래서 더 신중하고 신중하게 처리를 하셔야합니다 교육은 국감에서 인기 영합주의로 정책을 편다면 우리나라의 미래교육은 절대 없습니다.\n제발 냉비근성으로 하지말고 전문가 집단과 유아교육 전문가 (교수포함)충분한 공론화가 필요합니다.
239898,2018-05-22,2018-06-21,0,1,경제민주화,전자금융거래법위반에관한법조항개정요청,계좌번호를보이스피싱당한사람에대한조항을\n개정해야한다는요청입니다\n경제사범들이계좌번호를도용하였을시\n예금주는피의자가아니라는문구를추가하여서\n보이스피싱에대한징계시\n예금주에대한불이익이없도록해주시기바랍니다\n예금주가불법송금요청자가아닌경우\n예금주가불법송금을인출한자가아닌경우\n예금주가불법송금을사용한자가아닌경우\n예금주가불법송금을위하여계좌번호를제공한자가아닌\n경우예금주를피의자로가정하거나\n예금주를출두하여변론을하게하는\n일은\n매우불의한일로서\n예금주에게너무나억울한일이기때문입니다
337204,2018-08-12,2018-09-11,0,40,보건복지,국민연금  사기 아닌가요?,가입할땐 60 세 인데   시간이 지나면 지날수록 만기 기간이 늘어나는건 계약위반 아닌가요?\n계약위반이니  환불해주시죠!\n연금  따로 들던가 적금  타먹을라요!\n아!  왜? 공무원이나 군인만  연금처럼 타먹는데 일반서민은\n연금이  왜? 고따고로 지급하는지?  머죠? 왜죠?\n국민연금 고만들고 고기나 사묵을 랍니다\n폐지부탁합니다!..
14490,2017-09-18,2017-10-18,0,0,성장동력,가맹사업법을 위반하는 대기업을 제재해주십시오.,"저희가 올해 1월에 이전한 영업장인 한국타이어 신안중대리점(송담1로 6)과 2~30m밖에 거리차이가 나지 않는 곳(송담1로 14)에 한국타이어 티스테이션이 개설예정이라는 것을 올해 5월에 지인을 통해 인지하게 되었습니다. 그래서 한국타이어 담당자에게 문의를 하였지만 저희가 합의한 것 아니냐는 얼토당토 않는 말을 들었습니다. 그 후 담당자는 ‘진행상황은 없다. 확인해보겠다’는 말만 할 뿐 확실한 답변을 계속 미뤘습니다. 그러다 4개월만에 돌아온 답변이 ‘내일 옆 테스테이션에 간판시공을 할꺼니 이해해주세요’였습니다. 4개월 동안 옆 티스테이션 개업준비를 하고 있었으면서 저희에게는 어떠한 말도 없다가 그저 통보만 할 뿐이였습니다.\n그리고 저희가 찾아본 결과 ‘가맹사업거래의 공정화에 관한 법률’ 제12조의4에 의거하면 ‘가맹점사업자의 영업지역 안에서 가맹점사업자와 동일한 업종의 계열회사나 계열회사의 직영점이나 가맹점을 설치하는 행위를 하여서는 아니된다’라고 되어있습니다. 하지만 한국타이어에서는 일반대리점과 티스테이션이 도매, 소매가 다르기 때문에 상관없다고 하고 있습니다. 그러나 도매라 하면 소매점에만 판매를 하는 것이고 소매라 하면 소비자에게 판매를 하는 것인데 티스테이션과 일반대리점 두 곳 모두 도·소매가 가능한 영업형태입니다. 이것은 한국타이어 홈페이지에서 일반대리점을 ‘리테일 매장’으로 표기하여 소매의 의미를 보여주는 것과 티스테이션 홈페이지에서 티스테이션은 일반 고객에게 서비스를 한다는 것을 나타내어 소매의 의미를 보여주는 것을 보면 알 수 있습니다. 이렇게 동일 영업형태 및 방식의 업종을 2~30m밖에 안되는 거리에 허가를 내준 것은 가맹사업법을 위반하고 있는 것이라 할 수 있습니다.\n또한 한국타이어 직원 몇명과 대화를 했지만 대화를 할 때 마다 타이어 판매량을 물어봅니다. 직접적으로는 아니지만 간접적으로 ‘너희는 타이어 판매량이 적으니 할말 없지 않느냐’라는 말과 다를게 없습니다. 이것이 대기업의 갑질이 아니면 무엇이겠습니까.\n저희는 옆 가맹점이 개설된 후 피해보상을 원하는 것이 아니라 아직 100% 공사가 끝나지 않았으니 인근에 가맹점이 개설되는 거 자체를 원치 않는겁니다. 1km만 떨어진 곳에 가맹점이 생겨도 저희가 이렇게 민원을 제기하지는 않았을 겁니다. 경쟁업체도 아닌 같은 가맹점이 2~30m 안에 생기지 않도록 도와주십시오."
398836,2018-10-05,2018-11-04,0,0,보건복지,지방병원,지방병원에의사처우개선을해서의사수부족한걸해결가능해요
453254,2018-11-27,2018-12-27,0,4,경제민주화,주택 투기로 인한 해결 방안,정부는 주택공급을 하고있지만\n부동산 투기로 무주택 인구가 많아졌고\n빈집도 많아졌습니다\n전세는 구하기가 힘들고\n월세만 많이 있지요\n이걸 보고 해결 방안이 떠올랐습니다\n부동산 구매후  1년 6개월 동안 빈집인 곳에\n주택 시세 의 1 퍼센트를 세금으로 부과하는 겁니다\n그리고\n사람만 살면 세금 부과하지 않는거죠\n그러면 시세 차익 보려고 구매하려던 사람들이 너도나도\n집을 싸게\n월세로 내놓던지\n전세로 내놓던지 할겁니다\n서울에 주택이 많은데 빈집 또한 많습니다\n이렇게 하면 전세로 냐놓는 사람 또한 많아질겁니다
73520,2017-12-26,2018-01-25,0,30,문화/예술/체육/언론,방송 제작 환경 개선,"이번 TVN 방송사고를 보면서 진짜 이게 우리나라 방송의 현실태 입니다.. 방송사들의 외주 제작사의 갑질 횡포와 최근 EBS 외주제작사피디 사망사건, 외주포스트포스덕션 종편실은 외주 제작사들의 잦은 미수금으로 인해 너무 힘든 업종이 되어 버렸습니다\n독립 제작사 협회는 있지만 힘은 없고 그나마 외주 포스트프로덕션은 협회도 없어 서로 단가 낮추기등으로 인해 일은 일대로 늘어가고 월급은 그대로고 잦은 철야작업 주말 반납등으로 추가 근무 수당도 없이 일을 합니다.. 젊었을때는 꿈과열정으로 버텼는데 이제는 더욱 심해져서 힘듭니다. 쉬는날은 고작 설 추석이 전부이니 이업종을 하려는 사람도 많이 없어졌습니다.. 더군다나\n우리나라 방송 제작기간이 너무 짧고 말도 안되는 시간을 주니까.. 이런 사태가.. 저도 같은 업종에서 일하는 사람인데.. CG 의뢰서 만드는거 며칠 걸리면서 CG 아웃풋은 뭐 하루만에 만들어 달라는 일이..많습니다 그래서 영상디자이너나 포스트 프로덕션에서 일하는 분들 밤샘 많고.. 단가는 낮아서.. 10년전 제작단가로 일합니다 물가는 오르는데 월급은 안오르는 포스트 프로덕션 직원들 너무 힘듭니다..정말 제발!! 방송 시스템제작 환경 변화가 필요합니다. 후반 스텝들도 좀 알아주세요.. ㅠㅠ"
379692,2018-09-13,2018-10-13,0,10,교통/건축/국토,공급빠진 세금올리기로 투기판 못잡고 망국이다.,"돈많은사람들 . 10억이 20억/20억이 38억된거잖아요??... 보유세 400만원이 부담되서  매물내놉니까?  이미 임대주택등록해서 매물잠긴상태에서,  대책에 서울에 대규모공급 알맹이는 쏙 제외했나요.  언제까지 공급은 제외하고 헉 놀래 투기꾼먹이 주는 정부할랍니까\n. 용산에 왜 공원을  꼭 지어야하나요.여태없었잖아요. 산으로 둘려쌓여있는서울입니다.!!!  박원순시장 임대주택 반대한다는데,,박씨 친인척 용산에 투자했는지도 조사해봐야합니다. 서울이 박원순것도 아닌데 그멍청한욕심꾼 입에 집값이 폭등하고, 처형받아도 시원찮을텐데 무슨자격으로 반대하는지 그인간 잇권이 없는지 조사하면 나오겠죠.. 한달사이 5억 뛴 집값 어쩔거요 돌려놀자신없으면 세금으로 대책이라 내놓지말고 대규모 공급해서 주거안정 복지 1순위입니다. 부동산망국 대통령 국회의원님!"
396272,2018-10-02,2018-11-01,0,44,외교/통일/국방,문재인 정권에서 일본 자위대가 욱일전범기를 달고 대한민국 영토에 들어 오는 역사를 남기시겠습니까?,"문재인 정권에서\n일본 자위대가 욱일전범기를 달고\n대한민국 영토에 들어 오는 역사를 남기시겠습니까?\n이명박, 박근혜 정권 때 못 느꼈던 주권\n문재인 정권에서는 주권이 있는 나라라는 자부심을 갖게 해 주세요.\n일본 자위대에게 자제 요청이 아닌\n욱일전범기를 달 경우 입국을 허락하지 않겠다고 통보하시길 바랍니다."
487139,2019-01-04,2019-02-03,0,10,기타,농협직원이 협박까지하네요,전화로는 접수가안된다해서 지역지점이라 이렇게 남깁니다.\n저는 북시흥 농협 과림지점에 옆에 위치한사무실에서 일하고있습니다.\n근데 오늘 처음전화를 받았는데 갑자기\n차빼세요 해서 네 뺄께요 했는데 갑자기\n경찰에 신고했으니깐 빨리빼세요 해서 아니 갑자기 경찰은왜요? 그리고저아까이용했느데요 하니깐 이용다했으면 빼라고 경찰신고했으니깐 이러는겁니다.\n상황을보니깐 저희 직원몇명이 몇차레 주차장에 주차했는데 빼라고하면빼다가 오늘 얘기한거같은데 저한테는 처음듣거든요 근데 최소한에 고객님 다른고객이용하셔야되서 차빼주세요 해도 그냥 안빼는것도아니고 바로뺄텐데 다짜고짜 앞뒤 상황없이 차뺴라고 하면서 경찰신고했다고 하길래 제가 무슨 잘못을했다고 경찰에신고한거죠? 하니깐 내려와서말하라길래 내려가니깐 저를 째려보면서 머라고 계속하더군요 그러면서 제가 왜 그냥 좋게 빼달라고하면뺄텐데 왜 경찰불럿다면서 협박하냐고 하니깐 아 쳐빼라면서 하는겁니다.\n19년 1월 4일 2시20분정도 날짜로 경찰접수내역보시면알껍니다 주차되있단걸로 경찰접수 했습니다. 뭐 당연히 저희랑 경찰은 대화한마디안나누었구요 이런문제는 차라리 구청에 연락을해야지 협박하듯이 저한테 하네요 서비스가 이런개판이네요 우리직원들 농협이용 많이하는데 불편해서 이래서 이용할수 있겠습니까? 그사람이름은 김기철 이구요\n이사람 강력하게 처벌안해주시면 이문제로sns랑 뉴스 시사에 제보할겁니다.\n아니 서비스직인데 무슨 이따위로 하나요 열받고 무서워서 농협가겠나요?\n조사해보시면나올겁니다 저는 전화오늘처음 받았고 이사람한테 협박과 모욕 째려보면서\n반말까지 들었습니다. 저는 처벌안해주시면 몇번이라도 올릴꺼니깐 처리내용 꼭 강력하게해서 답변주시길 바랍니다.\n-북시흥농협 과림지점 김기철 아주 인상도 더럽고 이런사람 다시는 보기싫습니다.-\n다른직원 10명 올린다는거 제가 대표로올리니깐 강력하게 처벌해주세요
55569,2017-11-30,2017-12-30,0,30,교통/건축/국토,흥덕역!!! 원안대로 반드시 설치되어야 합니다!,"흥덕지구 내 저희 동네에는 광화문 가는 버스 1대, 강남 가는 버스 1대가 서울로 가는 버스 전부입니다.\n인터넷으로 배차시간 조회해보면 20분 정도라고 나오지만 현실을 아는 동네 주민들한테는 사기로만 느껴집니다.\n차가 조금만 더 몰리는 출퇴근시간만 되어도 배차시간이 30분~40분인 경우도 허다하고, 날씨만 조금 안 좋아도(특히, 겨울에 눈만 조금 내려도) 50분~1시간인 경우도 종종 있습니다. 목적지까지 가는 데 걸리는 시간이 아니고, 버스 '배차시간' 이야기입니다.\n배차시간이 이 지경인 것은 물론이고, 서울 시내 가는 데도 기본이 1시간30~40분이 더 걸립니다. 시내에서 집회 등 특이사항 발생 시에는 퇴근시간에 2시간 40분 넘게 걸려 집에 돌아온 적도 몇번 있습니다.\n인터넷 상에서 ""흥덕지구는 섬과 같은 곳이다""(교통지옥이라는 의미!) 라는 말이 떠돌 때도 그저 체념만 하고 있었습니다만, 다른 지역 사는 사람들이 배차시간 3~4분에도 미친 듯이 달려 가 타는 걸 보면서 어쩜 이렇게 체감온도가 다를까 정말 이건 너무한 거구나 싶은 생각이 들었습니다. 게다가 흥덕역 설치가 무산될지 모른다니요!!!\n흥덕지구에 흥덕역 설치에 준하는 다른 획기적인 교통 문제에 대한 실질적인 해결책을 마련해 주지 못하실 거라면,\n원안대로 흥덕역 반드시 설치해 주시기 바랍니다."
103930,2018-01-19,2018-02-18,0,5,성장동력,가상화폐 블록체인기술 적극지원부탁드립니다,무조건 안된다말고 국민들의 희망을 꺾지않았으면좋겠습니다\n받아들이기싫다해도  받아들일수 밖에 없는 창조적기술\n국가가 좀더 안전할수 있도록 지원해줬으면 합니다
130340,2018-02-06,2018-03-08,0,8,경제민주화,이재용 재판 대법원 재판과정 생중계 요청 및 평등한 법치주의 확립을 요청합니다.,"돈 없고 힘이 없는 일반인들에 대한 검찰의 수사와 판사들의 판결은 때로는 무지 막지하고 가혹하며, 한 사람의 일생을 결정짓고는 합니다.\n소시지를 17개 훔친 사람에 대해서 엄정한 법의 잣대를 운운하면서, 감옥에 보내서 구속을 시킨 법원.\n성형외과에서 시술에 대한 불만족을 느낀 사람들이 후기를 올리면, 병워에서는 인터넷 후기 삭제 업체를 동원하여\n글을 강제 삭제시키고, 해당 병원은 법무 법인을 동원하여서, 후기를 작성한 사람에게 고소 및 민사 소송 그리고 게시글 작성 금지 가처분을 하고, 검찰과 법원은 이러한 일들을 충실하게 수행합니다.\n각종 소설과 영화를 다운 받았다는 이유만으로 검찰에 고소를 당하여 전과자가 되어서 공무원이 되고자 하는 꿈을 포기하고,\n민사 소송까지 당합니다.\n국가 유공자가 배고파서 음료수를  훔쳤는데, 법원에서 선고 유예를 받았습니다.\n일반 국민들이 느끼는 법의 평등의 원칙은 힘없고 전관 변호사를 동원하지 못하는 가난한 자들에게 매우 무섭고 가혹하게 느껴지고 있습니다.\n그러나, 대한민국 사회에 충격을 준 이화여대 부정 입학 사건과 깊숙이 연관된 그들이, 지금 그들만의 법리적인 논리로\n교묘하게 법의 심판을 빠져나가고 있습니다. 일반 국민들의 사소한 경범죄에는 엄정한 법의 잣돼를 들이데면서, 전관예우 변호사들의 그들만의 법리적 논리로 국민들에게 크나큰 상실감을 주고 있습니다.\n이러한 관점에서 살펴보면, 36억이라는 돈을  준 사람이 어떻게 하여서 그냥 풀려 날수 있다는 겁니까??\n일반 국민들은 도저히 납득을 할수가 없습니다.\n힘 없고 전관 예우 변호사를 고용할 돈이 없는 자들에게는 엄정한 법의 평등의 가치로 일반인들에게 가혹한 검찰의 기소와 엄정한 판결로 찍어 누르고,\n돈 많은 자들에게는 온간 법리적인 논거를 들이대면서 집행유예로 풀려나는 것을 도저히 이해할수가 없습니다.\n죄를 지었다면, 돈이 있든 없든 재벌이든 아니든 간에 벌을 받아야 합니다.\n이것이 매우 상식적이고 보편적인 생각일것입니다.\n도데체 전관예우 변호사들이 어떠한 법리적 논리를 들이데어서, 재판에 임햇는지, 정말로 그 과정이 궁금합니다.\n대한민국에서 이루어졌던 온갖 비리와 적폐가 정보 공개나 시민들의 감시와 견제로 인하여, 견제되어지고\n비정상이 정상화 되어진 과정은 많습니다.\n이러한 관점에서, 대법원에서 다루어지게될 이재용 재판에 대해서, 일반 국민들에게 공개하여 주십시요.\n서민들의 조그만한 실수와 사소한 범죄에 대해서는 엄정한 법의 잣대를 들이대지만,\n정작 돈 많고 전관예우 변호사를 동원한 자에게는 그들만이 이해하는(일반 국민들은 납득 못하는) 법리적인 논리를 들이대면서, 그들만의 재판(대다수 국민들은 전혀 이해 못하는)이 어떻게 이루어 지는지\n알고 싶습니다."
295419,2018-07-04,2018-08-03,0,510,행정,전세세입자배당신청 무효건,"억울합니다. 죽고 싶을 정도로 힘들고 억울합니다 하루아침에 빚은 산더미가 되고 전세금은 날라가서\n길바닥에 몰렸습니다\n60세가 넘어 근근이 어르신들 요양과 간병을 하면서 사는데 살집을 마련하고자 정부 전세자금 대출을 받아\n살고 있었습니다. 그런데 사는 집이 경매에 넘어가서 대출 받은 전세금을 배당기일이 지나서 신청했다는\n이유로 한푼도 못준다는 의정부법원 판정입니다.\n어르신 간병 일을 하다보면 24시간도 근무를 하고 집이 멀어 주 하루를 가다보니 법원통지를 받지 못하여\n기일이 늦어지고 마지막에 통보한 법정 서류를 받고 늦었지만 배당신청을 했고, 소명도 하고, 사유도 써 보냈는데도\n세입자의 입장은 전혀 반영이 되고 않고 오로지 배당기일이 넘었다는 이유로 저에게는 전 재산이며,\n대출 받은 돈이라서 갚아야 하는 빚과  또 집을 비워야 하는 부담 또한 큼니다.\n집 얻을 돈도 한푼도 없는 상황인데도 저는 빚을 어떻케 갚아야 할지가 더 걱정이며,  어떻케 살아야 할지 막막합니다.\n한푼도 배당이   없다고 해서 사정하고 부탁하고 방법을 가르쳐 주라하지만 법이 그러하다고 하니\n사는 것은 의지할대 없는 혼자이니 찜질방이라도 갈수 있지만 전세자금 대출 받은 돈 4천이 넘는\n돈을 겨우 박봉으로 어찌 갚을 것인지 앞날이 캄캄하고  막막하여 죽고 싶습니다\n대한민국 법이 굶주리고 힘든 서민이 혜택을 받아야 좋은 나라일진데 어렵고 힘든 삶을 더 힘들게 하는 법이군요\n배당기일이라는 것은 하루하루 살다 보면 조금 늦을 수도 있고 늦게라도 의무에 도리를 다하고\n사유서와 상황설명서를 제출하면  법도 선처가 있어야 되어야 잘된 법이지 않을 까요\n정부가 정한 최고 세입자 배당금이 세입자가 받아야 하는데 세입자가 배당기일이 늦었다고 주지 않으면서\n어떻케 세입자을 위한 법이라고 하며, 세입자도  아닌 사람이 배당기일만 잘 지켰다고  배당을 잘 받아 간다면\n열심히 일하고 살는 사람은 갑작스런 이런 상황에 근면하게 일할수도 없으며, 세입자위한  법이 소용없는\n법이 되는 것으로 보여 질 뿐입니다\n어렵고 힘들게 살면서 최소의 법을 지킬수 있도록 잘사는 대한민국이 되었으면 합니다.\n너무 억울하고 살길이 막막하여  죽음을 선택하는 국민이 되지 않케 정부에 도움을 청합니다.\n2018년  07월  03일\n호소인 :  김 정  애\n연락처 :  010-2455-1445\n주    소 :  경기도 의정부시 동일로506번길  54-12"
70051,2017-12-20,2018-01-19,0,10,보건복지,자살방지법 수정안을 청원합니다.,"지난 12월 18일, SM엔터테이먼트 소속, 샤이니의 종현씨가 28살의 꽃다운 나이에 운명을 달리했습니다.\n갈탄을 이용하여 자살을 하였고, 자살을 하기 직전에도 그 분의 유서에는 한없이 슬픔으로 가득차 있었습니다. 사람들은 말합니다. 어째서 이런 일이 일어나는지... 평소에 잘 생활 하는 것 같았는데...라고 말이죠.\n제가 말씀드리고자 하는 것은 단순한 연예인의 자살에 대해서가 아닙니다.\n자살에 대한 전반적인 부분에 대해서 고쳐야 될 점이 상당히 많다고 봅니다.\n분명 대한민국은 시대를 거듭하여 민주적인 국가로 성장해나가고 있다고 생각하였는데,\n정작 여전히 OECD 국가 중 자살률 1위를 차지하고 있으며, 언론에 보도 되지 않는 크고 작은 자살사건들이\n여전히 일어나고 있습니다. 본 필자는 행여나 자살방지에 대한 법적인 대응이 미비한 것이 아닌지, 혹은\n존재하지 않은 것인가 하여 조사를 했습니다. 조사에 따르면 2012년에 보건복지부가 자살 방지를 위해\n`자살예방 및 생명존중문화 조성법'을 시행하였고, 자살 위기에 대응해 상시 현장출동 등을 위해 중앙자살예방센터와 함께 지역별로도 예방센터를 운영할 수 있도록 했습니다.\n확실히 이 점만 봐서는 대한민국이 자살에 대해서 인식이 없지는 않다고 볼 수 있겠습니다.\n하지만, 그 이후로도 여전히 자살률 1위의 오명을 갖게 된 것은 이에 따른 예산 집행이 제대로 되지\n않았거나, 자살방지법의 시행효력이 미비하였다는 것입니다.\n심지어, 2016년에 번개탄 자살 방지법을 만듦으로써 번개탄의 일산화탄소를 줄이고, 경고문구를\n써넣었다고 하나 종현씨의 사고 현장에는 번개탄을 포함한 갈탄이 나왔습니다.\n단순히 말뿐인, 현실적인 방안이 없는 껍데기에 불과한 자살방지법이 오늘과 같은 결과를 가져왔습니다.\n그래서 본 필자는 기존에 있던 자살방지법에 대한 수정안을 청원하여 더 이상 대한민국 국민들의 마음이 병들지 않도록 하고자 합니다.\n1. 공기업을 포함한 중소기업 및 대기업에 심리 상담 센터를 추가 개설 또는 주기적으로 심리 상담 인력을 파견하여\n자살의 환경에 노출된 사람들에게 심리 상담 및 그에 따른 복지를 제공해야합니다.\n지금까지는 심리 상담 센터를 통해 도움이 필요한 사람들의 연락에 한하여 그에 대한 대응이나 복지가 제공 되어져\n왔습니다. 하지만 정작 자살위기에 놓여진 분들은 주위에 말을 하지 못하고 혼자서 가슴앓이를 합니다.\n그 분들의 사회성이 부족해서가 아닙니다. 이해를 받지 못할 두려움과 현 상황에 대한 압박감이\n자살충동을 더욱 부추기고,  그로 인해 극단적인 선택을 하게 되는 것입니다.\n그렇기에 이제는 콜센터나 방문을 통한 상담을 기다리면서 예산을 헛되이 낭비하지 않고,\n적극적으로 나서서 실질적으로 자살 위기에 놓인 사람들을 찾고, 그 분들에게 해당되는 대응과 치료를 시행해야합니다. 기업의 예산으로 인해 심리상담센터를 구축하는 것이 설령 힘들다 할지라도 심리 상담 인력을 파견하여 문제를 알아내는 것이 제일 상책이 아닌가 싶습니다. 특히, 대중들의 심리적인 압박에 노출된 연예계 소속사들에 속한 직원들 또한 예외없이 필히 받아야 된다고 생각합니다.\n2. 모든 병원의 정신과 상담 및 치료에 대한 기록을 일체 비공개로 해야합니다. 자살에 대한 대부분의 원인이 우울증으로 알려져 있지만, 그 외에도 정서불안 및 불안장애, 사회공포증, 공황장애, 강박장애 등 또한 자살을 불러일으키는 대표적인 원인이기도 합니다. 아울러, 올해 큰 이슈가 되었던 학교 집단 폭력으로 인한 심리적인 장애, 그리고 재난으로 인한 외상후 스트레스 장애또한 자살의 또 다른 원인입니다. 이처럼 자살로 이끄는 정신적인 원인\n들이 사회에 만연해 있지만, 대부분의 사람들은 상담 및 치료를 두려워 합니다. 치료 방법이 무섭다는 것이 아닙니다.\n행여나 남겨진 상담 및 치료 기록들이 취업에 불이익이 될까봐, 또는 정신적으로 장애로 인식하여 사람들이\n자신을 멀리할까봐 몸과 마음에 이상을 느껴도 자신의 상태에 대해 기록으로 노출이 될까봐 두려워 하는 사람들이\n상당히 많습니다. 앞에서 언급한 대부분의 증상들에게 '장애'라는 말이 붙기에 영원히 낫기 힘들 것 같지만, 이러한 정신적 장애들은 언제든지 누구에게서나 일어날 수 있는 흔한 질병인 동시에  꾸준한 상담과 치료를 통해서 나아질 수 있습니다. 그렇기 위해서는 상담 및 치료에 대한 기록을 일체 비공개하여 누구든지 부담을 가지지 않고, 치료를 받을 수 있도록 해야됩니다.\n3. 마지막으로, 번개탄 자살방지법에 대한 전면 수정을 요청합니다. 번개탄 자살이 8년 간 30배 이상 급증하였고,\n정부가 1억 원을 넘겨 투자해 개발한 ＇자살방지용 번개탄＇은 제작비 상승으로 상용화되기 어려운 것으로 밝혀졌습니다. 이것은 2016년에 국회 보건복지위원회 최도자 국민의당 의원님께서 보건복지부로부터 제출받은＇자살예방용 일산화탄소 초저감 한국형 착화탄 개발 연구 보고서＇를 토대로 나온 결과입니다. 2015년 6월부터 1억1700만 원을 투입해 일산화탄소가 20% 가량 저감되는 번개탄 개발에 착수를 하였다는데... 취지는 좋습니다.\n왜냐하면,번개탄 자살이 목을 매거나, 높은 곳에서 추락하는 행태의 자살과 함께 국내 3대 자살 수단에 들기 때문입니다. 하지만 일산화탄소가 저감된 번개탄을 2,3개 피울 경우 자살 예방 효과를 기대하기 어렵다는 평가가 있을 뿐더러 앞서 말했듯이 생산 비용이 더 많이 들기 때문에 이 정책은 단지 명분을 내새우기 위한 탁상행정이 아닌가 싶습니다. 덧붙여서 이번에 샤이니의 종현씨가 자살한 것 처럼 번개탄 뿐만 아니라 갈탄 또한 사용된 것으로\n보아 이에 대한 문제 인식 및 대응이 이루어지지 않으면, 국민들의 혈세로 사용되는 예산이 그저 증발된다고 할 수 밖에 없을 것입니다. 그러므로, 번개탄 자살방지법 뿐만 아닌 자살방지법에 관련된 모든 안건에 대해서 전면 수정 및 검토를 요청드립니다.\n인간은 태어나는 방법은 한 가지 이지만, 죽음을 마주하게 되는 경로는 헤아릴 수 없을 정도로 많습니다.\n그 중에서, 자살은 단순한 사고나 병이 아닌 자신의 목숨을 스스로 버리게 되는 비극적인 죽음이라고 생각합니다.\n그 비극적인 죽음이 OECD 국가 중에서 여전히 높은 수치를 기록하고 있으며, 이것이 대한민국에 대한 수치가 아닌가\n싶습니다. 자살을 완전히 막을 수 없을지언정 더 나은 대한민국을 만드는 것이 현 정부의 과제라면, 자살방지에 대한 정책을 수정 또는 추가를 하여 대한민국 국민들의 마음이 병들지 않도록 해주셨으면 합니다. 감사합니다."
338755,2018-08-13,2018-09-12,0,86,안전/환경,웅담으로상처받은곰을지켜주세요,"관련글은 제가 기사 내용을 담았습니다.\n뉴스를보고 놀랐습니다. 야만적인 인간의행동으로 인해\n상처받은 곰을 지켜주세요.\n나라에 자긍심을 위해 꼭 안전하면서 자유롭게 곰을 지켜주세요.\n동물보호법 강화해주세요!\n몇년전, 좁고 더러운 우리에 20년 동안 갇혀 살던 곰이 구조되면서 자유를 찾은 모습이 화제가 된 적이 있습니다. 피피라는 이름의 미국 곰 이야기입니다. 빼빼마르고 관절염까지 앓던 늙은 곰, 피피는 자유를 되찾은지 몇 달 만에 크고 당당해졌습니다. 그런데 지금 우리나라에는 피피가 있던 콘크리트 우리보다 더 좁고 더러운 곳에 500마리 넘는 곰이 방치돼 있습니다.\n박창규 기자가 그 현장을 다녀왔습니다.\n[앵커]\n농가 뒤에는 낡고 녹슨 뜬장 몇 개가 놓여 있습니다.\n가로 1.2m 세로 2m, 한 평 안되는 공간마다 곰이 가득 차 있습니다.\n온몸은 오물로 범벅입니다.\n마실 물이 따로 없어 분뇨가 섞인 고인 물을 먹어야 합니다.\n철창을 깨물고 비틀고 다가온 사람을 향해 울어보지만 나갈 방법은 없습니다.\n다른 농가의 곰은 이상 행동을 반복합니다.\n양쪽 눈이 없는 곰은 구석에 앉아 그저 시간을 보냅니다.\n모두 태어난 뒤 지금까지 한 번도 이 철창을 벗어난 적이 없습니다.\n웅담을 얻기 위해 도축되는 순간에야 처음 우리에서 나올 수 있습니다.\n이마저도 이제 기약이 없습니다.\n[곰 사육 농장주 : 6~7년 전에는 2000만원씩 받았으니까. 지금은 수요가 없어요.]\n돈이 안되니 사육 환경은 더 열악해 졌습니다.\n도축할 수도, 풀어줄 수도 없는 상태가 계속되고 있기 때문입니다.\n더 버틸 수가 없어 사육곰을 모두 폐사시켰다는 얘기까지 나왔습니다.\n[곰 사육 농장주 : 도저히 기를 수 없으니까. 일반 생활 쓰레기 매립장에…소각장은 동물 소각은 안 시켜주거든…]\n곰 사육은 1981년 시작됐습니다.\n당시 정부가 농가 수익을 위해 장려했습니다.\n하지만 이후 국제적으로 멸종위기종 보호 여론이 일면서 사양 산업이 됐습니다.\n한때 1400여 마리였던 국내 사육곰은 이제 540여 마리 남았습니다.\n따로 보호할 방법을 만들지 못하면 모두 폐사할 때까지 이런 상황은 계속될 수밖에 없습니다.\n[최명진/녹색연합 자연생태팀 활동가 : 곰의 수명이 40년이라고 계산한다면 37년에서 38년(더 지나야 합니다)]\n쓸개 채취를 위해 곰을 키우는 나라는 전 세계에서 한국과 중국 뿐입니다."
349137,2018-08-21,2018-09-20,0,10,성장동력,태양금속의 공매도,"2018년 8월 20일 싯가 총액 577억인 중소기업인 태양금속이 상승했습니다.\n이제 적자에서 흑자로 전환된 아주 작은 기업임에도 기관인지 외국증권사인지는 몰라도 17,795주의 공매도를 쳤습니다. 이런 중고기업에 뭐 먹을게 있다고 이런 짓을하는 지 모르겠습니다.\n이런 주식은 개인들이 거래하고 있는 종목임에도 정말 치사한 짓 아닙니까?\n공매도 없애야 합니다. 특히 국민연금은 공매도 세력에게 주식 빌려주는 일 없애야 합니다.\n국민의 돈으로 국민 죽이는 국민 연금 척결되어야 합니다."
109905,2018-01-23,2018-02-22,0,11,문화/예술/체육/언론,나경원 조직위원을 파면 해 줄겄을 청원합니다.,IOC조직위원회에 편지를 보내 북한의 불참을 요구하여 올림픽조직위원으로써 국가에 해악을 끼친 나경원 위원을 파면 해 줄겄을 청원합니다.
491127,2019-01-09,2019-02-08,0,12,성장동력,주식시장 곧 서민경제,자본시장은 늘 거품이 존재한다\n김대중정부가 잘한것은 벤처기업 육성해서 오늘날 IT강국초석\n만들었다 미국이  왜주식시장에 모든정책을 올인하는가?\n심지어 대통령도 예의주시하며 발언한다\n한국주식시장은 기관과 외국인들이 마음대로하는 투기장세이다 대차 공매도가 100조 넘어갔다\n대차공매도제도필요하다 그러나 지나치게 공매도한다\n주식가격의 75프로 폭락시키며  무차별 공매도를 한다\n신용공여금 10조인데 거의10배를 대차공매도해서 외국인과 기관들 배만 채우고있다 오죽하면 한국사회 주식하면100명중 1-2명 외 전부 손실 그것도 대부분 반토막손실\n그러니 주구장창 부동산에만 올인한다\n대차공매도의 종목한도를 10%제한법 청원합니다\n건전한 투자문화와 개인들도 부동산외 주식시장에서 돈을 벌수있다는 확신을 주어야합니다
90483,2018-01-12,2018-02-11,0,0,일자리,최저인금 인상분을 정당하게 적용 받을 수 있도록 정책을 마련하여 주십시요,"저는 충남 천안에서 중소기업 생산직으로 근무중인 36살 남자입니다.  대통령님께서 당선 되신 후 최저인금 인상에 대하여 공약하여 주셨고 실천이 되어가는 부분을 굉장히 긍정적으로 보고 있었습니다. 다만 작년에 받던 급여와 올해받는 급여가 실제로는 별다른 차이가 나지 않게 되었습니다. 업체들이 상여나 식대, 교통비등을 줄이며 노동자들은 급여 인상분을 지급받지 못하게 된 것입니다.\n하지만 물가는 오르고 하다보니 데이트나 결혼등은 생각하기도 힘듭니다. 좋운 정책이 모두에게 해택이 되도록 방안을 마련하여 주셨으면 합니다.\n직장에서 열심히 일하면 그에 상응하는 급여를 받을수있고 평범하게 데이트하고 결혼해서 생활이 가능하다면 지금의 비트코인 열풍은 불지 않았으리라 생각됩니다.\n공약처럼 국민이 행복하게 지낼수있는 나라다운 나라가 되도록 실천하여 주시길 바랍니다"
156820,2018-03-03,2018-04-02,0,1,농산어촌,쌀가격 상승으로 쌀이 없어 장사를 할수 없는 지경!!,웃기죠 지금 쌀이없어 판매를 할수없다는 현실이\n쌀가격이 너무 낮아 직불금이 천문학적으로 늘고있어 수매한 쌀을 격리시켜\n쌀 가격을 인상하여 직불금도 덜 주고 쌀이아닌 밭작물 대체착물로 전환시\n직불금을 더 주는 정책을 문재인정부 들어서면서 강력하게 추진을 하는데\n지금 시장에서는 어떤 문제점이 있는지 풀어보면\n올해 대체작물 농민들 안합니다.\n벼농사 엄청 쉬어요..엣날처럼 어려운거 하나도없어요 기계로 모내기하고 여름에 실컷 놀다가\n가을에 수확하여 농협에 갖다주면 끝이에요.\n근데 밭작물은 정말 고생고생합니다. 벼농사와 수준이 다르고 밭작물로 전환시 새로운것에 대한\n반감고 실패율이 높아 선뜻 나서기가 어렵죠\n힘들게 농사짓는다 그러는데 사실 툭 까놓고 보면 직장다니는거보다 벼농사가 얼마나 쉬은지\n벼농사 해본분은 압니다. 저도 여주에서 백마지기 농사 지었거든요\n지금 쌀 도소매를 하는데 자고나면 쌀가격이 올라있어요.. 농협에서 쌀을 쥐고 시장에 내놓지않아서\n정미소에 쌀도없고 농가에서는 시간이 지나면 쌀이 오르니 내놓지않고 쌀값은 계속 오르고\n쌀은 없고 목표가격보다 더 오를것으로 봅니다.\n종교단체에서 쌀 100개만 달라고 하면 쌀 없다고 하면 믿지를 않아요.\n매일 정미소에 쌀 구걸하다싶이 구하고 있어요..좀 도와달라고.\n지금 쌀이없어서 장사를 할수없다는게 우리나라에서 가능한 일일까요\n나중에 비축해놨던 쌀 어디다가 쓸건지.. 북한에 퍼주는건 아니겠죠..\n조금이라도 쌀을 시장에 내놓아 쌀이 유통될수있게 숨통이라도 터주길 바랍니다.\n쌀로 장사하는 식당들도 쌀값으로인해 서민물가도 비상이에요\n농촌 살리자고한 정책이 서민물가 올라 식당 자영업도 힘든 실정입니다.\n하루하루 쌀 구하는데 시간을 보낸다면 안믿으실거에요.\n아무도 쌀을 내놓지않고 있어요. 여름철되면 쌀가격이 일케 올라있을거라고 소문이 나면서\n잠궈버린거죠.\n가장 가격이 낮은 혼합미를 가지고 이러니 추청 경기미 신동진 찹쌀 흑미 보리 덩달아올라\n농산물 유통체계가 완전 망가졌습니다.\n18년도 햅쌀가격이 18만원선일꺼라 그래서 올해 벼농사 엄청질거에요.\n쌀소비는 줄고 쌀생산량은 늘고 정부도 고민이 많을건 알겠는데 지금 당장 쌀이 없으니\n비축미를 좀 풀어주길 바랍니다.
49424,2017-11-24,2017-12-24,0,0,보건복지,이국종교수을 도와주세요,이국종교수을 도와주세요\n정치인들에게 공격을 안받게\n도와주시는것도 잊지마시고\n의료인으로 살수 있게 부탁드립니다
427922,2018-11-01,2018-12-01,0,10,저출산/고령화대책,"노인 무임승차 없애고, 교통보조금 지급해야","노인 무임승차 없애고, 교통보조금 지급해야\n서울 수도권 광역시 등\n대도시 노인들은 지하철 공짜입니다.\n그러나\n지방의 중소도시와 농촌의 노인들은\n버스비 전액 지급하고 대중교통을 이용합니다.\n실제로\n경제적으로 여유있고 윤택하신 노인분들은\n서울 수도권 광역시 노인들 입니다.\n특정 지역만 혜택을 받는 지하철 공짜제도를 없애고\n모든 노인들에게 교통보조금을 지급하는 것이\n옳다고 봅니다."
301715,2018-07-10,2018-08-09,0,12,경제민주화,"경제가 망하면, 대한민국도 살아진다.","저는 안성에서 14년차 작은 사출업체를 운영하고 있습니다.\n밤,낮을 가리지 않고 하루 2시간씩 자면서 죽지 않을 만큼의\n절박함으로 열심히 일만 했습니다. 그렇게 일하니 조금씩 발전하여\n기반을 좀 잡으려는 시점에 정부의 무리한 개입으로 우리 같은\n작은 업체는 흔적도 없이 살아질 위기에 놓였습니다.\n제가 일을 게으르게 해서 어려움을 겪는다면 누군가에게 원망을 할 필요도\n없겠지요. 2017년도 대한민국 성장률은 3.1%에 불가하지만 임금은 16.4%가\n올랐습니다. 세상 어디에도 이런 계산법은 없습니다. 저는 나라에 바란 것도 없습니다.\n경제를 정치로 움직이면 대단히 위험하고, 인위적으로 자연의 물길을 돌리는 것과\n같습니다. 최저 시급이 일만 원으로 오른다면, 대한민국의 수출 성장률이 45%이상\n되어야 지급 가능한 금액이라는 기본 경제 상식을 알았으면 합니다.\n어느 나라가 물건을 팔아서 거의 50%에 가까운 이윤을 한국에게 주겠습니까?\n그러려면 대한민국 GDP 성장률도 연간 50%에 가까운 성장을 해야지만\n지급 가능한 금액입니다.\n하지만 현실은 3%대도 힘든 성장을 하고 있습니다. (성장이라고 보기도 힘든 상황)\n나 하나 죽는 것은 아무것도 아니지만, 나라가 없어 지면 우리도 없습니다.\n많은 근로자들은 무슨 멍 돌이 소리냐고 욕하는 사람들이 더 많다는 것도 잘 알고\n있습니다. 인간은 이기적인 동물이라서 이해도 못합니다. 하지만 이대로 진행된다면\n대한민국도 없어진다는 것 정도는 알고 있습니다. 양보와 타협이 없는 세상은\n당신에게 양질의 삶을 보장해 주지 않습니다. 정치, 경제도 모르는 저도 대한민국이\n살아지고 있다는 느낌을 온몸으로 체험하기는 이번이 처음입니다.\n전세계 어느 나라도 45%의 이익을 퍼주는 국가는 없습니다.\n주지도 않습니다.\n제발 대한민국을 살려주세요!"
68371,2017-12-17,2018-01-16,0,4,경제민주화,서민들의 꿈 복권당첨금에 매기는 높은 세율을 줄여주세요...,"호주를 비롯한 여러 선진국들은 복권 당첨금에 대한 세율이 낮거나 아예 없습니다.\n한국만 유달리 높은 33% , 당첨금의 1/3을 세금으로 매겨서 서민들의 부담이 너무 크다고 생각합니다.\n세율을 낮추면 복권 사업 증진과 서민들의 삶에 더 큰 도움이 될거라고 생각합니다."
383891,2018-09-18,2018-10-18,0,15,교통/건축/국토,서울에 사는 1주택자는 점점 살기 힘들어지는군요.,"서울에 사는 1주택자입니다.  대출 받아 집 한채 겨우 장만했는데,  이번 정부 들어서 온갖 세금이 다 오르더니, 이제 1주택자 종부세까지 내야 될 날도 얼마 남지 않았습니다.\n집값이 올랐지만  팔지 않는 이상 소득이 더 늘어난것도 아닌데, 세금에 대출이자에 남편 정년은 곧 다가오고 걱정근심이 늘어납니다.\n그럼 사는 집 팔고 더 저렴한 곳으로 가라는  말을 하는 사람도 있는거 같은데 요즘 서울집값 전부 다 비싸져서, 집 팔고 세금 내고 나면 어딜 가나 비슷합니다.\n전 늘 이정부를 지지해 왔는데 이번 정책들을 보면서 결국 세금을 더 걷어들이고자 하는 정책이라는 생각만 듭니다. 공시가격 현실화 하면 집값 떨어졌을 때 그때는 공시가격도 과연  낮아질까요?\n어떻게 점점 중산층은 더 살길이 팍팍 해지고,서울에서는 부자 이외에는 못 살게 되는 날이 멀지 않은거 같아서 정말 속상합니다."
314493,2018-07-22,2018-08-21,0,2125,보건복지,첨단 바이오 기업인 (주)네이처셀 대표의 부당한 구속수사 탄원 요청,"세계인으로부터 치매치료/버거씨/무릎 연골 손상 등의 불치병 및 희귀성 난치병 치료에 있어 안정성과 효용성이 세계 최초이고 세계 최고의 기술이라고 일본/미국/유럽에서는 극찬하고 있는 차세대 먹거리인 자가 줄기세포 기술을 가지고 있는 '첨단 바이오 기업인 (주)네이처셀'에 관한 내용이고, 이 회사가 잘 못 되어 상장폐지라도 될까 하는 두려운 마음을 가지고 청원 게시판에 탄원 요청합니다.\n현재 (주)네이처셀은 수년간의 대한민국 식약처의 농간으로 아직까지 대한민국에서는 임상 승인 및 희귀 약품 신청조차 진행하지 못하고 있습니다. 지난 2018년 3월에는 작년에 신청했던 퇴행성 관절염 줄기세포치료제 '조인트스템'의 조건부 허가 관련 검토가 통상 2~3주 이상 걸리는데 반해 이번에는 심사 기간 3일 만에 제대로 된 검토도 없이 반려가 되었고, 이에 회사는 식약처를 상대로 행정 소송을 진행 중에 있습니다.  이런 상황에서 지난 1달간 (주)네이처셀의 대표이사를 검찰에서 비상식적이고 비정상적인 절차로 압수수색 후, 구속 수사를 진행하고 있습니다. 이로 인해 주가는 1/5 토막이 났고, 수천 명의 주주들이 깊은 실의에 빠져 있습니다. 이와 관련하여 식약처와 검찰의 담당자들 그리고 주가를 폭락시켜 수천 억의 이익을 취득한 공매도 세력들 간의 철저한 조사 후, 책임자들의 문책을 촉구합니다. 통탄할 일이 아닙니까?\n지금 껏 (주)네이처셀이라는 첨단 바이오 기업은 대한민국 정부의 도움없이 다음과 같은 성과를 만들어냈습니다.\n1. [일본: 치매 치료 실용화 / 미국: FDA 1/2상 진행과 미국 제약협회에서 선정한 500대 신약(치매치료) 선정>\n2018.3.1자 의료계가 불가능하다는 치매 치료를 우리나라 기술로 치료토록 일본 정부로부터 실용화 승인 허가가 나서 4월부터 치료를 진행 중에 있습니다. 또한 현재 미국 FDA에서 1/2상 임상을 진행하고 있음에도 불구하고 미국 제약협회에서 선정한 500대 신약으로 선정까지 되었습니다. 국가적 경사 아닙니까? 대통령께서 관계자를 치하하여야 할 일이 아닙니까?\n그런데 한국에서는 임상 승인조차 거부한 식약처 국기문란 적폐 세력들이 대통령님께 보고하였을리 만무하므로 당연히 모르고 있을 것입니다.\n2. [일본: 무릎 연골 치료 실용화 / 미국: FDA 2a상 완료, 2b상 진행 예정>\n현재의 의료 기술로 치료가 불가능 하다는 퇴행성 관절염 연골 재생 기술을 라정찬 박사가 이루어 내었고 이를 축하하기 위해 국회 보건복지부 위원장이셨던 (현)충남도지사이신 양승조 의윈께서 축하 동영상도 올려 주신 적이 있습니다. 한국 식약처 불법적인 적폐 행위로 한국에서 치료가 불가능하여 일본에 가서 우리기술로 치료 받아야 하는 슬픈 현실이며 2015 ~ 2017년도 까지 일본에 가서 우리가 개발한 기술로 치료받은 한국인은 약 2,500여 명입니다. 그러나 돈 없고 거동이 어려운 환자는 치료받을 기회마저 없는 슬픈 대한민의 현 주소입니다.\n-> 도덕적으로 윤리적으로 어떠한 걸림돌이 없는 성체줄기세포로, 위험한 수술없이 슬관절(무릎관절) 강내 국소 주사 만으로 불치병인 무릎 연골 재생과 획기적이면서 안전한 정맥주사로 치매 정복이 현실로 다가오고 있습니다.\n기존 수술요법을 획기적으로 개선한 최고의 혁명적 의료 기술을 우리나라 과학자 라정찬 박사가 해내었습니다.\n3. [버거씨병 치료제를 포함 지속적인 임상 승인 신청 거절>\n한국에서 임상 승인 신청하면 거절하면서 외국에서 임상 후 승인 신청하라고 하고 세계 최고 권위 기관인 미국 FDA나 선진 의료 일본 등에서 임상이 성공하면 비난과 책임을 일시적으로 모면하기 위하여 슬쩍 임상 승인 신청하라고 사주한 후 불허가 처분하는 등 식약처 공무원들이 대한민국 공무원 입니까? 아니면 대한민국을 망하게 하는 외국인 첩자 입니까? 이 정도로 부패된 집단입니다.\n예로 미국/유럽에서 희귀의약품으로 지정받은 치료제 ▲네이처셀(알바이오)의 버거씨병 치료제 'Vascostem' 를 국내 식약처에서는 희귀의약품으로 지정을 안 해주고 있습니다.\n4. [첨단 바이오 줄기세포 기업인 라정찬 대표 구속 수사>\n우리나라 중소 업체 과학자인 ㈜네이처셀이라는 회사의 라정찬 박사는 10년 이상 불치병 및 희귀 난치병 퇴치 정복과 한국의 미래 먹거리 차원에서 식약처로부터 온갖 박해와 기술 개발 저지 압력을 감내하면서도 오로지 정부 도움없이 본인의 자금으로 세계 최초이고 세계 최고라는 혁명적 의료 기술 금자탑을 일본/미국에서 쌓아가고 있습니다.\n이에 터 잡아 모든 세계인이 대한민국 과학의 우수성을 칭송하고 있는데 유독 같은 민족인 대한민국 식약처와 자문기관인 중앙약심위에서 만은 국민의 건강권 보호 및 질병 퇴치와 나라의 국익 발전에는 전혀 관심이 없고 오로지 검은 거래가 많았던 기존의 제약 업체를 보호하면서 의료인의 기득권 유지에 막대한 피해가 온다 라는 이유 하나만으로 아주 비합리적인 정당성을 내세워 개발 저지에 혈안이 되어 있습니다. 이를 극복해 나가는 의료기술 개발을 하면서 좀 더 적극적으로 홍보를 했던 과학자 라정찬은 괘심죄에 걸리고 환우와 가족들은 질병 완치가 가능함에도 이들의 먹잇감으로 전락되어 평생 쓰라린 고통을 감내하면서 불행하게 인생을 마감하여 합니까? 이게 말이 됩니까?\n이로 인해 회사의 대표인 라정찬 박사가 긴급하게 구속 수사를 받기 위해 검찰로 끌려가 있는 상황입니다. 현재 회사는 만신창이 되어 일본에서 치료 위한 실용화와 미국에서의 FDA 임상 진행에도 어려움이 생겼고, 공매도들의 농간으로 주가는 고점 대비 1/10 토막이 났습니다. 회사의 비전을 보고 투자한 수천 명의 국민들이 한강으로 달려가기 일보 직전입니다. 삼성바이오 같은 경우에는 누가 봐도 문제가 많은데, 검찰에서 대표 이사를 조사한 적이 있나요! 수사가 필요하다면 회사 운영에 차질이 없는 선에서 불구속 수사를 진행해도 되지 않습니까! 추후 검찰에서 이로 인해 발생하는 피해를 주주들에게 보상해 줄 건가요? 큰 기업과 작은 기업 간의 법적인 형평성이 전혀 맞지 않습니다.\n-> 지난번에도 개인 주주들의 피 같은 투자 자금을 강탈해 가는 공매도법 폐지 관련하여 청와대 게시판에 청원 20만 명 이상 완료되었는데, 정부로부터의 정확한 답변이 없는 상태입니다. 개인주주들에게 엄청난 피해를 주고 있는 공매도법을 다시 한번 강력하게 폐지 요청을 드리오니, 적극적으로 검토해주십시오.\n청와대와 대통령 최 측근이 수장으로 있는 식품의약품안전처(식약처)는 국가의 미래 먹거리 개발과 국민의 생명권 존중에 정말 관심이 있는지 묻지만 슬프고 개탄스럽습니다! 당연히 아니라고 답할 줄 알면서도 그래도 오직 문재인 대통령만은 “우문선답”을 할꺼야 라는 실오라기 같은 희망을 가지고 애국 시민의 이름으로 고발성을 내포한 피눈물 나는 사연을 저 하늘의 구름에 담아 띄워 보냅니다.\n문재인 정부는 내우외환의 환경을 극복한 국민들의 촛불 혁명으로 탄생한 정부로써 국민들의 눈물을 닦아주셨으면 합니다.\n말로만 바이오 산업 육성, 지원 그리고 규제 개혁을 외치시지 말고, 실질적으로 하루 빨리 식약처의 문제점들을 본질적으로 개선하고 일본처럼 시대에 발맞추어 첨단 바이오 재생 의료법이 통과되어 첨단 의료기술을 개발하는 과학자가 연구 개발 및 실용화하기 좋은 나라 뿐만 아니라 자국의 의료 기술들을 자국민들이 저렴하고 쉽게 치료받을 수 있는 날이 하루 빨리 오길 바랄 뿐입니다.\n최근에 있었던 ""소아당뇨 원격혈당 측정기 사건""의 예가 좋은 본보기입니다.\n해당 이슈 관련하여 문대통령께서 이런 말도 남기셨네요.\n""물론 국민의 안전과 생명윤리에 대한 부분이라면 조심스럽고 신중하게 접근해야 할 것이나, 안전성이 확보되는 의료기기의 경우 보다 신속하게 시장에 진입하고 활용할 수 있도록 규제의 벽을 대폭 낮추고, 시장진입을 위한 절차에 소요되는 기간을 획기적으로 단출시킬 필요가 있다""고 강조하여 규제철폐를 이번 문재인 정부의 다짐을 합니다"" 라고 하셨습니다.\n문대통령께서 말씀하신 것처럼 (주)네이처셀의 자가 줄기세포 치료 기술은 세계 최초로 의료 선진국인 일본 정부로부터 이미 안정성을 인정받아서 알츠하이머 치매치료, 발가락이 썩는 버거씨, 뇌경색, 아토피 같은 자가면역 질환 등을 치료하고 있습니다.\n제발!\n이런 성장 가능성이 있는 기업들이 사라지지 않게 잘 살피셔서 다가올 4차 산업혁명 시대에 대한민국의 국부창출, 성장 그리고 발전에 이바지하였으면 하는 바람입니다."
350257,2018-08-22,2018-09-21,0,8,안전/환경,주택지에서의 개소음 청와대에서  해결해주십시요,환경 보건에서 인간은 생활 하는데 있어서\n어느 누구와의 관계에서 방해 받지 않고\n살아가는 권리가 있읍니다\n근대 주택지에서 자기들의 취미생할로  개을 키우면서 수면을 방해 하는 일은 없어야겠죠\n사람이 동물을 괴롭히면 동물 학대죄로\n처벌 하면서 동물이 사람을 괴롭히면\n행정도 경찰도 어떻게 할 방법이 없다고\n하니 이게 무슨 세상입니까?\n그러니 이웃간에 대화로 해결이 안되고\n폭력이 앞서는것같읍니다\n제발 인간이 보호는세상좀만들어주세요\n사람이 개만도 못한것갇읍니다
398465,2018-10-05,2018-11-04,0,23,반려동물,동물보호법 개정!!,얼마전 제보자들 이라는 프로에서 강아지 고양이를 입양한다고 해서 사람들이 동물들을 주면 입양한 남자는 그 동물들을 한마리씩 잔인하게 죽입니다...\n어떤 동물은 죽음은 피했지만 피투성이 됀채로 발견되기도 했습니다..\n아직 안잡은거같은데...\n꼭 잡아서 심판을 받게 해야 한다고 생각합니다...동물 보호법이 미미하니깐 죄의식없이 그런거같은데...\n동물들이 사람한테 상해입히는 행위도 그 견주에게 책임을 물을 필요도 있겠지만...\n반대로 사람이 동물에게 행하는 잔인한 행위도 처벌수위를 높여야 한다고 생각합니다...
24128,2017-10-27,2017-11-26,0,80,행정,나라를 외세에 팔아먹는 투자이민제 폐지해주세요,"한국은 2008년쯤에 제주도 투자이민제를 도입했고 2014년에 내륙까지 투자이민제를 도입했습니다\n한국 투자이민의 종류는\n-1억원 이상을 국내 투자기업에 투자하고 경영에 직접 참여하는 기업투자(D-8)제도\n-3억원 이상을 국내에 투자하여 기업을 설립한 다음 이를 직접 운영하는 무역경영(D-9)제도\n-5억이상 부동산 사면 영주권주는 제도\n-15억원 이상을 국내에 투자(공익사업 펀드)하면 투자와 동시에 영주자격을 주는 제도\n대략 이정도 있는걸로 압니다\n심지어 1억이나 3억만 투자해도 영주권을 남발하는데 너무 쉽게 남발하는걸로 보입니다\n투자이민제의 문제는\n첫째로 투자이민제로 중국, 동남아, 이슬람권등 외국부자들이 대거 유입되어 투자이민을 오면 외국인들이 상층화, 한국인들이 하층화가 되어 자국에서도 한국인들이 더더욱 차별받는 일이 늘어날것이고 외국인들의 이익으로 한국주권이 더더욱 흔들려 사실상 외국인들의 식민지스러운꼴이 날것입니다\n둘째.투자이민제를 먼저실시한 제주도는 중국인들이 경제를 잠식하는건 물론 중국인들 유입이 너무 많아져서 중국화되고 있는 실정이라고 합니다.\n그리고 제주도는 중국부자가 리조트짓고 리조트엔 중국인고용하고 중국여행사가 중국관광객유치하고 중국상인들이 중국관광객에게 제품팔고 중국관광객은 중국인 리조트와 중국여행사, 중국상인들의 것만 이용하는게 태반이라 도민들에게 별로이익이 없답니다.\n투자이민제의 선례를보면 중국인들 잇속 챙겨주는거와 중국화라는 안보적 위협만 커질뿐이고 그와 동반한 제주도 외국인무비자, 중국인무비자까지 시행해서 중국인의 무분별한 유입에 따른 중국불법체류자와 범죄조직 유입도 급증하여 범죄도 늘고있습니다\n또한 중국 백만장자이상 자산가가 5천만이상이라고 하는데 투자이민올 여건되는 5천만이상의 중국인이 한국에 투자이민 오면 5천만 중국인들을 다받아줘야하는 위험성같은 중국화의 위험성도 크고\n중국부자뿐만 아니라 1억짜리, 3억짜리 투자이민도 있어 부자뿐만 아니라 중산층.. 그리고 서민층도 고용이라던지 끌어와서 나라가 중국화될 위험성이 커집니다. 중국이 아니어도 동남아, 이슬람등도 저렇게 할 여지도 충분합니다\n제주도의 선례로 인하여 국민들도 투자이민제에 대한 폐지여론이 높으며 이런 중국화에 대해서 우려하고 있습니다\n세 번째.기사에서 본건데 중국 정부는 이민전술로 세계를 장악할려 드는것입니다.\nhttp://www.dailian.co.kr/news/view/392264/?sc=naver\n1995년에 공식 발표한 ‘신 이민 프로젝트’의 일환이다. 공개적인 발표 문건이 중국의 이민정책의 목적과 방향이 명확히 드러낸다.\n세계 각지에 퍼지는 신이민자들의 네트워크를 통해 중국의 영향을 확대하고 친중국 세력을 근간을 다지고자 하는 의도를 숨기지 않는다. 게다가 이민행렬은 중국 본토의 인구압력을 줄이고 실업해소에도 도움이 된다. 또 이민자들의 해외송금은 중국 경제의 또 다른 수입원이 되니 일거양득이다.\n특히 중국의 팽창주의로 인해 세계 곳곳과 갈등을 빚을 때, 중국 정부의 지원군 역할을 할 수 있다. 화교사회가 “국제분쟁시 중국 정부가 동원할 수 있는 제5열(스파이)”이 될 수 있다는 이야기도 나온다. “중국계 미국인 물리학자 리원허의 스파이 사건“도 하나의 예다.\n중국인들이 제일 먼저 쏟아져 들어가는 곳은 러시아 극동 지역이다. “러시아 극동 지역은 이미 경제적으로 유럽 러시아로부터 분리되어 중국 경제에 통합되었다고 해도 과언이 아니다.” 중국인 근로자가 1만명 이상 상주하는 극동 지역에 중국 국경을 넘는 불법이민자들이 끊임없이 늘고 있어 골칫거리다. 중국인 범죄조직 삼합회의 중국인에 대한 범죄도 같이 늘고 있다. “이런 유형의 범죄가 러시아 극동 지역에서 공식적으로 보고된 전체 범죄의 3분의 2를 차지한다.” 러시아 범죄 조직은 세력을 잃고 이들의 하수인으로 일한다.\n17세기부터 중국과 러시아 사이에 영토분쟁을 빚었던 하바롭스크 지역, 중국과 러시아 국경을 가르는 아무르 강둑에 자리 잡은 블라고벤스크는 중국의 경제적 지배가 강화되고 있다. 중국은 값싼 소비재 공산품의 공급처다. 러시아는 “중국에 원자재를 공급하는 산지이자, 저렴한 소비재를 내다파는 시장이 되었다.”최근 한 여론조사에서 “극동 지역에 사는 러시아인의 47%가 진심으로 극동 지역 영토가 중국에 합병될 가능성이 있다고 여겼다”는 결과가 나온 것은 러시아인들의 위기감을 대변해준다. 러시아의 극동 지역에서 모스크바는 멀고 베이징은 가깝다. “머지않아 동방의 실질적 지배자는 모스크바가 아니라 베이징이 될 것 같다”는 얘기를 웃어넘길 상황은 아닌 것 같다. 중국의 이민행렬은 태평양의 소국들에게도 뻗어가고 있다. 태평양 지역은 미국과 중국의 패권이 부딪히는 전략적 요충지다. 과거 유럽 여러 나라의 식민지였던 태평양의 미니 국가들이 이제 중국의 전략적 이민정책의 대상이 되고 있다.\n태평양 소국들에 대한 중국 당국의 통 큰 경제 지원을 이민자들에게 든든한 배경이 된다. 파푸아뉴기니, 미크로네시아연방공화국, 통가, 쿡제도, 사모아, 바누아투 등은 이미 중국의 세력권 안에 들어왔다. 이들 국가의 인구는 고작 몇 만 명에서 몇 십만 명에 불과하다. 땅덩어리 역시 중국 대륙에 비하면 점점이 흩어진 ‘콩알’만한 미니국가다.\n태평양 소국들에 중국인 이민이 늘어나면서 반중국인 정서도 생겨났다. 2006년 솔로몬제도에서 벌어진 반중국인 폭동이 대표적인 예다. 거의 모든 도매업과 소매업을 장악한 중국인들에 대한 현지인들의 분노는 항상 잠재되어 있다. 중국은 태평양 제도의 작은 국가들의 인구 구성의 비율을 변화시키면서 경제적, 군사적 영향력을 급격하게 바꿔나가고 있다. 태평양에서의 호주와 뉴질랜드, 대만, 미국의 영향력은 나날이 위축되고 중국의 세력을 팽창일로에 있다.\n이런 인해전술식으로 한국도 중국폭력조직 유입이 급증하여 치안악화되고 중국인 유입이 많아져서 한국이 화교에게 경제권 장악되거나 나라가 나라가 인해전술로 중국인들이 너무 몰려와서 중국과 가까운 한국이 중국화 되어져서 중국의 식민지가 될 위협이 큽니다\n이런 안보적, 치안적 위협과 중국인등 이민족에게 경제나 나라를 빼앗길 가능성이 농후한데 다문화, 중국인무비자는 물론 투자이민제란 요소도 충분히 저러한 위협에 직면하게 만드는 요소가 되는것입니다\n고로 무분별한 이민족 유입으로 인한 치안악화, 이민족의 경제장악, 나라의 이민족화로 나라 망국의 안보적 위험성을 양산하는 정책중 하나인게 투자이민제인것입니다\n다문화정책도 이미 실패로 드러난 정책이고요\n이런 문제에 대해 영주권을 무한허가갱신거주권으로 바뀌어 연간 허가갱신제로 변경하여 영주권자들은 무조건 영주할수 없게 만들고(투자이민 영주권도 마찬가지).\n투자이민제를 폐지를 하여야 합니다"
330947,2018-08-06,2018-09-05,0,6,일자리,무지계약직의 무분별은 정규직 전환은 아니라고 생각합니다.,"저는 무기계약직의 무분별한 정규직 전환은 아니라고 생각합니다.\n취업난을 해소하고자 상대적인 기회를 박탈하는 공공기관별 합동채용, 아무런 제재 없는 무기계약직의 전환은 오히려 정규직 채용에 걸림돌이 될 뿐입니다.\n전환이 안 되면 거리에 나가 시위하고, 전환해달라!!! 외치면 원하는대로 정규직으로 전환을 하면 현재 대한민국 취업준비생들은 왜 책상에 앉아 공부를 합니까? 이럴봐에는 책상에 앉지말고 시위를 하지 않겠습니까?\n울면서 사정하고 뉴스에  보도되면 어쩔 수 없이 정규직 전환....이건 대체 어떤 정책인가요?\n몇 년 이상을 근무했다는 이유로 정규직화하면 왜 대한민국 취업준비생들은 책상에 앉아서 공부를 합니까?\n바쁜 하루를 쪼개가며 일과 공부를 동시에 하는 사람들도 많습니다.\n비정규직군의 말씀만 듣지 마시고 정규직, 현 미취업자 국민의 말도 귀기울려 주시기 바랍니다.\n대통령님 소수가 아닌 다수의 국민을 위한 정책을 펴주시기 바랍니다. 무분별한  일자리 전환 정책은 오히려  취업난을 해소하기 보다는 심화시키기만 합니다. 고려해주시기 바랍니다."
420440,2018-10-25,2018-11-24,0,2,보건복지,민주노련 .. 노점을 없애 주세요. 소상이 살길,소상공이 살길 .. 노점 ? 하루가 멀다 하구 메류를 늘리고 업종에  상관없이 이것 저것   정체성없 장사만 되면 다 팔라하구 상가 죽이는 짓 다하는  악덕 노점판 치구 악덕 갑부노점 판치는 세상  다 없어져야해
276054,2018-06-19,2018-07-19,0,1,일자리,공무원 81만명,공무원 100 만명  언제쯤  늘려주십니까???    공약좀 지켜주십시오
87281,2018-01-11,2018-02-10,0,0,경제민주화,비트코인건들지말아주세요,비트코인으로 도박을하는것도 아니고 비트코인으로 인생을 펴겟다는것도 아닙니다  이제껏 쎄가 빠지게 일해도 예금이자 500원이상 받아본적없습니다 10만원투자해서 일원벌겟다는대 부동산은 너무 비싸서 살수도 없고 저희에 작은 일원의 행복까지 빼앗아 가실껍니까?  어차피 돈많은사람들은 멀해도 부자가 되고 돈없는사람은 멀해도 힘든세상입니다 십만원투자해서 십원이라도 일원이라도 벌수있다는 희망을 꺽지말아주십시요 열심히 일을하고 자영업을 하는 저같은 서민들의 희망의 불꽃을 꺽지말아주십시요  행복해질것이라는 일원의 작은희망이라도 안고 살아갈수 있도록 저희를 그냥 내버려주세요 정부는 서민을 위한정책이라고 해서 많은 문건들을 정책수용한다고 해서 노숙자가 줄어들었나요?돈없는집없는서민들이 집을 싸게살수있도록 해줫나요?  저희들의 십만원으로 당당하게 일원을 벌수있는 기회를 박탈하지말아주십시요 제발 문재인정부님은 제발저희에 희망의 불꽃을 꺽지 말아주십시요.
153769,2018-02-28,2018-03-30,0,2,미래,수도이전 및 속칭 sky대학 전교 폐교 !!!!!!!!!!!!!!!!!!!!!!!!!!!!!!!!!!!!!!!!,8 : 52 am\n미투운동을 보라 ............ 등등등 서울은 이미 썩을대로 썩었다 ..........\n사람의 문제만이 아니다 .............. 굴종의 도시 서울 한양 한성 .....................\n이제 쫑을 내야 할 때다 !!!!!!!!!!!11\n수도 서울(한양) 로 놓고 세계를 향해 기 편 적 한 번 도 없다 ........... 포효의 포 자도 한 적 없다 !!!!!!!!!!!!\n내 논리 반박해 봐\n관리자에게 경고한다 ...\n이 글 까지 삭제하면 이 세상에서 너를 지워주마 !!!!!!!!!!!\n어디 지켜보마 !!!!!!!!!!!
387410,2018-09-21,2018-10-21,0,0,교통/건축/국토,주태공급,집문제의쟁점은수도권이아닌서울에살고싶다는건대요.3기신도시라니잘못짚었습니다.그넣잖아도고양시는난개발에제멋대로지어놓은주택때문에서울쪽으로는제대로이동도못합니다.해도너무하네요
292479,2018-07-01,2018-07-31,0,3,보건복지,18세미만 아동 및 청소년 포경수술 (사실상 남성 할례)금지를 청원합니다.,사실상 자신의 의사와 상관없이 아무런 보건과 의료에 해당되지 않구 무자비하게 자행되는 포경수술에 대하여 금지하는 청원을 올립니다.\n더 이상 성적인 장애로 만드는 무분별한 포경수술은 이제는 금지되어야 하며 절대로 시행되는 않되는 수술입니다.
352209,2018-08-23,2018-09-22,0,4,안전/환경,조두순에 대한 처벌을 강화시켜주세요,"곧 출소하는 조두순에 대한 조치, 처벌을 강화시켜주세요.\n다시 못 나오게 해도 좋겠습니다.\n조두순뿐만 아니라 다른 범죄자들도 똑같습니다.\n인권 인권 하며 옹호하는 여러 관계자분들, 여러분들의 자식이\n그렇게 당했어도 그런 말이 쉽게 나올까요.\n제발 범죄자들(나이 상관없이)은 해외처럼 사진을 아에 대놓고\n공개하고 처벌의 강도도 많이 늘려야 한다고 생각합니다.\n부디 잘 생각해보시길 바랍니다.\n출소한 범죄자, 얕은 처벌 이후의 범죄자들의 다음 타깃이 당신이나 당신의 주위가 될 수도 있음을."
286279,2018-06-27,2018-07-27,0,79,안전/환경,예멘 난민?전원추방하세요,지금 대한민국은 불법외노자 범죄도 감당못하면서\n무슨 예멘난민을 또받는다고 그러나요?\n이슬람 들어오면 이 나라가 어찌되겠나요?\n이건 안전한 나라가 아닙니다.\n제발 부탁합니다.
25242,2017-11-01,2017-12-01,0,0,성장동력,이젠 노량진행이다,공무원을  향한 청춘  남녀들의 열기가 뜨겁다.  전국이  후끈거린다 해도 과언이  아니다.  공무원이  되기 위해  노량진으로 노량진으로 광풍이  불고  있다. 공무원이  되려는  그들을 탓하고자  함이  아니다.  다른 뾰족한 대안이  없어 그게 안타갑다.  그래도 정부는  끝임없이 답을 찾고 방안을 모색해야  한다.  이렇게  우리사회가  공무원 제일주의 공무원좁비증후군에 시달릴 때 우리나라  미래는 어떻고  다른 산업은 또 어떻게 되겠는가  한쪽은  미어  터지고  한쪽은  사람이 없어  공황상태이고  대책을  서둘러야  하지 않는가.  노량진행  공무원좁비바이러스 확산을 차단해야  하지 않는가.   정부는 답하라!   공무원좁비증후군 개선을  처방하라!  향후5년간  공무원 급여인상은  물가 인상분을  넘지마라.  향후  공무원의  연금은  국민연금으로 대체하라.  향후  공무원 선발은  여성 장애인에게  우선 순위를 부여하라.  신체 건장한 청년들이 창의적이고 생산적인 일을 찿을  수  있도록  정부는  동분서주하라!
10751,2017-09-06,2017-12-05,0,2,행정,연초형 전자담배 세금 인상 반대,세수 공백이 생기고 있다고 합니다.\n그래서 연초에서 건강에 좋다고 하는 연초형 전자담배로 옮겨간 흡연가들에게\n세금이 줄었다고 세금을 더 받아야 겠다고 합니다.\n야당은 7월달에 담배값 다시 인하 하겠다고 했었지요...\n여당은 서민증세인 간접세는 인하 하는게 맞다고 했었지요\n이미 담배가 5천원에 육박하는 순간 세금은 엄청 올라있는 상태입니다.\n2500원일때보다 2배가까이 올려놓고 올라있는 상태에서 조금 줄었다고 다시 증세라니요\n국민들 건강을 위해서 담배값 인상하겠다고 했지만 실제로는 그냥 증세 아니였습니까.\n길에서 담배 못피게해 내집에서도 못피게해 그래서 냄세 안나고 발암물질 적거나?없다고? 하는\n연초형 전자담배를 기기값을 주고서라도 사서 피겠다는데 뭐가 문제입니까...\n담배피는 사람들은 욕은 욕대로 처먹고 필곳은 없어지고 세금은 세금대로 내는데 정부가 우리에게\n해준게 뭐있다구요~담배피지 말라는 금역구역 표시는 하면서 흡연구역하나\n제대로 만들어 준적 있습니까~!!!!\n건강을 위해서 오히려 국민들이 이것을 피면 더 좋아해야 하는거 아닙니까\n연초형 전자담배 세금 인상 적극  반대합니다.
172586,2018-03-22,2018-04-21,0,7,안전/환경,간호대학 학생들의 실습환경 개선을 부탁드립니다!,"병원에서 간호대학 학생들이 실습을 할 때, 처우개선을 부탁드립니다!\n병원에서는 MRSA나, VRSA같은 병원성 균들이 많이 있습니다.\n그런데, 병원에서 기본적인 안전에 관한 사항도 준수하지않으면서 학생들에게 실습에서의 간호사들 만큼의 업무를 바라는 것은 아주 잘못된 것이라고 생각합니다. 그러므로 국민의 기본권인 건강권을  지켜주지도 않는 교육과정이 과연 무슨 소용이 있을까 싶습니다. 처우개선을 부탁드립니다!"
472260,2018-12-18,2019-01-17,0,16,저출산/고령화대책,혼자사는 사람 국민연금 지급 보장,"국민연금 가입자 사망보험금지급 제도 보완해주세요.\n자녀를 장애인을 만들어야 합니까?\n모든 국민에게 해당하는 일입니다.\n1. 혼자사는 사람의 사망시 일반적인 상속제도 적용 담보 및\n사전에 사회기증 신청제도 도입\n2. 장애가 없이 성장한 자녀가 있을 때에도 사망보험금 지급.\n국민들의 노동과 혈세로 경제를 키워왔고 그렇게 기업성장....국가를 경영해나아 갑니다. 국민연금은ㅈ고스란히 개인의\n저축입니다.\n국민연금은 강제성 가입제도. 누구를 위해 달달이\n성실하게 수십만원.연 수백만원을 저축했는가 자괴감.좌절.우울합니다.\n20년 넘게 가입해도 배우자 없고 장애자녀나 25세미만 자녀 없음 한푼도 못 받고 수천만~억대의 돈이 날아가게 됩니다.  차라리 사보험 들던지 젊을 때 잘쓰고 마는게 좋겠습니다.\n이런 맹점을 미쳐 몰랐네요. 가입자 사망시 다음과 같이 개편한다 해도 요즘처럼 혼자사는 사람 많고,  자녀가 건강히 성장했다면 내가 낸 억대의 국민연금은?\n국민연금법상의 가입자 사망시 보험금 지급 대상은 다음과 같습니다.\n'배우자, 자녀(만 25세 미만이거나 장애등급 2급 이상), 부모(만 61세 이상이거나 장애등급 2급 이상), 손자녀(만 19세 미만 또는 장애등급 2급 이상), 조부모(만 61세 이상이거나 장애등급 2급 이상) 등'"
452653,2018-11-26,2018-12-26,0,3,육아/교육,"양유비 이야기 관련 이야기 들어봐 주세요. ""운전면허 정지"" 반대 입니다.","몇일전 정부 행정 기관에서의 ""양육비 관련"" 운전 면허 정지등의 적극방안을 검토 한다 들었습니다.\n사회가 페미 페미 하다 보니.. 참 이러한 방법 까지 나온다니.. 참 답답할 노릇 입니다.\n저요? 내 저도 이혼자 입니다.\n저는 아내의 외도로 이혼을 하였습니다.  외도? 벌서 머리로는 생각 하고 있으신지요?\n그 외도가 아닙니다.   엄밀이 말하면 너무 어린마음에 결혼을 하다보니.\n사회와 정분이나 떠났습니다.  아이는 제가 키우다. 어느날 악세사리가 필요 했던지.\n약치유인으로 아이를 데려 갔습니다.\n데려간 이후 아이는, 친정엄마 가 키우고 있더군요.\n그래도 저 양육비 주고 있습니다.   매월 아이에게 쓰여지는지, 안 쓰여지는지 모릅니다..\n아니 관여 할수도 없습니다.\n"" 양육비는 주데~ 관여는 하지 마라 "" 이게 양육비를 받는 사람들의 입장 이더군요.\n누구는 아이 안 키워 봤습니까?  늘 논란이 되는 부분 들이 .\n"" 줄사람은 당연히 줘야하고, 받은 사람은 당연히 아이를 위해 사용 되었는 를 알려야 하는것 아닙니까 ? ""\n하나의 예 입니다.\n자녀가 하나 입니다. 아이 아빠의 가정 부적응으로 이혼을 했습니다. 아이 엄마는 매월 양육비를 100만원씩\n받고 있습니다.\n아빠 월급이 260만원 입니다.\n아이 엄마는 200만원 월급 쟁이에, 한부모 가정 지원에, 유치원,초,중,고, 대 한부모 지원 다 받습니다.\n그러구서 아빠에게서 매월 100만원씩 받고 있습니다. 거디다 근로 장려금 까지 받습니다.\n결국 아이 아빠는 160 만원을 벌고, 아이 엄마는 300 만원을 벌고 있습니다.\n빈곤이 바뀌는 것 같은데요..\n그리고는 아이 엄마는 소득공재에 아이의 공재를 다 받습니다.\n아이 아빠는 아에 없구요...\n둘의 예 입니다.\n제가 소속된 까페에 참 많은 이혼 여성들이 양육비를 주지 않는데.. 정말 언론이 말하는\n양육비를 주지 않은 남성들은 어디에 있나요?  여성들은 없나요?\n손벽이 마주처야 소리가 난다고,  이혼율이 100% 라면, 남성 100, 여성 100 이 아닌지요?\n그런데 모두다 남자만 잘못한것 처럼.. 어쩜 페미의 시발점도 나쁜 아빠들을 공개 한다는 그 사이트에서\n시작 한것이 아닐까요?\n셋 예 입니다.\n아는 어떤 이는 재혼을 했습니다. 재혼이라는 것이 그 사람의 아이가 있다 한들, 아이 까지 사랑해서\n하는 재혼이 아닌지요? 그런데 재혼 하니 일시불 양육비 청구 하던데요..\n아이를 위한 양육비의 생존보장이 아닌, 아이를 옵션으로 재혼 하여 양육비 청구 하는것은 아닌지.\n물어 보고 싶습니다. 사랑하지만 그 사람에게 아이가 있다면 그것이 부담이 된다면 결혼하지 말던가\n두 아이 델고 결혼 했으니 매월 200 이상 소득이 있다 라고 광고하는 여성도, 남성도 참 웃기는 양상 입니다.\n"" 면허 정지""  라는 글을 보았습니다.\n누구를 위한 법안 입니까? 진정 아이의 행복 추구권 입니까? 아기면\n한 가정의 삶으로 들어가 는 척 하면서\n아에 다 죽이자는 건지, 생존권 보장은 모두에게 있어야 하는 것이 아닌지 물어 보고 싶습니다.\n이혼이라는 단어만 알 뿐이지.  무지 해서,\n그 당시에 그러한 삶의 무게가 무거워 싫다 싫다 소리 하다,\n자녀를 잃고, 또한 삶또한 송두리체 무너진 사람이 너무 많습니다.\n아이 한명 한명의 삶을 돈으로 평가 하듯, 정말 어처구니 없는 돈으로 삶을 지키겠다는\n사람이 되기도 하고, 모든것을 잃은 사람이 되기도 합니다.\n제발 조심스런 접근으로, 현명한 판단을 하시기 바랍니다.\n운전 면혀증 정지 같은 그런 생각들을 발상한 사람도 웃기고, 그걸 논의 한다는것 조차.. 참 웃깁니다.\n수억을 받아 집행하며, 그 엘리트 분들이 모여 하신다는 생각이 참 재미 있습니다."
380309,2018-09-14,2018-10-14,0,8,교통/건축/국토,도심 공공영구임대 주택대책  꼭 필요합니다. 전월세시장 안전판,공공영구임대주택\n싱가폴 90%\n비엔나 70% (세계에서 제일 살기좋은 도시 1위)\n영국     50%\n한국       5%\n답 나왔잖아요.  멀 꾸물대나. 그사이 투기세력 다시 설친다. 연타석으로 밀어야 잡힌다.
124184,2018-02-01,2018-03-03,0,0,일자리,"비트코인 도박회사"" 업비트"" 는 이정부서 키우는 기업인가?",비트코인 도박장려 ㅈㅈㅈㅈㅈ 애들 코묻은 돈까지 등쳐먹는 나쁜 위정자!
294048,2018-07-03,2018-08-02,0,5,육아/교육,육아시간 2시간 단축근무에 왜 무기계약직은 안되나요?,"관공서 무기계약직으로 근무 중입니다.\n오늘부터 육아시간 2시간 단축근무를 시행한다고 합니다.\n헌데 무기계약직은 근로기준법이 개정된게 아니라서 안된다고 하네요.\n관공서 무기계약직은 왜 공무원법과 근로기준법이 필요에 따라서 적용되는 기준이 달라지나요?\n계약직을 없앤다고 관공서 무기계약직을 대거 뽑아놓곤, 왜 정작 이런 부분에서는 공무원과 차별받나요?"
222340,2018-05-04,2018-06-03,0,63,안전/환경,주취자 가중처벌법 제정 및 심신미약 적용 불가 청원,"5월 3일에만 주취자 폭행 뉴스를 3건 접했습니다. 광주 폭행사건, 70대 택시기사 폭행 사망사건, 여성 응급구조사 사망사건, 참담함을 말로 표현할 수 없는 지경입니다.\n술을 마셨다 하는 것은 자신이 선택한 과정이고, 술에 취해서 통제가 안된다고 하는 것은 심신미약이 아니라 자신이 행한 과정에서 나온 오류의 결과입니다. 이건 수동적이거나 억압받는 상황에서 이루어지는 사건들과 차원이 틀린 얘기인데, 왜 능동적인 결과에 심신미약이 적용되어야 하는지 도무지 이해가 안됩니다. 이러니 법정에서 비싼 변호사 고용하면 심신미약으로 죄를 감형받는 일이 허다한 것 처럼 보이고, 대한민국이 정의로워 보이지 않습니다. 술을 잘못먹어서 떳떳하게 감형받는 일부터 고쳐주십시오."
19539,2017-10-06,2017-11-05,0,5,기타,음주운전자 처벌 강화,"현재 음주운전 적발시에 2년이상 면허 재취득 제한, 벌금, 등등.. 으로만 있지만, 음주운전이란 것은 타인의 가정을 불행하게 하고, 타인에게 가장 큰 피해를 주는 악성 범죄중 하나 입니다.\n1. 음주운전 적발시에 재취득 기간을 현행 2년에서 5년으로 연장을 하는것.\n2. 음주운전 벌금은 1개월이내 납부, 벌금이 얼마나 되는지 모르지만 현재보다 20배를 증가하여 부과.\n3. 체납시 1할 계산하여 과징금 및 체납금을 추가 부과.\n4. 음주운전 전과는 15년간 경찰청에서 보관 및 관리.\n5. 음주운전 적발시부터 20년간 보험 혜택 제외.\n6. 음주운전 적발시 무조건 구속.\n음주운전은 이렇게 처리해도 괜찮습니다. 처벌 강화 처벌강화.. 별로 티나지 않는 처벌강화, 말로만 처벌강화보단\n현실적으로 맞는 처벌로 수위를 높여 강도 높게 제재해야 합니다."
197544,2018-04-13,2018-05-13,0,6,기타,청소년들이 술과 담배를 사는 것을 금지시켜주세요,안녕하세요. 저는 올해 중 3이되는 중학생입니다. 저희 학교에는 술과 담배를 하는 아이들이 있고 2년 전부터 저희 학교에 담배피는 선배들이 계셨습니다. 제가 저희 학교에 있는 아이들이 학교를 마치고 주변아파트의 지하주차장에 들어가 담배를 피고 나오는 것을 자주 목격했습니다. 그래서 저희 학교 선생님들께서는 그 지하주차장 주변에서 기다리셔서 담배를 못 피우게 하지만 아이들은 여전히 담배를 피웁니다.\n실제로 편의점이나 마트 등에서 청소년'에게' 술과 담배를 '파는것'은 법으로 금지되어있지만 청소년'이' 술과 담배를 '사는것'은 법으로 금지되어있지 않습니다. 법으로 금지되어 있지 않기 때문에 아이들이 쉽게 사서 피우는것이 아닐까요..? 그렇기 때문에 저는 '청소년이' 술과 담배를 '사는것'을 법으로 금지 시켜주셨으면 합니다.긴 글 읽어주셔서 감사합니다.
16119,2017-09-22,2017-10-22,0,0,성장동력,동의합니다.,동의합니다.
298990,2018-07-07,2018-08-06,0,30,반려동물,"""개 식용을 자율화 해야 한다는 입장 입니다""!!!!!!",개 식용을 자율화 해야 한다는 입장 입니다\n제 생각입니다\n개는 반려동물이다 가족같은 동물이다 라고 주장하는 사람들이 있는데\n흰두교에서는 소를 신성시하여 먹지않는데 만약에 흰두교인들이 전세계 국가들에게 소를 식용으로 먹는것을 금지해달라고 주장한다면 다른 국가들은 이런식으로 말하지 않겠습니까 문화의 차이여서 안된다\n그럼 입장 바꿔서 아시아인들이 개고기를 먹는 문화가 잔존하는데 다른 국가 특히 백인들이 주류인 국가들이 개고기를 먹는 행위를 잔인한 행위 야만적 행위라고 주장하는데 개고기 먹는 문화 단순히 문화의차이가 아닐까 생각됩니다\n그러므로 저는 개인의 문화의 차이를 존중해 줘야 한다고 생각합니다\n제 생각에 불만 있으신 분이 계시다면 제 페이스북 주소에 들어 오셔서 메시지 보내주세요\nhttps://www.facebook.com/profile.php?id=100004782095185
173341,2018-03-23,2018-04-22,0,6,안전/환경,조두순 사건에 대해,안녕하세요 저는 안산에 있는 송호중학교3학년 입니다  저와 제 친구들의 요즘 관심사는 조두순사건입니다 저는 굉장히 두렵습니다 그이유는 이사건이 안산에 일어난 사건이기도 하고 이제 출소일이 얼마 남지 않았기때문에 정말 걱정입니다 모든 국민은 안전하게 살 권리를 가집니다 이사건과 이 글을 계기로 국민들이 불안에 떨지 않도록 좋은 방안이 생겨났으면 좋겠습니다 그럼 긴글 읽어 주셔서 감사드립니다
294079,2018-07-03,2018-08-02,0,2,농산어촌,농기계보험 정부보조금,"안녕하세요 저는 농기계 보험 정부보조금 때문에 정원합니다 정부에서는 농 .어민을위해 농기계 보험금을 최대5000,000원을 보조로 지원하고있습니다 .그러나 보조금이 작아 약6월 24일 이전에 동이났다고합니다. 저는 무인헬기를 운용하고있는데 6월30일까지 보험을가입하여 사용했고 오늘 보험재가입 할려고하니 보조금이없다고 하네요 매년 보험을 가입하고 있는데 농민으로서 정부보조금 지자체보조금 받지못하고  자체 가입하면 약8000,000원 정도 부담이 더 널어남니다 농민들을 위해서라도 보조금을 빨리 만들어서 농민들이 농기계를 운용하는데 도움이되었어면 합니다"
344935,2018-08-17,2018-09-16,0,21,보건복지,국민연금 원금 보장 해주세요,국민면금 원금 보장 해주세요\n미성년자 자녀는 없습니다.\n대부분 국민연금 수령할 나이가 되면 미성년 자녀는 당연히 없겠지요\n1) 배우자가 없이 혼자살다가 국민연금 한달받고 사망하면 어찌되나요...?\n2) 국민연금 한달수령하고 배우자와 동시에 사고로 사망하면 어찌되나요...?\n3) 국민연금 수령전에 배우자와 둘다 사망하면 어찌되나요...?\n그동안 납부금액이 얼마던간에 한달받고 끝이거나 수령인과 배우자가 사망했음으로 그걸로\n끝인거죠...\n이게말이 됩니까\n성년자녀에게라도 최소한 원금은 보장해주셔야죠
448157,2018-11-20,2018-12-20,0,7,기타,나라를 나라답게 만들자...,"나라를 나라답게 만들자....\n대체 우리나라 인권위원회는 뭐하는 집단인지 모르겟다\n당장 해체해야 하고 나라의 근간을 흔들지 마라\n동성애, 난민, 불체자 우리 나라의 근간을 흔드는 것들이다.\n인권인권 하지 마라. 국제사회의 눈치보지 마라.\n국민이 먼저고, 소외계층이 먼저고, 피해자들이 먼저다.\n자기들만의 이익을 추구하는 인권위원회, 시민단체를\n반성하고 폐지해라.\n이런식으로 가면 앞으로의 대한민국의 미래도 없고, 더불당\n의 미래도 없다. 난 이미 민주당에서 다른당으로 갈아탔다.\n지금까지 한결같이 민주당을 지지했는데 이제 하는짓을\n보니 한국당보다 더하더라. 정의당은 말할것도 없고.\n나라를 나라답게 만들고, 국민의 소리를 듣고, 어떻게 해야\n하는자 잘 생각해라.\n대한민국이 어찌 이리 됐는지, 정말 개탄스럽다.\n다른데에 정신팔지 말고, 나라를 나라답게 세워라.\n동성애, 난민, 불체자 ....이게 말이 되냐? 국민이 있는한\n절대 용납할수 없으며, 앞으로도 계속 싸울것이다 .\n쓸모없는 인권위, 시민단체..... 자기 이익을 위해 눈이 먼\n문재인.......답답합니다. 제발 정신 차리자...."
500845,2019-01-19,2019-02-18,0,69,반려동물,동물학대 개공장 펫샵,학대 개공장 없어져야됩니다\n말못하고 힘없는 동물을학대하는건\n또다른범제요소가될수있습니다\n제발 벌금이아닌 단순한 동물학대도\n엄중하고 무거운처벌이 있어야\n된다고생각합니다 솜방망이처벌은\n범죄인간에게는있어서는안될일입니다\n제발 힘없고 말못한동물을 학대하는인간\n한테는 벌금형아니고 몇개월실형아닌\n제대로된법률이생기길바래봅니다\n그아이들이불쌍하지안나요?\n지금곁에있는가족이라고생각해보세요\n그래도 참을실겁니까?\n펫샵도없어져야될사업중에하나입니다\n제발 후진국이아닌 선진국으로달릴수있게\n모든여러분들이도와주세요
340968,2018-08-14,2018-09-13,0,14,미래,문재인씨 정말 나라를 이렇게 운영하실겁니까,국민연금가지고 지금 장난합니까 국민들의 분노를 박근혜씨처럼 몸소 겪어봐야 정신차리시겠습니까\n국민연금은 오래 많이 부으면 가입자이익이라고 호도하지마십시오\n국민연금 가입하면 가입자가 이익인데 왜 바꿉니까\n가입자가 이익이면 사실은 안되니까 더 조금주고 더 늦게 주려고하는거아닙니까\n향후 다시는 안바꾼다고 약속할거면 이번 한번만 바꾸고\n그럴자신없으면 아예 폐지합시다\n그리고 이런 대통령을 박근혜보다 낫다고 하는 꼴통들아\n꼴찌보다 잘하면 공부잘한다고 하는거냐\n대통령은 5천만명중에 한명 뽑는거야\n그럼 전교1등은 아니어도 반에서 10등은 해야할거 아니냐\n지금 문재인씨가 반에서 10등인거같냐\n문재인씨반에 40명있는데 문재인씨는 39등이야\n40등은 박근혜
68348,2017-12-17,2018-01-16,0,22,교통/건축/국토,타워크레인 운전원에 현장은 절절메고있다.,"타워크레인 운전원\n1 .급여 생활자\n2.상급  노조가입자\n3.형틀.철근  인양  목적\n4.기타  인양요구시 수고비 청구\n.콘크리트 버켓.\n.콘크리트  배관 파이프\n.분배기.호스..전기.설비..기타\n건당250만원 청구\n작업이 진행중인데 퇴근..오후 5시,하여\n손해를 끼치고\n월급에.수고비에...전횡을 일삼는\n노조운전원들을 실사하여..대책을\n이런 노조에 매년 정부가 지원비를 줍니까?"
308479,2018-07-17,2018-08-16,0,4,일자리,지금 최저 임금의 2배를 줘도 걱정 없을 만큼 경제발전에 힘써주세요,"너무도 많은 청원 때문에 청와대가 번거러울까봐 저까지 청원하는 일은 안하려 했는데...송구합니다.\n2018년은 참아보고 노력하려했지만,2019년도 최저임금 협상안도 너무 과해서 내년에는 어떻게 사나 걱정이 됩니다.다들 똑똑하고 훌륭하신 분들이 나라를 정하시는 일이라 제가 똑똑치 못해서 그러는 것인줄 압니다만,지금의 최저임금의 2배를 지급해도 괞찮을 만큼 경제발전에 힘 써주세요.노동자보다 못한 소상공인도 있다는것을 잊지 말아주십시요.나이들고 일자리를 못찾아 하는수 없이 소상공인이 되어야 하는 경우도 있다는것을 살펴 주십시요"
70854,2017-12-21,2018-01-20,0,6,행정,청원 동의 5만명 이상되는 사안  도 청원답변주세요.,청원에 올라오는 글들은 대부분 너무 억울하고 힘들어서 올라오는 사연들입니다.\n하지만 20만명이라는 제한은 청원과 관련 사항이 없는 사람들에게는 관심밖사항이라 크게 동요하지 않는 사람들이 많습니다.\n부디 적은 인원의 소리라도 귀귀울여주시는 청와대 청원 게시판이 되었으면합니다.
