distance_m,weight_t,length_m,width_m,footprint_m2,turns,hour,congestion,true_min
946.8307743826789,289.6215357117905,22.17,6.01,133.2,1,13,3,7.207876156046893
571.5438525222986,97.74905405503108,16.08,20.58,331.0,4,12,0,5.379668758278133
1041.6296703007483,354.4288532411025,5.78,24.74,142.9,1,11,1,7.127047010930342
861.0521925464876,119.16443197901818,39.67,10.93,433.5,3,10,4,6.9123333077098295
185.47862963416748,64.74625032177792,9.47,22.04,208.6,5,9,1,5.352352606846097
1172.6970338331666,314.2406650544507,12.45,19.78,246.1,1,11,2,7.946758403456669
932.4764662291954,403.5628665265779,11.73,23.05,270.4,2,6,0,8.406144297679145
960.3920219101883,516.863964651644,36.59,12.34,451.4,1,9,3,9.012883767517273
223.4872685966114,476.21626575395305,31.26,5.23,163.4,2,18,2,3.656149370615275
584.4322504430352,518.6270922712324,19.92,5.6,111.6,1,8,4,6.063258914591501
495.29378714049096,463.2391993679076,38.35,19.79,759.0,5,15,4,7.613446899434917
1117.976787510434,430.8464562364994,4.95,21.99,108.9,1,6,1,7.184303198905941
801.1289344903442,35.77841441019879,36.07,13.05,470.8,3,15,3,6.253093688950538
1001.4930068633296,386.87831773125,5.24,4.31,22.6,0,9,1,7.413368369951817
576.6239026866108,98.67462835929709,17.47,4.47,78.1,2,15,1,4.547205329900841
334.5073683989501,63.440265429548404,5.0,16.17,80.8,5,12,1,4.848509700617161
701.134961457735,119.15492670022358,39.96,23.21,927.5,4,16,1,8.459089386286525
151.47532683667635,499.2765320217976,36.83,11.79,434.3,1,14,6,2.5704188058346054
1006.9469126316919,453.9941540670122,24.64,17.31,426.6,5,13,2,10.337409699656712
787.4641270167126,570.8002709669711,11.06,14.92,165.1,4,15,3,10.025814099013635
929.0582688956187,588.016467430734,13.24,22.57,298.9,2,18,2,9.739056511972688
477.0690843054526,539.1718722331698,19.63,21.31,418.4,5,13,2,7.067083016317869
1167.1817873222917,105.76784905688953,14.94,7.39,110.4,1,8,1,7.418461665723745
1080.2956558808614,530.6781623272389,3.79,17.91,67.8,1,7,0,7.3819148863599935
951.7895167226133,508.02316682952784,27.28,21.65,590.5,5,13,1,12.773281706659809
297.99535279420365,526.5189401200275,25.7,23.47,603.0,5,11,2,6.249464864714167
602.7275241742783,116.46080175640012,36.46,15.98,582.6,4,13,2,6.936228180997818
129.06021768169623,96.571341830791,20.64,6.87,141.8,1,14,1,1.6279827314731092
252.80423111565358,556.5710613629266,15.75,15.28,240.7,1,8,3,3.448044314765329
845.0148276315492,129.08119000666755,21.93,17.65,387.0,3,15,1,6.809948701066345
914.1336146167552,240.1143866942827,10.2,8.99,91.8,0,18,0,4.649982987552897
1163.6109003263152,289.91136421161434,26.14,24.41,638.1,5,10,3,11.233839827279507
444.9244011147302,100.93224086285173,31.49,8.05,253.4,5,18,3,6.898049513604415
494.91487075905314,41.76154417855202,8.68,23.05,200.0,4,18,1,5.079868431085638
605.9025086289049,596.6315677672562,14.78,12.35,182.6,5,11,6,9.444348730800959
292.2079221744,529.6946295559278,35.11,3.01,105.8,1,16,2,3.000855857262159
225.51208597572824,550.0326197298632,21.7,14.95,324.5,5,18,3,5.315121262352675
612.7895173730458,192.20094948510754,22.68,16.82,381.5,1,17,2,4.065337979761709
334.1384709369902,155.45789646490027,29.73,22.13,657.8,0,11,1,1.6595483286355592
830.1916740444116,272.74393815999315,24.38,14.89,363.1,1,14,0,6.651482594904648
569.6101491370105,288.3920403174639,5.57,5.07,28.3,4,13,6,6.603729082554082
1012.599579584778,33.19168015261716,32.75,23.39,765.9,5,11,2,9.919193443293212
864.296914242519,474.17427415910475,37.14,15.44,573.4,3,14,2,8.98460776567033
429.850638347886,598.1002117409498,4.97,8.97,44.6,1,18,2,3.6890413279635386
1012.1309775626252,331.3537959581909,7.49,22.77,170.5,3,6,2,8.829948340604277
981.3360803964181,251.30745615709722,28.97,5.66,164.0,3,17,4,10.616808695584776
513.9757845137954,253.86857913608588,25.37,5.14,130.5,3,10,6,6.627584756239626
402.9274764018734,84.76396533809739,17.15,14.77,253.4,2,16,1,4.100800414501663
844.3949644519726,181.7122364674867,22.95,16.75,384.4,0,7,0,4.269097058645774
236.522781642427,316.21568952173976,29.02,14.24,413.3,2,17,1,3.409924766064668
303.89718677212136,276.1533606467775,21.67,23.44,507.8,5,11,1,7.202120793057258
88.24574212112617,340.6698050735728,8.19,8.78,71.9,2,17,0,2.154537553603202
961.355302802395,513.9674197233218,6.31,24.79,156.4,0,11,4,7.915761596403562
824.632959383076,158.38811253877884,19.24,3.43,65.9,2,15,1,5.616125080610728
869.7852240614953,45.76858311659781,37.15,5.61,208.3,2,13,1,6.163449394560887
954.416514744604,51.78850381116223,23.64,7.08,167.5,3,8,0,8.816023952729036
593.9856686029408,106.47621902490927,16.25,4.75,77.2,3,9,2,6.070754070828824
716.990139467241,355.1753013385094,36.62,12.64,462.9,2,13,3,7.242443440922103
236.57263790297634,490.6653417216171,17.38,22.04,383.0,0,12,2,1.6908080498737146
208.27368236029025,535.47938538996,21.84,21.06,459.8,2,14,0,3.09225306649841
828.6113172053283,392.0145251257336,7.31,19.38,141.7,0,16,1,5.744392251871012
607.6277508803084,259.79165389700927,30.28,3.16,95.8,3,16,3,6.36867198371211
713.0644392589315,118.07338364900403,28.91,22.05,637.4,2,6,1,5.50261889192873
936.7987203059487,258.8084534827831,32.39,11.72,379.7,2,12,4,7.743579189140037
790.8845184006617,219.47662632743663,15.03,19.1,287.1,3,7,3,6.768212691219286
700.0089287369553,525.9147520885685,19.13,18.99,363.4,4,12,3,9.882268520120062
706.3120200348632,307.4300451240461,9.23,6.91,63.7,1,12,3,5.167342157182719
420.42410983012564,158.93166297408143,38.69,14.34,554.7,3,18,3,4.993825349083156
114.51597471609213,194.61660808499454,6.18,23.38,144.6,3,11,3,3.442183735456415
569.1234759402458,107.78799378933273,27.01,8.79,237.4,3,11,4,5.296690175217159
320.3348335578727,553.5937059694048,29.09,18.73,545.0,2,12,0,3.7195967731368613
537.5520809715924,58.697132354787065,8.84,24.08,212.8,1,7,1,3.526079425592144
1035.811442060346,37.32236167685971,16.52,10.93,180.6,1,6,5,5.869921665305458
342.01222416918165,134.30369211031518,4.6,11.53,53.0,0,15,2,1.7792531267963947
145.29907069175394,492.1981902090567,23.59,12.96,305.7,0,9,3,1.4176148050504929
395.1499590646361,328.37606837971634,39.81,20.8,828.1,4,10,2,6.86232901611298
408.8250086986857,386.7306738048822,18.91,12.66,239.4,0,18,4,2.9905533097570585
821.3464964941224,233.90705498696883,39.63,13.7,542.8,5,9,0,10.302477869012197
703.8760106222318,69.14645176302693,7.67,7.89,60.5,5,17,3,8.751007139602644
957.9659941991831,518.0101526205358,17.52,24.74,433.5,1,14,2,8.443755892824338
824.0311651666741,139.37973511148223,36.37,22.63,823.2,2,9,3,8.09788441325366
535.1532848128791,48.84374431071537,35.44,16.21,574.3,2,18,1,4.003635719069126
991.7028308259588,356.4413574819204,14.97,24.13,361.3,2,14,2,9.574479872444716
267.00967029662837,77.47485561922261,28.11,18.11,509.2,2,10,3,3.0144435322140657
105.43752190992373,84.5842555601055,35.79,24.1,862.5,2,11,2,2.264707643230269
180.85360406871877,486.21490794503933,31.37,6.55,205.6,4,10,0,4.637829791367923
889.0424726680243,310.2174659112574,26.25,7.96,209.0,2,16,3,9.459636496473202
597.3024978815539,167.65981778087152,8.65,22.47,194.3,1,12,0,4.270687677833076
260.624392517634,228.7170613149257,5.7,12.24,69.8,2,6,3,3.2293782104261584
641.1701481157671,445.66735794060776,25.74,11.17,287.4,5,14,2,9.200459532623926
250.58955503874864,67.82186251126305,21.51,19.6,421.5,5,15,3,5.926724938725485
859.8788200870644,96.39395108192964,11.81,16.87,199.2,0,11,1,4.76031822492505
579.6950286429144,381.2693599446247,13.83,10.57,146.2,3,17,0,5.532325937588734
506.7437732280604,375.97388864625117,17.51,11.75,205.8,5,11,1,7.1079775177991875
417.69353984562173,584.3034451851619,21.33,11.98,255.7,1,9,1,3.976650146163213
785.9165042931551,243.49320431560628,17.44,5.78,100.8,0,15,0,4.090915979363956
485.23012381979726,67.09424749118403,17.33,8.05,139.5,1,7,2,2.954374173010258
178.16790963403312,336.3963378642879,7.28,14.83,108.0,1,18,2,1.6223679385489107
212.16661037497715,393.85768270422045,35.03,20.2,707.5,5,14,1,5.322893696286937
1157.3253842954564,109.57358789816197,25.54,12.22,312.1,1,10,3,6.801400190992839
1097.6103735925199,345.1313249150621,8.41,11.43,96.1,1,7,2,7.881766854672003
863.6719898680395,142.72725934521083,18.68,17.31,323.4,1,13,0,5.494180051669485
377.77435683466194,511.49613299220897,18.42,6.46,119.0,2,13,2,4.3973521362070995
1165.4775426294507,506.0420525967829,25.22,11.38,286.9,5,16,0,13.427013535994613
952.20101244169,274.8885847191118,25.53,7.58,193.5,0,9,2,6.67049618888253
882.917011858075,581.0436185922982,26.87,17.34,465.9,2,8,1,10.354155051210295
583.2848824010433,588.4711084363528,28.82,5.47,157.7,3,11,2,7.306098639620993
384.9105492665781,103.67312070014312,6.82,12.85,87.7,0,16,4,2.338409172223043
187.9578776119192,239.59686875450654,14.28,16.12,230.2,0,17,0,1.1057466937439735
1090.9146841291026,372.1832379265874,3.64,21.34,77.7,5,10,1,11.243798124285282
590.4694446136443,78.3575514614233,19.82,18.94,375.4,1,6,3,3.7047068843502555
306.6469685706579,248.1136371740581,18.89,23.74,448.5,1,7,1,2.4766766380068117
422.6714190487308,178.86808788945672,30.17,17.96,541.8,2,13,4,4.0261652165048485
728.7259172149235,572.6686259510213,9.18,10.68,98.1,0,6,5,5.398852222859147
277.9855168919395,264.60391901393814,26.37,8.1,213.5,0,15,2,1.7685442811841356
1039.4079981834607,464.7223893720821,14.35,4.24,60.9,0,6,3,7.338978981475047
929.5418734154352,250.42205720193905,17.13,9.11,156.0,3,11,1,7.202001686655155
885.7985106650492,105.13288013873621,29.61,6.01,178.0,2,16,2,6.792671607309211
563.9442045481162,521.9963721916831,5.65,11.12,62.8,1,12,2,5.42525277575562
782.5859015867363,30.2376426347692,15.68,18.46,289.5,5,14,2,8.294416748169228
734.1897251822638,61.886298165436514,17.48,18.22,318.5,1,10,0,4.4632936469695235
807.8281937413984,237.69911136131464,29.48,10.0,294.8,0,16,3,5.994424038881969
174.57763967667577,421.5320056456798,10.37,14.19,147.1,0,11,5,1.4229413376201199
545.7042904310828,224.77144831574216,38.05,7.77,295.6,4,15,2,5.975036626592725
126.60787472531958,67.79830604395573,39.92,14.07,561.5,3,18,3,2.9053329394903877
633.2697175538613,211.16881922846483,33.3,14.22,473.6,1,10,4,4.261446542062212
449.44455781271955,169.6390896243925,14.09,9.63,135.7,1,9,5,4.286318944859464
241.86709152997253,33.089285896372836,27.56,8.71,240.0,1,18,2,2.3583736573592455
195.81132384925783,334.83709051282904,6.08,24.55,149.2,2,14,2,3.220976268226176
738.1619208390375,96.48817140418606,35.24,14.82,522.1,4,17,1,7.374394572685046
271.0641247613124,193.8728846140997,22.09,15.37,339.5,3,10,1,4.33828510629509
1116.1345325820128,395.47820322677626,9.53,3.17,30.2,4,10,2,9.918845021941372
730.7884764644424,443.315942629097,15.11,7.0,105.8,0,7,2,4.497087974716317
468.4941810790175,180.16970730793284,32.63,10.85,353.9,3,16,0,5.185697146947993
741.8253504591868,217.64039250718338,35.2,24.25,853.6,4,16,2,8.100641182048404
105.5403355532612,170.73826573265518,22.23,6.86,152.4,1,16,2,1.408488215987757
1153.5863188304188,575.4265021802294,20.77,9.67,200.9,3,9,2,13.674678076802913
620.1798493760483,138.5962443828196,30.78,24.78,762.8,0,12,1,3.0470543133116936
956.6634545203206,134.41294407119548,33.57,13.58,456.0,5,12,0,7.850201420753686
172.6575999131312,283.6701186239733,31.3,10.0,313.1,4,7,1,4.527546944450071
625.0573305387396,137.90462474432442,17.22,16.96,292.0,3,6,2,5.38237289142059
629.5918336770634,119.32382008279664,26.75,13.92,372.3,3,10,0,5.1959567684554715
1130.365629571981,84.65133648961873,34.72,24.06,835.6,4,12,2,9.940859080254327
720.3354186612045,394.89761142170215,8.62,4.83,41.6,2,18,3,5.99404495826139
610.3081291837883,378.88688529408074,17.36,20.39,354.0,5,17,2,8.401624052977139
379.0127426629208,400.5928483704408,5.09,9.14,46.6,1,15,2,3.233801368179206
451.35727702365847,470.7810045653559,18.13,20.75,376.1,4,18,4,6.5165365669937945
663.1530907681223,216.0240672917682,31.57,21.65,683.6,4,16,4,7.963087990227791
571.5808355416523,553.5015281587953,10.29,21.68,223.1,5,12,2,6.711482823331215
104.20552946597007,447.9266283091909,23.05,22.07,508.6,0,17,2,1.0
1005.4469550976808,488.68389549127653,4.35,18.8,81.8,2,17,3,11.316197052108091
1083.7000644605387,440.94843338122536,36.21,6.13,222.1,3,8,0,10.799894769207922
237.07897967844406,234.31971789656023,33.34,4.14,138.1,3,9,3,3.967648569000023
700.5204807637353,191.32851819570192,22.4,10.5,235.2,4,18,2,7.436446434082121
201.60483007169677,270.8347296600381,29.11,13.89,404.4,3,6,3,3.950397024742316
832.9089042045891,85.30730550401432,6.84,9.66,66.1,1,12,2,4.749009959068648
394.9818378996893,287.22988589258983,34.27,19.33,662.4,4,10,2,6.424096379477389
818.5533508549299,54.59036036428671,29.46,18.89,556.7,2,15,1,5.790642946287884
894.2339680013085,32.249197215500864,7.44,24.38,181.4,5,18,3,8.51914573191089
940.8851909477759,560.9543955005748,39.29,11.81,464.1,3,10,2,10.598717574651252
200.66985947060414,422.92201053509893,3.83,20.29,77.8,3,8,1,3.258190742360992
1105.9332665541208,350.2527598276023,26.25,19.31,506.9,3,10,3,8.734532163792535
337.8396698022665,224.42816247114297,9.35,24.75,231.6,5,15,5,6.60308015599232
121.90206291732136,355.20666837049225,29.61,20.02,592.8,5,10,3,5.413613257092369
701.4347657184613,538.1981925128491,5.61,9.24,51.8,3,14,2,9.390843075664307
495.4329579259314,401.85667634800285,6.0,3.34,20.0,3,10,1,4.470816057491288
1009.3645123083028,373.4147388334974,20.25,24.3,492.1,0,15,1,6.496035807170261
985.241648712018,292.3165666938565,39.78,18.75,746.0,0,6,3,5.431403875911265
435.1955599614412,227.04730747098907,13.23,20.88,276.2,4,10,6,6.42726924063205
1147.2473224781143,428.1718549353757,25.66,20.45,524.9,2,10,1,8.882480017533528
405.8279787169329,589.1591363790141,22.19,19.19,425.7,2,13,3,5.763634776768988
656.8639847395203,272.1118853067363,34.16,19.53,667.2,3,14,4,7.354185993908802
366.6809014357151,253.55696628809446,13.68,23.45,320.7,1,15,5,3.4690365953136686
1128.368798454839,274.0246792480742,23.53,23.11,543.9,1,17,1,7.757485444310207
264.36075569186033,272.5600617883413,38.17,11.34,433.0,0,16,4,1.941863008047993
130.29989371940846,594.6561208200422,15.31,3.68,56.3,4,6,3,4.305669311938727
567.3087072034025,432.8636067803242,19.26,3.85,74.2,3,14,3,7.895140665072129
1191.4606317425375,234.73513605003726,35.89,12.83,460.3,1,6,4,8.694884104563213
1078.6785382055036,241.75635308123188,15.3,21.37,327.0,3,11,0,8.360265027029257
918.4409817917831,275.55424710411177,17.08,21.65,369.8,0,13,1,6.374773320337985
1077.6875897839477,50.925946920856326,14.25,11.9,169.6,4,10,1,9.252770314190876
1080.660236461607,330.8553491521125,32.95,9.64,317.5,1,15,3,7.8679364390670505
661.121363632823,492.4871423679759,37.42,14.15,529.4,1,16,4,6.0876044901298085
433.8405380504882,406.52364212828104,26.35,21.32,561.7,5,13,2,7.9895154491263884
944.6539239643066,143.09988265407873,26.07,17.0,443.3,4,12,1,8.248954131081389
821.0606147478924,444.97951758567086,17.43,6.08,105.9,4,18,2,8.425819220000774
498.4966563385553,440.09140560925727,3.46,10.97,38.0,3,14,1,5.745133287466587
185.80266822889712,179.64735291992832,9.44,15.22,143.6,3,8,2,3.8140889514350076
916.4043647109091,385.038554408453,8.46,14.84,125.5,1,14,2,7.922591498030998
373.95577783360847,378.2409488795036,7.29,21.27,155.0,1,12,2,2.9219311697659176
1129.2307285978327,508.67894559802346,27.2,23.51,639.4,5,6,3,11.428949477301522
349.8870440063669,107.56121774506153,8.04,5.21,41.9,5,17,0,6.932686428287017
217.48888430086436,141.05794757156798,6.17,7.94,49.0,4,16,1,4.849146377082785
1010.8461927798949,307.002617147649,17.16,11.63,199.5,5,14,1,11.019276826168106
251.67843461943332,55.162734868615004,12.21,9.52,116.3,4,14,2,4.9815359818916916
280.7805051366678,266.8886926329727,8.4,11.98,100.6,2,13,2,3.404041601653045
751.3087265033447,479.28485393984226,8.41,3.9,32.8,4,10,4,8.607400417612943
1059.5094857379602,114.76720457087899,12.48,4.45,55.6,4,18,0,8.402578476237762
300.00682560032203,292.17078005381916,22.86,21.44,490.3,0,13,3,2.3274955506104704
427.5625136481061,594.1684630279934,31.05,5.26,163.2,5,10,1,6.368356766559754
950.6934188301188,318.3744076521727,34.55,21.13,730.1,2,14,3,8.03686323063081
1168.4455971882835,314.0445797495916,30.8,9.74,300.1,1,8,0,7.654334900597952
640.8301285466234,348.5123427227758,26.24,9.8,257.3,2,10,1,5.82250135902222
241.16520285740086,136.02249108966248,36.58,5.22,190.8,1,7,3,2.135886612441431
95.60864223318573,113.88341313098823,22.23,3.29,73.2,1,7,3,1.2314814063538837
337.2147535987179,416.0921385956118,26.43,10.82,285.9,3,16,3,5.072062003961005
227.64088392090355,255.587081646289,18.23,21.38,389.7,5,11,2,5.261305833663432
838.9777144464003,195.24677808282118,15.11,23.24,351.2,2,17,3,6.498945290891625
216.45240518395485,47.89322335434162,15.27,4.35,66.5,1,14,2,2.298942970436396
647.0895234151089,512.2487833917351,8.49,3.68,31.2,4,9,5,9.08694603579669
857.5739279200328,48.42745353155466,32.47,6.49,210.9,1,8,2,6.505558941658122
730.8506023274107,457.49038072749204,5.05,19.86,100.3,3,11,3,6.62986481022198
303.74872985926453,247.73347862919115,27.96,7.51,209.9,1,7,1,2.5983899099914427
980.6194693241342,371.2520519876506,34.99,8.08,282.6,1,13,3,7.353426180473639
881.2559851696979,171.17646039339252,21.4,22.56,482.8,1,11,2,6.746883686413304
907.6620843854067,118.57780975228168,5.6,22.25,124.5,2,7,0,5.223463799265394
226.78468174419083,334.03116047592005,18.85,17.75,334.5,5,12,0,6.268555872832116
218.60426008838596,426.50208612386183,15.7,6.61,103.7,4,17,2,4.915292624549203
1118.8700571272886,141.43117811873356,39.46,11.39,449.3,4,17,1,10.024743624102111
525.2875770839335,278.7246000365616,28.58,8.2,234.2,0,11,4,3.4717247319326083
417.0625347946525,283.4533330660955,29.69,17.78,527.9,0,6,1,2.1770465098394602
627.2141307937173,153.1081149752938,22.09,20.16,445.2,2,17,3,6.187636817156423
822.4079182952123,352.0781843637147,29.25,6.13,179.2,5,13,1,10.518730221683187
1150.2980478926063,113.18334146556937,29.74,22.76,676.6,0,15,3,6.260981750675814
400.8197741079016,320.55702879159065,5.46,13.18,71.9,4,6,1,5.667900011048583
1115.7854408294704,94.65596147861972,11.24,20.49,230.2,4,9,1,11.376395623623972
107.84263035260707,306.75917304742836,3.48,4.14,14.4,1,9,3,1.669163543659176
701.8218074060436,207.61146127906738,21.86,10.93,239.0,0,15,3,3.8017262408468846
790.0521250828153,287.7803864864749,35.4,3.33,117.7,0,14,1,5.577248151265388
198.60509220084367,277.23713488260927,25.55,18.81,480.6,0,15,4,1.1983320819811158
237.18034871158216,547.5218800065979,21.51,4.75,102.1,5,11,0,5.314889480206026
549.4080376342603,309.2632919751838,37.26,10.44,389.1,4,10,2,6.936370733909952
1162.1797416003635,496.5443752098184,9.37,20.2,189.3,4,8,0,11.067686646734536
747.5676596224976,158.62186395967768,5.76,19.48,112.2,0,9,0,4.421659184468118
1124.9860081922366,230.68719294152754,36.94,17.09,631.2,5,8,2,12.492226704043773
980.8842254865273,72.80094696091882,36.4,18.27,665.0,4,16,2,10.84710085985559
603.4673937419265,269.82624304825134,28.27,17.33,489.8,4,14,3,8.108312626718016
958.93506316245,411.15893563271067,12.1,17.11,207.0,2,14,1,7.624244406976031
99.97719805422626,507.7552094423558,38.88,10.69,415.7,1,17,2,1.491523528126292
202.24127637762314,352.5714997255185,31.32,3.62,113.4,4,15,1,5.068770069574142
1008.9600486686647,394.84142166805475,27.93,12.72,355.3,0,10,1,5.861397231246672
972.4351389241812,131.04223424166045,11.25,4.0,45.0,1,10,3,5.406442390439236
340.55763100240574,51.20744179306044,21.98,13.32,292.7,0,7,1,1.520613417436893
674.4619414709399,481.2622427510701,33.44,13.21,441.7,0,15,0,4.533113065773371
758.7377191840122,125.21177824153324,34.83,6.93,241.4,3,17,1,7.086195661174688
1051.8676282291326,81.96663525366888,23.77,20.25,481.5,1,15,1,6.37509334590208
755.4800162193727,564.4105229167593,22.34,18.49,413.2,5,12,3,9.94177294578767
542.080157586522,579.2071775137306,28.81,15.31,441.1,5,10,1,7.4044853002294735
499.0861286160446,381.2666562134219,22.55,23.37,526.9,1,11,2,3.4282871666625687
556.9879367383311,245.82324543175724,18.45,9.32,172.0,4,9,0,6.308374226559048
810.1627486495711,504.94653834950964,6.16,8.76,54.0,0,8,1,6.426116645591472
1051.589507562604,146.69037682118508,7.66,7.04,53.9,1,11,2,5.81861289767746
588.3645079254557,274.7536266349187,31.13,14.98,466.3,3,9,2,7.115442591021685
357.5803105055211,233.499860430343,3.91,7.52,29.4,1,15,2,2.6006620034647563
345.0618465572909,550.2389947227585,4.94,22.12,109.1,0,17,1,2.44389007977416
915.53599387266,554.273126756496,36.47,9.69,353.6,0,8,1,7.498078759687146
994.5570150347796,401.00497800448983,29.05,13.8,400.9,3,6,1,9.186434130990861
197.91144943661996,93.12187995543437,3.16,14.65,46.2,1,17,2,2.2488030465513535
154.54591978979954,304.8498901052324,14.55,9.77,142.1,1,9,2,1.6531895866865998
745.765703407226,169.83716874771235,31.24,19.25,601.3,1,9,0,5.902258635749228
243.71403349582206,534.4019280151547,18.45,18.23,336.3,5,17,1,6.255418492847166
1003.6238933111023,108.88959543923508,20.35,19.74,401.6,5,16,4,10.363139927550595
427.57483479496335,60.9568572406032,19.98,16.33,326.2,4,13,5,6.569604936409002
241.13656492767976,431.5245491235446,10.48,13.12,137.5,0,8,0,1.910149897621058
1111.4869291859443,288.37306273184714,29.69,12.88,382.3,1,15,3,6.607196255673736
265.39552946351154,507.8679859337582,6.81,18.76,127.8,5,15,4,5.860657546045295
398.88649221848783,72.53888976650771,21.77,11.29,245.9,3,11,3,4.403246284295742
252.04700261510567,486.61339558647023,9.29,12.62,117.2,0,13,5,2.3955691856677017
209.34887130519758,51.28080912117025,4.72,6.6,31.2,1,12,4,2.171460536533773
103.68577829681284,45.99990679095548,8.3,17.95,149.0,4,14,6,4.016178284261054
142.0428582639713,292.9499784866869,35.17,4.69,165.0,5,12,3,4.852934105787075
275.598447448155,156.13603511797152,9.52,24.79,235.9,2,18,2,3.2504430282046077
139.78776454243643,368.41966299372245,13.3,6.16,82.0,0,6,4,1.0
742.0810740442878,44.71568670053815,8.11,11.43,92.7,0,6,0,2.862308613496171
842.4002700154472,50.17203914689776,30.22,8.23,248.7,1,7,3,5.453768647320375
520.8661116518716,444.47464281800603,19.48,9.39,183.0,4,7,3,7.400004834472979
436.1500285862953,149.79414262061766,37.91,10.09,382.7,4,12,0,6.033254844553605
645.0693854648977,404.15776048661814,27.58,18.8,518.6,1,7,2,4.5264142784579136
1060.0055353027615,457.4556320554324,22.66,6.89,156.1,5,8,3,13.350842418968421
1033.2674220408708,63.81876446323144,27.3,8.8,240.3,5,12,0,10.128823986224944
128.69206945432697,468.75975404461633,4.5,5.23,23.5,5,17,3,6.099327799847851
283.27821874810695,183.00009423793304,38.17,10.29,392.9,4,16,1,5.343159168011187
345.15425563692355,252.0411961738565,38.39,23.71,910.1,3,8,3,5.550365896957718
359.31408493207726,79.38433960833052,13.22,11.36,150.2,5,6,1,5.399049024522086
719.7805699519055,508.01909051796605,26.25,20.1,527.6,4,15,1,7.528129724709392
546.2139167875753,349.61540820568547,10.47,13.16,137.8,4,16,2,7.7811692374464405
135.16461431890525,317.65920837288814,23.26,12.89,299.8,2,18,3,2.1050036293311503
498.44783507472016,582.0762422145707,31.52,21.13,665.9,1,11,3,4.7714065841253035
666.6033025637537,220.66828316618233,37.77,3.59,135.6,3,6,2,6.896483343216533
193.87253125216188,537.7441932917168,15.55,22.03,342.6,2,18,2,3.237476433440042
1013.4735802431869,440.2220922068244,28.66,13.67,391.9,2,9,1,9.77335530456405
138.19729044091676,559.2610374357762,29.51,10.72,316.5,4,10,4,4.418449532185137
1115.8228933002295,547.447170074602,11.18,22.95,256.6,3,11,0,9.617843657948978
191.00671856946056,594.8869888648597,26.27,10.48,275.3,1,18,1,2.5919808964183555
1024.8039457894831,105.0557486611798,27.25,24.51,667.9,1,10,1,6.616792054527483
1090.971521198931,483.7293434922092,31.27,23.6,738.0,3,13,2,12.176967246556167
1177.1191622569838,488.5617823200768,40.0,8.89,355.8,1,12,4,9.565365705302249
978.2689859064247,397.29291106173747,4.49,10.49,47.1,1,18,1,6.485741923953502
953.0148456638884,188.95074619577514,10.49,20.87,218.8,1,18,2,6.584710990544681
799.5812691150134,580.1345148281396,8.37,7.3,61.1,3,14,2,9.141373927061377
952.4759171275044,146.52061859741946,8.71,19.1,166.5,2,7,3,6.97303203436192
230.69847342272473,314.75796566431023,19.81,5.84,115.7,2,10,3,3.2137951267755045
680.3962002613538,327.24765430693617,35.51,7.52,267.1,0,14,3,5.108687965603194
655.9296146132642,122.24272655654214,19.6,14.01,274.7,0,16,4,4.936415875469448
1040.4808014172645,441.8414287299473,27.73,19.41,538.3,4,15,4,9.719790921881234
598.3352894647378,80.65428358273667,16.93,19.27,326.2,5,12,1,7.191750982081777
511.3002356323959,425.06573394262523,14.83,16.4,243.1,1,14,1,5.383014275135972
796.3108637855634,513.710832885663,33.87,8.99,304.3,5,10,2,10.438980350749508
378.4389156009476,229.15596229696774,27.26,12.14,330.8,3,14,1,4.861956958286497
236.5406202684317,434.36986090154414,15.98,8.42,134.5,1,12,0,2.40040219537067
615.2225469065953,119.36118464427439,36.82,9.09,334.9,3,14,3,6.446878571551411
546.9160928262712,512.1909308281408,21.44,10.11,216.8,0,17,4,5.418745017862904
340.4783333923385,572.658068175338,9.97,16.17,161.2,2,16,2,4.8793379214229
491.61322732894337,117.03540529487283,20.88,7.57,158.0,4,15,2,5.448844219378305
490.3595438053971,424.3599001642293,27.96,3.94,110.1,5,15,1,7.2717271422348135
446.7950321420509,318.32372503721973,16.58,18.23,302.4,1,8,3,4.25241896959984
504.99976929416044,332.9546191444558,34.22,3.48,119.1,5,8,0,7.700891765277892
848.0325469106589,432.6991396023923,22.73,24.36,553.6,3,16,2,9.354524048000306
412.5016515198395,308.58208462176924,20.31,10.71,217.4,1,13,3,4.004943671748472
1142.7208779211812,372.18604345009857,34.77,3.14,109.4,4,11,1,10.46724295209993
1106.3097818827594,161.613581064485,20.13,22.46,452.1,5,14,0,10.179853434390507
618.619679696088,245.74875999851926,18.33,16.2,296.9,1,7,2,4.205749838389113
447.76454960525143,523.1869995407562,6.84,20.98,143.5,0,8,2,3.6302701793146888
679.6869646096035,92.64443163957979,16.41,12.57,206.3,1,7,1,4.2413700663759615
1030.3877474264596,370.61789873217475,17.69,10.79,190.9,4,13,3,10.92257104458742
810.8978214273143,135.04362547388743,9.68,17.41,168.6,0,6,1,4.512025019700379
980.9188473007267,512.5275708163219,24.75,11.93,295.3,1,6,2,7.08497606198701
676.648949193629,360.0550536965234,8.32,15.24,126.8,1,14,1,4.790024021226242
788.8677447797352,259.7378061220545,11.28,9.11,102.8,0,15,4,5.687246260842395
402.7342878843571,172.40006398153622,23.76,10.32,245.2,3,9,7,5.28958484345236
903.0803417875256,279.00147853809165,12.95,4.81,62.3,4,14,2,10.262423377833976
306.69314430080453,575.8390257753931,26.67,20.19,538.4,0,7,1,2.2812376903166784
858.173904276718,320.2492951538637,28.55,10.67,304.8,5,11,0,8.417800488520376
1044.0053565250014,297.6090330689203,14.15,24.45,345.9,5,10,1,10.050148488446572
227.9551777777292,455.37607369517616,6.23,8.71,54.3,5,10,1,5.370789254318351
768.1053094069501,246.05683037418683,21.11,13.45,284.0,4,17,4,9.16701494480558
186.50723801752676,273.6316514320526,6.44,9.72,62.6,2,7,3,2.5737961025322904
892.8015036639981,222.06020699582285,22.06,18.27,403.0,1,14,6,7.681146314636814
174.63240508234264,116.0242605377531,29.87,20.78,620.8,5,9,0,5.358132723596032
1128.2526014247012,436.87125209551084,25.95,13.71,355.9,3,12,1,10.511563313790353
233.89688164233843,527.6276209136655,19.59,11.07,216.9,2,8,0,3.34521102049592
1153.94587541817,546.1878100683764,38.0,19.38,736.5,2,15,2,9.269242589768496
976.9902772153082,532.0576746815344,6.76,7.21,48.8,1,6,2,7.39315437241144
744.9238450023166,287.51676738965597,35.56,16.19,575.7,2,6,0,5.977004253583419
956.5389971850925,191.9177295558219,32.6,19.14,624.0,4,10,3,7.698673622435708
970.5286196610562,393.6165372724694,18.53,8.92,165.4,3,17,3,10.943300814515995
1139.55031035541,574.1817997864381,8.66,17.43,150.8,2,6,1,9.722367090696247
363.7893562998897,444.41886945610486,8.77,19.17,168.1,0,8,3,3.0360358021857468
740.8850028013063,312.06368010638926,37.11,5.58,207.2,2,12,2,6.183296905943379
186.45510127212935,422.6208874726655,11.65,10.13,117.9,1,6,1,1.874076245460738
770.1055840270159,470.3466100990063,35.34,11.94,421.9,2,12,3,6.477331893410042
271.8462605839235,553.9834789570003,21.62,20.07,434.0,0,10,2,1.853037389577023
712.7446848491348,465.03297976412784,20.08,15.49,311.0,5,14,2,8.62856485758474
721.1221757179117,276.9186167124662,25.92,12.89,334.1,1,6,3,5.353154715817685
601.9033713389746,185.95571552532596,10.96,10.01,109.7,0,8,3,3.9814057558500964
665.3475885746975,314.93254889586706,18.85,3.09,58.2,3,8,2,6.235348935143668
935.5941968073785,217.06142842511892,37.72,3.44,130.0,2,15,3,6.722901729718677
975.1540824935146,567.3758178320539,11.82,8.29,97.9,5,15,5,12.720130819929631
631.2116014444806,319.54053076647847,37.1,5.57,206.5,2,7,4,6.344921823075492
751.5446545053258,299.0721114994847,39.79,5.63,224.0,3,11,1,6.073537414120454
1122.9845839729142,228.47184434827184,4.92,16.26,80.0,5,15,3,12.466078961927192
214.10161912125756,394.4619844662122,22.66,16.32,369.8,5,6,1,5.107212091044673
211.15599380812375,326.42922881394026,9.36,3.98,37.3,4,7,1,3.8400354749278987
178.2340933400606,103.55788605200622,26.0,16.07,417.8,3,14,4,4.254357168834887
816.8068792453912,525.4484521733818,39.61,6.21,245.9,4,13,0,8.815820602835197
548.841296885225,234.6373143219651,36.18,11.3,408.8,1,15,2,4.439331995587757
947.2399860788644,276.5697050761479,37.22,24.77,922.0,5,12,1,9.34814777338704
831.7791829056237,147.23022229824008,10.89,14.48,157.8,5,17,2,9.108149872145896
453.67428932762675,345.4369783421968,23.07,3.75,86.5,2,7,2,3.938548997631508
1086.17053304492,430.1713855842923,11.69,10.65,124.5,0,8,1,8.856601192022435
934.0360047191306,532.2642327567855,36.28,17.76,644.3,4,14,0,11.73405053470164
382.9991338193968,59.416369034189714,10.07,7.94,80.0,0,17,3,2.245310339046539
487.8950599047005,584.7991885286457,8.7,24.22,210.6,0,6,0,3.3457712368209087
432.17277782877443,431.17611295160333,3.45,12.36,42.6,5,15,2,7.210373865245772
256.5250464599996,192.0502501145649,9.73,3.46,33.7,3,18,0,3.5847767432183963
245.51737724725464,146.55061035796064,10.02,14.89,149.2,3,13,0,4.313863659824577
1128.4627589808333,198.77011363312081,5.87,17.88,104.9,5,16,1,11.042233553703767
570.4525216626037,529.1636784498721,35.11,13.03,457.5,5,9,3,8.822281139953295
509.318201510699,196.09239872169172,31.86,23.42,746.2,5,16,2,6.772649961399668
897.2479937186632,293.8080466976244,12.42,22.84,283.6,0,11,0,4.412557208124373
699.3522330832479,432.27069091807255,31.98,6.06,193.7,1,9,0,6.0983241142338676
1128.4767852590776,527.0342223226148,18.62,4.76,88.6,4,8,0,12.181211630405539
953.9376731785193,405.3855625372794,31.69,9.87,312.8,0,17,1,7.3753406151074685
616.8939118194852,459.27224202462094,14.95,16.38,244.9,1,15,2,4.7250990372705655
501.52261029852536,128.79627388869469,23.89,16.24,387.9,3,16,1,4.816587687579362
1185.0273303152408,530.1224617839491,17.12,8.98,153.7,2,15,2,9.623800294682756
883.8914643240807,187.15993466232308,9.94,23.92,237.9,1,9,0,7.134666356828078
1145.338019204302,103.17555351221395,24.67,9.76,240.8,5,8,2,10.291260880094576
212.6960064830863,586.4592454941815,30.78,20.69,636.9,2,14,3,3.673806781466176
1032.5977206936764,144.93475750887177,30.86,21.3,657.5,2,9,1,6.462142889297512
793.5227500701525,107.89162294444658,16.18,5.17,83.6,3,14,5,7.589759587991416
216.5522797353261,386.83191305801836,22.19,8.12,180.1,4,17,6,5.007969717068415
738.8489599655271,211.75199521277432,31.26,7.73,241.8,2,15,3,6.096932171429166
848.4279289181027,106.00904695288119,5.02,23.23,116.5,5,12,3,8.442528466237361
93.77900819523518,372.63903681304936,5.66,10.72,60.7,1,17,3,1.3381860367736802
588.8361172627561,462.6215795166742,16.92,21.4,362.1,5,13,2,8.384290993078144
1004.4474525398797,482.12307329807925,11.27,13.52,152.3,5,12,3,11.006166951083069
410.8021083853806,118.64218257699525,16.86,13.06,220.2,0,18,0,1.8462471988347406
593.5738516143772,347.4142287257671,6.47,22.88,148.0,4,10,1,6.316237365321735
575.3918223160404,493.79667128843255,24.9,12.7,316.3,0,8,0,4.669408196697649
418.1586784155906,121.81959651178559,27.85,19.39,540.0,2,7,6,4.103689527601888
1108.6549229774207,148.3788835092847,32.3,12.34,398.4,5,14,5,12.532321701301775
955.0493196832978,31.374496536056242,27.07,5.24,141.9,1,12,1,5.323036243184771
203.85902031564376,329.04146914531424,17.67,4.17,73.6,3,16,1,3.44821845123548
1196.678816778082,140.968567211312,37.59,7.58,285.0,4,7,0,9.016863673996697
1064.7040272246745,442.8182681643325,29.87,18.89,564.3,2,10,0,8.452787178744975
397.97745040772367,578.4618977020352,22.52,11.22,252.7,0,7,6,3.9362505440882742
1017.3241692202508,148.99062872947005,10.65,12.99,138.4,0,10,1,4.923809722364298
199.1898756959488,399.9852967052136,27.01,5.24,141.6,3,18,3,3.7447564236765833
1198.9972981311473,150.74564303135148,24.89,16.71,415.9,0,17,0,7.541189358544637
825.5669044393213,40.26390961843128,28.28,20.68,584.8,0,12,1,4.38378582818242
808.1400174258526,462.3758907023133,31.9,16.74,534.1,5,7,3,9.424617904516778
181.29361422222868,277.3826656910089,36.86,24.66,908.9,3,18,1,3.699330476530184
1084.6774067642204,569.6685110633523,38.12,3.36,128.0,2,8,1,11.579563530632766
112.47944358900575,334.54295282174115,26.32,3.34,88.0,0,7,3,1.0
349.7274250060847,119.76523531613987,38.74,14.0,542.4,4,11,2,5.73606735653209
240.1845001866312,286.3714318244484,36.72,8.86,325.4,3,18,1,4.2385588819191735
949.9800935752847,145.64832303942939,3.1,18.1,56.1,1,16,1,6.850472693426371
301.9887344784456,530.4766854313475,26.59,20.45,543.8,4,10,4,5.838701412771318
1099.9148143865914,423.81481310588913,9.6,5.25,50.5,1,11,4,8.071010931146702
815.021324046789,224.50611865318103,13.92,23.18,322.7,3,6,2,6.961259891307714
120.50223575405977,330.85758400007006,14.01,3.66,51.2,3,9,2,3.2304312536716417
86.08141422414451,411.60370728142624,20.88,18.14,378.8,1,14,3,1.6683186851868874
137.8568670561268,476.22889848789237,3.4,11.46,39.0,5,11,3,5.06327607639403
758.636198965455,75.68390962620876,11.72,17.68,207.3,4,18,4,7.605828197534805
977.6596281625451,42.83573993729067,4.08,5.15,21.0,1,11,2,5.2498254890347456
347.1791591026751,95.23803738683719,27.07,23.62,639.3,0,17,1,2.2333711394224394
1031.3379040738419,255.1478967983609,35.9,23.62,848.2,1,15,1,6.203457328279015
144.09977297165165,296.02276774679245,39.92,14.43,575.9,2,12,0,2.4722994868722163
977.0795160786773,107.78312922189357,19.6,14.21,278.5,3,17,1,9.145205852337988
1119.1308817929541,264.35728860277504,12.63,16.97,214.2,2,17,4,10.579799188918146
944.7614069969062,281.7249882262434,34.56,15.76,544.8,0,10,2,5.150043336377531
861.8952780560736,92.18127929616742,7.19,14.96,107.5,4,9,3,7.943700144004787
1018.537844894029,552.4961773115684,39.05,15.96,623.3,2,15,2,8.946948698367693
124.96945549271439,371.51317872499334,29.45,21.89,644.6,2,6,1,2.3906532202300577
305.99596400534205,251.4652523600808,21.65,16.44,355.9,3,15,4,3.9041889779449277
219.91452082232024,318.9370945791578,6.58,7.31,48.1,5,11,5,5.184935117336675
645.0747090161449,209.09256728721985,3.67,23.11,84.9,0,15,4,3.029433576987584
914.6107037283059,516.968688037418,23.15,7.75,179.4,5,7,1,11.01901024876846
785.6132659255666,357.75857369404713,18.31,6.63,121.5,3,13,4,9.19690347091446
1033.2668317333673,312.09061420431976,34.18,24.94,852.3,3,12,1,9.633394808500476
253.83855153402178,549.2046797644906,26.77,7.7,206.0,0,6,1,1.8089945003917736
902.775622967381,507.6484279934186,18.98,5.2,98.7,4,12,2,9.174851730864628
296.20646977317256,493.29707811273414,11.36,15.36,174.6,4,14,3,6.240944302397862
383.2498014759363,158.59724641215118,20.78,21.2,440.4,3,11,3,4.43945559965225
875.0932609550604,117.28017353696336,9.03,4.34,39.2,4,13,1,7.530291635884729
1177.8293590865237,423.3550162362662,27.68,13.78,381.5,5,10,0,11.20486121101711
764.928838694318,297.12608611459564,25.41,4.51,114.5,5,13,1,9.498759791166353
141.04035279025106,419.71624638540084,32.97,12.43,409.9,1,9,4,1.8799337811569403
770.2660463188367,463.5575223033363,19.63,10.57,207.5,4,9,1,8.383287834795075
127.43261776978714,198.32869918650803,13.31,6.02,80.1,0,6,3,1.0
1070.2431967308353,192.25074688000095,33.95,23.48,797.2,3,7,3,9.099282772195005
874.7276793126952,309.7739927671647,28.57,16.97,484.7,0,7,2,5.157541396503795
273.90318799320363,185.9231087101035,29.15,21.55,628.1,1,8,2,3.1991671306711797
182.72752652310183,410.35830732923375,22.54,22.93,516.8,4,15,2,4.571929531445444
285.5572163459573,455.63635415200855,35.41,23.46,830.9,2,8,3,4.370866107653758
1177.6304411006956,299.0621992503493,11.43,19.46,222.4,5,10,3,10.059413328327594
593.5879195535086,442.5658663912266,17.86,9.75,174.2,0,8,1,4.64231305667146
958.170662142377,320.9494143703424,32.46,21.24,689.4,5,11,1,9.597872351592708
792.7773431607101,436.33688152119527,7.92,14.44,114.4,4,9,2,9.362995245212755
721.1027279536738,158.23190124356344,32.9,8.98,295.3,2,10,1,6.143333881890686
242.54588522485565,451.1405361818339,16.05,11.49,184.3,0,6,1,1.504331511061176
1139.5473879850665,437.62069337050013,7.64,9.63,73.6,0,12,1,6.453357354645306
417.5037484164841,181.96525301803126,5.93,13.26,78.6,2,9,2,3.9078851423672596
727.3792817044472,346.90346489289976,34.19,20.19,690.3,3,14,1,7.808461365422511
863.749057939754,517.5276506884089,31.81,13.67,434.7,3,18,0,8.25811521692361
807.141133874746,172.22790877429023,13.66,8.89,121.5,1,12,1,5.072178408190515
1133.4657388589806,449.5084768883655,7.31,4.92,36.0,3,12,3,9.164838205221695
246.25166871046497,573.7610287737257,12.15,21.83,265.1,3,16,3,5.470022157728231
649.3550670605752,523.757894261812,10.88,12.18,132.5,2,10,1,6.743296147830319
532.5185176296579,258.8664471277574,30.12,12.72,383.2,1,7,4,4.204564037280774
611.0689770205323,376.10840780323895,10.98,19.8,217.3,2,15,2,4.811594264686187
213.52362934147396,595.3089765240412,11.0,21.69,238.5,4,14,2,5.854036095922961
230.1859630574972,354.00932448415955,4.19,14.25,59.7,3,12,3,4.2490166335657085
391.44461127500824,95.56573338530895,25.08,16.91,424.2,0,11,1,1.9687444129250273
421.26915621213107,55.895530223893715,28.49,8.26,235.4,5,6,1,6.78628622719915
559.251599323112,480.47927055409616,27.18,23.57,640.7,1,13,2,5.133567173058077
764.3060526810236,271.4681454790523,24.04,15.49,372.5,4,13,3,8.128326255613558
790.7846115084545,170.68334765864083,38.74,18.83,729.6,0,12,6,5.116696137607724
541.2282041758386,228.17305747673979,20.49,5.51,113.0,1,9,2,3.8564970978759994
537.8370825601407,461.70253393147783,34.83,17.01,592.5,3,7,1,5.540461306309849
323.7439499005974,295.1909813112826,26.9,11.12,299.1,5,13,5,7.00658736444484
738.9029982180892,525.0447107397497,6.11,12.9,78.9,3,14,0,8.28022904099466
435.0858206753064,448.9075856032886,32.97,18.01,593.8,0,8,1,2.9053519974811604
120.38701439064735,585.1880657538923,24.62,20.52,505.2,5,7,1,4.995128066641709
548.6080494556836,536.4471470702107,27.18,10.69,290.5,1,12,1,4.103937154843384
611.0285961009907,175.09191071802522,9.67,22.21,214.7,2,6,4,5.043316896175744
332.6640123887163,405.66376269745535,19.19,7.82,150.0,0,8,4,2.5801748715420456
721.1528850967695,41.709529681042014,35.58,15.38,547.4,4,14,4,8.698483413364869
713.6645284837515,594.930832924871,10.97,6.33,69.4,2,9,3,8.044942408600791
866.2424428436159,178.77348201748003,3.0,9.36,28.1,1,11,2,5.422519200148834
805.7023000653553,408.93320336544286,12.53,22.7,284.4,3,14,4,8.7967066483909
810.7250233035553,514.0175640837522,21.04,3.25,68.5,1,8,2,6.438626800376705
434.15985004292827,121.46485775494372,33.39,23.14,772.7,3,8,3,5.426913888891731
961.9240886242683,513.2912254019732,26.8,10.22,274.0,3,9,2,10.795243550679002
695.041709631641,36.98002950076878,37.01,18.31,677.5,4,11,1,6.998541186704975
563.1883786014769,281.92696870868224,19.86,5.02,99.6,4,13,2,7.5183290963799045
781.133978653984,299.0614448427489,17.46,17.11,298.7,3,6,2,7.55513540136408
483.9362145842848,243.23170655747944,11.56,23.01,266.0,0,12,4,3.5048737211846506
654.2679539595692,364.23930539128486,11.07,15.21,168.4,1,14,1,4.934271988904298
905.1103711000867,551.4601387605003,30.24,10.97,331.6,3,17,2,10.383409457055459
1072.7712331305527,216.38379515116478,5.97,20.46,122.2,3,13,2,9.767288910934745
1111.5840609706147,360.1781356848618,11.98,18.68,223.8,3,14,2,10.30193264602107
644.0688762050711,530.153639673694,35.78,5.59,200.0,4,16,1,8.034852827104034
662.7081285094374,470.60737520778554,24.35,17.65,429.6,5,15,4,9.448400180668438
975.8548600554968,53.217960939132716,4.72,17.62,83.2,3,12,1,7.40498585675586
432.1847747535054,567.3907355527675,29.06,19.54,567.8,0,13,1,3.278225553547898
1017.8682458264768,56.58873542740926,21.75,9.96,216.6,2,18,2,5.819302948781931
633.4386440995142,365.5923303933679,34.62,11.83,409.5,1,15,5,5.077343324246471
209.7595312555006,357.95156357964396,28.25,24.12,681.4,3,9,1,3.8928043906994367
160.70624472169695,478.24243150032015,3.16,15.62,49.4,3,11,3,3.720928208885424
1023.0323963641987,114.61253955391726,10.61,14.19,150.6,3,15,2,7.235112252500371
142.23606693570326,132.24112347574115,12.54,24.71,310.0,3,12,1,3.191571136516447
394.2848084696946,458.7009516608655,28.98,8.05,233.3,1,11,2,2.9867706138650787
454.2256453617313,115.2177088746263,21.84,11.75,256.8,1,13,2,3.180189929021525
273.75377861458503,297.58372242741456,30.66,19.72,604.4,5,10,2,5.613487715574342
431.56057417822797,447.0394114202312,21.98,18.69,410.7,2,14,2,4.954149661187838
911.8156747320959,401.20789940612826,15.11,24.27,366.8,1,15,1,6.028151632838916
96.44478478727926,150.04438608446424,6.84,17.39,118.9,5,17,2,4.73253179565578
1006.4342354631688,203.25734745106877,10.5,9.89,103.8,0,18,3,5.009716855220578
1039.3337864035052,582.3156948473934,17.83,11.75,209.5,2,15,2,9.182577563363555
496.93296197453395,285.74225348828384,23.4,4.97,116.4,4,15,3,6.182181566003171
252.04644694791097,55.34076156873691,37.73,23.32,879.9,2,16,1,2.8775406526470637
752.9412568984906,155.1633926958096,11.87,5.83,69.2,5,10,2,8.235601744878007
214.03326256868166,225.18800110724746,27.65,15.01,414.8,2,17,2,2.575623844750963
488.70968440764284,599.7089604479139,8.64,11.83,102.3,3,12,1,5.6497351656297345
1153.440682609089,202.5341820618436,29.41,5.95,175.1,2,17,1,9.450273797454603
1194.9202092936737,45.04563380605063,3.42,9.45,32.3,2,8,3,7.348659787271629
944.7574783171359,322.3652992065415,27.27,16.94,461.9,2,10,1,7.577646752255363
428.2768911112582,77.65506943516692,9.04,3.69,33.3,5,14,1,5.899081943464257
850.1848550660236,186.21853125656145,9.67,24.25,234.6,4,13,1,8.19194271745092
870.0551293420942,595.6584103735453,23.68,23.0,544.6,2,11,1,8.91267743650194
514.3826985832877,431.643955790188,16.89,4.86,82.1,2,8,0,5.030480113175384
797.7952707364985,58.879978691236104,20.44,22.1,451.8,2,8,1,7.098312670542289
92.0149623727574,285.75142959732375,14.43,10.23,147.6,4,15,4,3.760330170499418
314.1445776345104,127.8333821984441,38.28,4.49,171.7,3,6,2,4.093039159705693
668.0988993233325,100.07845414920912,13.75,9.73,133.9,3,7,0,6.055562577128764
263.40146076929136,364.62728560881715,23.06,20.8,479.5,2,18,2,3.4960953159418535
265.81569202171767,318.22385709492295,34.61,17.65,610.8,2,18,2,3.383137274794118
1016.6608054162665,453.43395305983967,27.57,8.25,227.4,3,7,1,8.659515499721891
1187.8289630056381,538.61455009216,14.94,18.82,281.3,4,7,2,10.336301115224725
702.6857593918622,170.6086587360473,23.44,18.57,435.3,5,10,1,6.983068787592722
1019.758098587519,556.1054323935763,6.07,19.34,117.4,0,13,4,10.371636149480151
1189.1602640454253,325.2553103558344,23.19,14.89,345.4,1,8,2,10.542091346294209
238.58739519702766,177.5359033655168,18.96,21.02,398.5,4,18,1,4.693087873365012
582.0350868448731,512.0979277184873,31.04,17.11,531.2,0,12,0,3.2372605746029848
519.6814417429503,50.252053276542824,34.37,5.76,197.9,3,12,1,4.684565318883338
169.65519768372724,348.92034515958755,10.39,20.83,216.3,2,8,0,2.6074919510605135
925.9697935301137,441.32427496708095,6.02,10.12,60.9,1,10,0,6.187554493480959
565.8325106013042,189.58728167900165,17.45,18.51,323.0,3,15,1,5.122762627102309
605.6461662932494,522.1903930110342,22.76,17.85,406.4,3,14,1,7.679745712717772
248.75373067082901,166.96220111405137,16.94,10.39,176.0,4,8,1,4.906947190117365
282.63785049857233,508.72834115709134,26.26,6.56,172.2,4,11,5,6.191852906702953
1095.956056814961,74.77062938450062,21.71,18.29,397.0,5,8,2,10.490395492642854
130.00697965119235,121.15872736500584,37.66,21.68,816.3,2,11,0,2.4707405129411253
340.79455913695097,247.16121282408764,18.15,21.44,389.1,4,8,2,6.01306015751765
407.10644995227176,516.8116422949622,6.05,16.78,101.6,4,18,2,6.595630872367442
629.0212474897768,112.41365812226599,14.17,8.0,113.4,5,9,1,7.027993214349512
736.8185937765714,528.9997966827177,25.42,9.96,253.1,3,12,5,8.63338191218731
632.4847729527465,160.94697016929243,12.47,19.6,244.5,1,14,2,4.899838751714178
174.20917470370787,287.9297871988814,12.95,12.04,155.9,2,6,2,2.7252193400401126
352.9075485423992,231.0586104283925,15.56,19.11,297.5,1,8,2,3.196250815587469
1024.8189909340463,97.33194917027842,30.61,9.81,300.2,1,18,2,6.988664570087597
794.0993445358741,568.2565515259099,37.78,3.14,118.6,1,15,0,5.770738267545835
807.0469361503873,279.7616257287617,15.96,16.28,259.8,2,9,1,6.474317490532317
830.6276459935175,423.48881897303085,10.23,16.22,166.0,4,11,2,8.101858193311886
934.4513813242726,357.90257569849774,18.56,16.81,312.0,1,17,1,7.2107384548093645
145.08149952802103,315.9780726057582,16.02,8.9,142.6,1,8,2,1.8830266844643675
490.6013911245259,381.4492454274039,39.63,20.84,826.0,0,9,1,3.3691612562224624
684.2707274930801,542.0551145353845,20.16,13.72,276.7,1,9,2,7.117562756161989
459.07126129300514,428.6080541456424,28.13,19.77,556.3,2,14,1,5.124119324582217
1025.816338081649,333.5136452894761,36.81,16.44,605.3,2,12,2,7.9086210842143805
620.4812096177692,397.7559975796065,26.28,12.15,319.3,2,12,2,5.026869848193996
940.8629001945046,375.64473989014226,12.23,17.95,219.5,1,10,1,7.448944346834295
1034.2573789069093,276.8790882671985,25.47,15.65,398.7,2,10,1,7.477266284768997
645.3664608519179,386.1154857743567,17.87,14.24,254.4,3,12,1,7.2553749571590584
1098.698513135912,282.83478609357326,18.63,17.27,321.7,0,16,1,6.928512419229642
737.5788134014183,461.84019538699005,39.24,4.89,191.9,5,16,2,10.579408066903184
1032.3072146937684,582.2801156077028,13.31,23.03,306.4,1,16,2,9.383665889746784
461.4616910625072,577.1232537734206,20.35,10.37,211.1,0,6,3,4.047199203998039
638.6749935552634,497.81939826223885,8.92,7.94,70.8,1,12,4,6.064614321533027
675.180365925127,373.0025713239065,9.61,19.98,191.9,3,11,2,7.141260902634733
197.57728180359905,457.1192332003221,25.33,8.09,204.8,3,18,1,3.5257892868448346
526.3788075057255,131.487528296806,30.79,24.91,766.8,0,11,2,3.2114689414295086
1107.4181932578772,303.04052066893587,26.55,12.25,325.2,2,9,3,11.29971143041918
786.5321092085114,176.66371604507768,15.18,9.53,144.6,1,9,4,6.079606293362523
278.8073723294036,31.992139232327844,5.21,4.37,22.7,5,8,2,5.720330051537251
459.5183118827576,581.0404175630833,20.4,3.92,80.0,1,11,0,4.26354815393714
294.5953708222238,522.3936802555495,21.66,5.09,110.3,5,9,0,5.332998838259586
107.80190761440124,322.8082125278583,31.51,3.11,98.0,3,13,2,3.492215045432523
1118.75571352451,174.86680422783388,26.69,10.2,272.1,5,9,2,12.254588602457853
581.9922076476961,424.9958698135649,35.24,9.83,346.4,3,13,5,7.200939282197987
424.4392811112805,277.83661819345866,31.97,12.46,398.4,0,14,3,2.4957152786914882
750.294454544665,487.90923405093866,16.54,8.12,134.4,3,14,1,8.48049808283353
88.1921910481775,599.7253228031411,26.39,4.38,115.6,2,17,2,2.18936442155652
391.3847593929115,228.97708626922594,30.65,4.57,139.9,4,6,3,4.854730506497938
867.3974815827597,169.30973478248723,38.4,7.01,269.1,2,6,1,6.381858213437122
789.8221458375746,182.4080186130122,18.63,9.96,185.6,1,11,2,5.684447059077245
1179.6226612476398,83.20736003798302,26.99,6.26,168.8,0,12,2,5.953494971081257
774.8006348170094,254.60633200508857,17.53,11.03,193.4,4,15,0,8.133290664319853
614.8065784630608,39.932280048638304,30.3,23.29,705.6,1,8,4,5.05376465328993
932.8044707660886,95.20546771872709,36.74,8.76,321.7,4,11,4,7.63262021326996
1091.7272165997394,184.86657594542208,37.01,6.7,248.2,0,13,0,6.253703129227301
887.1794603245538,121.12178226840402,8.81,17.63,155.3,0,14,2,5.963153891961202
1158.7965703753052,447.3306867154134,10.55,13.8,145.6,4,13,1,11.420785633958001
955.8457912267585,90.19473079470318,30.93,4.04,125.0,2,13,2,7.918404231404664
1050.8176108533576,523.6166398639791,26.35,20.33,535.7,3,8,1,10.616662775432358
207.79655972567366,156.03526711524313,36.49,18.74,683.7,0,12,0,1.09906732190281
900.3031233530422,91.89665167379358,14.61,24.5,358.0,1,13,5,7.24982471208521
572.8993434706529,35.76078732581736,34.38,23.64,812.8,0,7,1,2.7012847106629603
699.4762587006283,437.66685246362346,28.3,15.85,448.6,1,18,2,5.746522803997405
812.5946986202396,176.27154518496894,10.23,18.09,185.1,1,14,2,4.98826747950934
1166.1929307102378,320.4142049285316,7.68,12.01,92.2,2,15,3,8.132838694116144
1182.7274512034196,93.62114660312878,29.0,22.55,653.9,1,12,4,7.212944417185232
402.8156349464539,591.6186762446621,8.86,15.16,134.4,2,18,2,5.073727024344736
901.8039171304662,101.4693012698745,32.39,10.16,329.2,5,6,0,7.564790486457074
919.9815624875008,264.7977781858706,23.61,3.21,75.8,0,18,1,5.110822941668648
468.07200467061466,515.4402163306456,20.64,15.9,328.3,5,8,3,8.404258193619203
218.73414784792755,169.58556063383188,13.19,14.56,192.1,2,17,2,3.1021714810955143
125.86059552000613,182.17391764731883,39.4,20.86,822.0,3,6,0,3.3097203067240857
950.62430283268,490.8447240577177,29.72,7.11,211.4,4,10,1,9.100296314055734
628.4637108349347,185.80360459944723,31.79,20.94,665.6,4,13,4,7.746464372679961
1183.8049898343172,31.6366473240434,31.44,3.34,104.9,5,14,1,11.584409357001427
600.7702709368914,273.9108206792714,24.61,15.92,391.8,5,6,1,7.184372453470574
1175.267016562701,37.14506951673074,37.77,11.73,443.1,0,10,6,5.717928253538973
540.965122457347,548.5816017827391,24.6,10.29,253.2,2,16,3,6.6533305206150875
968.9240086271693,395.83353778215593,22.24,12.53,278.7,3,8,4,11.570726508905683
174.9975849892519,362.31813174610807,13.13,7.92,104.0,3,18,1,3.1897434717598054
702.1171153542956,144.90602119154698,13.42,7.04,94.4,5,15,1,8.504096104651591
978.3069614240111,428.96932569432266,30.26,20.71,626.9,3,18,3,9.63784347799885
1115.6658672862752,416.03514689665707,15.39,8.01,123.3,2,17,2,9.166177212824664
1001.2930614915234,64.46423713745801,29.96,19.21,575.7,5,8,2,9.746464259737648
121.40721446531514,532.0825225620263,38.25,18.65,713.4,4,18,0,4.082937974318713
497.4266222635423,360.2656168699891,19.25,3.73,71.9,4,12,2,6.397970588816291
134.54228899151343,481.7061221920078,6.6,22.38,147.8,3,9,0,3.403759612027401
202.39616604830496,179.8610211134412,27.66,20.37,563.4,0,17,4,1.5304055104161853
836.3423041075822,99.56724585946887,3.35,20.51,68.8,5,12,3,9.131742723832243
878.8491798691019,430.39625671646724,32.12,20.8,668.1,4,14,1,8.784380969194842
946.5671646818215,482.5131311654424,22.45,15.82,355.1,0,13,3,6.977662504933594
1049.3113338223425,250.0391141629961,21.12,24.85,524.9,1,9,2,8.316508564911864
908.163244693691,43.50459693029741,24.07,6.94,167.1,2,18,2,5.938976946660825
976.9761831594279,496.4047940527028,22.11,4.59,101.5,1,16,0,8.051886895067593
134.83935500207275,147.47352660835116,14.98,18.49,277.0,3,12,3,3.3910493527755308
342.6793684942544,223.24820688156828,13.42,9.47,127.0,3,13,5,5.342878146121021
776.5255061802752,388.0916744329642,18.37,16.38,300.9,1,6,1,5.015131611843118
1041.100341179802,86.97418995044255,36.11,11.62,419.5,4,15,2,7.204576109055568
85.04013993241821,71.037586698924,8.01,10.34,82.8,1,17,2,1.30811434442568
656.3848631703117,44.65114979790633,15.02,22.65,340.1,0,18,1,2.9573703955327484
838.5618872881248,552.4847203364895,10.12,6.12,62.0,5,13,2,11.211067602952511
113.1601638240468,207.48816423313372,18.8,7.16,134.6,1,18,1,1.4124844914909183
529.5182244597945,406.57552461676516,7.94,17.69,140.5,1,16,3,4.576987203152257
1083.1110671497404,593.8640919401131,31.15,20.22,629.8,4,12,3,13.908554932340806
832.2063459185617,411.5869523303078,6.83,21.31,145.5,4,16,3,9.82662003378359
346.17736696386896,329.3040336380226,27.61,8.09,223.3,0,8,3,2.4426818963884114
1035.1148651877422,326.92436210482595,12.91,22.41,289.2,0,14,1,7.145344752466553
469.79519421865604,244.84277461966445,20.47,16.41,335.9,5,14,3,7.7932025920259465
1035.7460316813467,371.87440389439865,10.4,21.11,219.5,3,12,4,8.99067623360905
414.81688925317417,576.5110920410515,30.02,4.51,135.3,2,14,1,6.0418839823768575
741.1586809891269,479.1850992080368,38.09,10.85,413.3,2,17,2,6.686885081763627
524.5728758775742,271.80917170894537,11.2,14.55,163.0,3,13,3,5.464776937501014
387.80405684567506,219.49355254854396,38.27,15.69,600.5,4,10,1,4.8688103331940225
1072.9444696324936,533.6129718851791,15.04,5.18,77.9,0,11,4,8.236542723531091
290.1049237722303,107.39792060715847,23.64,14.85,351.1,1,13,3,2.793177290903679
174.98898218405466,514.2635964696519,28.96,17.64,510.9,5,13,2,5.592070673078539
462.9581711711396,175.39375396512946,10.37,10.96,113.6,1,10,0,3.2765619002156967
883.7558453585557,437.9086643922731,19.46,14.02,272.7,5,12,3,10.564119757738982
984.3233986934355,489.54573104165314,5.51,9.44,52.0,2,9,1,8.980571317716603
1198.5925744747767,301.8880148401794,28.79,22.15,637.7,1,18,2,8.2599885527575
411.9255038525047,139.60186640109637,18.41,16.18,298.0,3,12,7,5.125291164365165
536.894985267036,511.517613773554,35.99,15.13,544.5,3,16,1,6.612849836246552
233.23983139318145,239.47975668038941,13.14,23.78,312.4,2,10,1,2.834268545727752
723.8565611777976,212.787748475036,37.17,17.63,655.3,4,11,0,7.406649684143595
1197.2896417344673,320.70922394146055,8.22,9.16,75.2,0,9,2,9.293969395968283
864.9867313351375,277.9991574292331,25.46,17.12,435.8,0,13,2,5.364163573947991
746.6383812629764,419.3397637120728,14.39,24.16,347.6,3,14,3,8.106957711474156
519.4533840724093,108.20275077241926,9.73,3.52,34.2,3,13,5,6.084381776403802
1105.1346115198214,278.34310280728755,6.48,16.79,108.7,4,16,0,11.756254052728892
636.5465876659914,538.2700323983663,27.26,6.45,175.8,5,12,1,8.768918552511193
230.4909429106289,50.5557443806435,11.63,20.96,243.7,5,16,2,5.153496805029621
489.2238787830295,290.68284989739607,24.19,17.1,413.6,3,6,1,4.930332269821137
155.2266691094989,406.5032208395698,39.24,23.61,926.6,3,10,0,3.9467716919445146
306.21652221143535,535.9953196139317,14.69,17.73,260.5,5,15,1,6.097851300405321
99.78903471990166,368.45814935191015,4.29,3.38,14.5,5,10,2,4.174034526754526
587.673506480183,499.9560346064173,8.28,14.23,117.9,0,15,1,4.224742828036971
790.6850967460128,156.93388080679327,7.41,22.88,169.7,3,13,1,7.463821732713586
464.4875578643767,231.10137864987993,20.14,8.11,163.4,5,12,0,5.913680450364075
550.8275840859103,567.0153961389843,30.55,4.82,147.4,0,13,2,4.2252266663288145
1154.314385585925,535.0058144628312,13.97,18.84,263.1,5,17,4,12.061475683133438
922.1986961639054,348.0332001325616,8.4,14.06,118.0,4,14,1,9.18744205607515
685.7594333783454,301.02835254306177,26.71,4.05,108.1,0,18,1,4.013645868746346
398.68578012524426,287.10841312904137,14.14,9.16,129.5,3,7,4,5.360275903713564
1084.6364146257547,63.51010709319914,24.28,10.19,247.4,2,16,3,8.67456813684449
343.3087709063386,538.6549492552431,37.55,17.69,664.4,2,17,2,4.15384920149003
444.3838581786783,496.3452197967412,13.78,13.38,184.3,3,18,4,5.641275153310784
1098.1525921537022,290.06315249488426,21.96,13.72,301.3,4,13,1,11.88952578753273
673.087101919281,189.28078445009984,32.85,20.75,681.5,5,12,1,7.646241522905853
911.3961033481339,225.46474566312241,28.59,9.13,260.9,2,13,1,7.9379826126055475
741.6341694634181,100.201533947547,30.8,17.8,548.2,0,17,0,4.429627495157746
811.8519140906345,441.4201525442619,31.59,11.09,350.2,5,17,4,11.678161600458505
415.3092864966046,347.3018182362689,22.98,12.2,280.4,2,18,2,4.358199285721235
350.3367090218625,163.43895101019012,22.83,15.23,347.8,4,18,1,5.505290249715831
441.1914288289051,385.1131760842831,29.6,18.3,541.8,4,14,0,5.732196925928723
254.09455177343315,588.1612221253356,28.81,23.79,685.6,0,9,1,2.4033474779287056
1059.2320891257043,99.76522722142214,27.79,8.92,247.9,2,7,5,6.7206831574284855
397.2365652401278,291.3364560564368,17.14,5.28,90.5,0,17,6,3.320279648413455
708.8681217441108,311.67052792561225,33.66,12.43,418.5,3,7,2,6.758867584437874
967.0113561583389,125.07441187956738,11.74,15.03,176.4,4,6,1,7.78777291351179
957.8830025007992,333.0007202684694,8.76,8.02,70.2,3,12,0,7.2182067076368375
570.992609614296,375.4070373724113,15.77,22.59,356.3,1,15,2,4.610248990341503
613.4081856171327,119.68638712654233,12.39,20.57,255.0,5,15,3,7.983069701546029
1194.0659588072278,118.19262243505955,27.54,13.86,381.7,0,9,1,7.048364659106994
835.5491742165069,518.1187679112409,11.55,12.9,149.0,0,12,2,5.717289015513472
992.3950562920286,207.49083890192557,27.29,3.9,106.3,2,17,2,8.949855233870162
1090.8604455255397,389.29003063481963,21.99,14.81,325.7,5,16,4,12.533829322199512
962.1006165768599,387.26065313487203,8.64,16.11,139.2,5,17,2,11.192214485791656
287.4008663479957,508.327399082102,12.56,22.62,284.1,3,16,0,4.610649170782891
709.6312217860809,451.7399398019684,22.3,14.02,312.8,5,7,3,10.876239722222445
194.12145619229025,509.12856705981835,30.12,6.46,194.7,5,8,3,5.3791610163364085
811.2727817516782,386.37243010087946,17.74,6.96,123.5,3,8,2,9.029809119669519
1149.9913595703483,286.19058149297655,11.61,6.52,75.7,0,7,2,5.829816397783489
654.2599120161246,254.33291714845257,13.92,23.65,329.1,5,17,1,7.806775390681231
564.9291920118992,246.04696699701842,6.52,20.45,133.4,3,15,3,5.654506581999773
120.14388158834277,268.48406580821995,3.93,21.14,83.1,0,17,2,1.0
1154.9474650087268,103.70627372764908,39.01,21.49,838.2,5,10,2,10.28055019664831
195.36300622577784,271.6562714718052,6.57,5.1,33.5,2,18,4,2.8125123873191438
126.00858450142857,251.98359710549406,7.62,18.45,140.6,4,18,4,3.825107136414928
355.5946048855311,49.70584809139194,35.23,18.5,651.5,1,7,1,2.871300704046076
153.3940859885883,186.8245305360138,27.55,7.95,218.9,0,17,3,1.0
589.7319835011738,458.5869756019236,19.13,13.79,264.0,2,7,2,5.931787009440518
658.0183374079659,359.42897570348646,27.01,17.57,474.7,2,11,1,5.941173688182841
430.078342912014,489.51547315093717,37.59,22.74,855.0,5,8,1,7.253672284711956
137.07574048387238,339.332185297036,6.68,5.43,36.3,0,13,1,1.0
204.9924124391339,516.8277463209024,12.02,22.63,271.9,5,6,4,5.713121456520463
510.6449033487195,483.7582467729785,34.83,23.29,811.3,0,17,3,4.820277755139342
147.79186492572046,86.02220498108085,31.88,23.32,743.5,5,12,1,5.0260719172044555
861.972492683103,586.8936297691157,39.79,3.11,123.6,4,17,4,14.716874790298325
311.8630065077894,38.40604473375741,14.61,7.86,114.9,2,11,0,3.266679817099036
418.32015703767513,370.1976816198826,37.96,18.21,691.2,5,13,2,7.6882111858498785
521.4208704394691,481.7315603105545,15.72,10.08,158.4,2,15,1,5.411501904620422
546.6027890374456,219.17965971501496,29.46,4.34,128.0,3,18,1,4.656003439755317
81.85999259577659,371.18478160938,35.66,19.78,705.6,0,10,0,1.0
205.51881551854126,236.40984258304553,9.32,3.63,33.8,0,12,4,1.126673526230848
1046.2963113897836,64.55053575427608,10.61,12.81,135.9,2,10,0,7.032014540296748
81.38103001333711,34.82306588091862,24.5,23.85,584.1,1,6,1,1.2015826898902193
649.1474385104201,84.07135716337734,34.22,12.69,434.1,1,17,1,4.338527220110257
628.242247288073,86.09346864842666,5.92,23.06,136.6,2,13,3,6.376936922109107
453.0654603319144,378.20717311443747,34.48,12.0,413.7,3,10,2,5.347198837649886
563.0862625640236,329.74318164863257,15.7,10.63,166.8,0,16,2,3.517888490312665
954.2508740297744,289.614081098691,18.03,5.36,96.7,4,16,2,10.616923612913286
1022.1481509607512,424.395241093378,15.57,10.88,169.4,5,18,4,10.179955245413465
371.59036862508003,39.59089809709558,36.72,10.41,382.4,5,11,2,6.7513816908464435
441.18929388385743,184.46058440696663,7.84,21.62,169.5,1,7,2,3.2325006679280013
351.58079539173264,473.11385683394786,24.25,23.24,563.5,5,12,0,5.878338506271749
617.447008617193,548.6869507147576,8.48,3.48,29.5,0,11,0,4.398948054884737
845.2493605778704,279.8518598554215,37.36,5.16,192.8,0,8,6,7.122943957287877
335.64322051903105,76.44586867892582,32.52,17.15,557.8,4,13,5,4.769029922503842
450.4240311014507,485.27538136023816,11.65,13.66,159.2,4,11,1,6.204153557048418
1122.0307716998486,534.5471469654581,14.02,9.53,133.6,0,17,0,8.92733258161205
134.39760462859306,265.7863542954201,17.12,8.72,149.2,2,6,2,2.459659127932289
596.0619578683142,168.7124947345579,18.0,7.94,143.0,2,15,1,4.678255894032522
876.9450065883912,55.063850887078814,33.24,14.56,484.0,4,13,0,8.770819862829311
248.50849294437094,366.91720848006787,23.89,3.38,80.8,3,9,1,4.371557816867904
133.05890240613968,548.6256096206246,18.83,19.26,362.7,3,10,0,3.4285513115077064
234.79001623515444,416.39617454658566,29.62,9.61,284.6,0,17,0,1.6270199456788867
1109.0819767543649,210.8317007999986,19.94,12.39,247.1,5,10,2,10.451529674016463
90.37095563965822,396.44634484528115,7.74,14.6,113.0,3,14,1,2.9428051729178324
290.92061178871404,504.2789922453745,6.98,7.65,53.4,4,12,0,4.681985512563491
115.0375344498419,301.223133829191,15.06,22.44,338.0,2,17,0,2.2091898077142225
203.90500366966765,497.256639298768,25.31,18.01,455.7,1,14,4,2.619505248740558
774.5672010236918,253.38851569982185,7.99,22.15,176.9,4,16,4,8.323449885848914
350.63557778777607,228.64823679958926,23.35,13.46,314.4,1,17,3,3.213842002235795
717.517496482358,362.3035167507758,12.98,12.51,162.4,1,7,0,5.482170584155273
741.0188286980613,294.8712580858543,28.73,8.22,236.1,3,16,2,7.50468411536498
1031.3675730605526,586.9537946628175,4.05,14.99,60.6,2,18,0,8.840091423968541
85.3103600612988,324.3419714110596,20.35,16.05,326.7,5,6,1,4.605769046244364
1035.7737944634507,249.54805648213227,4.93,12.24,60.4,3,11,2,9.219056692389014
773.4133767982108,255.11211958326567,15.23,6.2,94.4,2,9,1,7.540871596732043
262.27270443755253,342.3257718494765,3.58,9.01,32.2,0,18,1,1.4856532255797628
945.6898747115181,232.29986166467137,20.36,3.31,67.5,2,10,3,7.589509788903803
1038.1505268054561,442.0567631200135,31.38,10.02,314.5,0,8,4,10.153543595661512
364.7751018046562,246.97786878993531,6.71,15.78,105.8,1,7,1,2.5582648904306104
1109.0489226110026,248.96230031938856,30.2,24.03,725.7,1,16,2,9.002392029465662
588.9923219344968,381.67475214477867,24.62,6.91,170.2,3,6,1,5.190455021587021
755.8353888533201,64.68271743672568,21.67,4.22,91.5,0,9,4,4.8957470833283425
1182.8074776517608,403.5523033256333,25.18,9.52,239.7,0,13,3,9.13952978700346
484.92040807590325,317.83416378045166,15.43,6.45,99.5,0,6,1,2.4210814491133625
990.7384673185264,288.22488514338573,29.28,18.3,535.9,5,8,1,11.873089862590806
436.6070119678748,439.9742047035323,31.85,3.13,99.6,5,18,5,7.3820107018128915
975.1191449104699,462.20579574277076,31.79,24.58,781.5,1,11,1,6.649652678826493
752.8219891261596,512.3686921451018,12.97,21.82,283.1,2,9,1,7.818397410075057
322.3183786524496,243.63777886594494,27.19,13.79,375.1,1,17,1,3.1387111812394806
543.7092250439448,216.41148458442723,8.48,23.26,197.2,3,7,1,4.637660683061491
435.7519104871891,437.1749978518761,21.33,16.82,358.7,3,9,0,4.232227254406479
167.48140025000754,361.62876971005414,3.1,24.86,77.0,1,17,0,1.937774114059514
113.41494251166118,390.1268814205355,10.16,9.12,92.7,3,15,2,2.957347020194553
468.05609405604264,346.64805705032614,26.37,24.93,657.6,0,11,0,2.9523373827669808
101.31824555558497,470.4350232261971,35.35,6.97,246.2,3,18,1,3.053144746830108
265.34628849158804,138.3233064405273,4.81,10.78,51.9,4,13,1,4.943816201678277
892.205319352973,346.7559156625961,23.67,23.58,558.0,0,15,2,5.3846837475771165
873.0621839656185,120.11801969786899,26.56,11.15,296.2,4,18,2,6.950007117509875
907.2100328322686,262.1336053958654,37.5,7.62,285.6,4,12,3,8.79769344738962
435.2115516655762,408.47647934716264,27.24,4.31,117.4,5,12,3,6.232445898577196
1076.821791971819,311.0508167390771,6.81,6.28,42.8,4,14,2,9.598438028539233
745.0902137918613,246.3671759031433,8.43,10.81,91.2,0,6,3,4.031173431649333
221.1495027562217,534.4329008068955,26.52,12.27,325.4,0,11,4,1.5372774125611657
240.96490083019825,470.5106572635627,10.98,14.93,163.9,0,14,1,1.809471783007931
856.2668781612657,329.98574745021375,37.35,20.9,780.5,3,10,4,8.025710766610413
273.6972088151274,571.530298735028,37.07,3.3,122.1,4,15,4,5.552123911497953
648.1678257718885,271.8882149779465,38.1,21.5,819.3,3,11,2,5.6465392407870425
1190.787413040156,479.2015687252204,13.84,15.7,217.3,1,8,1,9.784099206156666
84.48851730134024,125.72365668680821,29.53,19.64,580.0,1,7,1,1.2490398629825068
98.56937812526375,192.90171195304026,27.53,19.65,541.1,0,13,2,1.0
1192.2547317621672,222.70878136035427,4.32,22.87,98.7,2,8,4,10.34659134185879
734.7954942302654,90.31782904157828,12.83,5.05,64.8,1,10,1,4.5171681625003846
222.1391725807347,316.0287445933587,10.65,15.57,165.9,1,12,3,2.028542456853223
1084.9784637245848,139.58827645210255,16.72,23.0,384.5,0,6,1,5.574606286560981
1066.0259361430153,391.4859569863054,38.26,18.82,720.2,1,11,0,6.871845597002987
680.5444626847402,138.35264495662042,34.29,5.12,175.7,5,10,0,8.255792245837991
776.4070734440473,100.39856668338695,13.86,16.51,228.7,1,10,0,4.616501296544789
385.9696544809815,582.379434731387,22.61,20.6,465.7,5,17,1,7.566528681991057
136.58205993664578,405.19697431233055,10.11,9.05,91.5,0,18,2,1.0
745.915721957768,563.7770213838385,13.27,16.91,224.4,3,9,3,8.690714813820426
410.1258163870946,309.2360414361422,5.41,21.49,116.2,0,17,4,3.175910189460791
823.2555722595941,49.039403946123315,26.78,14.53,388.9,2,8,2,6.525191363516209
1016.5945980637134,357.39156714592303,27.31,7.27,198.6,5,10,2,10.322081287795386
100.33980918408774,348.2474654963538,34.02,15.09,513.5,4,18,0,3.4550273772878812
747.1994276480146,38.536095383858566,35.25,15.94,561.7,3,7,3,6.062001737361478
339.0342044492745,520.907965309044,8.92,11.86,105.8,3,10,3,4.803529412989416
1058.7551176522575,383.3832879513621,30.49,17.95,547.4,3,16,1,11.130486423961056
364.1042473492479,454.47396654440325,7.98,12.53,100.1,4,18,1,4.737331862368017
764.0625492236685,311.5350305097833,16.83,22.3,375.3,3,18,2,6.505953873877972
699.9657409003648,382.4893896077099,22.07,20.42,450.7,3,17,4,6.9248723218469745
523.7064800663588,176.7578391402588,4.83,20.7,100.0,0,18,2,2.9282200906617244
838.9352552317694,585.0419276281289,8.8,14.57,128.3,5,12,1,11.032009979163915
892.8619908812859,258.4104043021691,13.03,7.32,95.4,3,10,3,7.998011039505961
714.9703307577132,122.52617416244858,7.72,18.94,146.2,1,11,9,6.2007633565552425
929.4329056469246,61.87178847353758,37.56,4.52,169.6,0,7,1,4.1668583746541294
1181.4271251120902,392.61800185866156,13.67,14.39,196.6,3,7,4,10.882467277960993
549.5850744489018,590.5265151705798,21.54,4.17,89.7,4,18,7,7.7782273895848775
656.3330181117946,540.6028632023806,39.87,14.63,583.1,4,8,1,8.834292798828223
93.96626329415882,430.19960346725577,23.97,18.09,433.5,5,14,1,5.1544727734302365
971.5519830676238,594.6408195259306,18.23,12.22,222.8,5,9,1,12.087879868152031
662.657675091513,442.0121093640007,37.4,12.17,455.3,3,14,2,8.203120225450169
536.916802003833,223.3731403387957,11.23,5.7,64.0,5,12,1,6.85547223648412
185.3605986601233,372.6943358442987,9.64,9.64,93.0,0,7,0,1.1001752810848395
1076.415192276445,75.46698621677007,22.81,12.77,291.4,2,10,6,9.381236201278917
522.4081088454232,156.35901942684828,18.81,22.0,413.8,2,15,2,4.688333627477801
844.4913899943268,267.9979344792406,32.49,22.76,739.3,4,16,1,8.55615610624671
247.29905513232887,145.0365413309358,4.55,23.98,109.2,1,9,4,2.3971424900933744
1156.9355850859565,573.4955784520572,25.86,5.21,134.6,1,9,1,11.180336314015523
279.85477324045064,597.4905902444501,29.3,9.52,278.8,5,15,2,6.7896366147437535
303.48703204742924,241.4334744693493,38.96,13.18,513.7,3,11,1,4.23637739558382
1042.0608038246394,434.2605220640032,8.39,17.12,143.7,3,6,1,7.922791708632971
1102.092673438963,262.4293164780471,12.11,18.46,223.6,1,7,0,6.229317590264487
317.6050964260976,109.52024650013765,37.5,20.29,761.0,3,10,3,4.460641028421744
606.1769947558073,222.0483031902019,26.33,13.91,366.3,2,9,2,5.956434641994827
901.5142931103694,163.02186826792803,4.41,15.24,67.2,3,7,2,7.879729434815085
1063.7696218680978,217.00458563222927,5.86,24.13,141.5,5,16,3,9.514861169098145
504.5390184417818,152.5623623866984,32.06,8.28,265.5,1,11,1,3.68042419848195
659.0618252713607,94.03671786320045,24.0,20.68,496.3,4,15,1,7.490271915747289
910.7223797821031,153.93420473657534,23.92,18.66,446.4,3,6,4,6.346120744780023
898.8722938511308,546.2815081430103,35.56,6.08,216.2,2,11,1,7.862779620238785
956.915345629215,78.57635519262138,11.92,23.38,278.7,5,12,1,9.430141399739359
718.3258768785096,215.11128694048367,8.94,21.82,195.0,0,13,0,3.896518219633464
197.16890842134825,331.2164398665021,25.71,20.15,518.0,4,18,3,4.502463974396869
1092.4500857834048,232.07221402166337,35.65,5.79,206.4,2,11,4,8.700846568854644
1049.4412440395515,325.03604416076575,12.81,6.07,77.8,4,12,2,9.16658906864138
973.869128116533,54.74943433358176,28.21,18.03,508.6,0,17,3,5.835945046003575
191.84597442001703,399.68469101769534,8.64,5.36,46.3,4,11,3,4.572149832821032
308.9250511312007,351.18291688695433,9.36,5.49,51.4,0,11,2,1.7211934478338082
912.8324089205702,418.1507715371742,36.36,11.81,429.2,2,8,1,7.677065500800562
105.91690593178001,353.3369550215251,7.36,3.12,23.0,5,15,1,4.816160965363679
1176.7315897521532,279.605041982628,3.9,18.87,73.6,3,6,3,10.293833222246962
502.4020419983624,229.580679107627,31.67,14.88,471.4,2,8,1,5.084838091935391
885.6300377337225,159.06805835687243,16.41,4.72,77.5,1,11,2,6.18834075910415
1074.0796191066086,315.0386042797692,17.68,14.96,264.4,0,11,6,7.825591150107855
521.9854747280922,44.84989785517897,32.59,4.19,136.6,0,6,1,2.897837057408512
437.42838723162595,217.09727201661568,9.66,4.56,44.0,4,12,3,5.79517041968031
761.7900643660363,416.3872073317817,27.06,13.68,370.2,1,18,1,5.696755302715565
730.7080985978168,91.96871262122478,14.6,14.0,204.4,0,7,2,3.895590399523831
538.2367749397729,65.84800812213129,6.86,10.46,71.7,2,12,0,3.952388234631289
753.9877265718335,401.7418050160782,28.44,16.68,474.3,2,13,1,6.725755820104403
1127.6271339144741,256.7315910511396,14.79,11.52,170.4,5,10,3,10.057479994736266
603.757087421788,487.04027083314725,35.06,15.91,558.0,1,13,2,5.4622330483574295
300.3512424407071,564.2674432636546,37.0,10.7,395.8,1,10,1,3.446160205080721
502.47070082896437,575.5130586275689,34.41,18.73,644.6,0,8,4,5.388833081585233
521.3998205042928,272.5879267196822,14.93,15.74,235.0,1,16,2,4.277915650105384
226.84173618936623,180.6665178367684,11.75,6.52,76.6,3,18,4,3.6410274101116467
262.4160806211015,376.9098310832125,36.03,18.1,652.1,1,11,2,2.089102727764651
846.7095222009185,388.0699677790947,19.76,20.25,400.1,4,7,0,7.701375545800297
460.215084713971,384.73661356326113,29.19,4.45,129.9,4,8,1,6.126493110659879
1149.4861988785044,213.41380981976226,33.61,16.42,551.8,2,17,2,8.95544456136442
352.82835480164033,66.33848975786273,13.27,20.39,270.7,1,17,0,2.667823780851369
190.79544571740098,149.7027581305914,7.41,5.52,40.9,4,12,1,4.276563321450538
923.9251105602889,118.01907397267323,26.12,22.84,596.5,5,17,3,10.924158927262438
1066.7603781480143,100.62319709648682,24.84,12.13,301.2,5,8,1,9.85175775842104
391.4869596960664,557.9814930107966,13.0,19.23,250.0,5,11,3,7.913586508404627
306.33867384293535,37.89315820516172,24.63,22.78,561.1,4,7,1,5.081660791913084
288.05807105561763,373.05891136470336,32.24,24.77,798.7,4,13,5,6.39414873715125
664.6537775304938,570.060063571878,15.95,15.85,252.8,5,15,1,8.53120798096452
604.6266381963835,235.2302826716529,11.97,18.49,221.3,2,18,3,5.440073123676449
370.57262063707833,330.4459108283036,29.83,8.54,254.6,5,15,1,6.5442177687305145
130.59389102815754,426.596688180841,32.08,9.38,300.9,0,14,2,1.1170737267223767
619.2703011654344,210.78672595519615,38.31,21.72,831.9,4,14,1,7.904419702926176
1154.4522293518814,302.261632993132,8.46,11.76,99.5,2,14,1,10.032149773067587
810.8215048429828,495.74862468966865,35.9,21.09,757.3,1,11,5,6.87201943636566
634.9673434240526,454.85272920975024,31.31,4.11,128.8,4,12,1,8.034457803918466
203.97512291317005,490.81616455091915,28.97,7.8,226.0,1,8,2,2.2182983379603542
362.72864541553776,592.7838932677639,14.58,6.74,98.3,5,6,1,6.364838813267385
410.14682352348785,241.08666071362202,3.82,14.6,55.8,4,16,1,6.003700725269759
936.5799789201025,455.84201987339065,21.78,4.77,103.9,0,12,4,6.121465942711641
1061.9160929363736,373.58720324813027,13.57,10.57,143.4,5,17,3,11.298024748515807
1089.838875994411,409.96471731608193,13.72,24.7,338.9,0,7,2,6.484155661766547
1182.7168412408446,451.72812575477263,37.3,20.47,763.7,4,11,3,12.077502893509998
1180.2506850770762,457.3468506593994,8.66,19.73,170.9,4,9,2,12.378490880649945
1147.359028700139,534.8747350980473,37.57,5.97,224.4,3,16,4,13.841511437925448
160.4407973632305,229.11335488455157,21.64,11.02,238.5,3,10,1,3.86339338694094
234.32876023914181,402.48437298378906,34.02,17.97,611.4,4,14,4,5.514384233560888
421.00250965315684,189.76554601020783,13.49,3.48,46.9,5,7,1,6.00196726553246
699.2460445521968,368.90416191667583,26.46,12.55,331.9,4,12,1,7.778782171508796
188.6152353501368,458.1698298979989,23.59,23.43,552.8,1,11,2,1.9722295726748715
1027.2925927383994,480.870619112135,37.19,4.81,179.0,3,13,3,10.939492666488917
770.7669205665861,269.47096670379995,9.63,22.94,221.0,1,13,0,6.843146670085082
687.4481305784695,319.9705272247751,10.57,7.28,76.9,0,7,4,4.394675499478009
265.1486821713661,220.29441516699853,38.11,7.16,272.9,0,6,4,1.6469991142616214
363.64613132822103,126.3507175275894,6.62,7.3,48.4,2,7,4,3.63892109096867
259.549467980129,178.49492095974335,26.48,23.49,622.0,5,8,3,5.904239931541456
1034.1651367301745,549.9180927928999,5.24,16.28,85.3,0,15,0,7.187124338039679
734.3352032685643,206.1126391733101,5.85,19.52,114.2,0,9,2,4.311579489701412
903.3449588219894,585.6128201209978,25.09,11.06,277.6,0,18,0,6.1536586028026035
411.5568064592288,167.64250857276758,23.4,22.21,519.8,1,7,4,2.917919460781151
495.80295353887044,442.15051986419553,24.2,15.8,382.5,3,12,2,6.520244390961652
533.4375601577178,357.12487733594634,20.53,16.2,332.4,4,15,1,7.0493974019865515
931.216768353319,427.2159282291352,30.47,19.55,595.7,0,6,2,5.689602911464903
945.0353461955162,397.05602956723317,39.71,20.02,795.0,4,12,2,8.168632714250888
311.6311508157155,432.8466926506258,13.2,18.0,237.7,5,6,1,6.34586225352159
1134.523519546671,546.1618176082117,14.97,5.62,84.1,0,16,2,9.540292691913484
215.13397793692877,351.1776127556144,14.95,22.07,330.0,2,12,0,3.4311800504792727
1083.656732314466,68.67380625527727,31.24,8.74,273.0,4,17,1,10.661849272829329
192.4431231277864,184.37049763473274,15.88,24.92,395.6,4,14,2,4.865049923165129
376.28458848946843,433.6848188329954,28.04,11.48,321.9,1,10,1,3.0755863964877643
1028.055960396112,311.62253794613383,19.5,5.64,110.0,0,8,4,7.649293653122728
281.0311210276179,342.6746300932215,25.49,9.95,253.7,2,8,4,3.937888941076903
543.1960830671662,370.0508595667661,33.67,15.62,525.9,5,6,2,7.9200637242785
583.8424159374214,248.09868560120486,22.02,11.61,255.7,5,9,5,8.092577488768663
354.6900497859948,471.12044930007744,20.58,21.23,437.0,2,15,2,3.6485085173153653
875.474625496305,442.4148838210327,12.88,18.01,231.9,3,10,0,9.057633967985494
1033.4948073304681,437.1506649500749,22.09,7.7,170.0,3,7,0,8.790624559778255
1059.5241566382404,437.72679919991845,12.71,14.85,188.8,2,7,3,9.172523661822769
460.04080322494826,537.5040609429213,34.21,20.33,695.4,3,11,0,5.305802431642883
674.5524416023521,369.3738842826664,17.39,22.61,393.1,1,8,4,6.870551507784571
358.21517232952965,581.2311537132663,7.78,11.69,90.9,3,15,4,5.738033854602002
354.1720817361629,97.9398301026636,11.88,23.34,277.2,3,10,3,4.428859482233316
260.604550394155,390.2166166585027,22.78,3.79,86.4,3,7,3,4.214357000860714
1132.8212921044164,438.64813118340345,36.9,17.89,660.1,5,9,1,13.124839738258629
1074.5474880382494,302.01563424398495,14.12,20.2,285.3,4,11,1,9.555265462575706
950.6417589270153,194.2787802804538,12.78,12.35,157.9,4,6,5,9.59279819460716
659.7809038422565,343.5213480453265,18.04,3.24,58.5,4,7,2,7.479694811238745
629.4808653732965,237.90617776570053,38.81,18.11,703.0,3,18,1,6.010136216174817
673.3151461243978,548.2007205086554,34.27,10.54,361.1,1,10,1,4.991138703215821
680.9561752063399,233.3716751439553,8.54,6.34,54.1,3,15,1,6.120034165272904
566.7106548614131,130.15298584021357,25.71,6.46,166.0,5,17,1,7.948106773679471
227.56541283911557,358.54180989430813,32.3,19.92,643.4,5,7,2,6.103935801039057
220.74351521276031,255.71577708681053,31.42,7.12,223.8,2,14,1,3.4160043763532904
1146.5196817471654,84.66194253647939,21.09,13.65,287.8,2,16,1,9.300333124233292
619.8744507367127,351.9601400688078,30.08,24.35,732.4,1,6,2,4.964126657564048
1147.5901878938116,336.5724543644498,24.59,19.69,484.3,0,10,1,6.826927182794137
263.20610303532317,128.7223393809212,10.45,15.04,157.2,1,7,1,2.2186367601430503
700.9465382847256,370.6537563071104,5.07,14.62,74.2,0,6,3,4.333245325052052
312.64332375372396,353.3946150987687,16.67,6.68,111.4,2,9,6,4.567089461362593
363.56675886179374,470.9591951337068,5.29,12.82,67.8,0,8,5,3.593354887974324
113.66112821252024,236.09486001030157,17.62,6.19,109.0,1,17,3,1.7340539614072334
213.22770802903668,171.79292848827438,33.67,4.84,162.9,4,9,1,4.795769603475935
1106.8702165446991,572.195335573342,34.24,5.4,184.9,5,15,4,12.644039019256056
440.1169504602115,349.89398798618925,4.26,16.35,69.6,5,6,2,6.55247121607725
761.1047173443426,45.46977656398278,5.57,7.26,40.4,3,14,4,7.183150693432409
600.8158278279858,497.8056599436936,27.79,6.29,174.6,3,15,2,6.215503790708428
528.5053946747116,142.15209472379624,21.5,22.08,474.7,5,7,4,7.491821255422762
675.7124223075963,478.04070105813076,8.53,5.68,48.5,3,11,4,5.72109142434336
289.7076179691825,431.9425834788999,32.8,18.52,607.7,0,18,2,1.8113333582072606
1187.2363663419258,582.2238228299997,11.01,12.17,134.0,5,13,2,14.496768034480231
996.5048129483265,580.3802019088799,5.89,15.74,92.7,3,16,2,13.316959998020359
910.6083886592971,186.41405605378316,30.73,3.51,108.0,3,11,0,7.085523008127556
605.0104126556267,466.8762612973485,25.5,3.0,76.5,0,9,2,4.796717944502842
251.22237678149628,210.60739889455664,17.59,20.98,369.1,2,12,3,2.933585152680315
1111.145761266396,388.6428251328687,28.63,13.46,385.4,2,11,1,9.624643745884393
462.353515467535,370.7152684241181,36.72,4.57,167.8,4,18,2,5.762750743099542
136.11949246056582,61.08980390406386,4.26,10.56,45.0,2,11,0,2.6186858412679497
463.4921180279041,32.95359740615382,26.22,14.14,370.8,2,14,0,3.9665636060782927
969.7918741553905,62.92548831904142,11.07,5.98,66.2,4,13,0,9.264460970727793
777.4337943867931,102.92696709309243,20.54,15.02,308.5,0,10,1,3.878198473144817
920.9392149142428,176.861920068231,18.69,14.63,273.4,4,10,1,7.800702414634484
968.8716299258627,546.9644772482606,17.43,16.26,283.4,0,16,4,9.56205308076988
317.3891644102077,325.6206249476112,10.04,20.83,209.2,1,8,0,3.2307252110219995
1114.6373140243618,484.22829113924956,32.7,12.08,395.0,2,11,2,9.149478264461617
570.5483552708173,507.8376987011086,17.04,22.55,384.3,1,14,2,5.497136695371396
795.6952871758643,448.9175661966085,35.83,13.44,481.6,0,6,0,4.738195802900335
82.58582529715105,253.089520919726,16.12,13.06,210.5,2,14,0,2.2075263191303667
1192.5727182205194,522.3998544893602,34.07,17.43,593.7,4,16,1,11.852635422439858
394.60395227985373,452.96835939292475,23.15,16.59,383.9,1,11,2,2.720239342756278
149.51067932497386,453.5963227408799,17.27,3.25,56.1,1,13,1,1.644094289347359
593.2534865208956,543.8973664843745,29.05,24.61,715.0,4,12,1,7.501171381761225
224.51366404388676,371.2381793008797,32.11,23.74,762.2,5,14,1,5.527936210628339
250.6059153764848,331.28742507844066,20.86,9.19,191.7,3,6,2,3.949753938152849
788.1567505938353,537.3926578303328,18.74,15.29,286.5,3,14,1,8.501637433797502
520.0786785586613,289.0431850535922,24.36,19.95,486.1,4,11,5,6.491111032043124
1112.4747441735944,492.59529673644045,24.65,23.25,573.1,0,6,0,6.727290871774253
437.4552739610385,60.69242545354041,18.74,15.89,297.8,5,16,3,7.421406309366459
893.3217437899692,30.735268340103616,31.03,3.42,106.0,2,7,4,6.55430795209011
596.4313617734965,331.1267190744834,17.79,17.97,319.8,2,13,3,6.8564223399277315
819.1454572647923,71.95877947533673,19.76,5.05,99.7,3,17,2,7.413192003145173
751.6587995219093,586.6295176682463,25.4,17.77,451.2,5,17,2,9.18477756292517
609.5180494900779,33.1356692026853,39.51,15.92,629.2,5,14,1,7.168611326855366
1144.0684259793695,439.34529280422845,12.65,17.09,216.2,4,15,1,10.646875892199064
463.8392798855506,168.7292765981458,11.58,7.16,83.0,2,13,1,4.557460386536715
278.50376139918524,581.504643005072,9.54,13.86,132.3,0,16,3,2.4002230501649215
839.4653481854076,247.4787408579008,28.51,16.6,473.1,1,18,2,5.2921808644477695
1027.5284686648579,45.55155297040314,19.62,9.61,188.4,5,11,1,8.643283886623765
125.08418873271461,45.35338628300616,17.38,7.0,121.6,0,11,2,1.0
583.5886110334022,345.4228218830725,10.55,7.9,83.3,2,8,1,5.64782724945778
1079.5862124498053,592.4258280478302,35.97,21.88,786.9,2,18,3,9.274187363915033
919.5728531936116,588.47091497606,19.4,13.22,256.4,4,17,0,11.023980725125336
1190.8246424773436,222.24559420488148,25.48,17.54,447.1,2,15,1,8.306549346744747
675.183468988913,305.14108003767126,7.16,14.33,102.6,4,14,1,7.732420696433317
819.1952050572894,87.25980930475518,6.99,21.35,149.3,3,8,0,6.678639506025504
418.7779148744795,327.64080791528704,5.49,14.19,77.9,5,17,1,7.287319451107847
1141.2398716259113,371.82991145751566,16.59,5.05,83.8,1,6,6,10.168879087796563
490.29574718332066,173.105149398453,20.5,7.36,150.8,4,14,1,6.068822063857695
907.131998209024,378.9052284716491,12.05,3.29,39.7,4,9,2,9.416641649555016
531.5170286133717,542.8248684668647,15.94,21.29,339.4,4,11,1,7.28853067359849
709.2372016705592,30.5445400513839,3.23,17.59,56.9,2,7,4,4.921732158479955
886.1564392241318,160.49225135552837,15.99,19.7,315.0,1,7,2,5.042770357774744
650.0062499615168,149.65415109464473,7.41,18.73,138.8,3,10,1,5.5032460863582155
1095.9366861386495,100.6151357292814,7.75,21.14,163.8,5,11,2,10.031124582777679
549.6171064791474,124.67769126014807,3.17,24.71,78.3,1,17,2,3.920551148328079
804.7204139205242,386.77015085827094,28.77,17.38,499.9,3,13,1,8.326073025870604
463.44592529606064,88.5358023858663,37.46,8.55,320.3,1,6,1,2.6354974500117936
537.1354684187346,450.96301714181135,26.0,5.23,136.0,4,18,2,7.164609081068925
572.8561212215786,535.6028766182785,6.56,15.97,104.8,2,13,4,7.5901742022592575
220.90386050975948,558.1550027816703,39.62,19.96,790.6,5,16,1,5.831704844476313
182.7305205460875,406.3002141622295,39.1,15.35,600.3,0,18,1,1.1681626626455086
827.5887139243689,142.51595406116112,20.32,9.68,196.7,0,12,2,4.338241718082353
814.1798669442186,78.61904805774749,6.99,18.83,131.7,5,8,1,8.882490368046458
822.4588799153067,162.25422366998978,29.67,12.86,381.4,2,11,3,6.1812184893848485
102.13841878381467,578.3155958974743,38.57,9.3,358.9,0,14,0,1.0
445.7324637923935,578.536764997906,31.81,21.5,684.1,5,6,3,7.305627127743723
301.54702893030054,247.69376383345497,26.1,15.68,409.3,2,18,2,3.1218828865902193
951.5295932492938,215.70117842560384,25.6,9.24,236.4,5,10,2,10.294141544864999
1043.9060495636659,320.7060318876673,39.18,10.23,400.8,2,14,3,8.110420746462538
356.282022493285,196.2622121364184,5.71,15.58,88.9,4,18,3,5.2781543268356845
827.9910579097447,588.4075974436711,8.53,12.3,105.0,3,17,1,9.375779689782739
224.8863398732674,156.09619231400913,33.74,6.53,220.4,2,15,1,2.8077115617504624
388.17082867391895,240.4113288441781,8.37,16.43,137.5,2,9,2,4.45404305731563
235.29303578142986,274.74139914910165,17.18,18.16,312.0,1,12,0,2.0484649609176406
397.5432585911367,101.28649315626242,13.42,3.0,40.3,4,12,1,5.481616251762088
835.7049330311912,248.210151258974,12.01,14.81,177.8,3,17,1,9.130945623970426
1099.5661394074828,518.3365104581248,3.95,15.7,62.0,0,6,0,7.076985575057273
306.8250968750883,110.00577083035232,23.95,10.31,246.8,2,6,2,2.7314859313386357
687.1285191448055,362.8925119709267,17.85,10.45,186.5,2,7,1,5.684910657383595
865.5580333926441,261.78316869420956,23.41,9.99,233.8,5,18,1,8.779725692369638
1147.2731647038336,127.2059338869492,14.27,12.8,182.6,2,13,4,9.650195232019943
763.2677408336347,37.03161373604732,37.83,20.86,789.3,3,15,2,5.46061046014952
365.71976275066635,185.8056829892431,24.88,13.32,331.4,0,7,3,2.1372557128356093
780.5355357436086,65.2425075978611,38.56,24.86,958.7,2,6,1,5.461566808746566
438.9501010793781,244.75802863913907,15.95,11.28,179.8,1,14,1,3.8941735377100866
1173.2637975747127,491.819617748627,3.08,18.38,56.7,2,15,2,9.2546393492455
527.6372713832733,440.22059870023907,31.91,15.08,481.1,5,11,0,8.03756025649845
847.679047252336,570.0087156700072,33.61,19.77,664.5,5,7,2,9.323886435717462
106.01489222836949,273.39878788212945,5.17,22.54,116.6,1,12,1,1.4101095799836245
528.068819670926,433.4467971973561,26.14,14.26,372.7,3,14,1,5.949242937391547
1060.120526921213,409.2447815981515,27.46,13.88,381.1,5,8,5,12.737530704729654
763.4547377652353,153.71639280020796,8.39,23.74,199.2,1,9,2,6.874924170543257
577.2160327634936,203.04202798261534,23.44,23.54,551.9,2,15,1,4.450713644732737
1128.249999368013,332.00283403672336,12.0,24.93,299.2,3,8,1,9.955769208358396
1036.4625012848965,484.09467183337546,3.61,6.44,23.2,0,7,0,5.9644007419953935
440.88155468169083,293.2332586438716,35.08,3.08,108.0,2,14,2,4.569106782357239
689.8942102863003,159.81267562005056,21.19,12.62,267.5,0,6,3,3.8176412758995273
628.6031668235582,596.2754434598107,31.92,19.13,610.8,1,11,2,5.256081395230152
788.0668001286458,95.87991962159103,29.75,4.6,136.9,0,13,4,5.8451987542935875
454.20461899380626,574.8566772700568,39.77,11.22,446.2,4,6,5,7.842661610341079
353.50960085779485,491.1563844053786,19.2,15.79,303.3,5,14,0,6.314055182027584
1102.1924554862003,508.16930600547556,18.82,7.68,144.5,1,16,3,10.842538569767912
1114.739439438327,483.10302236215466,13.42,19.09,256.2,0,18,2,7.294905610823863
1024.5216320534164,148.65743654363453,26.13,8.05,210.3,2,9,3,7.53170752712165
1175.5889624563088,390.57195511528784,20.99,21.49,451.1,0,10,2,7.013799754094504
914.3905088732512,461.3473930970311,29.96,10.66,319.5,2,14,4,8.505939385483554
936.4272959894396,455.0409014979413,16.19,16.17,261.8,3,13,3,10.872551132373635
934.1009029981576,184.79226121012422,7.84,14.97,117.4,2,13,1,6.909019525084554
618.2805466553833,133.2380510252984,34.91,9.52,332.4,3,10,2,6.393532411663004
591.2264578559843,217.03010083129303,33.64,12.66,425.8,3,6,3,6.05873916286982
349.05342928688356,303.51135381511335,15.99,21.61,345.5,0,6,1,1.9333682127401486
802.1974976824054,357.0550258262956,28.54,15.06,430.0,4,18,0,7.69017691658549
404.0385524346147,507.06170652192145,21.22,4.22,89.6,4,11,1,6.779156442399865
368.74541886663695,468.34950979163114,31.16,18.69,582.2,0,11,2,2.481797510209296
736.2767389875813,415.4057996299142,17.43,7.01,122.3,2,14,3,7.135529802690612
539.1802748120483,180.18889697737353,22.82,13.69,312.5,1,8,4,4.896957078758289
325.1194018499881,302.9618843929177,5.14,13.31,68.4,2,10,1,3.6394261571110036
993.9827387631709,221.1984482529378,9.47,13.7,129.8,4,11,2,8.141409267965843
1043.8383096097011,163.90906234380446,31.93,3.68,117.6,3,7,2,8.086941075952065
267.8234620391147,35.839855418583284,17.12,8.99,153.9,5,13,2,4.845519616877486
88.40787673599985,223.49332322529364,4.3,4.12,17.7,3,8,3,3.005729547178043
456.46556475289856,175.98627259733425,9.2,12.13,111.6,0,6,2,2.548744781521002
973.2121359624429,355.9843263710855,18.23,16.67,303.9,4,14,2,10.781474884569302
1019.8747301824434,65.51200906171596,29.56,17.39,514.1,0,9,2,5.60986293485286
234.92855852997513,184.1961701248146,16.45,4.42,72.7,2,15,3,2.7796713938830964
947.2562093250173,55.51860929339675,30.57,5.62,171.7,5,12,6,9.928376557269768
209.58866738656099,395.60820557265856,34.75,17.55,609.9,5,6,1,6.21452049054124
516.8701009753127,353.86804838411615,15.62,14.69,229.4,0,15,5,3.614952985913984
1198.4426568133458,222.36361315244974,32.61,21.34,695.8,5,6,2,10.650269882273264
295.70172201861897,113.98072224825997,7.69,7.51,57.8,5,10,0,5.899438149043037
252.4392124869416,576.0143046781791,18.37,5.65,103.7,5,14,4,6.4926338024596735
553.5363724524087,363.1036950115096,6.61,10.96,72.5,4,11,4,7.045999869043007
774.0287490862448,417.0946189460787,4.94,17.02,84.1,0,11,5,5.99551766947714
1124.8488763028436,332.86878936358755,5.39,13.69,73.8,0,8,0,7.407167107024576
1178.5196829969984,489.7239511583369,6.88,5.17,35.5,3,11,3,9.985953655426044
157.997512982362,540.9366282424292,33.92,4.57,155.0,0,9,2,1.3109234716844715
234.55721942965397,248.145009850649,23.12,17.91,414.0,1,18,2,2.3849872729800685
965.6265307635132,423.314427971448,38.05,9.53,362.8,5,14,6,14.850259735132965
383.1080105433637,161.03586619144627,22.91,17.73,406.1,5,17,1,5.944569688251382
1071.030946647124,401.5573768823619,26.26,9.49,249.2,1,10,0,8.128829363018447
823.0676480965772,257.518709086635,9.83,9.93,97.5,3,18,0,6.636974738459746
205.26617866635843,33.86551165874383,23.0,7.62,175.2,3,9,1,3.629410452768131
1012.432799114888,574.6508850008938,17.26,24.64,425.2,1,10,3,9.753184865216548
277.5191456090449,525.0116809570698,37.46,3.35,125.6,1,9,3,3.100194179807746
554.3148420412123,195.77683369723619,37.56,5.8,217.8,2,13,2,5.135317044162582
698.4471199864496,598.7216691127305,10.34,21.4,221.4,3,13,1,7.994080742829106
640.8580869699117,210.76277449722446,25.94,6.04,156.7,4,6,1,6.737360365925818
848.5024654889685,291.5411862816726,26.61,9.18,244.2,5,13,2,10.275294034973111
811.0091430535658,515.2176449194178,23.81,8.78,209.1,0,18,2,5.355584990870157
1191.0870461914215,203.61992025698328,7.6,18.33,139.3,3,11,4,10.707283480911595
1199.3525383310903,286.80796210087505,27.2,12.05,327.6,3,15,2,8.986250841753323
658.4345309519178,409.38468526025565,32.57,21.49,699.9,0,14,3,5.37444183312248
186.62297739616767,104.36650622028408,15.77,19.44,306.7,5,18,0,5.0980944414003275
895.1844948449645,270.7397101542791,22.04,14.68,323.6,3,14,0,9.017433540309863
1173.8637676025799,206.3636642961271,7.3,8.48,61.9,4,12,2,9.125051149213444
436.52555414450273,415.7613543429463,37.44,20.43,764.9,3,6,0,5.537403625438381
596.5539521380826,107.50255233441192,7.05,22.05,155.5,2,16,2,6.323045674624496
555.7501557933106,162.6569430875343,10.71,21.4,229.2,1,10,3,3.4908071924253985
137.5894531037609,435.4844361389152,14.04,4.14,58.1,2,18,3,2.3669180937633723
832.9361629702582,119.04789074274544,33.55,18.36,615.9,4,9,3,10.318211179717935
475.7382184766839,270.55097947673715,28.92,18.49,534.7,3,11,2,5.295984680385456
961.9595395872825,436.3420115927927,3.26,23.75,77.4,3,16,3,10.230159658010026
1011.9744843158244,466.31697912510305,9.79,8.8,86.1,0,7,2,6.613679658787556
999.7784809895869,84.08227184285101,30.76,20.3,624.3,0,9,0,6.36617241143539
546.6659178046657,515.6374973691026,17.94,18.16,325.8,4,16,2,6.83841031719581
440.13116410980746,442.6642116440808,3.97,22.33,88.7,5,10,3,7.765960417427612
918.6792732271015,223.39791555518883,38.66,18.25,705.7,2,18,5,6.692339190079643
977.5561659038498,465.36762582823684,8.6,21.75,187.0,2,12,2,7.174782167269068
630.20833995833,445.13035324417564,21.89,10.91,238.8,5,16,1,8.089988067017448
1080.1947418806594,372.50799910977975,12.19,6.47,78.8,1,13,2,8.655630449783308
241.17773960798527,348.33426884133127,30.29,10.99,333.0,3,6,1,3.7201162283976767
1064.5570332180355,448.7809886727637,31.74,20.93,664.3,0,16,1,7.496754640999855
187.62666092850702,599.578143972109,17.7,5.9,104.3,1,11,0,1.9664767859825458
251.94858470116756,359.7747821100546,27.36,17.03,466.1,2,11,1,2.9798001533296246
677.9008148668356,490.9691869044813,36.64,24.73,905.9,4,15,3,7.8281461361247615
155.6206978099048,454.23601886988223,33.15,22.69,752.1,1,9,1,2.1022869316706654
139.1439535681236,517.8107891592806,18.35,17.77,326.0,2,11,5,2.6354083529353787
80.58099346559018,574.0791709889589,19.33,20.44,395.2,1,13,3,1.2362744645125905
568.6746588575747,140.05742825266466,35.81,5.56,199.2,0,13,1,3.4214706857734405
947.5787470472974,124.31199274521629,4.27,13.97,59.7,4,15,1,8.52310552976544
119.01895231350554,364.2205421964935,3.84,14.7,56.5,4,7,3,3.9055617848297874
810.5285192417581,286.0981858453075,10.61,20.22,214.6,3,18,2,6.502892443773769
1001.9025955061289,355.31193496392643,33.62,9.22,309.9,3,13,1,10.082417320812276
268.16095040721564,484.8843586567399,8.67,5.34,46.3,0,14,1,1.8445992500475266
244.48738299997277,561.0772536280705,13.56,18.36,248.9,3,17,1,4.387887997020178
1044.0970904550004,267.92702036317814,26.28,13.84,363.6,4,12,2,9.4064653753423
1001.8995631441061,439.22160795986593,9.82,21.53,211.4,2,6,1,8.685920294113904
683.6147782158893,142.17553706960334,14.22,13.59,193.2,4,7,3,7.405785730425051
997.503864809258,334.6946111320784,20.28,21.62,438.3,1,18,1,6.818676738420699
183.88680671543415,42.42872333489636,11.44,14.17,162.1,3,18,3,3.6702898343555086
521.819300091405,317.1378232658653,39.72,20.22,803.1,2,7,4,4.697236170877757
906.3332628391377,340.84178170153496,9.05,18.86,170.6,5,14,1,11.682164379205966
368.34619444283896,449.2038413936488,34.45,8.85,305.0,1,14,3,2.8825188119078207
922.6083841655791,400.20633041798527,20.39,9.81,200.0,1,8,2,8.629389585064487
644.6800369177115,234.2861385543069,7.78,22.78,177.2,4,16,1,6.9235336116491535
920.2979065020211,33.26661340647915,7.38,8.08,59.7,0,11,1,4.555131188132234
600.4411944002092,95.82694796508089,21.51,18.35,394.6,3,8,1,6.769407986156566
492.0528610484357,584.6445725049479,16.08,6.19,99.6,0,13,3,4.661808161585126
325.4919224560682,555.7299002397243,11.68,19.61,229.1,3,17,1,5.30488332282577
313.3848624072168,215.30310295625284,38.48,7.91,304.5,1,8,2,3.098161776751036
921.6697078399635,177.54617575661598,20.15,16.07,323.7,1,14,3,6.155392794961569
213.17958979803575,278.75728740332136,37.37,15.41,575.9,2,15,2,2.6651616448937716
176.30023212425854,423.2658168788815,9.07,7.48,67.8,1,14,4,2.312951095302517
277.4463288247858,233.39177341504498,9.79,13.81,135.2,0,14,2,1.8175787338938036
276.3880928283925,68.35749320675866,25.05,22.34,559.8,3,15,2,3.9081797681607817
1001.8805375437278,259.5932026933059,12.99,17.97,233.4,3,9,4,10.798846152475996
526.327418291118,178.5357268544162,9.84,24.84,244.5,3,7,2,5.853252305838898
1189.2350722437402,215.2101063903907,6.5,20.26,131.8,5,18,4,10.437109731799785
233.67660872548586,122.88563009876351,5.82,17.16,99.9,4,10,0,4.5475823117206655
811.9646047768805,405.53883958401906,30.87,15.39,475.1,4,18,2,7.54675676745436
582.5770480654007,330.1796319497782,13.44,23.62,317.5,3,9,5,6.277541992746923
520.0683579007228,184.39197685835194,39.2,14.59,572.1,4,9,1,6.225105797787668
1060.094302940572,345.7016143445576,9.78,11.86,115.9,4,6,0,9.25205185239957
1172.6671233278075,310.8434728853257,16.11,21.36,344.2,3,11,2,9.027247230957101
1057.60203382708,483.7056682426359,16.87,23.69,399.6,3,18,1,9.82597117166333
295.376760519349,574.911033523915,21.51,13.54,291.1,4,17,2,5.887954922757829
327.29367175400614,104.4821901178339,35.21,6.02,212.0,5,9,2,6.677758375775062
814.8027445864709,533.8306829775502,33.89,16.38,555.2,2,11,1,7.625806636370668
403.7736114347747,431.7342548223942,3.37,19.3,65.0,1,14,4,3.817751258179357
902.8921464742494,424.7555208198057,18.14,11.22,203.6,2,18,4,8.568789827837367
714.391128906802,243.3515113712092,33.63,19.45,654.3,0,13,2,4.457296444516162
697.0178207092513,226.027671415005,3.01,14.68,44.2,1,8,3,5.7868782565650045
1007.9725558194401,33.214506348834675,22.74,9.63,219.0,5,10,4,9.187559581088076
875.7967043517991,589.8567785432655,12.6,16.85,212.3,0,15,1,6.9555382664183645
109.7670967969667,375.7083244526378,18.27,11.56,211.2,5,6,1,5.068985040214292
135.39423360353757,259.32731563663754,18.55,20.31,376.8,3,13,1,3.230181860329542
753.7454667507376,339.9482284785418,17.49,3.07,53.7,1,15,2,5.2348776640586685
624.5351246969485,53.100409434869604,36.0,21.0,756.0,2,10,0,5.943125372920315
371.40681398415035,128.98104451625125,22.85,9.74,222.7,5,13,3,5.874234487470108
548.8948177925779,385.31515722913946,36.44,24.11,878.6,0,15,0,3.0330027928204566
928.8595569808037,323.1291859196634,29.89,19.7,588.9,3,13,1,8.474189999419638
1005.8048628168816,478.6326490687509,15.99,8.3,132.8,1,6,4,7.431779356899418
708.5698360368494,405.4833335538421,21.26,24.53,521.6,3,13,1,7.079086039631444
511.61381855995535,372.8183353082507,17.42,13.99,243.8,4,9,1,6.879753136323847
383.1803728745199,494.70145145402864,33.66,14.5,488.2,5,15,2,7.189424127497282
664.5486872615638,68.90997016458336,9.94,23.01,228.7,1,9,3,4.331678187999339
432.5195727921067,423.8054739658326,37.65,23.2,873.6,3,18,4,5.52058345052527
711.7865534928897,437.8867065747388,24.48,18.33,448.7,2,7,0,5.663698467203506
837.8506684107941,186.84322331760626,25.64,24.53,628.7,3,17,1,7.103406108799886
154.0087162297222,141.52029279781482,22.12,10.24,226.4,0,6,1,1.0
81.1955608254769,151.89591100991953,23.52,8.11,190.8,5,14,3,4.36236968977703
317.7503955016321,142.9402921562367,27.7,3.64,100.9,1,10,1,2.177020755260814
1081.8528774450347,328.55584881504893,27.24,10.62,289.2,0,8,0,7.660941968687114
803.8456548159862,107.30699747852223,10.92,16.26,177.6,4,8,1,8.841771383305
272.5955941694656,405.79294100902973,24.55,9.72,238.6,2,6,5,3.693858431745184
1077.095637242453,89.89460760079864,16.12,15.75,253.9,0,7,1,4.951226439502774
606.3506531218208,45.327094976846034,26.57,4.06,108.0,4,11,2,6.1560640638304145
613.2227674801,211.99543819414654,23.27,10.79,251.1,1,8,3,4.748557750372733
1127.8069771037738,139.3600425278334,9.65,19.46,187.7,5,18,1,9.855928387726046
146.62509524534082,593.5373715837469,30.19,5.3,159.8,5,16,0,5.59851354815417
320.99966758416474,202.7078913518139,19.91,18.73,372.8,3,12,5,4.530825214501923
736.0638841732891,156.57652903454283,23.4,19.79,463.2,2,7,3,5.823550676762408
298.94489073184457,142.15879939455232,27.89,15.51,432.6,2,18,1,3.106319685084274
841.0702503140327,243.09615573798948,27.16,22.49,610.9,3,15,2,7.8040995754936064
319.7833640571266,375.33387033899936,30.71,24.0,737.1,5,8,5,7.30517154753245
191.05580707067207,475.708806776381,10.65,3.76,40.1,3,6,2,3.161764223452236
311.8233787977405,237.80846121354898,7.08,17.94,127.1,0,14,1,1.7203657811423292
553.4621183847097,386.80345862439,27.76,8.22,228.1,1,6,2,4.206047235207277
277.2748950738495,304.77414201925086,11.73,11.98,140.5,3,13,5,4.996532987736808
230.85506791414898,512.5023473644371,7.24,16.71,121.0,2,11,3,3.609609245836773
1043.5157125652138,354.3538129803081,7.86,18.67,146.7,2,17,2,9.760477698288742
438.84486802898476,195.2382529710871,14.57,21.48,313.1,2,10,3,4.139863176208515
484.04972890044405,431.04473659160584,39.7,18.52,735.1,3,11,2,6.507830327344628
141.90285864137496,497.4367581731076,8.82,20.1,177.3,1,13,2,1.8568738375606706
480.25397832230067,295.3011743554601,14.05,16.18,227.3,0,18,3,2.8662749139976067
376.5840386001692,592.7024261629218,37.07,5.58,206.7,1,15,0,3.049951322107867
763.7432754228032,531.0852211390486,38.64,3.47,134.1,4,14,2,9.361212245509993
310.0371333930955,142.26416170933015,11.47,14.66,168.1,3,10,3,3.8895949349456234
1074.9693074303814,478.45084712905526,35.58,18.74,666.8,4,12,2,12.137854648171897
1121.2266154299018,372.54220927936666,8.14,5.4,43.9,0,8,6,10.737319566337163
191.810784038005,334.84243975046576,31.18,12.44,388.0,0,11,1,1.1284839873496582
200.29131104320646,322.94499435035397,3.48,8.64,30.1,0,16,4,1.5918400942442974
209.16561068430653,516.4443513859845,18.04,15.48,279.3,3,7,1,3.721529646262111
773.9175670675495,378.19748967496565,12.15,11.59,140.8,3,8,1,6.339383891778443
216.60523991477763,336.4924114806282,29.05,7.43,215.9,0,13,5,1.6403610368162642
1034.6681960818983,57.850146852087974,3.59,3.1,11.1,2,16,2,8.224227846509965
924.7840967304396,285.5326357623777,20.2,10.07,203.5,0,18,1,5.4097698264948955
998.185921226587,547.5836903659393,28.78,14.36,413.1,3,13,1,10.341522069409342
669.1877901123434,435.6899357264328,4.73,23.44,110.8,3,14,2,8.048553383785018
1196.2784769014518,59.043767492007454,36.2,8.0,289.8,0,9,1,6.607099477841419
129.47611529746064,533.8756008260941,16.36,14.27,233.5,0,11,2,1.0
529.4167598884469,501.20031618492084,9.11,15.46,140.9,4,10,2,7.333999213378111
442.80906921015253,341.61000059463095,11.34,17.28,196.0,5,7,2,6.486658348393405
1142.4829585581579,42.771115153900446,15.54,10.23,158.9,5,10,1,10.404155417586592
726.084273517304,350.58488227926637,10.34,5.19,53.6,3,8,2,6.442307819424055
982.9338812980923,61.11575845806288,21.89,23.27,509.4,3,13,2,8.059551052137813
270.78213689754114,212.61600699336384,26.42,23.96,633.0,4,15,1,5.1968547150226785
1176.0702411684915,388.47848277456114,19.04,12.64,240.6,5,18,1,11.753982257976219
638.476292501473,550.3604578128394,18.8,15.77,296.5,5,17,0,9.043802895755858
632.9127254231233,233.94351323790286,31.92,3.64,116.2,2,10,3,5.473223315645272
1167.3908959712264,520.2135562435683,14.14,4.04,57.1,2,18,5,10.969388298905892
506.42024456320246,553.4657759282943,26.04,4.69,122.1,0,18,4,3.481958403714965
525.2280275015921,41.99501186066916,36.04,19.25,693.8,1,12,4,3.620541952259189
734.923027141529,166.47386751894297,11.2,8.0,89.6,2,8,2,6.416526702342139
223.41892381352136,434.6215105596743,25.94,7.06,183.1,4,16,1,5.146771742707175
439.6159015812775,461.4005345553426,38.07,3.18,121.2,2,7,1,4.439159711918711
296.3933211385462,253.67760462372084,22.6,3.5,79.2,3,10,1,3.887500600651015
195.67749659989556,404.3501292805273,39.15,11.92,466.6,5,12,2,4.940992761563071
1050.0819590907427,378.93041189636006,14.47,14.92,215.9,2,17,0,9.394304932393922
740.0509060627732,451.67172811260417,23.88,15.74,375.8,2,18,3,7.142596416653986
481.71352651126057,439.6353038147194,14.51,13.07,189.7,4,16,1,7.424660717824644
537.7097026507183,78.94635485450597,3.14,13.11,41.1,1,12,2,3.2527983068165733
563.3012841298372,120.20260313583474,39.9,19.57,780.8,2,7,1,4.6860967470955925
789.1270840020745,105.65447393781012,11.88,9.37,111.3,5,16,1,8.243694629524063
1117.9817184676724,561.5136398104067,39.0,8.23,321.0,2,17,1,10.930601893991067
1124.7131740158204,550.7193095612039,27.16,21.8,592.0,1,12,1,10.693747751428088
518.4710170743431,484.52499367027286,36.45,18.16,662.0,5,13,0,8.859443297871998
448.7739547495019,96.52957958529682,38.79,13.49,523.3,3,17,1,4.9078942598759125
585.1720802074856,357.33473785416396,24.01,9.06,217.5,4,7,2,6.777834936174444
716.0863380799117,136.7214568712153,39.99,6.0,240.1,1,16,2,5.149620844698569
597.236060823718,239.97884440851743,31.39,3.82,120.0,4,12,1,6.593406128891228
817.803818994705,182.24202768332538,22.38,21.75,486.8,5,14,2,8.38915443562233
700.9269061853353,502.4906594478556,27.23,16.05,437.2,0,8,2,5.849323138309089
439.2014122973652,112.33729772598574,10.19,4.01,40.8,1,14,0,2.756127228557725
467.2185024541485,398.32212610774314,3.41,6.49,22.1,3,9,0,4.9049487368237585
504.02392206689865,590.8199583524151,12.5,9.15,114.4,4,12,3,8.30757647773816
185.99654043931534,421.62111245457106,19.09,8.79,167.8,0,12,4,1.2660840417082986
265.9901483036499,75.16308873396703,11.44,15.06,172.3,3,18,1,4.202808313627126
889.8874584028324,547.4742161186392,22.02,11.79,259.6,0,14,0,6.538444137892739
515.7883169047296,396.5554162830698,27.34,22.41,612.7,5,13,4,7.104306441941734
320.2836492673609,290.097258374966,27.26,18.83,513.3,4,11,0,4.761786407232062
710.1930998438402,406.0247127684376,36.07,23.04,830.9,5,10,1,10.791960445710332
926.2042875702385,531.055268369403,38.75,21.98,851.9,1,14,1,7.397407352949699
368.313045826816,301.9625199116921,35.96,23.27,836.7,4,17,0,6.843931095540796
1006.0046677545938,332.85324520297064,25.95,24.56,637.3,2,13,1,8.910473319698163
1118.8054427800555,287.8950175542335,10.61,9.86,104.6,0,14,0,7.259410251604545
749.0818725627016,71.37711300448917,37.91,7.61,288.6,2,10,3,5.3012197780613945
829.2213780705691,478.6299723485943,9.47,6.63,62.8,2,13,1,7.414112004615298
138.88510916182202,102.05469387584819,8.6,16.82,144.7,3,13,3,3.4849232545042526
1138.9822779445353,254.90490586433685,14.75,17.98,265.2,5,14,4,13.795534110409717
519.582902376737,250.48902199640563,24.22,4.93,119.5,1,10,0,3.636447009677107
1114.7684486108815,189.62325148944063,28.21,21.06,594.3,3,10,4,9.78536651831492
728.4548277202716,259.4290617598185,3.49,20.23,70.6,1,10,2,4.833383013987681
85.17305470452692,382.2651929179843,31.79,16.83,534.9,5,11,1,5.678180711110813
123.167039242248,207.4907679583957,9.48,12.58,119.2,2,9,2,2.48082912454628
842.0690623503126,128.33180448801755,13.97,6.38,89.1,4,8,1,9.634631175054986
710.188175491765,525.539480989142,14.92,14.12,210.7,1,12,4,5.756680567625318
109.71632967080326,583.3746104185673,15.3,6.5,99.5,1,17,3,1.7991495715764938
912.6751565690715,291.3927796095027,31.13,16.31,507.8,5,6,2,10.508637662291736
1034.4027775174836,216.4012360364139,4.51,9.82,44.3,1,14,2,7.699030599817152
635.9875803320252,57.064784333590715,10.27,8.44,86.7,3,16,3,6.625573484678569
601.6483332001255,51.00537814773028,3.83,12.7,48.6,1,16,4,4.29703677428806
86.12988189478278,253.94273751787918,31.8,15.78,501.6,2,17,0,2.187721379932318
961.0476779928312,560.2379504315505,39.4,11.08,436.7,4,10,1,9.42438188305301
450.4019947556381,446.50386973889175,27.4,24.2,663.1,4,7,3,6.566165244105352
1064.2152541564442,229.08356875634175,24.84,3.13,77.7,2,18,2,7.5075045751711444
497.8278580650194,581.7864623537747,36.6,23.08,844.8,3,15,2,6.116942924997039
712.8872599063902,274.3920048557665,12.43,3.02,37.5,0,10,7,5.36829420469506
382.78280278324684,187.77186406554804,5.46,7.77,42.4,1,17,4,3.1816839854318126
259.8589100951089,273.0213494928836,21.87,24.92,545.0,4,10,2,4.117353322050618
947.8968517870874,150.57963938078467,12.63,19.02,240.3,3,15,2,7.219612798158642
636.1813363078354,534.8140990144536,19.69,17.18,338.3,0,18,2,5.297486442797709
680.8664746025208,235.86878693808347,19.88,18.97,377.3,5,15,4,8.741770048953548
1161.2658678995438,405.0423097617632,14.8,11.98,177.3,2,14,2,9.682635045784346
1159.209501688812,251.75690333148322,20.99,20.25,425.2,1,8,3,9.288867682411807
1038.319176306692,543.9869082394587,17.07,6.41,109.3,2,18,1,8.69609828892772
290.1224078968376,396.1570284779092,7.18,20.47,147.0,2,11,1,3.5183894603081725
745.5854176177695,308.3035774603407,35.07,23.67,830.1,3,14,2,8.484572490847874
1063.525115614202,105.32149243336295,28.95,21.87,633.0,0,13,1,6.3765751741080035
499.39960882281025,544.0924978257565,4.53,19.27,87.3,0,9,1,4.093295580382278
193.23890584785516,341.6856149149094,7.28,17.33,126.2,5,13,2,6.11320321472978
988.2784505087125,192.48019458800798,6.57,14.46,95.0,4,11,3,9.283872944664529
619.5751775256323,530.4183283355214,5.28,11.69,61.8,2,10,1,5.931821295762998
712.11980200228,61.03104361481245,5.19,22.04,114.3,5,17,3,8.509184291690636
1180.0016118759856,209.02384287785586,8.81,17.24,152.0,4,15,0,8.956685012745254
760.0768021533607,335.9921886852241,34.37,12.57,432.0,4,12,1,7.077083596551873
555.9769119460336,223.69417154467703,33.64,20.27,681.8,4,6,3,7.138012254939555
494.38249198886155,301.738525565949,31.98,4.19,134.0,5,15,2,7.729097565748874
547.7336077725311,180.66026382866082,25.74,20.89,537.8,5,15,4,7.817391868868515
212.60697316010902,104.14736183175138,29.77,20.84,620.3,1,8,0,2.1792994579258522
970.1206254276805,51.00685901160548,30.32,8.03,243.4,4,15,1,7.456927125171168
1018.242881169486,119.85854199992089,35.9,3.83,137.5,0,11,0,4.738959809036109
398.5247907222179,573.1795129941427,30.1,18.7,562.9,3,15,2,4.961889247730118
420.25221261913737,357.9797860019409,30.25,7.4,223.8,0,16,1,2.8847605033072576
1059.2543670949908,308.70727140843235,32.75,24.91,815.9,1,15,3,8.045805401648716
106.84679819131011,249.0645884042539,23.59,3.2,75.5,4,18,0,3.592205460315073
662.912337019295,433.7994832105296,10.88,8.06,87.7,2,6,1,5.766753440544821
599.3168004432812,110.5179012664732,6.13,3.93,24.1,0,10,1,3.18707874159344
852.941981927875,187.39402456201816,18.5,20.22,374.1,5,6,1,9.57944083419785
262.998704167389,403.8642082083391,6.39,15.73,100.6,5,8,3,5.310176750454858
828.5304296905722,303.0666878135799,9.26,21.67,200.7,1,10,2,5.524234731338891
501.9420888198616,468.95274720668056,3.88,24.18,93.9,3,6,3,5.591963595795718
772.9605515499991,541.3526110552923,14.11,16.42,231.7,1,11,1,5.7178231207436445
124.90641105750903,499.322377081274,38.89,8.1,315.0,4,7,1,4.053221476007078
597.1344608466505,134.99839712861723,17.02,5.04,85.8,4,7,1,5.313643324510442
664.9210012602567,82.13803425037776,11.91,22.06,262.8,2,16,1,5.370469723622933
320.045571197585,126.58114231067765,17.93,8.39,150.5,5,15,3,5.861656423051812
236.37849268061518,476.6124942121314,14.15,22.66,320.6,4,11,2,4.540679836424426
291.09121937377756,550.883721010845,27.93,22.32,623.5,0,13,3,2.4640556782014604
465.4380074309498,557.5058545911987,26.48,16.81,445.1,2,9,2,5.68185502932232
188.42736722156803,199.98299994115396,4.01,16.29,65.3,4,12,1,4.276734475954443
1140.998171217157,508.99458546772826,21.92,23.92,524.3,3,16,0,9.793827040968905
533.5933488753153,335.6542549625951,4.34,19.63,85.2,0,12,1,3.3004090577528484
986.0459548075588,498.9913535584782,28.06,18.03,506.0,4,16,2,12.103691152243638
1171.3471778819082,342.5679601566006,37.62,12.59,473.6,2,12,0,7.870636983292898
170.42351360306782,113.15913527409737,36.58,13.65,499.2,1,10,1,1.9501901820664633
809.8698040871933,75.15514411166552,10.61,11.56,122.6,4,17,1,8.242569232823731
1055.9781771501598,575.6149150493236,30.48,23.82,726.0,5,17,1,13.575310675621022
790.3425660427357,272.707457166,32.34,17.04,551.1,3,8,2,8.439952081697827
560.5092559203022,229.79676759147117,34.98,20.17,705.5,4,12,0,5.9452335948035495
562.8055205544908,233.09275831793693,12.61,3.82,48.1,1,16,0,4.167782434634159
120.20675232824198,245.99261454101907,19.68,21.75,428.1,4,9,2,4.420634142468927
678.7528414439884,568.6481918997728,11.2,12.19,136.5,5,15,1,8.300094068719682
1192.7681564012692,65.74161481981024,3.9,19.22,74.9,1,17,3,7.988181385363674
1153.7524290885663,97.86493380791052,27.38,3.88,106.3,5,9,2,11.633301592443734
125.24713630322276,480.101363824654,18.96,22.67,429.8,0,7,2,1.0
870.4926440650268,343.1634100638791,12.18,17.52,213.4,2,18,3,7.190696192999328
417.9766507005625,103.26595203774264,34.34,13.07,448.7,0,18,1,2.105488886493717
1091.3478518148731,49.64227796365173,21.34,9.68,206.5,2,17,1,7.7674625576278755
130.52851519439196,157.81357851915962,39.8,9.84,391.8,3,13,4,3.669310268738309
1128.1789942524101,178.66212049485452,32.35,9.67,313.0,5,7,1,11.812298993031071
1017.9728330423101,38.10142685754593,35.16,5.88,206.8,0,17,2,6.126667611277975
211.60490812291368,153.17160685220023,31.61,13.2,417.4,5,8,4,6.279462539796947
147.00325779537508,450.84179406286785,6.92,12.98,89.8,5,8,3,5.0623708443033495
1014.8725840461682,517.597203093092,5.41,12.06,65.2,0,15,4,7.2651118837316675
254.4485914915289,541.9944229687392,36.86,18.47,680.7,5,11,2,5.834390105577398
679.085931332975,252.25099860681973,8.11,12.24,99.3,5,17,3,8.16936558933927
1105.6342408241546,212.06582376502786,17.48,4.96,86.6,0,17,0,6.5886958531453335
715.5418871752421,599.9206834784959,25.57,21.75,556.0,0,16,3,7.0432076550253155
524.901297649563,468.5240570253056,10.84,12.35,133.9,4,16,3,8.188257554822492
578.4179814364713,336.290686117306,11.34,17.42,197.4,2,13,4,5.872207507868844
150.69123118833554,175.21971663295608,20.25,23.46,475.0,1,17,2,1.774923997188923
1165.0025999249906,213.1441081445097,16.35,19.88,325.2,2,17,4,9.949129775353676
427.93268729081274,323.7576788327507,28.03,14.85,416.4,2,9,2,4.822154199500765
292.08711067359627,338.98726428072786,5.78,14.99,86.6,5,11,1,6.03758590904509
400.37297806124275,37.79682723599636,21.08,21.69,457.3,1,14,1,3.023842317189716
1160.0979782784564,576.8580486047405,9.45,21.12,199.5,0,17,2,9.892582336478135
185.60037990656784,358.0955609903912,25.45,6.93,176.4,4,11,2,4.911564503823292
1051.379405361323,365.820199313206,7.3,16.78,122.5,5,9,2,11.497042943572163
872.7851617296216,150.53854623967695,10.31,22.05,227.3,5,10,0,8.095454475529761
1009.6214806581115,466.0426919167113,32.74,20.67,676.9,5,16,2,12.29436988120544
1173.005245212044,450.24077645235036,11.7,5.74,67.2,0,12,2,7.8238719715352065
1023.2132141788965,84.24004484071551,30.27,12.59,381.0,4,9,3,8.602893872683792
1136.5882334311952,369.14679218815456,13.1,14.4,188.7,1,15,3,7.888867627436059
222.16748760583013,405.1704348380315,11.7,8.67,101.4,2,14,1,3.3452730505025077
971.2831929870065,506.2738595071101,14.07,17.95,252.5,2,12,3,10.049682540455187
691.1567773707735,147.4719719830951,35.59,13.48,479.7,5,14,2,8.270706265794473
688.715066489444,530.2518341796513,17.7,9.55,168.9,3,8,2,8.695917731251113
1086.7921654789752,293.0442108733295,12.02,10.41,125.1,1,8,1,8.195130141576916
1168.4202768843165,85.01846300421752,22.86,21.85,499.3,0,16,5,8.708342169908137
869.4189218083627,90.20409626119928,17.27,22.06,380.9,3,14,2,7.427174095223859
620.890996208398,142.74853859370666,32.24,20.87,672.9,4,18,1,7.305694626767367
591.1723208500669,191.16790241162585,39.65,23.11,916.0,4,18,1,7.53359365474227
512.7024320899636,312.9513085420858,22.48,23.95,538.5,5,10,1,8.118451063744995
484.99091312138216,456.7881827143991,19.71,13.82,272.5,0,12,1,3.4699239164990483
518.4876626865632,136.4337641510764,15.69,5.13,80.5,2,17,0,4.70244235118197
180.5236234813387,595.8115228647358,39.01,20.6,803.7,3,6,6,4.481688775703688
166.72841549169078,122.06750110907818,20.88,16.94,353.6,5,17,3,5.107363604190159
953.4542251369892,371.64544160162404,9.59,11.37,109.0,1,8,5,7.1561322505797085
579.6016400706533,559.4960484466637,38.86,24.46,950.6,4,9,3,8.977343567477144
1122.366627169975,504.52923103979145,38.55,10.45,402.9,1,12,3,8.810838928439912
765.6875296252267,399.29684494800114,19.12,22.97,439.2,3,15,4,8.437514690285582
119.39710004655012,437.83100817081214,15.88,16.04,254.7,4,10,3,4.421894147070204
256.42614227557704,106.49720722205764,28.18,3.81,107.2,4,18,1,4.153608124528067
310.5181681745685,35.50794064334149,33.67,21.93,738.3,2,16,2,4.2742324747649505
1172.8243473164198,277.4648070854125,21.45,19.77,424.0,2,15,1,8.55043622912666
324.94873328983107,81.02578801283275,15.24,17.13,261.1,5,16,0,5.3661756330997425
657.6463574426175,233.91896029030988,14.15,16.52,233.8,3,6,0,5.40159946046036
1128.5181634370197,157.53339233475043,15.08,7.81,117.9,2,16,5,7.996432186652485
1174.4558575040803,552.3176317570233,7.37,7.72,56.9,1,13,2,11.428038578888424
344.7236876295699,531.6319194345929,31.81,3.64,115.8,4,8,1,5.770700668652721
135.01176100004494,496.7974236626748,6.88,6.39,44.0,4,16,1,3.987199671007982
252.03405244228952,436.9482500959729,17.74,10.4,184.5,3,7,1,3.850542088981132
150.92789614686507,117.8209995892954,33.89,14.9,504.9,0,14,1,1.0
298.53915002341677,57.569432933516396,17.95,5.88,105.5,0,13,2,1.8580838085293352
716.7980804681837,402.71607897717473,13.91,15.27,212.3,1,6,3,4.849106792356148
1101.9426518511189,396.0871381898066,38.09,8.79,334.9,0,10,3,6.655174614251807
681.6851497376608,240.57184231005417,7.68,8.59,66.0,2,7,5,6.2074340268224
781.1083035029704,299.4313998682903,35.74,23.85,852.6,2,18,2,6.124702626097362
306.091321802686,308.81515129565395,5.3,24.83,131.5,2,16,1,3.8728650720136155
976.6536551547122,166.75903566550863,18.3,20.85,381.6,5,18,1,8.953922452702761
771.9235775262532,209.07496878732394,26.37,4.2,110.7,1,12,2,5.7539805061769
1047.8332486958518,268.4820461581959,16.69,19.03,317.6,4,10,3,9.82363338145739
1142.7042798464781,373.8120470496062,22.78,6.93,157.8,1,18,3,9.049229624646898
469.64886884738337,574.8169474299137,10.55,15.52,163.7,3,9,3,6.9573847754650595
181.44854555969206,336.9362274258528,24.05,22.66,545.1,5,11,4,5.77610220566924
333.0404328667964,446.7634284396249,7.98,11.36,90.7,5,7,5,6.1426642850138355
570.3825535569376,489.99062836546534,32.46,23.43,760.6,3,16,3,8.14115602400648
1139.1768900434101,94.69962914587555,24.6,18.58,457.2,1,7,2,6.864724970287702
503.7070010582251,402.2810605057463,20.83,9.62,200.4,2,6,2,4.493669532729059
943.2659993052143,304.8031105450219,5.02,5.09,25.6,2,16,0,6.4344530408395855
685.3338952312456,356.28563708129855,21.49,20.94,450.0,5,16,1,9.165673261382048
284.7458228826937,51.897653388355415,23.85,13.08,311.9,2,17,1,3.7003809458606933
439.2222132278658,546.5429698320096,12.83,4.6,59.0,4,17,1,6.307879693130465
811.5749112255569,573.0869652580066,28.07,5.27,147.9,5,7,1,9.091288467986827
833.5958020470807,31.9846965002287,5.84,24.27,141.8,0,10,2,4.046690652047281
566.9309164261317,151.29120746366118,10.72,8.35,89.5,5,15,1,7.597758056746728
336.0830749815684,132.7106790141015,30.29,24.27,735.0,3,10,5,3.9851950080318765
888.5355930541975,475.3435748495153,8.45,17.99,151.9,3,16,2,9.028702911144936
269.13780660624053,370.90563369373757,12.09,9.61,116.1,1,17,1,2.498537481693294
1129.0700548889417,131.0801880791371,27.08,11.44,309.9,2,18,6,9.100215385376195
290.4520085208539,493.96344453175044,29.97,20.09,602.2,3,16,2,4.906288193781877
200.1898463724229,231.4806769292766,4.91,12.58,61.7,1,16,4,2.1842495406604727
637.3654266492242,292.68841948706836,7.68,4.64,35.7,4,13,3,7.696926335546214
661.8955498828573,250.76476503276788,19.51,8.06,157.1,4,7,2,7.508378191872782
649.1760645516342,327.18671767150084,24.93,21.93,546.7,0,11,2,4.273176195230323
569.0675880595002,303.6812072323734,19.79,18.32,362.5,1,18,2,4.569861648650916
1194.1926799691614,186.51288151759232,26.94,14.02,377.8,3,17,4,11.368474695162298
624.6342861910517,271.99694137148896,30.97,8.4,260.2,4,9,0,8.102777156987134
615.3001704286107,547.7521754169511,38.13,13.44,512.5,1,15,2,4.887362681684429
552.3779902403087,316.6496577931697,15.95,20.35,324.6,5,9,2,8.341503250971378
154.84484526563847,552.3402539407541,9.03,4.79,43.3,3,11,4,4.30377842563691
744.11142688757,343.5724172562398,12.77,24.88,317.8,3,14,2,6.709832664132368
335.3239048899643,468.2258571605705,8.48,21.91,185.9,0,12,1,2.0801246790644443
794.1220578565359,197.34704650603635,17.59,10.0,175.8,3,13,1,6.820215960404614
136.93347738229443,480.5356893253125,35.28,22.15,781.7,4,7,0,4.54260412321368
1179.153553403362,180.66331940144178,15.84,18.0,285.1,1,9,1,9.07442528306998
605.2856884941929,41.14348383649461,8.51,17.66,150.2,3,16,1,6.144088471623581
1084.3660161815822,121.61549761128504,22.34,6.07,135.7,0,14,5,7.433971665411159
612.628514020887,42.342138768260995,39.7,22.93,910.4,1,16,3,4.865909854166753
147.57051680312833,569.8257058781144,9.96,12.91,128.6,0,18,1,1.0170629605444186
1000.8791716250638,599.9869016380857,31.78,20.67,657.0,4,10,1,10.935680443102576
805.9657772271904,464.47125026312676,33.46,9.59,320.9,5,9,1,10.829321417719159
955.5678932828185,91.63305333840495,17.85,9.78,174.5,0,10,3,5.84607433826431
559.550247129938,542.3989123896102,25.92,24.22,627.9,4,13,4,8.900058824164253
794.4891535562423,453.9524244616795,19.0,13.93,264.6,3,9,0,8.418232406533075
1038.9764842522004,219.3793737791901,12.71,4.32,54.9,4,11,2,10.523206086748516
786.793296016514,316.2984097310913,18.77,21.39,401.3,3,8,1,6.656241767013132
469.3944710162117,407.2028245193223,6.53,8.0,52.2,5,11,2,6.988427062002814
822.0331456901438,43.7087711337646,29.16,22.33,651.2,0,18,2,3.8783804506232062
832.4766912477554,315.87831989694024,33.68,23.16,780.1,0,11,0,4.550254712088635
1155.85739800742,447.46539695534153,14.37,4.6,66.1,1,15,0,8.300173996495783
495.4218001266695,137.2884619809097,23.96,15.81,378.9,4,11,0,6.287194264693487
556.091579615827,282.96062688321985,11.59,24.59,285.0,0,11,2,3.1197362182097277
989.5777165295062,333.5421736354119,7.72,23.48,181.2,0,14,2,7.442908306270611
646.4537925118702,449.27226201676234,27.55,14.56,401.1,4,7,2,7.123143931500897
904.961864289621,579.7386151520712,7.96,17.97,143.1,2,10,3,7.700093408804168
594.8746001880231,513.5170623624462,31.93,16.29,520.3,4,7,2,7.643748159774518
321.3545588302245,384.2654995310716,13.05,7.47,97.5,2,8,3,4.026586358460753
914.6283039147321,362.6751846558413,33.28,17.37,578.0,0,15,2,6.345924722757475
226.8937894868751,373.8164150514223,16.63,10.33,171.8,3,8,6,5.179678059791548
302.41370315506504,340.75182631607106,16.65,10.44,173.7,0,8,2,2.064645722266795
782.0439807183136,63.836841747586426,30.77,12.24,376.6,2,13,2,5.439281155505914
916.9421762151181,428.02894491527684,21.88,21.75,475.8,5,10,3,9.344516408679361
1082.0504332919527,438.3119760738737,10.44,8.24,86.0,1,7,0,6.922312286372033
385.29687710579867,322.11380649220564,34.47,8.52,293.6,1,18,2,3.2064259681575176
204.01116963262086,526.1209350794495,15.59,3.16,49.3,5,18,5,5.5332278386355735
1150.7722586653447,413.28897757130676,6.8,6.41,43.6,1,13,3,8.87205939894125
252.95385858479955,236.71885497849968,18.39,24.53,451.2,2,12,1,3.5322894303112924
301.3870201251963,41.22578155122152,24.24,12.55,304.1,4,16,1,5.325428687169597
406.28898798548164,63.72213850367764,25.57,7.29,186.5,0,18,4,2.5441605524481097
672.918316509442,230.52500913581818,33.92,24.24,822.3,0,7,0,3.0247427254190433
1068.7646339581675,293.40003536324923,23.03,3.6,82.8,5,7,3,11.677558828428259
931.811545457451,125.11653811980227,11.28,13.65,154.0,5,10,1,8.72181980953151
873.1364603037514,137.9171346609003,12.68,20.7,262.5,5,9,2,9.315918207282985
276.2022359987241,161.2204745042217,6.73,20.0,134.6,0,17,3,1.8251582753896785
480.6045473090911,474.8926035584754,30.23,7.16,216.5,3,12,1,5.295270874433567
615.8135172170793,469.6340693425097,6.92,18.57,128.5,5,16,3,9.040298392735648
245.11706790385614,248.27522168585392,25.42,16.69,424.2,5,14,3,6.418900728156321
386.2412663818732,128.2476975031056,25.09,17.86,448.0,2,15,1,3.096980109648009
425.3331884271856,93.21777948617746,32.06,8.85,283.9,2,18,0,4.157362271470226
222.54934212852396,79.66370786688873,5.76,20.84,120.0,0,13,4,1.4968406599193438
696.2684549372485,253.0291730126421,10.51,15.3,160.8,0,16,2,4.655459686932525
869.631580107096,55.95918699303806,36.65,18.95,694.7,2,9,0,7.0661426938586605
158.32342725408455,220.17197116201095,24.17,23.67,572.2,1,9,1,1.9298869356744894
618.8578739747277,578.0739482484483,19.93,21.82,435.0,5,13,2,9.26023434866196
956.0765386999304,319.277630897722,30.66,20.21,619.8,0,17,1,6.108188696477644
917.7489444267405,498.9074543960577,36.39,9.37,341.1,3,6,1,9.654320570317127
992.8818677650046,103.68158916037747,12.73,4.19,53.3,3,12,0,6.368211183223924
582.0295091510799,182.80490597353176,36.35,15.64,568.7,0,8,1,3.5534649717206235
999.023932556644,569.531473390085,7.02,3.76,26.4,2,17,2,9.056895322292212
349.6434397599818,248.62458125239345,39.17,18.71,733.0,5,12,2,6.689876139923067
484.10782878761717,399.5914932155437,9.1,19.21,174.8,0,6,1,2.950296672696923
277.5182455879375,586.3922641226759,12.85,15.38,197.7,0,6,0,1.7256194099374045
603.5826841600004,343.9490211085192,6.57,6.7,44.0,0,14,2,4.039943018706608
519.1072251052965,204.04719106037948,32.74,22.27,728.9,0,9,2,3.4002460015945988
349.83837038402964,333.21061989267554,39.42,16.11,635.0,5,6,3,6.736618544724553
921.9943943384753,61.14320361858981,13.99,14.33,200.4,0,7,3,4.103228871431658
431.5083847650442,94.05082823283396,15.05,15.49,233.0,1,8,2,3.2583320306526597
385.540849763336,34.087529879793856,13.32,4.82,64.3,4,10,0,5.083280020928585
226.59717055255447,533.9997236920524,8.73,19.29,168.4,5,15,4,6.4058251253261345
571.4803060181825,412.6298444727695,32.14,4.34,139.4,0,17,4,4.994246579835419
419.3203842977783,200.04796612566642,5.25,15.72,82.5,2,12,3,3.884050299445048
493.5855823018848,156.06200894816362,38.81,6.72,260.9,1,18,0,3.5633120211123708
344.316934135019,419.35366265993457,37.31,7.57,282.4,1,16,1,3.2751598766130754
934.7341485982885,554.1332769276111,7.38,8.13,60.0,5,8,0,8.568965159176653
1121.6037490372835,200.5092818997031,22.59,3.31,74.9,2,15,2,8.728130528926455
637.6836751235542,213.28869235046562,39.74,22.62,898.8,3,9,3,7.334168735168254
800.1582341417325,516.9172133604505,34.55,20.69,714.9,0,18,3,5.905688629681361
1051.2329497995106,539.2242150537388,29.46,3.69,108.7,1,17,1,9.317868769023455
1198.6891938136976,551.0008430929738,3.83,4.25,16.3,2,6,3,10.83136991603642
767.138462897412,197.09789856381602,5.53,20.22,111.8,3,8,1,7.247892395891025
1076.553002524653,98.57816352991887,32.38,3.15,102.0,5,11,3,9.634181171948406
1097.641236142319,280.79861603916896,16.93,13.32,225.5,1,15,1,6.643799264257148
966.425666344537,198.5859731304732,27.73,5.36,148.7,3,13,1,8.563077391244965
596.2431580018834,533.8040000827464,30.35,16.02,486.1,2,7,2,5.529231210473809
170.89248047476724,50.88191682802058,18.62,24.96,464.8,4,14,1,3.9970325117959833
97.70222209294991,391.3118676926752,8.31,6.78,56.3,2,14,2,2.3920290201652494
614.4647092768755,546.5233784764249,17.31,24.05,416.2,2,18,2,6.587603105164871
633.6322775587719,586.7021090794576,35.23,22.04,776.5,3,9,4,8.117378029478928
536.245874406529,400.5744415998846,15.25,24.69,376.5,2,6,0,4.628595118702699
716.3474334463283,571.4560855027565,5.32,19.86,105.6,4,15,2,7.34908832313036
698.4222277009583,73.12589369628836,38.49,21.85,841.1,0,15,2,3.190252802243355
1017.0066059566161,234.78865721785667,28.19,16.08,453.2,2,12,0,6.342596545639615
201.6959556537339,34.967377476238205,23.01,22.08,508.1,1,14,5,2.3667006658967296
332.19898603821093,589.2747501487665,33.68,5.45,183.6,0,8,1,2.41548623666203
968.1655764347861,544.5540928970186,18.21,19.32,351.8,0,7,4,7.7748660529852405
1029.5772912904931,45.98995706147477,39.45,16.83,664.0,2,11,1,6.5996306093852635
1194.203119255372,40.33561076206661,34.73,4.32,149.9,1,17,1,7.962975894584672
1057.6614583535343,239.1726116406287,13.38,9.41,126.0,4,12,1,9.894479167152072
1076.6868879210108,177.366641070814,16.73,7.75,129.7,3,14,1,9.07997033239298
432.06969574549345,512.7513980282263,13.2,11.91,157.3,4,18,0,6.628791918375372
529.8610300905016,121.47610986496151,27.4,7.36,201.7,5,9,1,8.184012527942716
380.25531739901714,480.6701937394887,26.66,9.05,241.1,4,12,2,6.5337440165497505
759.0553259758415,346.04202899467805,22.33,9.51,212.4,2,14,4,7.157816298825091
1131.4619967118829,245.11330970084305,38.74,16.2,627.4,5,7,2,9.12297570573833
465.9977928930119,113.06026418802588,20.47,5.97,122.2,2,11,4,4.2236109899574785
703.8419957072242,598.6840443970125,32.0,8.3,265.7,4,13,2,9.682844342708147
411.85558610790326,382.2520889252759,27.35,9.98,272.9,1,9,2,3.274135194666753
270.1759706254324,280.44787256375673,22.17,12.88,285.6,5,8,2,6.058205460511314
298.60779339689435,241.54270723505704,4.56,3.84,17.5,1,11,1,1.9372615713286332
144.89878588270554,546.2650914595876,27.33,24.98,682.7,3,17,0,4.250849892712426
1143.2087457703683,498.07933066873375,26.78,9.61,257.3,2,11,3,10.22159903421698
531.2251615285452,492.3758993698875,7.62,9.32,71.0,1,16,2,4.760653799614199
1014.2153990423611,381.23312958856394,32.45,15.21,493.5,1,14,4,9.060224366343984
843.0890094124541,536.135252136607,20.28,21.79,441.8,3,7,5,9.504512690633328
294.95170078041565,200.58867210958013,14.99,13.05,195.7,0,17,2,1.9949535072262896
276.5177161685784,431.1124970430749,33.49,8.47,283.8,1,13,6,3.3532125863956828
989.4267856918102,260.5352131633787,15.7,15.45,242.6,5,13,1,11.413355475609853
376.47711589388183,371.9993208790245,26.01,13.62,354.4,0,15,2,2.1116588001862633
1102.8794057462128,598.947210349235,25.86,12.31,318.3,4,6,3,11.838302081397936
236.8620532522295,591.1791249849315,4.95,24.65,122.1,1,9,2,3.3071313715291946
839.0336481890058,322.1928393864455,18.64,24.91,464.5,1,16,2,6.605616189500454
992.210741154646,357.10216773395,11.24,15.36,172.7,2,14,6,10.320570625700784
343.4871550255224,541.4734084082615,10.38,4.5,46.7,2,11,0,3.583359175002094
389.352247071354,591.8123561328973,27.23,15.47,421.4,4,12,0,7.1585721195164655
1160.2611524759059,473.8064474968655,3.42,23.95,82.0,4,14,2,12.743572596336513
376.3493179876973,67.15514103641951,38.86,23.37,907.9,2,12,1,3.2940480750067853
561.5518958880535,213.90464857600244,17.63,7.74,136.5,1,11,2,4.297059969303471
564.4174644314501,541.0405337545756,14.06,7.18,101.0,0,13,1,4.177723753210859
363.3989199212456,467.9609283347739,37.04,6.35,235.2,4,9,3,6.644050623294439
948.8860168095414,453.0728504839235,21.01,21.04,441.9,5,13,2,12.643902114052583
944.4712644166539,410.7162413668404,25.73,13.78,354.6,0,14,0,7.718847797284151
503.7161759306399,266.7003942904586,28.75,10.44,300.0,3,15,0,5.312931411555692
1015.3408860104217,259.84755259648,35.24,10.15,357.6,1,14,1,7.503907593908032
318.64392652688264,491.0915179267566,7.8,9.06,70.7,1,11,0,2.378114272102933
84.82246874780009,197.45476630609042,6.02,22.42,135.0,4,14,0,3.6394305211917435
719.70744550243,420.3541674395549,39.77,12.01,477.7,1,15,3,5.37426521206527
1193.367105146664,443.93885835165526,3.33,8.37,27.9,1,10,0,8.005896039990702
123.28162700611075,511.39691393607137,29.2,18.63,544.0,0,12,1,1.0
312.95784255347587,212.33478670299897,25.61,16.98,434.8,5,14,4,6.889733199934837
661.1843995855343,452.8768820977752,23.44,18.74,439.3,5,14,2,9.008272794647832
987.1336248182552,90.69924161985152,32.08,21.08,676.3,5,12,1,9.669585527507689
179.7270456840596,108.69518550258569,39.72,5.23,207.6,1,9,2,1.9105041850679647
522.6628122099617,267.8815428988389,4.73,3.04,14.4,1,17,2,4.146305692993006
916.7248967054727,61.478692522490945,25.74,4.11,105.8,5,13,1,8.799773330834864
496.12839341512495,570.1880432352428,29.52,18.55,547.6,3,13,0,6.694962578941486
291.49679093271567,544.0806119903355,14.32,23.56,337.4,1,12,0,3.0865297903872393
298.9553266841778,57.892206449730594,36.04,10.28,370.6,0,15,1,1.3721813254325352
539.2546413447935,507.8376814785989,19.91,20.19,401.9,4,9,1,7.668147486163724
616.947123782598,320.05827923131443,9.09,19.04,173.0,4,18,0,6.991646707407
1045.2321479539355,430.11884637292343,34.61,24.52,848.6,0,6,3,7.075218176221729
799.3227087961527,535.5507664999668,37.89,13.36,506.1,2,6,3,6.551640618132991
853.2501890573616,358.8754576342882,6.68,6.65,44.5,2,12,1,6.950413959909725
1180.9456321202158,96.30644716223878,30.81,19.84,611.2,2,17,2,7.863873906206832
541.2646531370906,31.469807977354165,10.96,21.01,230.2,2,6,4,4.023923464444785
531.7569316390237,313.2452733833245,3.25,18.56,60.3,1,14,2,4.0737670307926015
1114.1486038529097,571.0623153108852,12.64,21.99,278.0,2,11,3,10.020277542234945
355.38065744566563,356.39446681952165,34.63,11.17,386.7,5,6,2,5.929570811120674
897.3930758592106,242.57530871029064,8.22,18.19,149.6,5,10,0,7.82585703122323
925.1219148043108,47.62554973612061,7.83,8.8,69.0,0,14,3,5.858355607822001
189.52255713889627,551.5382678485742,30.34,12.82,389.1,4,14,2,4.9826837594443765
604.4191743768141,216.47929668908404,18.04,8.33,150.3,3,17,0,6.526431709750432
304.6299678801405,431.7231187496048,8.49,6.4,54.4,1,18,1,2.5654292464766817
287.62030553878395,425.715205203535,11.51,3.79,43.6,1,6,4,2.8132845795323127
599.4874837184213,174.7134019801863,32.4,17.77,575.8,4,17,1,7.634884554254987
404.16127240903273,66.35317868261345,26.06,22.26,580.0,2,6,2,3.395470060755588
971.5877013409754,249.45021584295083,31.15,9.92,309.0,0,18,1,5.072356377659684
1096.5174783573402,210.76467788720393,6.62,12.44,82.3,5,16,2,12.130929604428081
979.0470779229695,429.14614735722574,19.95,3.08,61.4,5,18,0,9.98872264350369
377.95457733626506,497.27602252610825,32.49,12.08,392.6,2,6,2,4.244571416087298
387.03052093124137,156.79388791325457,12.83,9.19,117.9,2,6,1,3.6236456022780166
365.2957521315635,331.09170977257213,9.26,15.63,144.8,2,18,3,4.318975024281324
231.24266758298438,53.146758011252146,17.13,22.99,393.7,1,9,2,2.215178186318955
1137.0541722761566,152.12581907207328,15.34,14.14,216.8,0,10,4,6.619084186141628
530.2935339359177,464.20411503358736,9.86,17.86,176.2,1,9,2,4.995981508031526
331.6522114913786,482.2370426787713,38.3,18.52,709.3,2,8,1,3.7680221958824975
1028.2715765692328,472.55054416752785,20.87,6.35,132.6,0,6,4,7.8047966205810075
527.0987389767254,111.16111724331398,25.5,10.62,270.9,0,7,0,2.3937305472375896
119.33082844282657,344.08979465699787,7.48,5.49,41.1,5,17,4,4.452855234128569
261.3745586795869,270.94379623272823,25.57,12.7,324.7,5,6,1,4.866682408805476
795.9603811989105,595.1471891732016,23.55,22.52,530.3,1,17,1,6.682085639542952
956.8539070723308,402.8198253632516,37.48,13.58,509.0,3,8,0,7.588508378441706
316.2465151073585,563.0651920955655,18.26,13.04,238.0,0,13,2,2.485798327555228
1107.4830599780792,112.84967385480942,31.94,7.61,242.9,5,9,2,10.581426263240493
1033.116774458424,286.9977656671306,14.25,9.82,140.0,4,17,3,11.588135367375505
1030.1864445484107,469.8163320603451,24.42,23.61,576.5,1,6,3,8.11564918000512
334.9804844151198,239.6789049773295,37.3,9.67,360.5,1,15,3,2.878265041167075
136.60030728806464,390.52984280757863,26.13,19.09,498.8,1,18,0,1.8342501915538483
1051.5143642204937,321.67023825298656,29.31,3.93,115.1,0,11,2,4.883416023654599
422.49625618719546,595.3997632542556,35.41,5.82,206.2,2,11,4,5.2297364417998
773.186346914349,129.10734783733014,37.24,9.85,366.9,4,7,1,7.4989674220003835
931.1629097448176,563.1487563381728,10.71,22.83,244.4,4,17,4,12.726749053733915
223.6884495324546,258.89544366787914,10.25,7.82,80.2,0,18,2,1.1027214828518281
954.5389570613337,296.75599083505784,23.37,18.99,443.7,2,12,2,7.011114477929067
1131.1328340363937,331.303073703288,39.83,6.69,266.3,4,14,1,10.271114246143064
895.7799616359781,181.2589331771405,21.14,16.48,348.4,5,15,1,8.007519505975084
574.169478298225,579.284742288152,15.24,15.91,242.5,3,10,4,8.379102169806687
1061.8795154019072,549.5477069838299,22.88,16.68,381.7,4,6,1,10.258365499968766
670.752545681266,584.5559071204767,5.38,9.3,50.0,1,7,0,5.8354319505372585
914.1434391547647,598.2441561594281,9.56,6.57,62.8,5,17,1,12.486124732929085
998.9666571216366,411.7860542531541,8.51,22.5,191.5,2,16,5,8.996785408348652
919.2752051028866,287.4607326092745,4.03,15.53,62.6,4,7,3,8.468055111304793
402.3974611739324,514.9183238528938,29.72,7.66,227.8,1,16,1,4.033953783676242
211.9851690145308,43.56878036671298,15.04,12.09,181.9,1,17,4,2.2431468105774375
346.9391528855073,505.6103054866969,9.24,4.48,41.3,3,13,0,5.179777590147904
643.2199294179957,313.4530338002738,21.95,13.46,295.4,3,11,4,7.601786168188964
645.9101529682673,413.7354154375481,14.97,12.33,184.5,3,18,2,7.110358738178277
732.561671232282,243.20625496522933,17.54,5.92,103.8,4,17,2,8.587318660937814
522.5140580536378,240.11519770408506,14.67,12.78,187.5,4,11,1,6.628645170163718
961.318347224031,48.078777102206,3.15,17.07,53.7,1,12,3,6.460487624045645
1102.7322003888728,271.5599753445376,28.47,23.43,666.9,2,18,2,7.757326492685138
356.3320598970078,262.76189138901816,7.1,18.47,131.1,0,17,0,1.96609086677854
904.9060038261146,158.13092806480063,11.11,14.05,156.1,4,14,0,8.188086091901596
839.32847485045,170.97426591766745,10.04,19.94,200.2,0,14,1,4.598709621937921
665.8613591928328,362.9595608522317,15.26,9.16,139.8,0,15,2,3.8039205282973727
291.1538619390594,211.12972224751675,8.93,17.71,158.1,3,9,1,4.331301447204083
970.6601296126347,503.24358813985515,15.84,3.11,49.3,5,17,2,11.402060467075867
1155.9014399042926,93.4895109085279,12.0,4.6,55.2,2,9,5,10.032386698209303
888.456692101647,359.2576195477749,5.26,16.73,88.1,1,16,4,7.989277128947502
1108.003196220822,121.22549446928834,35.21,7.24,254.8,1,16,2,7.9108121221814045
1182.2874967417597,331.0971573447755,14.31,18.15,259.7,5,9,1,11.033542946825477
474.2967551479468,344.9511555616817,6.53,17.01,111.0,3,16,2,5.443226013093069
794.8103792774973,396.10968131966564,22.3,4.4,98.1,2,17,2,6.410895223365209
610.8046661546473,273.6322199455494,7.56,11.63,88.0,5,12,5,8.423442862558321
1185.0241964868178,320.400570523675,31.6,16.49,521.0,0,13,3,10.047057244167682
185.0647628886519,133.1429911663372,5.28,18.7,98.7,3,12,0,3.3954507544572015
541.8599040128915,293.91874934970787,20.19,20.95,423.1,2,6,2,5.002855855577552
1060.6037298705046,242.6273217837456,37.92,10.27,389.4,1,13,2,7.612637466333474
398.1374677896973,409.69472965301355,8.88,21.41,190.1,5,14,2,6.998961693213406
962.3279927155374,277.84838239299705,10.45,10.79,112.8,5,13,2,11.759697241211143
508.71714231388637,474.22474105872556,25.22,3.15,79.5,5,12,3,7.674699886514628
1177.5759646769773,272.81549618700456,39.25,16.42,644.6,0,12,0,6.691231196334521
1069.5534167945525,164.38956859515645,17.28,8.32,143.7,4,12,1,9.761313491225433
417.47880058212917,186.0025698063932,27.0,5.74,154.9,2,18,1,4.181278162947787
942.6162871623977,55.81257830223285,8.64,8.68,75.0,2,11,0,6.062448299091376
457.2793290932609,337.75372204251875,26.73,21.21,567.1,1,8,1,4.057917800563816
759.1263810413993,503.6021038231834,12.35,23.11,285.3,3,6,3,7.715758332531298
817.498460600487,468.393672886015,25.69,24.16,620.6,5,17,2,11.27299508403428
1009.1468581759896,279.5399958129287,6.28,9.66,60.7,1,8,0,7.015322599650122
107.38494178785666,141.78860243237196,22.42,13.03,292.2,3,11,1,3.1422269326885175
326.5768380905756,522.1861326795481,11.78,20.66,243.4,3,15,2,5.1802739450857995
877.3479478592081,62.36518940568899,28.22,9.99,282.1,3,8,2,6.693221655169108
711.1460254058818,257.5569533654216,30.66,11.47,351.8,1,9,1,4.665536018405972
635.0776875852803,518.2706311588521,34.38,8.22,282.6,0,14,3,5.4194392413990835
141.83515151293813,254.11071182039197,39.72,15.59,619.3,4,14,3,4.732570646211982
470.06898947683095,97.18901833146715,20.0,17.5,350.0,3,9,0,5.309951662411219
1048.9122597399262,181.5912151971038,27.81,10.01,278.3,4,13,2,9.10307746326532
114.59997748035605,372.01678179348056,3.68,3.53,13.0,3,15,1,3.3167964636210643
524.0085836085896,116.66046738590539,36.49,19.19,700.2,2,8,3,5.9104042176035305
1138.5660821912654,403.3131363001428,25.78,16.57,427.1,1,11,1,7.317636972836741
136.9864226904164,279.75230078357004,18.59,7.82,145.3,3,9,3,3.231454438828779
919.6704411699932,220.60201546769747,19.07,9.92,189.2,4,18,1,8.279480583441403
368.5261301238808,167.3275238982034,31.05,24.06,746.9,1,10,4,3.0174554932224518
1050.6018920121132,499.2980919383244,33.84,16.86,570.7,0,17,0,8.689925329630807
915.5961364344888,256.1041500541389,32.89,16.1,529.6,0,17,3,6.5773922509652865
1071.9897913613663,450.93318139554975,21.89,17.07,373.8,3,8,2,10.644514471294718
321.8357652830179,281.00245980330914,16.73,24.0,401.5,1,18,1,2.5357922117401808
675.0478853968375,82.36429652546427,37.98,10.48,398.0,4,6,0,5.8059809752129645
952.7823368037768,281.08840584533846,26.47,9.18,243.0,1,11,3,7.342084405607968
355.1837121543787,319.38203444938546,23.12,11.29,260.9,2,8,3,4.485183299726029
338.435861899283,290.9700502912248,25.14,20.62,518.4,1,6,1,2.7620951747661233
110.44398951729522,495.25777569651535,26.31,5.66,148.9,2,13,2,2.550811007697632
1153.5371292525067,549.1852689545267,29.38,7.55,221.9,4,13,3,13.331804421298086
875.2189056611782,478.46384487028934,23.47,8.02,188.2,4,13,6,9.88302600918267
791.827596491407,362.18568426024706,35.39,17.0,601.6,4,11,0,7.136598596335539
913.2740894183898,338.6264775162877,34.81,17.11,595.8,3,16,0,8.558307902853425
675.4064689388921,397.4311371704856,19.36,11.18,216.5,2,12,0,5.548585360669904
613.2698796212596,194.0632689704435,9.24,9.08,83.8,1,12,0,3.949663143820132
583.4761100583434,492.75270230475047,24.34,19.6,477.0,5,11,3,9.591755548162102
797.2919175560783,518.4034612340868,25.97,3.7,96.0,4,8,1,9.360144048893677
305.71917243946916,182.31378301364342,22.37,19.25,430.6,5,14,1,5.778590736576775
1074.625738416654,544.6063786398443,35.95,7.63,274.2,4,16,2,12.440397115569018
989.1626557655769,513.7776526752505,6.44,22.86,147.3,0,9,0,6.709347918151829
471.5112448262779,271.95745746503087,13.63,12.1,165.0,1,12,3,3.7116238742855745
728.0424124300273,548.130115192865,35.03,17.13,600.2,2,17,0,7.034277562535962
237.95057594401638,98.65022647255964,37.76,5.66,213.8,1,8,2,2.3184391028435423
1169.0277976856298,45.952338749073206,18.76,8.59,161.1,5,11,4,10.294989190783836
1091.2398101459175,228.28409058861098,10.13,18.41,186.5,2,9,0,8.281911817952162
1112.5252072791045,352.2983483315867,18.55,15.11,280.3,1,10,1,7.801842482101071
452.0226134278658,230.32229028373374,19.88,19.95,396.6,3,11,5,5.738211274235598
269.43087226879845,566.978608192675,22.22,15.39,342.1,2,17,1,4.549478735887741
317.1848230822676,175.18483056143268,13.15,15.53,204.2,0,6,2,1.8226341187129305
180.80155797050065,190.291634347827,14.57,21.88,318.8,5,10,1,5.048309909281446
214.52390571355045,391.8517391505674,27.26,12.34,336.4,5,17,1,5.452259935834608
159.86107828702683,32.202412934773676,26.01,22.69,590.1,4,7,2,4.398297654963026
1188.6018375094584,444.70751984212154,27.5,11.19,307.7,1,12,0,9.08289108187302
162.94460537336244,245.1576053630996,16.96,10.23,173.5,4,8,2,4.676378112529273
228.44713066558324,587.3162845566787,15.45,20.15,311.3,1,13,1,2.605598411611533
1006.5251470616248,424.1080280269567,16.01,3.25,52.1,5,15,2,10.950495173768308
729.8690427520963,59.76252439693556,38.19,6.79,259.3,5,14,3,8.82808226105457
947.3472691176522,82.79785098292497,17.62,4.58,80.7,1,13,2,7.081825315102095
786.6214487053736,80.25582094677037,25.43,14.27,362.7,1,15,0,4.7054865010431985
1068.0360787684217,572.9946881384079,22.35,16.82,375.8,4,12,2,11.458313355126046
795.0836310965094,419.909378494025,35.42,3.23,114.3,1,13,2,6.219582198163985
664.780104051529,273.73542415469336,16.66,6.55,109.1,4,7,1,7.420935722127482
878.2796570126557,144.2751332316177,19.06,9.66,184.1,4,6,2,7.0882403311133615
581.0798820071626,527.9746554684078,34.18,9.47,323.8,1,8,3,5.897968262300911
467.5914816533029,144.88687877266406,8.96,5.14,46.0,4,13,0,5.691098222465967
603.770746744238,432.80715339121593,24.99,6.8,170.0,0,11,2,3.7550758388041783
270.07979771038794,465.09488608084723,17.8,21.64,385.0,2,10,5,3.908528791047482
972.1603373790144,197.9539706475827,39.47,18.41,726.8,1,11,5,6.940933122140738
371.988235096258,317.8014001872661,29.69,9.51,282.5,0,18,1,1.739083979337574
251.95533189749315,157.1038909214845,3.39,8.79,29.8,4,10,0,4.404278665841374
355.914510797214,245.98990474963392,34.06,4.76,162.3,0,11,1,1.8965293187859942
1023.1185699849085,580.126607019605,29.02,10.68,309.8,4,12,1,11.702572382383767
449.8254510694591,425.08867975302525,23.76,11.76,279.3,0,16,3,3.2186895377033515
848.3758538466083,512.5700975285936,11.74,22.89,268.7,5,15,2,11.621583250422429
1039.178786334428,338.14175573604234,8.52,19.35,164.9,5,18,3,11.405016926501585
167.07402695604716,166.252653026273,26.25,13.54,355.5,1,14,4,1.9487859224780706
936.827333799408,436.3415183003003,19.28,5.97,115.0,2,18,2,7.509461995419948
424.58532234451366,315.3237376506229,34.88,17.44,608.2,3,13,1,5.221177742087848
322.6170478861278,130.80385482102344,12.71,23.59,299.8,3,12,2,4.3226920652622765
851.5696267473288,265.0850370823798,26.59,4.72,125.4,0,13,4,5.8689603198708475
1098.9722174612218,391.8589248392944,12.21,21.67,264.5,5,12,1,10.767082582064146
410.42151375788285,449.1391583088758,26.54,6.96,184.8,5,8,1,6.567435400508359
717.0938620304373,168.6358536575005,4.79,18.43,88.2,2,10,5,6.345479629212067
404.61420751143055,529.3184834291187,17.49,7.04,123.2,3,13,0,5.65017604189809
700.7998560135993,246.34413103256645,9.39,16.2,152.1,1,13,2,5.317352493858708
776.4854743328614,184.5479291988666,25.42,8.23,209.1,4,8,3,8.335188229291662
763.5756354450014,141.21843160862312,14.72,14.92,219.6,3,16,1,6.697278471081096
778.3719339998754,488.37766060969494,31.55,16.2,511.2,1,15,1,6.13841863274086
231.28936728362697,231.8738077306556,7.24,16.61,120.2,1,12,2,1.908666835840683
856.7653259371259,305.53744589612273,23.58,18.02,424.9,0,11,2,5.46341456312467
835.7203991458501,157.0072994314091,24.97,4.52,112.8,4,13,2,8.662575352032535
844.4986968829091,421.07191056629097,3.82,18.47,70.5,0,13,2,6.206018871556654
162.9590190673511,475.18904230488073,4.33,6.4,27.7,3,11,2,3.677017110929644
580.459503503851,223.4723919034047,14.4,17.89,257.8,4,17,3,7.539161283693953
538.1193478912173,568.6952496616991,25.54,5.73,146.3,0,8,0,3.9459543006625872
177.11686168038304,47.44804744933457,38.62,13.55,523.2,0,10,1,1.0
329.052079244428,105.777568866203,6.36,11.51,73.2,4,11,4,4.072343536219627
573.8781476138012,365.60860798947976,29.02,24.28,704.6,4,7,1,7.582021755898361
912.0550670410521,429.8019113675764,28.63,16.88,483.2,0,7,1,5.658744443387578
345.5095262228228,172.88930402016362,27.77,4.94,137.2,1,17,0,3.0988847755145152
1009.3198993399009,345.8205252280686,22.1,18.42,407.0,3,16,5,11.980024104670592
691.294080028199,211.48016081440323,38.77,7.27,281.9,3,10,0,5.877803607428641
931.6722874067716,345.8308700043064,21.57,9.3,200.5,3,9,2,8.903717727517789
609.26270133728,405.81677632562395,34.02,11.33,385.3,1,11,3,5.023524401841482
639.0975324728902,584.5005905343627,12.71,20.08,255.2,3,15,5,7.124249496347301
774.0857161051971,289.7472102120747,32.83,23.77,780.4,0,9,2,5.214277895487623
1119.327081145723,399.4831429546869,39.87,23.34,930.4,5,6,1,11.051566950539298
630.8300911824591,359.48237131436116,36.67,6.76,247.7,3,11,4,6.071528087632534
672.0964426812859,211.0062895159166,14.25,4.33,61.7,2,13,1,5.64202787638906
754.2365991508331,174.2465550677006,34.31,21.23,728.3,2,12,3,6.402545004501805
906.0169537734529,593.0863113944924,6.52,9.34,60.9,2,8,0,9.513981845530298
160.47237574458245,147.90584616986374,28.08,15.82,444.2,2,16,2,2.677961829770887
657.5699311446087,480.456902232315,15.66,24.53,384.1,1,14,1,5.938503489575252
619.3825799107688,113.55481288183378,27.37,7.1,194.4,3,15,3,5.696703798920824
1112.287182346079,488.48022353591296,18.25,11.25,205.3,1,18,3,7.4953429610178715
632.7273700887021,135.8652125040424,3.33,22.09,73.6,1,12,3,3.9492317175269442
604.5189988576507,581.2792870892151,11.56,17.3,199.9,5,13,2,10.098938463633743
1157.6639871588663,421.0129642474749,4.57,23.63,107.9,3,15,4,11.559897408606226
584.6456392329874,81.36739889522246,18.81,16.9,317.8,5,16,2,7.189882866753469
282.5905619607412,425.1109580916362,34.08,9.68,329.9,3,17,1,5.0130599412871995
322.9460575424829,374.0638347854846,30.31,20.71,627.7,4,15,2,4.990021169738369
186.61004293741104,222.40136061555634,32.19,19.7,634.3,0,6,0,1.0
80.63630477001779,178.61951872132735,32.87,23.54,773.7,3,10,2,3.0888369139042275
563.7791403205397,439.69364559644674,16.76,13.48,225.9,2,13,2,5.882873529636851
941.551691054008,452.5759825814235,21.72,14.06,305.5,0,11,3,6.137369049871478
901.4824159358161,216.50733390294585,21.81,10.12,220.8,0,6,2,5.094111873392916
116.00697833919222,529.4494531785172,7.19,8.91,64.1,1,9,0,1.8111808424623512
718.3808520253169,183.23151476644003,25.13,24.92,626.4,0,10,2,3.4741330210336927
252.7971004630931,69.82272280564229,29.65,24.5,726.3,2,6,5,3.2588567646979554
1134.005438936461,371.9246715517198,25.61,14.65,375.2,0,15,2,7.62459882855305
267.4487996014808,91.0302265140212,30.6,24.01,734.8,4,10,2,4.770291085335988
781.8359238211793,187.6985166318966,7.4,10.84,80.2,3,16,2,7.150118075629154
445.3869656237436,319.0962440376096,31.17,21.7,676.4,5,17,1,6.932176900479529
798.5486850800745,193.22498474365963,10.7,16.97,181.6,0,17,5,6.767232426207219
541.7296280397642,152.5479151794253,35.44,18.78,665.5,0,17,2,3.827718307230795
930.8002185831621,430.815686496223,12.06,18.8,226.8,5,12,1,9.75638706660724
338.3606203672008,341.78962459930847,21.2,16.99,360.2,2,9,3,4.609271708605177
1094.4868752639713,508.6639115026599,21.03,21.75,457.4,4,7,0,10.051821822460782
640.2348072309544,361.3065689536222,12.95,11.62,150.5,1,14,3,5.59446864698556
926.8243254383952,305.56491071105364,16.38,21.68,355.2,0,7,0,4.691922580760102
1031.6978143693743,178.91612041814926,9.87,7.04,69.4,2,9,1,6.820480299951122
1198.6880442693814,481.4775488020395,24.09,7.4,178.3,3,9,3,11.846861068584557
330.8191454652332,142.21647488168932,36.78,18.78,690.8,0,9,3,2.0821597318368705
401.31950319106943,168.07019425470136,14.71,19.5,287.0,0,10,6,2.647447111083946
360.48505713971485,509.7055001492499,21.8,22.85,498.1,1,10,0,3.3589128540760638
374.4158920189566,452.47973966565036,34.89,9.04,315.5,0,12,3,2.5580860936760046
732.3381105241027,379.3378887183267,19.74,4.23,83.6,5,18,4,8.305490425994927
1192.7452259233442,52.18470254834685,33.76,14.16,478.1,5,14,4,11.308114203957967
1189.111457543885,102.5368424222941,19.52,22.26,434.4,0,14,3,8.518805309164634
669.9860191257847,314.9757523069375,19.29,24.37,470.1,2,8,4,7.159736369329796
795.7104754964347,455.41318638524785,8.82,21.87,192.9,2,7,4,8.212690759021667
1043.1670089457987,294.53749258933925,7.62,13.78,105.1,0,8,1,7.9722827916310655
1124.8854734679257,39.85702391642636,25.63,21.99,563.6,3,17,7,10.194063080325641
308.32390260908915,135.03389924008837,33.61,7.71,259.1,5,8,1,6.404465894789274
671.9667364155472,365.59701878352433,8.01,23.27,186.4,3,18,0,5.891182797263689
1012.7775012208938,425.70372402215503,36.67,15.47,567.4,5,15,1,11.570357338882594
419.5863258307426,49.054138245785495,16.28,11.57,188.3,3,16,5,5.616483304048445
572.5861275781227,54.69909947248519,18.73,15.8,295.9,3,9,1,4.805883992903132
1183.8956336934489,178.9467658101269,36.09,20.25,730.9,5,8,4,13.066011333258313
1183.2523003273755,77.59596637034201,36.16,8.28,299.5,4,8,1,9.511929888963724
1094.8396280570034,338.9093523502179,22.42,5.24,117.5,4,17,1,10.523903596991259
974.2621462074245,100.51012971530787,13.24,19.13,253.3,4,11,5,8.547495675395382
381.42616080954247,399.4850208938108,9.36,23.95,224.3,0,11,2,2.607235882549467
439.35208295524995,473.0184320053246,13.05,17.01,222.0,4,9,2,6.424014844620846
692.9567821494596,583.1944983387008,31.88,6.14,195.7,4,10,0,7.2422562322611235
708.0706595094537,570.5919681334972,15.01,17.15,257.5,2,10,2,6.406644112884863
646.163157679915,185.81813563410856,28.7,5.57,159.7,3,15,3,6.0328048310131495
793.0707135062628,46.763473495208515,10.22,9.68,98.9,4,16,1,8.020430347091105
537.3217853489475,217.76496318370775,20.7,3.7,76.5,0,12,1,3.176614077073921
919.0750561933969,433.83366766621236,16.03,13.73,220.0,3,10,4,9.351815367081816
453.575917655758,64.0866892853474,21.63,10.07,217.8,4,11,2,5.869443919922383
450.3582365799149,235.03621487271434,24.09,5.15,123.9,1,8,4,4.300084463906921
222.49307731884736,199.87969210173696,39.66,9.8,388.7,1,6,3,2.2647586973456137
291.35767523238957,155.02701241681672,36.3,17.25,626.0,0,9,1,1.921848468242241
1032.5833843919204,432.4945301962797,28.75,9.36,269.1,1,6,0,8.53431918359021
579.8362192100944,405.6852928638932,8.69,6.15,53.4,2,6,4,5.988141927411077
335.21192093917387,335.23163359957573,37.0,14.99,554.5,5,9,2,6.882998644653055
930.4620320250739,549.1415446185106,36.03,19.57,705.1,0,17,3,7.87527886231069
700.4588609148825,88.7891460562553,35.81,21.26,761.4,3,8,4,7.44776052514055
103.69473279408871,115.32285795253456,20.72,13.39,277.4,0,15,0,1.0
434.324832217121,248.56631715506546,9.32,18.64,173.7,4,7,5,5.48938313140042
278.24158045590195,403.85276956185334,30.91,21.33,659.5,2,12,1,3.822448246253091
814.5776043007814,362.9251965798849,17.38,17.8,309.3,2,13,3,7.58048823428053
388.0347655058832,72.20433185672121,15.75,14.6,229.9,5,13,2,6.347314864778681
152.74039271513686,576.3021381354864,17.46,4.32,75.4,4,16,0,4.653079331277135
141.52718790138957,203.88694538299316,23.69,9.38,222.2,0,9,3,1.0
731.5345737137607,234.61438985636352,15.34,10.04,154.0,1,15,2,5.142915412436371
104.33027038858037,385.4689854547514,28.53,11.69,333.5,1,11,1,1.338139711576718
1030.6471667124192,568.7443449520488,26.97,23.92,645.0,3,11,2,10.883284209637095
254.04477356814868,407.73229628886503,21.83,7.6,165.8,4,10,1,4.925671098056503
759.3542954188814,574.2207978421914,5.0,14.91,74.5,3,18,0,7.614686818985363
578.0505913720351,136.92693772767302,37.65,24.81,934.0,2,16,3,5.700394606137151
575.9937037797308,382.72165951457293,18.23,16.61,302.9,4,12,3,7.100045394566206
160.41279944325137,502.4609683694824,19.63,7.6,149.1,4,15,3,4.580338687877159
979.0825202376815,320.14394690526285,19.87,24.12,479.4,0,17,2,6.807841286136031
1080.218782923643,236.43899522272406,16.51,10.4,171.6,3,9,1,9.186726128860643
92.33866747033588,591.31236211817,27.96,4.05,113.3,4,10,1,3.3641620993063532
280.03667678077187,110.36278402609648,3.51,12.49,43.9,3,15,0,4.188614704671018
1092.3726914509361,264.2298306913343,35.32,8.29,293.0,1,9,2,7.492365118362403
695.4328463360652,527.8230389595763,6.79,21.02,142.7,0,7,1,5.344649565628379
248.04432763799534,543.274025508375,39.99,7.84,313.5,1,13,0,2.725556351210754
307.1253069222579,588.8177978890712,26.24,21.04,552.0,2,8,0,4.646522560319918
819.1845935455679,534.3631275906974,5.45,3.8,20.7,5,13,3,12.051150624483254
891.7948409164978,59.04550447082514,23.81,23.44,558.1,3,7,0,7.3225320074345275
751.3580256095274,559.9669047876683,15.26,3.93,59.9,5,12,1,9.32647025555018
1147.526185502029,274.0552991018676,38.26,23.65,904.8,0,9,2,7.103348720891784
633.3512361011902,401.42293685025174,30.95,4.62,143.0,4,12,3,7.360028386477547
416.3045415996299,254.7372454252579,21.76,22.2,483.0,1,8,0,3.385365177552151
614.5008591728921,493.7908036697227,18.9,21.29,402.4,3,9,2,7.446510855676037
482.8262489066043,358.2739875039767,39.85,16.08,640.6,2,17,2,4.746615932444455
331.34579979564865,511.9604462557825,27.69,3.79,105.0,5,18,3,6.314364334911567
131.47883926095687,140.44973876683733,22.02,16.67,366.9,4,10,3,3.144004709082804
474.47799279293906,135.44036401029427,17.72,16.59,294.1,2,14,2,4.521619029343986
876.7784694349114,281.01477690332854,15.01,15.26,229.0,3,10,3,7.887004330526034
100.65033922021706,32.70838062861391,29.1,16.89,491.6,4,8,5,3.8445376070170223
571.8799347906469,424.9261842908671,24.75,24.3,601.4,4,7,2,7.049252746758073
801.2905296238526,198.75062485056625,34.38,24.9,856.2,3,17,2,8.02296768802124
763.6526022752241,347.6606273422364,23.48,14.45,339.3,4,6,1,8.513058166978375
949.8462481953618,69.90202946268272,24.55,5.02,123.2,4,12,1,8.591910784374052
987.7820815389732,127.26728484813556,20.66,5.95,122.9,0,8,0,5.845254085936913
877.1105194297144,385.0297269125017,31.22,18.85,588.4,2,15,3,7.468517552626243
195.13341968211935,204.22769745329455,18.35,24.6,451.6,5,7,1,5.46540300888155
612.025137284884,152.39150727381121,34.52,12.59,434.7,1,13,4,5.753309403725326
755.8146723861216,160.44250546042772,15.1,5.16,77.9,4,10,6,8.357532550305722
355.0339634665858,152.4470378935324,28.63,10.77,308.2,3,12,2,4.507660896301884
127.6580357643897,385.02504117541247,36.04,11.47,413.4,1,8,3,1.990645894237875
330.4211593811725,125.58399224759056,31.46,24.93,784.0,2,7,1,3.4809142541541553
589.4817299405555,236.7426247325375,15.68,18.1,283.8,2,8,2,5.218435279887057
543.6019573411529,422.09551338826776,29.13,5.59,163.0,0,13,2,4.299125179609262
277.867019086421,322.7925026881609,10.66,10.42,111.0,1,14,1,2.7472688593016024
1003.345407805512,370.4500963420258,5.15,4.07,21.0,4,17,0,9.878793235461183
1116.7690689851315,173.01697829433667,32.28,17.37,560.6,5,18,2,10.860125342103
305.510117339041,561.6474777041672,32.9,17.8,585.6,5,15,1,5.550286938485751
1121.1216654352882,265.91117154031133,3.85,4.26,16.4,2,6,2,7.739635030164047
100.00427427620252,193.5694438690307,38.07,10.38,395.2,4,15,2,3.663682335593576
1115.9579694317788,545.4659249133292,19.5,22.86,445.8,2,15,4,9.715839892428562
1146.160244890617,403.5150807007006,36.5,21.19,773.3,4,15,3,11.046431092718523
93.49808657783623,379.9491419889168,32.16,15.63,502.8,5,14,2,4.628929447472507
934.5816123899579,535.4387517347159,36.32,13.66,496.3,2,14,2,10.812953763277008
1166.6257612782247,63.367963174689116,33.83,24.84,840.6,3,13,4,10.605108917098503
1094.6104850759116,507.4773218443208,39.04,18.89,737.4,5,14,3,12.860207868625292
1167.1953805397586,416.3826876539075,26.28,23.96,629.5,0,14,3,7.928747522787934
696.3623263813561,235.19589302467372,11.41,4.57,52.2,1,6,0,4.266004067658226
167.53487667163486,176.1202652385977,17.41,7.67,133.5,3,12,2,3.2720213469772985
1031.7639015416405,89.73936293248786,30.82,3.68,113.6,1,7,0,5.469813763965872
767.4876465060929,566.4122770406133,8.81,22.09,194.6,4,18,6,11.89962803641977
768.5051534908837,110.88989889783562,37.4,18.27,683.5,1,18,2,4.2497542335825225
547.3240430417286,177.87996536660404,10.6,6.91,73.2,2,8,2,5.150044829126221
720.4630137036422,423.9310923545978,35.41,24.43,865.2,4,17,2,9.024275050100318
252.00935257644826,434.7868895950158,20.9,24.03,502.1,3,12,3,4.2099542489562864
908.5424297540884,121.63816162347855,34.1,7.94,270.8,4,14,3,7.749884957277388
164.0193842337274,494.05476163640776,38.46,17.23,662.8,3,14,1,3.902131515854305
897.354459089047,320.8637434305266,18.62,17.7,329.5,3,7,1,7.830166119086343
1030.8558333398364,513.620306525612,28.77,3.09,88.9,3,17,4,12.241746760896428
609.1649188722267,79.75267221310038,11.39,18.15,206.7,4,14,3,7.391667946248204
651.0100099838953,54.413099483403116,32.63,7.87,256.8,5,12,1,8.03456006549079
429.67998567272764,393.08451745177933,33.34,22.83,761.1,0,13,1,2.5837712185972848
1165.793613772658,115.5135643525956,13.92,21.45,298.6,3,18,3,8.689555144392108
901.0994115066908,329.220956067981,3.89,22.92,89.2,4,14,2,11.590471364393824
493.2671796963864,38.04199279216997,18.95,19.67,372.8,3,14,3,6.01887661733132
275.78427258096565,474.55967851247414,9.29,6.63,61.6,2,17,1,3.2945832747303907
325.9291432663423,542.7321970017459,33.29,10.93,363.9,4,15,3,5.837677913275422
599.5929604432561,508.16317431964416,12.66,18.6,235.4,2,7,5,5.8196533825740975
1135.6766083520583,576.2611034957384,37.92,10.11,383.5,0,16,0,8.832559166807895
902.2439072522283,544.7645801555101,38.96,18.62,725.4,1,17,1,9.530108281299658
321.0729979606478,283.09027042550815,36.63,10.4,380.8,0,15,1,1.9504037002237953
1042.7084694291657,257.05847881287855,25.19,6.91,174.0,4,7,0,7.781954481451811
503.5845857708428,540.8246907437795,12.89,14.4,185.7,5,12,2,7.235280429220799
1033.928844682821,558.3551133536193,32.87,18.1,594.8,2,6,2,9.237752311328933
350.7035497388666,584.5164905412811,28.96,14.38,416.4,4,16,1,6.214540170622844
772.8998853686758,467.94082386038616,39.16,17.12,670.4,5,18,4,10.272184189335842
1117.8709466510359,145.1336330665868,16.96,12.64,214.3,2,6,1,6.945306581180715
368.8412902455294,568.6238575831118,5.17,20.12,104.1,5,7,4,6.775049280188644
856.0777814561575,569.8706360852451,39.94,17.3,690.9,0,18,6,6.914459281101604
1185.7901343520011,409.6948774303937,34.02,15.64,532.1,4,16,0,11.441201140476615
248.67008171216392,518.6497518192064,11.2,12.58,140.8,0,16,1,2.087041873993988
179.01056558475534,349.8705600634528,29.85,14.79,441.3,4,8,2,4.8168127732624395
835.0986155381942,568.1523588846819,3.03,4.12,12.5,0,14,6,7.9807036851210515
460.50426147891403,83.54374605749197,23.64,17.67,417.6,4,16,1,6.6341461281171945
159.79381465058205,522.4593069963194,16.43,7.5,123.1,2,6,1,2.9429874828595644
612.3422920296366,61.63706855116943,17.11,21.92,375.1,1,9,1,4.364502665470443
924.2231612012304,223.29101976427168,12.05,20.87,251.4,3,9,2,8.423210353444926
399.33708846501145,107.13561629069929,13.17,14.62,192.5,5,13,5,7.846119123177838
455.2525028057509,303.10700270385996,19.82,21.64,428.9,0,9,0,3.337598481276497
1027.1833287246088,162.38031005570787,12.18,17.76,216.3,1,10,2,5.599476114001559
662.4805417328666,572.6812562203784,20.26,6.11,123.7,3,9,2,8.944902373867505
1023.8598050632487,348.8131601824434,24.36,19.3,470.1,0,6,4,7.730807831483979
579.9562312009546,541.7065196931231,29.31,24.91,730.1,5,14,1,9.616590155039772
1147.332180947316,188.49332735915604,28.05,3.9,109.5,3,14,1,9.224898860861211
808.8899404838652,44.80720916953966,11.95,8.39,100.3,5,17,0,8.266753757107045
209.80672915755935,472.12335209983536,4.45,16.15,71.9,2,13,1,3.6627083244073906
1071.3041468140168,430.35526618402395,33.81,12.13,410.3,4,14,1,12.080290895108083
627.9770137304935,340.93023803429037,35.28,17.03,600.6,1,10,1,4.7641760718852195
238.63564412965357,494.74535594565117,39.22,15.9,623.6,2,11,0,3.885502112292811
251.0129499023912,508.84809240943554,38.51,20.34,783.1,2,11,3,3.310617517912185
850.0380073230565,365.10488557035904,26.45,4.56,120.6,3,18,1,7.476211852917375
133.05720753702855,580.5788413567441,36.09,12.69,458.1,1,12,4,1.9475367445647007
400.9850167034709,440.2358101418765,19.58,21.92,429.1,3,17,3,5.6804230955697825
236.56210132625228,415.8189644126984,32.13,10.98,352.8,5,10,2,4.893351976511138
574.0067211713583,236.01042175842787,38.35,14.08,540.1,0,14,0,3.8454885187422874
544.0762246336847,31.28738980200437,32.46,3.47,112.8,4,9,2,6.053723322893667
664.5016068515187,167.33732411968145,18.38,7.93,145.8,5,11,2,7.213657846738314
393.19268859483384,465.43468888433904,16.98,13.2,224.1,0,17,0,2.803361311867033
115.88882010355846,434.6266150291893,13.79,11.78,162.4,4,14,1,4.062042878336024
768.112439319408,218.6826225531537,16.58,18.72,310.4,2,12,2,5.919546280230598
498.5641632282335,386.58229548691014,33.36,16.46,549.2,3,11,1,6.0639152471689375
809.495198588852,141.3138632996882,28.96,22.37,647.6,1,16,1,6.305794290892988
201.70700730078067,180.2677999833551,12.25,21.8,267.0,1,8,3,2.1336547344160404
95.43063792933637,570.022613524423,29.33,8.31,243.6,1,17,4,1.6360201182013288
358.0895576315279,265.51292657328884,17.04,3.39,57.7,0,14,2,2.4113792212966
591.3330017533385,169.64292875034707,23.64,21.8,515.3,2,10,3,4.695190990355526
521.3606110686833,307.6517006982251,16.7,10.24,171.1,5,15,2,7.1918013112655705
987.5388619062824,250.5990514787987,22.3,10.64,237.2,4,18,3,8.492544476460829
503.17816149596285,445.8315512889902,30.0,6.48,194.6,1,10,1,4.711742543070343
674.0941211554484,578.4061806998022,30.05,18.25,548.3,3,11,1,7.4650692761411905
744.7374635352553,367.29033194088436,30.87,9.16,282.8,0,18,4,4.794012566808491
104.451158643309,366.9538965540416,17.47,6.89,120.3,0,10,2,1.0
656.9493820677317,237.95529947238535,28.55,14.07,401.8,3,17,2,6.247882897290882
466.2110105266984,351.83963122591837,11.83,19.51,230.8,1,17,3,4.086014716730681
551.8337430052452,212.01745384066876,20.66,8.93,184.6,4,13,3,7.290169860781187
192.32188631468028,30.6224823580349,24.57,18.88,464.1,0,7,2,1.0
956.7590335264827,523.6748185407365,28.4,13.16,373.8,0,6,3,7.583325966667121
1135.4927609055453,274.78312874737196,36.74,11.88,436.6,4,9,2,8.742659529417582
104.941079105152,310.4904364807781,14.28,10.91,155.7,1,6,2,1.539621271322483
753.5374943487096,77.59552179277907,34.28,6.2,212.6,0,15,3,3.8342008786923856
935.505355362961,507.1529926410734,14.51,10.32,149.7,4,14,1,9.638472624384482
398.98449928787613,127.09213011522652,23.42,22.34,523.3,4,11,3,4.862318596132791
962.0622550468028,264.05406050706006,33.64,5.25,176.5,5,16,2,10.171899214096323
788.2376568582574,508.9513618264124,29.76,24.08,716.6,3,7,1,8.948349586394272
1120.6621481435984,290.9362759217061,34.93,5.36,187.4,2,12,3,9.158847116698805
1178.7253887162256,560.7568312158843,33.15,10.96,363.5,4,10,5,14.729009302900831
127.42764767854938,149.30915294979312,13.22,16.34,216.1,4,6,0,3.902332712097226
578.330292350247,437.68271307421963,39.74,21.43,851.7,3,12,4,6.869506170317162
692.6263220876044,587.4591584301846,37.67,6.16,232.0,1,7,2,5.222712324377558
244.35242119257077,343.2797732155772,18.92,6.1,115.5,5,6,0,4.768410475651471
456.64013007864514,424.54482222707594,4.75,16.82,79.9,4,8,3,6.784370191000419
1186.1651414872372,254.1391959725748,14.23,9.44,134.3,5,8,3,11.036108880113677
98.17811110356801,458.26228364351726,33.94,17.18,583.0,3,14,2,3.1485745842810062
586.8088833073102,548.0582122185256,38.18,21.05,803.8,2,16,1,6.595672531002382
1023.7731763243797,430.7416732188016,33.77,4.69,158.4,5,12,4,12.474443305026151
442.76941424560306,563.4793654871581,17.68,21.58,381.5,3,14,4,6.64384061461591
617.3743230857717,365.5320116356165,5.09,3.83,19.5,4,7,1,6.154005217882512
1175.4112352825375,358.96834105704886,22.15,22.77,504.5,5,16,1,10.713615638235577
611.8620568527883,203.63761122221854,16.93,24.46,414.1,1,12,1,4.159783174917822
226.63186960407893,434.487669963358,7.55,17.68,133.5,1,11,0,2.085385528194276
137.928070666358,532.7129374010085,6.92,24.65,170.5,0,17,2,1.1613626967396322
1138.8665611327424,398.4002488934908,8.66,21.08,182.6,3,10,5,10.466455321247002
377.7065428680736,162.8323557411923,10.62,3.98,42.2,4,11,2,5.2304435231216715
644.551575352297,340.1421953913613,30.89,3.08,95.3,5,18,0,8.453485015434783
181.58597802076486,460.8843276623066,17.12,3.46,59.2,0,7,2,1.3161802194721441
554.4937350166776,565.4370894774692,19.17,12.94,248.1,0,12,0,3.871898316550458
1121.7181815601389,119.25974822671576,25.14,16.71,420.2,4,13,2,9.59388497948975
642.702552866651,102.67334185093954,38.52,13.59,523.6,1,15,1,3.9029750414381312
1167.6713700186071,265.3778122327564,30.99,17.9,554.6,2,18,2,9.003618922373972
369.8959137058876,101.5983665936882,26.89,12.89,346.7,0,10,0,1.9733449119083946
645.0906684684096,588.8444801279174,30.52,3.94,120.1,0,7,4,4.664292768427546
1042.6744868264443,271.8534893510587,29.61,7.98,236.2,3,11,2,9.585465770820912
582.042637100193,334.1579958687058,28.54,24.84,708.8,4,8,2,7.217223233272043
393.02585839861234,159.44003533687965,21.37,10.61,226.7,5,15,1,6.507618160751944
1038.1324070280275,286.00189041604966,23.97,10.14,243.2,2,13,5,11.916365778182428
516.6762051373221,591.2755428708953,20.08,6.36,127.7,3,15,2,5.499545250174264
674.4100859874621,308.5516762791726,17.61,24.72,435.4,5,10,0,8.322888959471895
1173.710314384963,35.02963770855714,13.02,8.07,105.1,2,18,2,7.293585615896315
288.86129012656755,168.2406922428594,16.14,17.23,278.1,1,17,1,2.7016322244677493
417.568713126608,587.7192533727474,18.86,3.93,74.0,4,17,2,6.5480599210354615
114.79795207822073,593.7684826441175,24.44,4.46,109.0,0,15,1,1.0
518.858235099259,149.98106116987225,21.5,18.77,403.4,1,8,3,3.9897627038501478
304.2054422550427,380.7005300709965,6.99,16.97,118.7,0,7,1,1.8930900071488506
841.6391276568384,73.83774838808624,15.58,17.96,279.9,3,18,2,7.533404081594101
283.08003381775467,359.1417361934386,16.92,8.08,136.7,1,17,1,2.891716377235736
835.7902826945741,101.77479984726932,29.16,24.67,719.2,2,17,2,7.692635608184107
375.0924795720358,496.637068476315,15.32,15.28,234.1,3,14,5,5.674067837194414
477.84397421574374,565.5577429332793,3.29,24.33,80.2,1,17,2,4.684254265928092
470.7239302919652,128.60248058820508,6.12,6.61,40.5,2,12,3,4.309393216653689
882.7619601832425,293.7459360990497,21.39,11.91,254.8,2,8,4,8.03678386127614
602.4903747149442,88.16450913054148,9.97,10.39,103.6,0,9,4,4.304149076567887
484.65476671500505,223.30980403159575,21.3,19.61,417.7,5,17,0,6.41750571414768
1034.937445324184,67.10572021350009,24.25,19.45,471.5,5,14,1,10.959230727678651
720.584700718147,180.79152096993343,37.54,13.7,514.4,4,18,2,8.097663690019296
319.4905198313575,594.4274902409019,27.26,3.36,91.5,0,17,2,2.894385231923737
1088.1022315209245,55.42386237319906,4.15,6.85,28.4,2,15,1,7.4074399571508565
463.76833155767747,519.6119478826422,17.09,4.11,70.2,2,6,1,4.504689597218265
123.65690284179884,74.14796931983977,32.36,21.63,700.0,0,8,2,1.0
633.9522508513872,331.52825073689525,12.64,9.37,118.5,5,10,4,8.456914979693932
218.81062097378313,287.708281683587,37.22,5.59,208.2,2,6,3,2.8128866295594483
347.0824169616317,560.9861562117676,22.57,10.79,243.6,3,18,1,5.036024444785317
916.7641774099004,143.45842150250107,6.42,4.7,30.2,4,8,1,8.970074425285574
226.44203098147682,132.418748766392,11.94,24.53,293.0,1,10,0,1.940083685655476
983.77753127652,456.7670304836644,36.53,9.93,362.8,2,14,0,9.058865279305914
1129.3361627066681,443.66009966720173,39.68,23.53,933.7,5,6,2,12.616904177213382
759.315952456898,428.53360918089527,34.93,18.02,629.5,4,14,3,9.47471912253671
875.6022950655688,44.89245621825701,14.87,15.45,229.7,3,7,2,6.61500064607979
879.2170030963075,178.17702143319792,31.45,13.46,423.3,3,17,2,8.733678405050354
1191.9449121428984,508.74025137695065,11.22,18.12,203.4,0,14,1,9.5979641244016
462.5228536658176,372.4891292303604,17.23,18.1,311.8,1,10,2,3.8600345913954346
262.39933739182675,373.2511048173435,28.8,3.23,93.1,0,15,2,1.715867207506833
661.4673031040401,198.67246508074265,38.85,22.97,892.4,4,10,0,7.112690299684222
677.2397870115132,178.2986604774603,19.25,11.1,213.6,5,7,2,7.607056893155255
279.26198689168183,569.5362861704052,21.35,10.77,229.9,0,6,4,2.10128727723299
766.6825492734363,444.82050894633096,11.15,11.94,133.1,1,8,1,6.506926025446849
95.81970149404285,102.3136871470474,17.92,18.08,323.9,2,15,3,2.2798740409061824
1118.9886107487282,564.4929570219454,5.33,11.27,60.1,4,13,2,13.364102087900037
376.32319115981306,361.9509865362913,34.77,11.22,390.2,2,9,1,4.387160873124103
124.30743339701482,220.01654916554023,3.86,4.4,17.0,0,14,2,1.0
201.2393744518399,256.36948444777113,28.29,12.17,344.2,3,11,4,3.4410122136872547
349.0788220731987,443.4805709009924,13.11,6.29,82.4,0,8,0,2.424618263371418
386.77490883877067,244.47541146106764,20.62,21.82,449.9,3,14,2,5.432607997686299
116.74719943745612,359.884535497606,13.42,10.36,139.0,5,11,2,4.485210164909667
392.8773896569767,434.98471308959074,17.8,24.14,429.7,0,14,2,3.061426962415171
296.09474487269995,141.36374846439978,23.23,18.06,419.5,5,13,2,6.132508377101952
504.05543872666084,568.2176471582532,26.71,19.64,524.5,3,7,0,5.961138615196209
511.3878658386855,233.01847971818358,37.79,23.85,901.3,0,6,5,3.437868075763615
459.6886694752246,269.04361153384116,15.29,8.26,126.3,1,7,1,3.4450092695067718
447.2747495543885,428.1531896846578,24.64,15.48,381.4,1,8,1,3.751979416606734
180.49903107020137,377.0075009510255,36.36,3.9,141.7,5,8,2,5.639113180819502
108.22954078130164,280.86830705533214,13.74,5.22,71.7,4,17,6,3.9438094283484078
306.3680161752426,400.3529629714511,35.01,11.06,387.3,2,16,5,3.816487935301663
927.4473587066092,544.6121353160654,38.43,18.02,692.3,3,17,0,10.507029965647273
1189.7069374172568,486.1616614878886,34.36,21.3,731.7,2,12,4,9.551765839625821
1119.9493160642085,499.82763567422097,24.08,8.64,208.1,2,10,2,9.110579728469887
644.7256782023009,177.29279288336838,29.72,19.48,578.9,3,11,3,6.407484798927951
675.6427184712863,269.0599090996534,20.8,7.93,165.0,1,17,3,5.575420215577919
432.33135732014364,345.67691074281373,25.1,3.13,78.6,4,10,1,5.49941848239834
946.812171274175,55.188766922045275,39.06,4.2,163.9,5,14,2,8.950703124201143
936.5274904845664,468.781542815075,12.29,15.88,195.2,5,7,1,9.569259240379882
1025.585040492338,214.37415191660068,32.32,13.94,450.5,1,18,0,5.64922354393961
1082.9651264605104,191.07976448337814,21.73,8.95,194.5,2,14,1,8.315806890087746
566.4711580123312,177.79644533300345,9.54,3.14,30.0,1,18,2,3.722823168012561
938.9006362800613,191.52618128943672,26.81,15.5,415.5,3,9,2,7.6757708875277775
983.1665762513841,222.66845432996436,32.32,20.99,678.3,1,14,1,6.9777073547880155
425.4747771974802,374.74999810341075,24.04,4.51,108.4,2,9,4,4.7539283181695025
1120.751313286888,362.632233483036,33.99,19.2,652.6,0,12,1,6.839015367448671
185.66248295641412,175.75569955306895,16.54,16.96,280.5,3,10,5,3.74622801507465
1193.5814806628769,147.66183764672826,36.81,13.55,498.6,3,7,1,9.668957513647147
942.5016043379337,501.0241683406734,26.99,4.06,109.7,3,11,2,9.412069807446843
184.46341396324652,82.85230247552892,32.72,23.32,762.9,2,12,1,2.461382771739597
814.9772058776007,322.3090194845287,13.1,13.5,176.9,4,8,1,7.308885267372833
118.28094023965137,326.71969828788735,19.51,11.79,230.0,3,11,5,2.888453912683109
942.6093833774848,357.25797988262434,36.66,21.95,804.7,1,7,1,6.243907867877943
975.1296722581419,534.8205660670674,4.88,21.6,105.5,2,14,1,8.259933144248187
754.6994834624214,385.63094585401757,17.95,19.0,341.0,3,10,2,6.923091115451769
1039.6836389465589,584.9712467613733,31.87,21.25,677.1,0,7,3,8.036059311798086
189.62927384064287,526.6712575087747,30.52,5.74,175.0,2,12,4,2.9495944844781854
389.0347030857108,152.40194790771056,34.51,19.74,681.2,5,16,1,6.92603333960255
543.878824183791,167.47448682842165,30.36,10.22,310.2,2,18,3,4.505176210617243
127.55290716747007,226.52125747164723,38.04,22.08,840.2,3,18,0,3.16506502152543
582.0020180797061,253.16321659567484,21.44,11.15,238.9,4,8,3,8.405045606801966
377.0390708460739,345.20721857538643,26.1,4.19,109.5,1,8,1,3.420282580775299
519.8632135539633,162.53220075091315,34.37,12.12,416.4,4,17,1,6.641439853089342
556.1149478313832,156.73675323484645,28.96,19.65,569.1,0,14,1,3.62093791253867
1064.9411415062073,247.39227569980537,6.78,14.02,95.0,2,13,2,9.39502805637472
382.78188699095574,413.0531745312686,16.58,19.8,328.3,3,16,2,5.2592196388925965
1080.9923041622246,422.23159946482735,23.45,3.78,88.5,1,6,0,7.943292219101914
557.0874805903911,586.3865418229651,30.92,6.9,213.3,4,13,1,7.707408697477314
447.14464717726435,145.376797335434,23.11,15.4,355.9,0,13,0,2.8251268023402787
642.8134952553636,253.92971655847902,31.77,11.48,364.6,3,18,0,5.372802323845299
547.8724807263804,579.8661738252645,33.99,17.96,610.6,3,12,3,6.65713289023438
368.2569906217636,423.30498331936474,12.81,24.18,309.7,4,12,4,6.03891038406881
643.000843771595,367.5987591485509,25.8,17.52,451.9,1,16,2,5.721286025683609
250.01794104829102,337.59824929876777,23.61,12.18,287.7,0,9,2,1.6693549585650955
474.161536185722,73.04091667766623,11.41,14.93,170.4,3,6,0,4.090948329495719
713.6850456989814,539.2230710250689,21.13,23.08,487.6,5,12,4,10.15639867947559
543.0172337166416,386.53797278661136,23.3,17.81,414.8,4,13,1,7.163852219077062
1002.7818443768921,355.8504225189794,33.24,20.67,687.1,1,12,3,7.080911397792302
367.5283729193862,337.51519569345027,20.06,9.63,193.2,2,15,2,4.396999252093199
1166.1441682907312,253.39109817303367,5.99,19.38,116.1,1,9,1,8.200216450310606
958.8886633535135,175.15887407570887,21.03,6.07,127.6,4,6,2,8.130521088574694
1163.7041891171689,460.533531640656,34.0,19.5,662.9,3,16,3,10.396659841726816
1018.7129414099406,320.4534851241474,24.14,22.39,540.5,2,17,5,8.997746911970125
239.1563969538398,49.34553340485557,14.8,22.81,337.5,0,14,2,1.5151386882565037
669.6353015112154,257.48386487013306,37.08,5.56,206.3,3,10,1,5.826966187867543
270.37594373928,559.3040737870145,8.76,21.26,186.2,2,10,3,3.8679847266659895
996.4146349425282,243.11990007829183,15.09,5.42,81.8,0,12,1,4.903546896655805
734.2616070852914,265.542814517577,19.17,13.52,259.3,1,11,2,4.7245969212471675
375.06323207973446,385.6578401413703,30.31,18.02,546.0,4,8,1,5.704040125868214
1121.1508486480318,486.95463817505293,33.92,13.65,463.2,4,10,4,12.145373068833807
209.00837971197197,411.0228370916859,5.17,10.48,54.1,2,9,3,3.200470235610027
711.5258918878717,514.5311967400795,32.31,18.04,582.9,4,11,2,7.6981905402960535
887.5654212267325,94.96323461319803,29.66,17.54,520.2,4,10,2,8.50183048063563
145.9103618123236,557.0177553916299,36.1,15.82,571.3,3,12,0,3.7299991612545527
749.598757190948,545.23550147449,36.32,14.63,531.1,1,16,1,7.144454049534816
993.8093613186654,325.9146943537851,31.77,18.53,588.6,2,10,2,7.921606250281427
155.63059214821976,386.1030755387046,10.04,11.87,119.1,4,6,2,3.949361901519557
653.7121276394223,151.303438614799,14.61,4.51,65.9,1,16,2,5.427157700787245
369.5840395265888,285.33003964939167,37.64,14.82,558.0,3,8,3,5.207644204153787
822.4753857213514,145.54091572429303,25.13,18.92,475.4,4,18,1,7.826008778084753
212.9186511283063,42.52670699638112,22.93,9.58,219.7,3,12,2,3.6548721983391244
1129.4976023509678,589.11474883242,36.88,6.1,224.8,3,12,0,9.524283002010028
1082.0960115204996,177.7135139548169,35.35,23.06,815.1,1,11,1,7.583239029548932
288.2913502607943,368.0717360717661,29.92,22.0,658.3,2,15,1,3.4796527348038877
442.0577904889172,201.14271861658193,35.64,16.61,591.9,0,14,1,2.782736779289783
738.1511716114082,241.2543235199479,7.21,20.31,146.4,0,18,2,4.060099837083284
884.2298170303606,256.72408839189666,31.03,24.31,754.4,3,6,2,8.467946867036133
575.7747369794893,220.9766368551119,38.73,15.52,601.2,1,8,2,5.118492404390376
255.04628059629206,393.3178628237634,4.81,8.37,40.3,2,9,3,3.63272787217052
196.64967305921618,577.7336741785055,11.25,17.05,191.9,2,8,3,3.0174459085342584
1199.7371773440652,274.32175050355283,32.38,23.12,748.6,2,18,2,8.64530827834712
589.9943760167057,584.7962327109311,22.24,18.18,404.4,4,6,1,7.572473765096968
1057.235559046318,410.64442528652637,6.2,3.58,22.2,2,7,1,7.859289355076022
620.2611251846082,376.06763116197516,12.91,23.18,299.3,5,11,4,7.720045359461572
1113.0405551715237,165.14919552538612,14.99,19.58,293.5,2,9,4,8.169312807945076
178.29050870413667,65.86480236264705,14.88,11.84,176.2,5,10,4,5.684239259337017
207.70149429469708,515.6028190663424,35.47,24.72,877.1,5,13,2,6.604140881626118
1121.1880502511312,357.1692064482333,27.5,18.88,519.0,2,13,0,9.323803040293882
1141.192210450159,266.2159015821827,30.19,21.16,638.9,4,17,6,11.993995132041745
432.483541161207,492.82137359043554,3.5,23.75,83.2,2,11,0,4.505098777221041
477.78467343313645,207.0308180690717,18.82,3.87,72.8,5,18,0,6.620127630062514
586.744263014929,476.66183589975776,14.76,20.04,295.7,4,8,6,8.559570162850513
546.1010816753658,216.9393861813043,34.52,11.5,397.0,2,8,3,5.600262718204219
292.85064187474825,554.9022762503732,38.29,22.12,847.0,1,11,3,3.227906856813795
1086.1804300120994,182.74111844037745,18.66,22.34,416.9,5,7,2,10.752817401093116
363.70451279032096,108.40584701750555,39.0,21.23,828.0,3,6,2,4.269195274991579
869.9050986149698,427.91512375916477,3.53,20.14,71.1,4,10,2,9.207294519127906
155.21435906316964,122.82293424691935,15.05,20.47,308.2,4,12,0,4.494877008811753
123.401491311841,571.1369386647218,31.67,9.52,301.7,0,9,4,1.1779789427972063
812.1781292861511,403.6664140616536,16.32,11.94,195.0,1,9,2,8.156442283732048
459.6977604820516,161.5905769321798,37.08,5.53,205.1,5,7,3,6.603991032952252
814.1145198464014,149.02679254269438,11.08,21.27,235.8,1,7,3,4.6205161129143235
185.30374642909,556.6087722986402,32.44,17.21,558.4,5,17,2,5.511277037922208
1143.833545505767,376.4790103244378,10.46,16.48,172.4,2,6,4,8.885654911821714
918.3362029202668,539.4295238032776,10.29,8.41,86.6,5,15,2,11.074988046828489
1061.419300988895,92.82836676212037,19.49,16.53,322.2,3,15,1,8.321036864725116
232.84702052985222,557.4735514801304,37.96,13.0,493.5,0,8,3,2.0841529436198636
438.5802851600137,326.4281078366303,24.66,24.9,614.0,1,9,2,4.082078132710981
492.54546391110534,411.0004923088698,26.5,21.99,582.6,5,10,4,8.96482612307683
681.6333661260368,242.53901877852996,3.36,14.57,49.0,1,14,2,5.014131411630944
412.492703768304,63.70998354332093,5.09,20.79,105.9,1,6,1,2.8141722869992205
147.90643125213373,576.0442915648426,5.48,6.62,36.2,0,16,3,1.2828060113999595
493.14378642596716,596.9210475918347,33.33,5.23,174.3,3,10,1,5.460594867460499
365.095232382556,237.79170379345248,11.76,16.87,198.5,4,12,5,4.718634300258016
512.2318464388006,568.0047199586284,15.17,18.99,288.0,5,17,0,9.127050621937483
300.5946877344294,125.60398584809161,25.57,4.17,106.5,5,7,5,5.493329396664036
373.3239395125037,118.17013630538806,24.61,7.42,182.6,5,18,2,5.947730506923238
782.186621284141,71.67374880522775,18.19,14.82,269.6,5,13,3,9.350579775230404
514.7322947274329,253.02356232296592,3.16,4.38,13.8,3,11,3,4.950906547230682
466.82940034983113,59.812282603511534,19.64,12.33,242.1,4,6,4,5.480761004144647
677.9743086490577,254.95459807935114,30.34,13.61,412.8,3,6,3,6.5819292677240036
944.4838057451968,108.88254433031088,11.7,23.28,272.5,0,16,1,5.392918702065736
504.3321111097121,446.4008434765857,29.21,9.94,290.5,0,11,2,2.992650796325981
738.0218316625414,505.01671012175257,3.56,6.71,23.9,0,15,3,5.571642465579158
1162.1469404123575,422.05479384388417,36.6,3.17,115.8,2,16,1,9.793538236484093
664.6177278122168,144.28166688860884,38.15,5.68,216.5,2,11,2,5.2557396585557115
1098.9732856996498,467.10346995753474,3.09,19.52,60.3,3,10,1,9.580412144753195
968.9133391671982,172.21511230896672,19.94,12.79,255.0,3,9,1,9.116994103454017
145.76492344816768,462.9085002720606,18.31,7.37,135.0,2,14,2,2.8591531892754762
560.5907360455676,353.4166176909428,34.15,23.53,803.4,4,15,3,6.677181574542494
862.1166168128187,239.02613428598954,23.01,20.33,467.6,5,10,2,10.03020005614695
1185.1173419419838,77.59065546915289,25.62,5.52,141.3,1,13,0,7.172665528084204
593.3814461008941,501.6804205900047,10.49,8.92,93.6,1,13,0,4.952301914855869
183.9197086219482,565.6021648549885,5.85,21.69,126.9,5,7,4,5.1015236748020225
709.4502756784119,409.5731346003634,28.62,18.23,521.8,5,12,2,7.20629713353714
221.75144717883552,579.7886930152602,25.97,23.8,618.0,1,15,4,2.5164263360878953
921.7019075129206,562.4435088545049,33.8,4.68,158.1,3,18,3,9.72277584046203
648.5982371571912,140.92678845813958,34.25,20.06,687.1,3,10,5,5.828344466040517
890.2431325825609,446.7910387009817,26.35,4.68,123.3,3,9,2,10.648299625728297
1053.6852461039466,229.10374707948588,22.92,10.41,238.5,5,17,3,9.364725634407023
784.4217792223104,307.8848955224068,36.82,19.51,718.5,0,17,2,5.153453940989616
765.9320487635633,119.47029575484208,32.65,18.64,608.6,3,16,4,6.817632874440978
925.118730892387,585.624273992862,35.65,3.05,108.6,1,10,1,7.9774699755861755
1023.5496016269875,443.89830835355286,39.85,7.44,296.6,4,9,4,12.553606992666683
1053.340240630243,182.13773648965184,17.93,20.13,360.9,3,14,2,9.108677759610252
120.8018191648293,241.7388633957791,29.53,5.78,170.5,4,9,0,3.5750757499175636
702.933132413524,270.81526829240715,28.46,10.18,289.7,5,16,2,8.113680919123281
322.22162697325757,456.09422276198893,9.44,7.05,66.5,4,11,3,5.5708580517313475
1043.5873976755975,557.6474420586632,26.55,5.45,144.8,5,10,1,10.757295156798728
806.2054074277645,213.22087580120584,18.84,21.41,403.3,4,16,3,8.494920152464548
550.6491765163307,299.32505031983914,19.67,4.35,85.6,3,10,1,5.540338097557911
290.6767354959135,368.12831651577966,9.67,14.79,143.0,2,7,0,3.2074138023923333
459.7064610302057,254.2060756681799,30.56,18.24,557.3,2,16,1,4.063425779715218
868.2310178850515,317.3833543184406,28.82,4.27,123.0,2,10,2,6.109257918798742
308.88269063703547,90.25334854145814,22.69,16.94,384.3,3,14,1,3.8909576156285137
184.81289877897748,125.57440100049466,8.8,10.35,91.1,4,14,3,4.177096152513553
1074.5922092148571,258.6277166154826,23.6,21.34,503.7,2,7,2,7.9631794369095115
935.9155915297308,551.515236709215,6.7,20.55,137.8,3,6,3,9.494377719720053
303.7703223371085,229.13408607444114,15.56,20.47,318.4,2,16,1,3.963072895987258
407.38892864159067,172.38190090485776,16.78,11.77,197.5,3,6,2,4.1575106972916
1168.718598386592,453.43146588408723,35.69,21.1,752.8,4,10,3,11.916662209507328
873.1666251702114,571.0041946636672,18.38,16.86,309.8,2,15,2,7.565439576257768
763.7846447194837,291.70046172622204,25.14,11.33,284.9,2,8,2,8.060848356944001
424.543903675026,34.90482467329437,35.37,4.77,168.9,1,12,2,2.913491158876311
415.02016146650493,422.24511894110225,18.75,4.47,83.8,2,7,1,4.024536660339969
124.26645293305812,266.5846569212026,35.7,8.53,304.5,2,13,0,2.5139629087338626
895.8996909301632,413.97795587124267,8.05,9.59,77.2,0,15,0,5.4533961721099296
128.35625206371068,188.29841402264603,16.5,23.41,386.2,5,9,1,4.877853098625201
85.44021831055252,31.37264197566858,6.5,25.0,162.6,5,9,0,4.779794384500694
897.0344984042966,226.36284468499414,23.75,6.16,146.3,1,12,3,6.799446837032633
1142.7386080070205,431.7316352893767,38.42,23.74,912.1,5,16,3,14.677829871494401
927.2834134545877,254.07457131523788,27.31,18.54,506.4,1,13,1,6.811344616247857
608.2370134993041,154.9292596023388,26.16,13.97,365.5,2,15,2,5.660290821126663
624.3706795081778,294.4839125564379,13.29,24.0,319.0,0,11,4,4.138205247832652
568.472793366998,458.8386582800797,37.45,18.7,700.4,3,7,2,5.879984562944559
443.6009071635737,98.07685947161443,20.45,16.06,328.4,2,18,2,3.995996258025396
664.319919888141,424.2986591785893,12.88,7.61,98.0,1,16,1,5.605074299039994
562.8890719980488,410.38609356825,39.54,8.38,331.3,1,6,3,4.39911145757942
749.9480256456677,241.32059142049064,18.66,23.05,430.1,5,9,3,9.711321028833789
1085.8944901612258,583.0916290863119,16.75,7.73,129.5,4,11,2,9.605898352526902
1194.4105474026676,539.9820207038003,4.29,3.71,15.9,0,7,4,10.397777247674428
168.19248466886717,210.2120440571798,9.6,8.86,85.0,0,17,1,1.114316662339135
510.84548938070236,47.72192323449056,32.94,13.57,447.1,0,8,6,3.0330009104600886
282.3909392588266,205.7337398446937,20.86,11.4,237.9,1,8,1,2.7319890983176434
474.3749307965977,146.69150724839466,38.33,23.59,904.1,4,10,3,6.490940422076319
401.96978077423375,341.93359100712786,6.1,12.21,74.5,0,18,0,2.5499319589914817
275.4815874220029,553.6843200738281,25.79,22.56,581.8,1,8,1,3.555666269181395
935.7651798318453,526.0923807213873,29.64,16.08,476.7,0,11,3,7.894861298748274
635.8433919687442,204.32261872895123,25.98,14.53,377.6,3,14,0,6.254116627799611
1109.5550520832928,274.3005941267131,22.61,6.52,147.5,4,8,1,11.048901601248748
116.50353643665623,50.82905347535288,24.4,8.96,218.7,3,7,2,2.9477289572322922
155.0153747078287,340.1731993600152,28.51,22.08,629.5,5,7,2,5.739566453569094
531.6664128819854,66.11974862891545,34.94,20.16,704.4,4,8,1,5.460863906659982
169.91059885252156,565.0055147505868,15.44,12.84,198.4,4,10,2,4.071323879033164
374.25714798461354,524.1522858657952,20.01,23.0,460.1,1,18,3,3.4683655884883375
1184.3533122458184,152.08694706937672,26.53,21.02,557.7,5,17,3,12.041719508892463
314.0347603827678,428.6401475213659,14.63,5.47,79.9,3,13,3,4.99519272231948
301.8918703815416,353.77161798699984,9.61,16.33,157.0,0,18,2,2.0487414882750685
722.4775490511942,486.77389613422434,38.75,20.57,797.2,0,6,0,4.347752306387555
637.7580856883355,301.12170084836634,10.2,20.78,212.1,5,13,1,7.544672698929112
730.0908928671862,139.31002327949346,11.61,5.01,58.2,1,11,0,4.282103279912961
501.9435115935723,394.7107380700141,25.89,7.94,205.6,2,7,2,4.6019728072559
1005.9738430823407,75.75978638768865,5.86,12.09,70.9,4,13,2,9.696882175109895
235.21021761555838,363.21515496600057,4.26,8.54,36.4,4,11,6,5.536640298805185
559.7997633424416,151.24173911474082,5.37,5.4,29.0,0,15,1,3.2239768521128984
852.5332702573775,420.41376916042935,7.56,16.83,127.3,3,11,2,8.660892123991347
1052.4248131168476,501.98460218502186,18.88,14.16,267.4,5,11,1,10.661418763779121
493.9201991195686,92.42909569078131,33.68,6.41,215.9,2,9,2,4.593545654331433
715.875070985003,258.1530747246976,15.65,15.9,248.9,3,12,0,6.535163755600131
157.4367384081329,448.10730503231815,18.82,4.36,82.1,1,6,0,1.6690803073906362
270.75737868524845,123.31074506574934,25.21,11.43,288.1,4,13,4,4.873121425837107
157.43474196204824,352.9184919203565,14.18,20.44,289.8,0,10,1,1.0
895.2265990383445,412.9482196691622,19.0,22.58,429.1,3,9,3,8.552823633725223
402.62716496879756,232.23235612644788,17.29,8.4,145.2,2,10,2,4.252938064764743
890.5947250148583,504.2298962954826,15.65,21.91,342.9,3,17,0,8.972734478584757
154.3660725284675,321.07516547662686,17.37,22.62,392.9,2,15,1,2.7009353666479385
1046.0535364573245,387.38705876609066,3.41,16.35,55.8,5,17,1,11.713225348121297
1015.7938218844226,110.29749412172386,35.79,24.61,880.8,5,11,5,11.56448588227975
179.60019221631654,43.20129948362136,39.16,8.42,329.6,1,11,3,1.4730219364197952
106.6072872320489,58.92668537024218,34.91,4.52,157.7,0,6,0,1.0
143.0434705398301,545.234484472983,3.21,21.56,69.2,2,14,1,3.0542573921383305
1036.065793924342,533.1061590215031,30.78,13.8,424.8,3,6,2,10.125068414512292
342.8679077381232,490.3271203222502,24.2,10.62,257.1,4,18,2,5.907029987518652
694.0661160011713,143.77889200387065,6.48,4.22,27.3,3,14,1,6.923433681348403
557.3935075616636,329.51143161121684,37.52,4.42,165.9,3,12,2,5.411851124574468
970.9885893760343,483.7867473125728,31.72,5.0,158.5,0,14,0,7.265264738809784
627.5660976471511,414.5614333157911,8.38,7.04,59.0,4,18,1,7.634664881143621
640.7401415406221,95.84708039528444,38.67,24.35,941.6,1,8,3,4.257624875071535
1187.7829722398906,540.4584838930816,7.67,9.19,70.5,2,15,0,9.859817280899277
248.14510355916795,121.58896388343848,19.82,20.98,415.8,2,17,6,3.5321750040144875
1010.3884113954432,127.9235452456012,8.88,3.43,30.4,0,13,6,7.761891437759246
137.95971507635096,543.5749186273036,8.56,10.08,86.3,2,14,2,2.49920406266229
614.9666219217272,306.23165528387415,38.81,22.94,890.1,2,12,3,5.282017204530693
1072.6950028049864,242.5483407951861,24.17,7.07,170.9,1,8,1,6.879560329510823
825.0396414766158,345.5843431098922,12.59,9.25,116.4,1,18,5,5.774974046572822
847.4403736900689,589.3964797143035,31.73,21.18,672.1,0,9,2,7.919680790059471
374.9153561272638,98.18935948739444,35.38,5.67,200.6,5,11,1,5.711289999982812
548.8037663248288,461.4608438114772,36.95,4.17,154.1,1,18,2,4.25095253299654
490.57079111893654,220.56574147915268,37.52,24.25,909.9,5,6,1,7.82592200139109
664.0163953769535,96.71808438314552,36.51,11.91,434.6,5,11,2,7.488668660523606
597.6952817609083,270.502012551175,26.64,17.47,465.5,2,13,4,6.596779225802505
446.12615410222804,342.78914030340445,15.67,5.8,90.8,4,9,2,5.908548778026781
422.1382858557105,147.39813350504375,37.25,7.84,292.2,1,14,2,3.3940400104763615
360.9552386537368,261.0035916850634,7.53,13.12,98.8,1,12,1,2.6132897385894127
488.85291651092945,392.3353345192056,9.25,17.85,165.1,5,9,1,7.9456782701901165
247.93445528614794,358.57537124052664,19.05,9.45,180.1,3,8,4,4.341206626899164
1056.7568182440027,442.2015386112648,13.5,22.46,303.1,4,9,3,12.54785824424558
754.3737188534386,506.7505837743187,25.78,20.19,520.4,5,16,3,10.84213171178631
229.8407966651181,263.209989108543,36.5,15.13,552.3,0,12,4,1.2117345931635506
857.1224543140816,271.09134701346966,21.17,13.1,277.4,1,16,2,6.546324989385156
1029.38644415773,313.1145166394373,23.49,16.63,390.7,5,15,0,8.735737091822884
346.03995269853,352.821425677343,18.66,19.1,356.3,0,16,2,2.5748597566073914
248.6726656577356,91.74392431559824,29.18,5.97,174.2,2,17,0,3.1821151987801275
89.6513279898023,208.2021518910212,6.73,21.76,146.3,0,14,0,1.0
132.92037951926332,127.97832336490383,4.8,13.77,66.1,1,10,0,1.446495084511239
933.721510099933,249.936074536155,26.73,23.58,630.2,1,15,3,5.5879441119493825
1185.6486918866972,584.8118213672008,22.79,24.02,547.5,1,18,6,11.407936124702287
130.2659611734298,362.15664530815843,18.07,3.68,66.4,4,10,3,4.203258445975041
917.8394741694798,274.7474663547114,15.36,11.46,176.0,1,12,1,5.882393092019662
160.48562574187525,352.58403027751405,4.92,14.58,71.7,4,17,2,4.426218354367592
743.1887638921069,411.37363659349217,28.18,14.87,419.1,5,13,2,8.382788405792935
926.8043163196264,277.9234740755286,18.59,21.09,392.2,3,7,3,8.202162823693923
482.3089249398662,285.1945884241457,19.47,6.1,118.9,3,10,2,5.22485904096196
92.24688764394338,429.7986437475739,36.06,16.69,602.0,2,9,4,2.2664902239015645
746.612074380477,64.69167242724973,30.29,23.74,719.0,4,12,1,7.5040814470922115
1190.1939835168312,337.84592392435616,11.12,24.93,277.2,4,18,1,9.907388222372296
368.53151357911526,341.9768529640898,27.32,3.22,88.0,5,16,2,6.822778225499811
292.2302304496817,461.3487888431771,7.89,24.4,192.6,1,18,2,2.8857649231479985
218.79699988393673,590.1075088318951,10.18,5.69,57.9,4,15,5,5.199341203052845
701.8862942880628,483.58022846848064,29.42,14.81,435.8,0,12,3,4.432755663752691
748.0185112835062,317.15950921076677,7.66,8.42,64.5,2,14,4,7.097620530802295
967.3433376308507,126.58831237609176,13.37,16.34,218.4,0,12,2,5.974599533207194
923.4420664549708,365.3087538309072,36.23,3.81,138.2,3,6,1,8.86798848090231
1079.6464741704976,505.550365426231,30.32,8.24,249.9,5,7,2,12.410544507616324
982.4654221433775,561.4760162778396,37.39,9.61,359.4,4,13,4,12.730440098156944
356.9391330489778,500.42691631163734,35.63,23.14,824.5,4,14,3,6.085408520310549
702.5826934608524,137.71210562666118,14.57,15.84,230.7,3,9,1,6.629336891825452
413.1013941848096,436.1682426791189,26.4,18.58,490.5,3,6,2,5.106072699847334
449.35962509768274,531.6883200669307,17.01,17.87,304.0,0,6,2,3.1621476601707377
1123.777693537596,418.17967097737585,28.79,11.63,334.9,4,10,5,10.213479381729552
843.7234136751224,420.87866332908266,15.89,3.31,52.6,4,17,3,10.663372936041931
1171.5412628412384,315.0925031631149,3.05,5.35,16.3,0,11,0,5.122185444969983
546.9420411249939,393.0764466115379,6.48,13.09,84.8,3,18,2,6.30356131293141
681.9300821564538,197.79700995712204,31.53,23.71,747.5,2,17,1,6.4754132259453545
625.5692703063924,80.62174946787476,6.11,8.47,51.8,3,17,1,7.1836997511905
200.16150442657414,501.79749570487826,25.18,18.36,462.4,4,18,1,4.659930428200329
345.10623386979574,567.592255213164,34.74,21.19,735.9,1,9,0,3.495558129681469
670.95272387702,518.3887311648582,30.42,22.95,698.1,5,18,1,9.035386816962562
155.459221748967,220.3307256550577,18.3,9.46,173.0,2,18,0,2.5622064866322583
1123.2373608259559,83.31218624551913,10.72,23.49,251.8,3,16,0,8.740522662825963
218.7049237765753,189.67888094990172,37.13,16.38,608.1,0,8,1,1.2337704650867904
301.738435986936,510.41616421164304,23.96,14.18,339.8,0,9,2,2.5810368562600954
937.1597708112729,403.81426935093316,18.0,20.12,362.3,1,14,2,7.892334975536365
188.56668680403135,581.0157191386742,37.86,8.25,312.4,5,6,0,5.041674990947228
1088.3114715692586,225.32818050914895,10.96,20.88,228.7,1,16,1,6.760916807576359
892.7850872092398,344.3391085662362,19.36,17.3,335.0,2,11,1,8.313985501657207
156.85535996192198,480.32178633378993,7.02,20.59,144.5,5,6,1,5.453487271571767
854.8687086399312,163.37540735713304,7.62,21.83,166.3,1,9,2,6.533197365649267
787.423967231876,579.5312855560095,17.75,16.58,294.3,4,11,1,8.862237051495006
928.2313646687088,367.66667332033444,28.89,3.81,110.0,0,14,0,6.667875153578467
1007.5815947880561,34.50161109220232,15.54,9.55,148.4,0,13,2,5.414947054664126
884.5526307539336,44.33736710796707,28.52,22.32,636.4,0,10,3,4.685233567343564
736.5174507034885,532.8631293489093,32.79,16.79,550.7,0,14,5,7.0619873675996745
441.158916811591,397.81047082381417,35.47,22.58,801.0,3,17,3,5.617625910207534
860.9465012495206,464.9513358664014,4.65,11.46,53.3,0,10,6,6.740418565457916
1151.808174786473,476.8891205454376,31.63,14.1,446.1,3,10,2,10.017676623487567
738.0243941923392,269.66207246294255,8.44,21.98,185.6,3,7,3,6.492093764434053
824.0662526463643,485.20841030111205,28.84,19.76,569.9,1,10,1,6.011544463717177
569.5834072637767,564.3934935431467,16.75,11.31,189.4,0,9,4,4.559123900845414
926.8553069122433,128.13753142868433,29.19,3.5,102.1,0,15,3,5.520077966251932
1197.3874794192723,465.5577477389518,10.91,22.37,244.1,0,7,3,9.391855434248367
259.6360429558644,205.44144434087207,26.86,20.3,545.3,3,13,2,3.97443080176421
306.6939130442138,213.2510117406967,7.64,12.88,98.5,5,16,3,6.6981906833415765
684.1702897041162,265.27026509074017,9.28,15.02,139.4,2,9,1,6.103222864334112
619.1404449330572,522.3201263476087,25.74,7.49,192.9,3,6,1,6.65829176827906
720.158158647525,42.571958366728026,15.46,12.07,186.6,1,14,2,4.543573137079139
134.9629334511858,277.33793788185045,29.04,6.59,191.4,0,13,0,1.0
532.7896310901028,417.62716025448424,28.35,7.63,216.4,1,13,1,4.930968007634224
732.9356535134281,92.93681122103752,26.0,21.62,562.1,2,17,1,5.558872179875825
735.4143134615582,481.5845502999274,30.03,10.97,329.6,5,7,4,9.0334321971139
816.2140371805784,566.8844808014912,32.38,20.92,677.4,1,8,2,7.572521731551152
886.6419524829835,81.8328480138778,36.72,13.43,493.0,5,12,3,6.564619653444202
798.5328677417593,117.18043856360053,5.98,4.56,27.2,3,13,4,7.942759797577136
965.0723340361673,585.2354182193357,24.15,10.95,264.5,2,17,2,10.603283105342012
779.7319108467426,142.77771524787272,30.7,6.48,199.0,3,14,0,7.224931142402942
682.008582041669,74.99561515082655,11.03,18.26,201.3,4,8,1,7.795689552670924
758.9400003543482,572.7497457456631,12.75,23.05,294.0,4,17,2,9.543180406363994
193.33657076373223,538.7949445913973,12.88,19.79,254.8,5,11,4,6.460795608720444
385.9353256125824,403.76351945788474,24.18,20.13,486.6,3,17,2,5.107817961419279
670.687754337107,344.31562855390536,16.55,21.96,363.4,0,9,3,4.924452312699374
1057.745681249912,553.9626368925791,27.65,20.09,555.3,2,16,1,10.124499643571772
840.5377430425523,403.646442813511,25.58,15.51,396.7,5,12,2,9.754690344357561
181.25704788852528,405.2860958095899,27.31,18.71,511.1,1,13,3,2.235964504874767
743.3479444977329,510.90077159511316,12.34,12.15,149.9,2,18,3,6.956268037617995
328.34654615355083,402.3500360566799,31.39,4.56,143.1,3,8,3,4.742829561054511
902.0985469633697,317.0958256114762,27.57,18.52,510.7,3,10,2,7.713164369632434
1006.7337548097969,252.1412538021153,7.83,18.88,147.9,5,8,1,8.72968029411394
744.6710253007701,316.7863188910072,10.41,7.92,82.4,3,16,1,7.97266563205611
742.3261229219149,327.81282997970084,14.14,23.99,339.1,0,17,0,4.5069404777658635
459.2224163961117,235.67417223740352,37.63,4.16,156.4,1,16,2,3.727909889322082
579.8000237006665,285.42749311879726,15.07,19.19,289.3,3,9,2,5.952620728240432
1047.801356273187,487.0670017322071,3.74,24.31,90.8,4,9,1,11.872001692074686
890.1187706832153,267.412620145256,8.24,9.8,80.8,3,11,2,7.254017193086207
662.1240988593443,44.569066982194734,4.19,23.07,96.7,4,16,5,6.1570091281230965
492.4202725981755,191.32101341109401,17.91,21.18,379.3,1,15,4,3.859899601558142
136.4253068831809,162.09286253226796,32.49,19.37,629.4,0,18,2,1.0
240.16828948555133,482.341746744222,19.67,23.98,471.7,5,16,3,6.2680960145670985
296.18821228409513,286.097043328931,34.04,17.39,592.0,3,18,2,4.640402630619915
498.1895684497157,189.77700953002588,4.76,13.89,66.1,4,9,0,5.73547837735523
1137.4408847254276,492.101783789726,20.38,17.86,364.1,5,13,2,13.33777394466449
645.7718022417985,40.953578597268844,32.12,12.06,387.4,1,12,0,3.6157561431643077
343.0209828503388,129.32298035679403,27.96,10.15,283.8,5,7,1,6.384952081919433
198.44015395689576,501.364247055606,34.55,4.81,166.2,2,18,2,3.029703138797318
458.9021875553197,343.8714847664295,13.13,11.32,148.6,3,7,0,5.053474109359691
993.6183118171837,470.9803715103038,21.53,20.67,445.1,2,17,4,9.210606219254474
509.34392861976886,507.7603284143842,28.04,23.8,667.4,1,9,3,5.516500500788623
945.2065027451031,566.9191884954676,9.23,24.45,225.8,5,8,4,13.823308478774274
979.0295732621043,66.15202160290266,33.18,7.54,250.3,2,13,1,6.855555378483819
204.11926206254861,485.563803680129,14.52,15.57,226.2,0,12,2,1.4090349544867506
761.6989229419978,433.9967044853059,6.45,15.67,101.1,0,11,2,5.219346971919159
1154.187590975644,148.00459238563872,31.33,6.87,215.3,5,17,2,13.414581768529567
530.3946438919804,561.0702918138702,29.09,15.8,459.4,4,15,1,7.357592680160422
137.05737968338497,260.3950717746435,35.7,10.98,392.0,3,13,2,3.4702390949162947
1114.099013088824,535.9380006492383,36.01,23.73,854.5,4,16,1,12.435207218701215
1069.706235361181,374.9148116590075,13.31,8.61,114.6,3,16,4,10.87043509977398
664.798420874082,330.24632952834526,26.73,21.37,571.2,5,8,0,9.282940747130164
698.5234947852908,120.92864232070826,39.97,22.73,908.5,0,11,2,3.4140158825866753
317.1500351092599,551.1667458437684,12.02,19.19,230.7,0,17,4,3.1234644840582333
997.7848462099938,347.29728719648034,20.5,7.72,158.3,4,16,2,9.17990840491877
638.4320429991816,33.47267113318594,36.68,8.73,320.1,5,6,1,7.6461364991554595
117.94313055966329,40.42218841006143,6.81,24.36,166.0,3,9,2,3.3927474954890475
844.9767512228775,473.2505848602871,37.35,4.67,174.3,5,9,2,11.513671792575956
1144.5558221790309,122.30372142568208,21.06,5.58,117.4,2,12,3,8.058254405704606
1008.6485491872403,371.2809083080428,36.04,24.53,884.1,4,16,2,11.375954743876942
390.46191703580456,418.21671830236875,25.99,20.09,522.2,3,12,1,4.859922110363978
139.72409512534153,189.23838798064318,27.84,19.42,540.7,5,8,3,4.789236215410386
1133.1935820427623,354.50887079450507,31.6,6.52,206.2,3,13,5,11.968928760245854
1129.5102518652657,166.94748521377258,5.48,13.76,75.4,2,8,2,8.86228799036756
676.3051580784137,569.3997935997318,26.23,21.5,563.8,1,14,2,7.184951213414211
799.3955010721194,520.2969891190253,37.19,10.24,380.6,1,18,1,6.18124303705253
598.1120679961052,194.1843911535574,38.38,7.24,277.9,0,14,2,3.9278631873613286
550.1372111506097,331.42425984169364,38.83,3.24,125.8,0,17,1,3.8661584222512175
213.7822482401444,315.36072857772626,26.9,16.7,449.1,3,13,3,4.315930867464603
188.36324616442755,577.2132570315422,26.43,9.46,250.1,0,16,1,1.693125913580579
340.66000427732996,254.59640470479678,23.44,22.0,515.7,2,18,3,3.469102797415291
1017.0376359753296,350.46970613429306,25.48,9.24,235.4,0,8,5,8.751628297367247
243.3321768239616,559.3627590858391,25.65,6.33,162.5,0,14,1,1.9726109932646347
333.902490144476,122.80229917063814,4.57,24.13,110.3,4,9,3,5.679627451468779
694.4477464408724,343.7767938686527,6.29,24.23,152.3,0,7,1,4.575521711827733
320.9469642476673,90.23356460624288,25.92,18.07,468.4,2,9,2,3.0430157645638225
262.79148688392155,381.9743911365453,14.63,23.42,342.6,1,7,0,2.609130782978068
710.9141907017178,238.43942593059265,14.15,6.56,92.8,0,8,4,5.086119801403869
492.26446351620933,581.5525617123724,10.16,13.13,133.3,1,6,2,4.152195209166057
781.2984001413255,266.78323325466,32.64,7.49,244.5,0,18,1,4.205885976124802
1101.6699812577176,107.62695339877288,38.68,13.53,523.5,0,11,1,5.079963148009885
249.11230720727576,505.37997772919033,26.23,20.41,535.2,3,8,4,4.98368360669142
1103.0456989906315,497.89401411106104,37.98,21.59,819.9,0,10,1,6.716213799877283
1090.788763513669,426.0699831393871,35.7,3.09,110.4,5,15,0,11.69169018949321
1008.5780933362112,456.82272707400995,11.06,11.57,128.0,2,14,2,10.064917638585973
787.0402273828154,180.88767408296192,8.68,24.87,215.9,2,6,2,6.060485440706285
774.5642563614131,395.9704952409854,10.83,15.96,172.9,5,7,2,7.556214711855251
795.9181791288818,51.67132658707437,6.56,9.52,62.4,4,13,1,6.9547478022459295
853.3550173639508,142.2273820173197,24.57,11.56,283.9,2,18,2,6.176475634292707
98.46006466769586,561.3992851052594,13.46,10.1,135.9,5,6,4,4.845365957353593
1153.0636886599277,451.3641193371154,36.78,12.85,472.5,3,17,1,12.088874901480404
735.8762128414494,161.48334836387696,25.7,12.78,328.4,4,6,0,5.407598955041631
955.2417401307123,93.48836102599421,16.31,14.15,230.7,5,12,0,8.20064152275497
502.5556597487267,570.8840835750459,39.43,13.22,521.3,4,8,1,8.13627877711314
93.88487958569146,93.94696965427568,38.27,14.35,549.3,3,11,2,3.000052426070116
650.9028190616173,176.52992738693146,31.81,3.62,115.0,3,18,1,5.640271924318778
648.0529336338404,134.10137600969057,32.29,4.2,135.5,3,8,0,5.407663867732459
569.428002908826,34.25437763470774,39.16,11.17,437.2,5,14,1,8.11578600543157
460.48310066152595,209.05682123588508,25.22,22.47,566.6,4,10,1,5.7116898109779255
359.8052183468887,585.2819568112947,35.56,20.4,725.4,1,14,3,4.514575084629728
670.8502594368447,224.8848843113332,5.4,5.42,29.3,0,6,4,4.559639546189596
500.3115164567134,317.453781296631,23.5,13.89,326.3,4,9,4,7.930669638010135
1166.3237090157857,455.1833968354154,21.59,16.3,352.0,2,18,5,10.406544339222473
273.6785846989632,344.11565818515317,4.4,13.59,59.7,2,15,1,3.1022009532010197
438.02543574233744,453.84715922501476,6.22,18.35,114.1,5,18,3,6.780623254331326
409.23572743551955,407.13244486859367,3.81,24.94,95.0,0,14,1,3.442469243823935
688.5062773842718,376.8809231094384,13.88,5.12,71.1,0,8,4,5.394645613979214
639.1938878110457,400.29987711069475,4.98,14.34,71.4,4,12,3,8.098865911804104
800.9893212751858,485.5236863846031,18.66,14.27,266.3,5,17,1,10.751886430126786
1144.001983043113,434.80909503662934,33.07,15.37,508.4,4,14,2,11.854070582016602
399.44761575313146,481.31170480195914,25.71,6.67,171.6,5,12,2,6.679401257356244
855.904157565596,112.99065382161287,27.93,17.04,476.0,5,17,3,10.684517500403198
108.04502736580565,416.274027645008,4.17,3.98,16.6,4,7,0,3.8662093333293273
373.87508946165946,450.1024900255539,34.06,19.3,657.6,5,18,0,6.455831678994179
599.3660953561839,200.9808665231957,8.41,17.59,147.9,2,7,3,4.755627159258872
114.7141630988706,528.5090768706709,14.2,10.27,145.8,4,18,3,4.217552895342809
771.7897958200756,203.68561388253923,22.12,24.76,547.7,0,16,3,5.016989018721219
839.7078814099132,168.98430804460347,37.41,21.23,794.3,3,12,0,7.248984018730889
916.3395206186123,524.2451848238913,39.93,14.87,593.8,1,12,2,8.813373555345763
658.5634454241738,170.8013077263632,31.96,24.79,792.3,5,6,2,8.38401487008
756.4180247760619,266.83640358612604,29.98,21.26,637.5,2,10,2,7.016581932277991
523.5930814319057,239.7160131209868,22.52,6.04,135.9,1,8,1,3.949935793441527
126.20339640735004,541.8952388582152,27.63,16.0,442.1,3,15,4,3.7279253996403283
191.9460784674546,289.4843708241396,8.34,15.78,131.7,0,8,3,1.5184975758783459
813.5954351056398,425.75609197884285,12.96,17.36,225.1,0,16,2,6.911091911587835
1195.0219355360693,482.6021756469825,39.43,23.7,934.4,2,9,2,12.553650725539335
97.69962786289172,387.90504102589045,39.25,13.82,542.6,3,17,1,3.2994368985321585
704.4935164455487,567.9058640452014,14.95,4.7,70.3,3,10,3,8.3292831065361
921.1298032284648,487.4292916759246,11.92,13.55,161.4,0,15,0,5.374165631261982
1005.9878073755441,258.117777774672,11.49,20.33,233.7,4,14,1,11.144683454725591
690.6294893693569,571.9627506568794,20.94,10.89,228.0,0,18,0,4.352189112328714
774.3058978061977,329.00765496466045,11.28,3.6,40.6,4,12,2,8.695678382863822
860.3319387074998,42.86907407859066,26.99,9.67,261.1,0,10,1,4.50336424019752
1042.0421996566424,178.20756940215117,5.77,18.01,103.9,0,14,2,7.241847625212217
216.96428166715688,384.3858646112419,6.84,4.89,33.4,3,6,2,4.403433561876393
1117.3240598278471,119.38449432492894,13.25,11.27,149.3,4,18,5,10.721062947190932
109.13949197775841,362.91878558912606,31.77,5.93,188.3,4,14,4,3.710733548139351
1016.5437210727083,236.11087271529198,14.96,13.47,201.5,3,6,3,8.859158755005192
165.94927774686093,334.5997236332162,20.42,6.11,124.8,1,8,2,1.698231638966392
297.98359699751296,31.068663287754138,27.3,5.4,147.4,5,6,7,5.872404797583054
84.36144394686852,513.6001721611581,32.18,18.35,590.5,0,14,3,1.0
578.6875102003655,236.29752803205116,14.36,6.48,93.0,2,14,2,5.7615538520662914
454.48233392347936,109.89030753843323,30.05,6.41,192.5,4,8,1,5.589465822752931
265.9120608654706,279.6120384928956,13.58,16.04,217.8,3,13,0,3.912529093439112
585.2209801003751,307.1210572886354,26.85,3.96,106.3,4,12,3,7.1474134607074
530.6553891528458,393.31954498282767,19.68,3.73,73.3,4,12,1,7.087904848472077
939.7803566225905,329.00059100079943,37.29,12.49,465.8,5,14,4,11.513404640707272
1080.3059427984363,54.8084417782257,39.34,11.03,434.0,3,17,2,10.640887918447518
810.8753219791316,526.7620235843259,31.64,14.98,474.1,4,17,2,9.879440216978697
219.33963537370676,290.2100911185679,36.87,24.86,916.5,0,8,1,1.542748205301854
410.8376900750327,73.88303034381508,8.05,12.56,101.1,1,18,1,2.911853609239359
1102.9164924521533,470.5120948216355,27.22,15.67,426.6,0,13,5,9.583278463538864
179.38263216883587,406.2880187063489,10.34,23.22,240.1,1,8,1,2.3552783357593947
535.6785401177257,400.1795304784564,13.25,13.63,180.6,0,18,2,3.1722066234150494
1135.605173541499,273.3409809892698,22.34,20.18,451.0,4,10,4,8.804004935321096
1144.744622445824,263.98332569396337,30.45,15.07,458.9,2,11,1,8.002158666592818
540.5475582947595,335.7130227407854,29.7,17.02,505.4,2,18,2,4.903755335567878
827.4845146706531,58.838815352488865,35.17,23.52,827.0,3,13,2,8.273291687163063
591.5550701564789,200.4059256042149,23.69,3.02,71.4,2,7,1,4.295272889518727
923.8758041687028,593.099678930553,37.27,22.82,850.6,3,6,2,10.013073372016772
115.37109037615834,407.44971880300324,35.85,13.95,500.1,0,16,3,1.0
241.45600679192145,268.7924742878736,34.42,16.35,562.6,4,10,1,4.943336793417058
767.9026599688311,156.74696867605823,11.49,12.9,148.3,5,7,3,9.081471697266416
340.4585339362312,454.76933628313304,22.66,8.74,198.1,0,6,4,2.444595014323285
825.9785751814463,178.3654765325291,30.24,4.45,134.6,0,18,1,4.36056322272519
473.36967875665414,122.55095919238835,39.12,23.79,930.7,0,13,3,3.155857844744637
1073.0430251031598,118.07349313354374,3.43,16.73,57.4,3,12,0,7.5964450098308625
997.5705118271849,445.6800691238975,15.1,22.22,335.5,4,13,2,9.909330451110213
631.978336077036,396.40184494456895,15.67,9.4,147.2,4,11,3,7.20122371857026
945.6424975462407,69.78947664160145,13.68,9.12,124.7,4,18,1,7.739419656931519
383.6744325833012,95.57440475645544,33.24,10.39,345.3,3,13,1,4.561117622753983
633.5709500292861,391.29271439153894,4.67,8.08,37.7,4,14,5,8.323285236371053
301.1798980868715,355.5361780671306,16.3,13.96,227.5,1,17,2,3.0555449981888922
1044.1925087435131,421.01946441193365,29.33,23.6,692.2,4,6,2,10.07161093209209
1001.8357305566246,131.48217776705934,18.05,22.27,402.0,1,10,2,6.571815180938614
1090.4076286180814,444.1551065437852,8.33,13.89,115.7,5,16,2,13.403742723468474
1062.7742189711705,563.5749863784133,25.6,10.67,273.2,0,7,3,6.510811956356893
1154.7478135066342,372.5986792852015,22.34,16.46,367.6,5,10,1,9.889608708290353
335.7365794277571,141.7941111963868,39.33,16.47,647.7,2,8,5,3.3337809708819552
1123.6432056907533,417.33999751194074,30.7,18.04,553.8,3,15,1,9.385034796169606
719.7587743142374,225.5565596212567,39.49,14.78,583.8,0,16,2,4.63763107194481
553.1944939883304,58.09401543986121,9.9,3.59,35.5,1,9,2,4.146243017075623
707.6187634840178,202.33305635092412,31.18,4.67,145.7,5,14,2,9.287254273432923
463.7146394483112,546.1835081115752,23.41,24.42,571.8,0,15,0,3.082782656554423
403.1793677962663,264.3494125003059,29.36,19.42,570.1,1,17,2,3.4353253579112932
350.27205853483224,522.8592426777227,20.3,23.86,484.4,3,18,1,4.946615361852045
172.31934819198204,319.93582580799125,10.86,10.47,113.7,4,11,2,4.12053764616609
636.15268480485,324.677453706972,4.69,14.77,69.3,2,7,2,4.807948567052783
1074.293076799554,32.973303006989774,34.02,10.08,343.0,0,15,0,5.36042402233166
785.7702055873108,393.1493217747141,33.15,23.0,762.3,0,13,1,5.842089371990831
663.4927086864664,91.45389166733955,9.01,9.33,84.1,5,11,2,8.342672799350055
560.0240684410264,302.88659636877094,26.87,18.26,490.8,1,13,1,4.170256659040994
600.129821475255,178.3806077251164,30.3,6.85,207.6,3,14,1,5.387418537439288
314.390629280585,253.65829052270948,23.63,5.32,125.6,5,9,0,5.595675675196447
1001.6881824562689,336.1340927300765,14.74,6.42,94.7,2,10,2,7.958764061986768
302.1889188753114,38.24454532312451,35.59,14.65,521.4,0,10,4,1.7458957762789227
882.6174875345906,192.212642464825,26.77,21.58,577.7,4,12,2,8.526847289006612
931.183212875691,594.078802546363,29.65,24.98,740.7,4,14,2,11.884539326192725
723.8533270710624,62.71750171771898,27.13,16.7,453.0,3,6,1,6.519299971157979
1046.4775399494079,212.05428824969997,29.69,14.74,437.6,5,9,1,10.480352338120417
405.97639474472805,213.2102407298495,8.37,20.31,170.0,4,15,2,6.016526483005387
1067.411287792007,246.24997493167467,37.14,4.4,163.5,4,6,1,10.602677144758573
896.9397147512207,420.3251235121368,13.57,20.81,282.5,2,16,0,7.340265389368251
974.599807093172,171.21396524928983,33.95,19.68,668.3,0,15,3,5.387159857720843
824.3292746705919,292.3535261575501,36.06,14.65,528.2,4,10,3,7.555659258588368
1027.9041790287656,397.57223310589603,27.1,3.51,95.0,5,14,0,10.34768322030269
1192.2707262437523,213.72357324729552,25.14,7.45,187.2,4,12,2,10.259551137381441
550.5823970675953,570.8003708868551,7.03,11.13,78.3,3,9,0,5.919538833907373
991.5855657547188,588.4134019173283,19.14,23.71,453.8,4,7,1,9.872822722601999
913.9293306601976,98.21393358188135,25.63,17.05,436.9,1,18,5,6.7159566694784045
587.2145855974602,225.97733410846178,6.03,14.22,85.7,0,17,4,4.280966872511127
1118.1828797004134,148.54407978969093,7.12,13.75,97.9,3,17,1,9.786034198050508
521.7570411213061,136.47006946755565,39.76,20.16,801.5,5,7,1,6.411092090717912
713.321826229386,309.85850785281934,15.29,10.12,154.8,0,18,1,4.12350040547871
198.65543982987694,351.38145163688097,15.94,5.08,81.0,0,14,1,1.5936802609838
332.8682173542182,272.62166314063154,12.31,17.89,220.2,4,12,1,4.896351149964089
1021.579710997812,185.3562776654956,26.9,10.24,275.4,2,10,2,6.980869495001765
524.139049568309,188.8142973245746,20.5,10.16,208.4,5,9,0,7.6133778685196045
521.3741801450892,595.5130491142165,32.25,13.0,419.3,2,10,3,5.343512139843887
355.4987403734947,556.4961031744429,21.96,8.34,183.2,3,8,1,5.691719182510323
630.6035744131489,73.26233936393359,3.57,23.28,83.1,0,16,3,3.3703106849830586
982.5149967126971,404.2338716377916,20.86,21.63,451.3,5,18,1,8.322809590767786
1082.5838119065884,290.42023626636126,5.04,24.8,125.1,1,18,5,8.197387710728183
158.52816388948594,422.6240354035223,33.59,24.22,813.6,2,17,4,2.860265186692088
723.7992189889293,370.2676021581155,7.21,9.92,71.5,3,7,5,7.172229939566499
603.3461720394147,536.873868046978,11.03,11.37,125.4,5,15,5,9.540470683409243
767.9956725281678,68.18333914463025,20.02,18.36,367.6,4,17,2,8.373681228018281
580.9487693372614,229.27080987289216,10.22,3.35,34.2,4,12,4,6.097212698815592
526.482199355825,591.7316516920832,22.95,24.87,570.7,0,13,3,5.003649332194569
608.5063979210281,133.90264892465154,20.05,3.24,64.9,0,10,2,3.148636998907899
731.8390242071838,102.58006051878891,38.24,14.69,561.9,4,16,1,8.043062593111031
641.10119635559,445.514043420328,6.27,17.71,111.0,5,15,7,9.266686541327426
608.8017851431238,473.13804120995417,24.34,23.11,562.5,3,14,4,6.8893079732552645
995.9755471530505,413.1959221745563,29.65,17.17,509.2,5,6,2,10.107830431956668
915.1257501864006,472.43162239315745,7.72,16.13,124.6,1,18,0,5.291745266085575
462.34391348293593,425.42129609310814,26.55,9.61,255.1,2,12,2,4.735983544135906
976.6463716171589,107.38928890483076,34.98,16.0,559.6,1,18,2,6.148838335086971
1036.0887492850402,376.686481562749,32.14,19.49,626.5,4,14,1,10.24719954876858
251.91127001909337,472.8197090589335,37.6,14.34,539.3,4,12,4,5.248382405644413
732.6043571384498,523.3444656049467,29.66,20.15,597.7,1,15,1,5.383936628991025
399.5494328311194,170.35408832971336,17.58,4.53,79.7,5,9,4,7.490493216648237
907.8730005579292,102.63553373496698,37.06,10.38,384.6,0,11,3,4.399913122746437
347.4395688817252,475.22155284207037,11.34,24.12,273.4,4,6,1,5.456237255951938
831.9719470737957,176.23255667032927,24.6,10.12,248.8,1,15,5,5.322121832190615
365.73961478455,48.19980264290578,31.33,16.68,522.6,4,10,1,5.3215625794249055
652.4810150415364,500.3717312801034,35.27,14.44,509.3,2,7,3,6.933637632097907
1142.484044066135,318.4149462721902,36.91,23.61,871.3,1,16,3,7.74548117807978
507.06444307120665,216.1808854842005,6.14,6.58,40.4,0,9,2,3.5109774321146543
1060.8271042787926,36.51458998198302,29.86,9.59,286.3,3,8,2,9.87590042368133
1185.377930948362,50.13664348353018,10.55,21.97,231.8,0,7,2,6.029758451577751
1059.832950661783,481.795264219368,31.83,17.66,562.0,2,13,1,9.36924340721781
265.76995329014403,309.13235442997274,28.93,14.95,432.4,5,10,2,5.826355850323017
998.0172058793826,115.3415680989823,9.71,11.69,113.5,5,13,2,9.774629701063182
116.0073225126286,234.34820753194035,33.81,12.05,407.4,2,10,4,2.7864279163055143
520.4981097432249,124.22393409638805,20.09,23.57,473.4,4,15,2,6.582110608778748
1055.2213781160076,94.34248531282037,23.12,17.76,410.7,4,10,2,9.492890801676792
851.4024782911102,187.49545778426184,38.94,23.44,912.8,3,16,2,9.643560465234177
676.6692786184234,343.2198720535665,27.3,24.39,665.7,1,12,5,6.137420098416344
514.4077080925349,149.70376645296932,24.78,15.03,372.5,4,6,5,6.42121649488696
989.7725800467203,225.89251633231723,3.62,16.42,59.4,0,11,0,5.192283959985339
874.7054124220074,302.420603855182,10.37,17.44,180.9,3,9,2,10.190367774291424
604.6139579695541,269.4169513343966,3.98,21.46,85.5,4,12,2,6.348107920165718
1079.5824576748191,103.31784549913509,15.33,17.5,268.3,3,7,3,8.216743846789447
337.54177995686825,52.15341225545626,15.75,5.52,87.0,2,15,0,2.9437210851818905
270.8384902576599,50.21147436089518,22.62,23.73,536.9,2,14,2,2.8483490927131125
799.9402160536114,229.60204027588438,28.52,17.54,500.3,2,7,1,5.643482332848968
1168.6336638259827,439.717184766274,9.64,22.14,213.3,4,18,4,10.811132969773887
356.92736210358277,104.81552027568428,25.26,12.34,311.8,5,10,2,5.742910605093797
359.6308244058857,478.57866632772254,36.93,13.44,496.5,4,8,3,6.7337083390120265
236.2387097176527,437.93435630888695,9.85,18.15,178.7,1,6,2,2.3700008373659927
1043.831181906468,32.24778980479838,27.39,20.08,549.9,0,9,5,7.453491281330777
333.56524526069416,45.246287599651716,4.69,4.73,22.2,2,6,2,3.319453084984714
643.5599499318744,141.16893285668942,22.65,11.96,271.0,5,12,0,7.455647627800351
1189.777175362469,61.988919298833466,30.44,19.94,606.8,3,13,2,9.489984922282975
93.59780903268879,332.86557000407436,4.26,24.83,105.8,1,10,2,1.5953949702240378
703.2644213720894,52.58753903129699,15.35,3.26,50.0,0,17,2,4.030513346379739
653.7637278295393,487.5081276573767,35.48,8.83,313.2,1,18,0,5.356088085447891
984.3410615793733,310.988379299112,11.34,13.23,150.0,4,9,1,8.995956172741424
477.9153242991102,444.9339890033122,29.75,7.9,235.1,4,14,1,6.755385597178462
539.5823219669265,457.90045403342947,25.65,3.59,92.2,2,11,1,5.9075157760663135
268.0905382707273,318.8554456120326,9.06,14.87,134.7,2,9,1,3.646902592126455
909.7130594320811,557.4568394644757,30.44,17.29,526.3,1,8,0,7.168279682117658
958.8739782907261,594.4372410975255,22.69,12.15,275.7,5,12,2,10.40365855145697
233.0629192722899,234.75237102829115,7.14,11.14,79.6,2,7,0,3.211408879157026
520.6719228669203,101.74255994206311,38.13,24.68,941.1,4,14,4,7.1437467358329565
1080.053594806205,237.04576182928412,21.2,13.51,286.4,2,17,4,9.25395792798933
83.03214651688162,157.31172129813396,30.57,20.56,628.4,3,10,2,2.8815347336624613
414.6101590973482,332.6732302251976,11.05,9.32,103.0,3,13,1,5.1536191259676585
701.6473592588534,245.68093271386883,8.08,21.26,171.7,2,18,2,6.282697805835988
454.1851228191477,303.85616614347083,30.43,21.12,642.7,5,15,1,6.5946402640511765
384.6906118789897,465.0169183633209,27.93,8.89,248.3,2,11,2,4.035487692662542
595.2419830915982,186.1919554888557,13.14,17.43,229.0,4,17,1,7.346660506108561
283.305881082857,336.3605930446435,30.61,18.0,551.2,5,6,4,5.678446040135135
673.1802698746219,221.04191211735238,21.68,12.74,276.2,2,13,3,5.813898673559995
871.499431870813,477.427692548777,15.9,20.02,318.3,1,9,3,8.059406904665922
724.3303469439225,394.5358804723869,32.11,9.75,313.2,5,8,3,9.834162764531081
184.2824505615546,34.84769639104812,25.82,13.65,352.6,4,12,2,4.010976212532183
1025.7376478654419,406.2292644299745,21.77,24.78,539.5,4,15,2,10.408948078929836
275.97517798598676,126.99234459795193,31.6,6.93,219.0,5,15,2,5.6860194813691285
936.5894406844641,442.95006041573237,23.16,6.25,144.8,0,15,0,4.834182021221796
483.8329240689525,353.3830401019111,37.73,6.13,231.2,5,9,0,7.859835607728917
956.6927098228346,258.84512630220956,33.27,24.96,830.3,0,11,2,5.256558690715417
311.0256518139872,425.61786464813736,16.25,6.52,105.9,0,7,0,2.001958935764017
289.0615561388814,518.2581729452047,20.2,7.19,145.2,1,14,3,3.840810747076903
636.6689477635801,473.8839169013817,38.42,18.29,702.5,0,16,2,5.032373306807044
116.88833646216375,340.8661876459873,36.12,19.71,711.9,0,12,2,1.0
332.33301943621336,441.935762547932,10.07,14.6,147.0,0,10,2,2.4298873354261783
890.8937224464701,265.93129600386953,13.15,24.62,323.7,2,10,1,6.19853125960605
1017.8694957020765,479.74488929098334,16.48,3.86,63.6,2,14,0,10.562470127129323
170.4796076103477,502.5595782250063,35.55,16.66,592.3,2,14,1,2.9645131854844085
1067.9270345706768,108.25748701954728,37.31,16.34,609.8,1,12,3,6.328324305437736
973.2192685395605,165.6778749685494,32.69,10.07,329.1,5,9,5,13.296860401016765
1054.0464111918013,183.8935802890203,13.2,22.79,300.8,1,11,3,7.0309808033740335
862.2399811283007,124.66657981979219,35.82,15.16,543.2,2,10,1,6.903159275245271
835.0514353692405,253.7449539315298,4.22,8.42,35.5,0,7,2,4.780407416260293
668.1044213462475,140.028930526279,18.64,4.94,92.2,1,11,3,4.470891882278668
811.1216914302728,369.4574072281674,16.97,5.36,90.9,1,17,2,5.175191752820359
1109.4028243145979,87.92080245164108,22.8,22.74,518.6,5,13,0,11.419559385905913
192.58464158671342,183.85391722525114,23.74,8.51,202.0,1,7,4,2.0249524521725952
433.65621518762214,409.34676818942336,11.34,22.95,260.3,3,17,1,5.600131184363976
161.14957042737643,257.170720186009,10.57,5.64,59.6,3,8,1,3.6365103293462573
1138.181792577323,270.23376285644235,32.73,24.65,806.7,0,13,3,8.097960561533975
578.6973219193146,484.8173941862819,5.82,21.33,124.1,2,13,0,5.496086293811715
836.385807157331,591.1715853758623,21.25,5.56,118.1,0,15,1,6.187796619793089
1022.05447224484,352.08863645490135,10.09,4.89,49.4,1,15,2,6.984265022426599
1189.9202778456672,75.06828773425642,14.82,20.68,306.5,4,9,2,11.12525903154571
261.1963527273376,88.65469530747248,13.26,4.72,62.6,3,16,0,3.8081196998711824
975.4541184044161,582.0454115567671,29.22,8.77,256.2,2,13,1,9.476648615315034
1073.9136459131446,417.1639002666288,19.87,20.63,409.9,1,10,2,7.447128263206927
134.7404220729807,458.907397450277,14.08,22.97,323.4,3,7,1,3.1438356918189707
924.5814274078422,415.1853418807586,33.76,19.89,671.4,5,13,2,10.941056814833722
477.29235974013636,132.38203296623738,6.17,22.58,139.4,5,12,0,6.6570417597016105
806.4284064468839,285.5664316701143,31.36,15.32,480.3,1,12,2,5.251855047385451
655.7339795635286,484.9058494430384,12.19,20.15,245.6,4,14,6,8.613375418908763
370.91132233703337,523.8268888769817,36.97,10.57,390.8,1,15,2,3.6757995218193527
231.44792544446437,165.28124340543206,3.21,20.27,65.0,5,8,3,5.507887840169905
210.9809010599133,369.6982207752778,23.6,17.95,423.7,2,9,2,3.447986574596854
195.72160063351072,119.54808456091843,26.02,15.65,407.2,4,17,2,4.524071476726602
794.3248449507271,576.2178176793984,24.36,24.83,604.9,3,13,4,9.597712055167152
473.5801535674827,173.75644472571793,33.16,13.34,442.1,4,11,1,5.072497484237113
322.62945079057715,444.1820233042211,7.15,16.62,118.9,5,18,1,5.569031173454468
854.9113038306114,161.73437820930698,18.38,14.22,261.3,0,14,3,5.246442091384486
849.2715136584428,381.1507474407687,34.96,8.73,305.2,5,17,3,10.948970259448865
683.8684874398374,405.7806550029142,35.88,10.27,368.5,2,12,1,5.857084749058452
1127.152754889753,217.20401896920905,21.44,24.53,526.0,0,8,3,7.079122575849055
511.66393921439186,496.73530329284915,23.64,11.63,274.9,2,15,3,4.140206981077933
1016.1665278216082,534.6614120010468,31.26,17.95,561.1,0,16,4,9.52240649772424
164.15613688405986,517.3898602447771,31.85,15.48,492.8,3,13,1,4.152700777955278
908.610825323125,218.55498509488888,35.86,22.58,809.5,2,11,1,7.216533574263322
1187.0611034917615,454.27394763721276,34.22,19.67,673.1,2,7,3,9.194807820565243
1028.1900022423547,348.9097302754578,18.33,4.77,87.5,2,9,1,9.49559516798608
729.2244856272665,367.7981449604466,27.04,10.82,292.6,3,18,2,7.361950433969274
781.9779920464199,302.13229859732326,20.88,18.66,389.7,4,8,2,9.242652147029803
475.6842953693804,372.1488543422568,7.36,6.55,48.2,2,14,1,4.735816414124208
841.0234444490764,107.32287008037748,33.4,14.08,470.2,0,14,1,4.919036701252125
942.8428291630863,263.04292287694955,25.27,9.99,252.4,3,12,3,9.340971353886651
1198.0158988519963,131.27290433312922,5.15,4.42,22.8,5,18,4,12.329482615535559
631.558467040485,189.6601526537127,28.04,24.94,699.3,2,14,1,5.680994470669621
148.66055366625534,102.85428547561625,13.47,23.45,315.9,0,18,1,1.0
747.3609048187035,151.12249497655142,5.56,19.45,108.2,5,9,2,7.236395028721397
213.3070479800288,475.69967579899804,25.44,7.42,188.9,2,15,1,3.328371584896606
354.1368487828433,343.406783441272,30.09,24.75,744.7,2,15,3,4.268092879928807
448.23350066242574,43.476577551973946,22.14,16.88,373.7,1,17,4,3.8068063594282227
898.7534579262199,479.4589557672059,3.21,24.25,77.8,4,11,3,9.112795803319939
285.8650987439206,548.3969856798096,24.34,3.94,95.8,0,10,1,1.9903922845483017
265.6433004634348,531.8446871961035,3.24,6.82,22.1,3,16,2,5.164506255567327
130.35995159868676,499.1196232377934,37.28,17.9,667.2,2,15,0,2.6712379242562245
1058.0287287163464,595.5633723965341,12.89,22.96,295.9,2,9,2,13.308065123459881
856.7260752787879,364.24911465662177,35.23,6.87,241.9,1,9,2,7.544337550628378
124.74004149174166,578.6749482534958,3.45,9.98,34.4,4,16,3,4.022503599012004
111.68738231468834,570.8412125258136,6.6,15.94,105.2,2,13,1,2.469235128431958
705.7152120520628,208.5460763869604,19.7,24.99,492.4,5,17,1,8.251097023582068
396.4385294411164,522.1572409518463,31.07,20.59,639.8,4,14,1,7.123634101060169
748.3335124837603,481.709419368503,37.87,23.32,883.2,4,18,2,9.514770122263638
566.7566767626811,472.2053031186188,22.28,17.85,397.7,2,10,5,6.829749427096088
1114.1100697874851,540.8800396363955,16.15,22.3,360.2,5,16,0,12.576645056514547
402.34609675673204,248.9883056545754,4.65,14.15,65.8,3,8,4,5.5509824448968645
840.6428126515607,258.0313305558077,24.6,5.73,141.0,2,15,2,7.133367167909937
140.5408290128311,394.82981624607277,17.06,18.61,317.5,2,11,1,2.850755123356112
1150.5637982915964,450.54858655417496,36.64,16.23,594.7,5,12,4,11.365141178446803
1178.4483640573544,531.4501485148403,20.76,13.68,284.0,1,16,0,10.461855723817656
907.7635844983819,529.2318327757907,31.32,9.05,283.5,5,7,0,9.17129072568649
601.0379681512019,441.16358590016813,34.38,20.25,696.4,1,8,0,4.960540114682231
326.3926520465327,575.428883358268,6.64,21.05,139.7,4,13,0,5.27815259263695
990.0183010777205,131.8183127993581,19.31,11.01,212.7,1,11,1,5.585310744940578
904.716588804665,571.6937128926492,36.07,23.41,844.4,5,13,2,10.883881546537689
328.58852430826295,66.5891447591643,18.7,11.13,208.3,5,11,3,5.306998101240606
585.3611294561376,346.70447227939337,23.91,5.37,128.3,4,6,3,6.482448169970451
598.3348103547993,81.41226549462968,35.3,6.66,235.3,5,18,3,7.509209368336875
1005.5798159694342,353.76055586293774,11.61,13.88,161.1,3,14,1,9.505101327704981
845.9060464541657,252.3625360997601,36.1,4.76,171.7,5,13,3,8.71065173001519
800.3476487648618,76.51737595636051,17.69,18.81,332.7,3,7,4,8.471241266186075
807.8067132708718,399.42657886378737,24.94,20.49,511.1,0,8,2,5.819333089961226
382.92648890837637,446.78285978501987,15.14,15.09,228.4,2,13,0,3.9538673502869264
496.3166110090781,129.28568576338932,22.5,22.65,509.8,0,6,5,3.095413237652984
131.14175968911087,425.8289300059983,4.82,23.99,115.7,3,12,2,3.2932629238944666
961.3740721095786,132.05710301420777,5.41,12.85,69.6,0,17,1,5.396893555268258
564.9580009901915,108.3159761097076,18.34,4.96,91.0,1,17,0,4.161968503696652
570.8269599380824,113.99706191910508,15.39,8.09,124.5,5,12,1,6.580877661939089
354.79901672566194,371.4747273039709,25.78,17.47,450.4,4,9,1,5.786046175410189
314.55855523456034,473.91076063216383,4.4,11.93,52.5,2,6,4,4.36888764348004
738.3605611173127,370.22940984007374,9.2,18.07,166.3,3,8,5,8.648857673134119
340.4593770281169,491.3303282203997,10.75,17.67,190.0,3,9,4,5.703021893964286
151.91391375332014,367.14208441011044,19.3,16.32,314.9,2,13,2,2.6707421019908133
939.6083058986061,484.4731109886375,12.13,6.47,78.5,4,15,4,10.284831226089473
501.64576653512984,586.6178256459814,8.09,9.29,75.2,0,11,1,3.370598428304185
505.86385396722096,252.84709054188804,25.11,11.31,284.1,2,16,2,4.748935653800084
563.0764752976863,115.46704084832999,30.52,21.14,645.2,1,8,2,4.205524865167237
992.8502022170651,107.17618267182586,28.35,18.01,510.6,4,11,1,7.965047199635744
439.3373234525952,370.5622300942609,13.22,17.19,227.2,3,13,2,6.178430981380693
929.0005566087764,341.8487475375449,34.61,17.79,615.7,4,6,5,10.347067359852973
1132.2902216730884,135.01416576895753,25.64,14.07,360.7,2,17,0,6.744640187457983
820.1723794357753,532.7998287205739,25.74,3.87,99.7,1,18,3,7.801471017958255
563.4828109182677,575.3465700188874,10.88,7.42,80.7,0,15,3,4.528354605972607
917.5244899242645,174.33291656888196,11.96,6.09,72.8,5,15,5,10.556777932514615
592.8450541215518,147.9232706136082,20.57,4.41,90.7,1,8,2,4.47961564354267
544.1585436411177,151.9354558153019,11.8,10.03,118.3,4,8,0,5.678826047101496
668.3171432014052,250.83027192407488,28.46,20.33,578.6,2,9,2,5.579395185188822
435.84901498640903,516.3394899203994,14.42,5.53,79.8,1,7,2,4.384927893041551
196.76024223360133,369.6975476664372,8.62,5.45,47.0,1,13,1,1.9099381942585512
544.634246189305,68.50545608762187,8.61,5.73,49.4,4,18,3,5.3988483658333
218.71970686481816,299.5980785480783,7.71,8.94,68.9,1,14,2,2.251510616015571
539.6944503821003,81.48905932601278,19.27,7.45,143.5,1,17,4,3.8597405914467218
703.7657677590644,261.54204498481084,3.11,3.31,10.3,4,18,2,7.573733988364014
1122.3965229503244,260.0064811128907,23.07,9.08,209.5,3,14,3,10.887945893304327
120.56901077074002,399.561019454498,14.04,24.92,349.8,4,7,1,4.244380774701785
776.0334152821774,343.1887611689676,23.44,10.4,243.9,0,18,1,4.345757885732701
592.6634090480866,528.610225933279,37.61,7.65,287.6,5,13,2,9.31000259010589
102.69246358863586,39.27685411931924,35.15,13.91,488.9,1,13,0,1.6234100619028833
359.4939570513668,471.17932859395,24.33,8.05,195.7,0,18,1,2.0672711009258338
212.70348263737776,42.91525434482979,18.47,15.31,282.8,0,14,0,1.2708810159232733
322.8094432192181,203.4452022315286,28.84,11.81,340.7,1,7,1,2.7320459888944573
387.5186726762284,531.4079887623511,37.16,22.73,844.6,2,15,3,4.615766405090861
529.4630956280598,423.5360778559594,21.11,23.41,494.4,0,18,1,3.356364068510619
672.5241207075571,128.0381066687017,6.67,18.69,124.7,3,9,2,6.813161951789748
81.10879319755243,309.7471901438075,31.35,7.75,242.8,3,12,2,2.7391304865270945
261.2936839041897,441.4853831574519,3.39,13.43,45.5,4,7,2,4.296573858132057
184.79435188185678,564.2856931635317,31.29,9.72,304.1,0,15,2,1.4440241819630972
695.634207174273,391.56308355437613,6.14,20.56,126.3,0,7,3,4.122764817637208
448.56385484942217,44.064984516768554,6.94,3.64,25.3,1,11,2,2.7862562258369836
694.2054643588842,314.83006002688165,31.92,17.57,561.0,2,14,1,6.181147440253046
328.4420984356392,117.1881343273718,28.51,10.11,288.3,3,16,3,4.715133995707027
107.13687657809504,57.23434377070515,23.79,13.58,323.1,1,10,3,1.3456915810247039
1134.3309294226765,371.15106176850304,33.36,10.11,337.1,2,17,5,10.424459652878182
201.3050957316733,472.84548443094195,34.5,11.03,380.4,3,6,1,4.139476087459976
222.08179771712284,50.55451663295045,19.93,17.84,355.4,3,8,3,3.7913739697060915
244.13244569135736,476.6458844503461,39.86,16.1,641.8,3,7,2,4.010163841929333
1179.0297068724653,432.64109149256,16.23,8.37,135.8,3,15,1,10.18904463897716
771.7794689903957,458.63252625596596,9.35,3.96,37.0,4,10,1,8.219249727018008
763.5247459083126,169.49517244794927,34.3,21.83,748.9,5,6,1,8.459765366681115
1185.1019857007532,254.3494096312546,18.38,13.83,254.2,5,16,2,12.585325845181208
179.05142158761333,98.2579715081148,35.36,16.61,587.3,2,9,1,2.762796960060432
1171.4409996473637,166.1678416336459,5.26,13.75,72.4,1,14,0,8.268879138624046
308.4947241405258,202.59011274213515,7.11,16.62,118.1,1,13,0,2.378148313758601
777.8400839894797,212.0788845359681,4.49,16.79,75.4,2,7,2,6.548087458982515
550.4935931391267,129.77273621518273,25.27,3.33,84.2,3,13,3,5.551352744258445
510.0260310944396,137.56572490055171,33.78,14.73,497.6,3,17,0,4.8185651807505225
1122.9925278969981,543.8381278815312,17.9,14.05,251.4,0,10,3,7.826574562537585
247.1350558530872,476.8193604448953,6.36,5.11,32.5,5,16,5,6.064194088966556
1196.7172924053928,226.3522909901193,16.82,19.41,326.4,0,9,1,7.1912571546614625
504.62006842253436,570.1568175041476,15.88,8.19,130.0,2,9,3,5.674040618545744
806.627892355181,166.18594629162462,26.81,4.2,112.6,2,8,3,7.526975187285606
1164.0555392613633,261.88765846652893,27.13,20.67,560.8,2,8,1,8.69727435324949
144.51317642445176,493.70942751770525,6.81,22.03,150.1,1,9,0,1.5595985011048747
1113.6080864762134,282.44523101606717,18.55,8.3,153.8,3,14,1,9.56783864705721
715.9487515968644,163.7364340576432,26.77,18.13,485.3,0,7,2,4.501832140579689
868.9245044547465,240.06521654424836,12.58,3.11,39.1,4,13,1,8.067450681908527
247.08628595271017,315.41101125356846,18.06,18.87,340.7,4,9,2,4.737282721998867
677.3939225307561,383.7672986863923,25.71,13.23,340.0,4,7,0,7.093641892559312
834.3353604922729,261.1957047614683,17.91,20.43,365.9,4,16,2,10.151731688741794
590.9969842742037,275.84346873838535,4.14,11.65,48.2,5,13,3,8.000368372683974
253.58339947878352,180.44785929681237,11.24,10.72,120.5,0,9,2,1.4962558249176021
353.4133640958458,335.1479600979247,31.71,21.5,681.8,5,14,4,7.348088068727887
1036.9199259127183,155.09005324864142,12.19,3.85,47.0,3,17,3,9.441832201933341
118.60751197269431,524.4899443216032,33.26,7.12,236.7,0,9,1,1.0
873.9255278537099,455.9992300517918,20.28,12.07,244.7,5,9,1,9.831603042536504
1199.3168408962702,263.8590233960849,20.5,16.12,330.4,4,14,1,10.707315841697032
88.38095563957862,455.9198728087232,31.51,3.11,98.1,1,12,3,1.551427755848111
260.3711647583327,33.98768683134262,17.18,15.65,269.0,5,14,2,5.874959305607912
835.0416170003107,226.35885690616604,11.82,11.33,133.9,4,8,1,9.151765337487596
147.18973473559004,280.9716544436695,6.89,16.86,116.1,2,18,8,2.7273914412302975
740.564781918562,297.78514930104745,27.86,22.95,639.5,0,6,1,4.57839371813316
846.0801159883829,456.77694229489316,20.39,12.7,258.9,4,9,3,10.4554432131044
738.7239098877586,578.8002337101768,32.95,15.2,500.8,5,14,3,10.505041307997494
489.00686738359525,246.59836435239774,19.93,13.18,262.8,1,12,4,4.080021266486363
860.9561715050356,229.8419142308886,18.35,5.61,102.9,0,10,2,4.519345741260787
745.6097593754789,377.9936791508258,14.06,20.45,287.5,1,18,2,6.189903828158058
312.5536327451901,190.31456008919997,10.38,22.47,233.3,1,10,3,2.8243821710199857
710.7118088153229,110.56969027465787,33.73,20.85,703.3,2,14,2,5.993495286430857
1067.736083195599,578.0782961805533,6.52,23.85,155.6,5,11,0,11.247025969195906
826.853279973304,491.43207538114257,36.38,13.3,483.7,5,11,4,10.527082873423092
608.4064882811088,576.3447452237529,4.0,17.35,69.3,4,16,3,8.589200796002256
440.1741952137853,154.1647408498325,22.32,6.7,149.6,1,10,2,3.5176957559524427
176.1925545700816,40.151252532712235,5.16,24.49,126.3,1,11,0,1.564760772129979
353.98238869011215,279.2390981707207,31.85,15.77,502.3,0,16,2,2.1392263036159767
92.52916345730212,562.1571089052013,10.83,8.76,94.8,4,7,4,3.8909662345616907
1185.0210276279602,108.84544315690258,23.94,20.72,496.0,1,11,2,7.468164314547543
329.18012238418873,96.79574801572107,36.91,15.9,586.9,5,9,3,6.959202516301695
992.6610558076173,69.30308702012996,27.02,23.89,645.6,3,12,2,7.75855518505382
268.88226762157603,466.0602593912256,9.6,19.94,191.4,2,13,6,3.9353925881296843
397.6332875582428,477.9781242851172,32.48,22.3,724.2,5,11,0,6.916266573788772
548.4705975357708,426.3643517281745,19.33,15.03,290.5,0,18,0,3.1444429128889175
443.3343438385977,60.376351719731574,3.49,14.38,50.2,2,17,2,3.469725268075203
974.1529102910445,442.27435141466617,21.01,19.66,413.1,1,7,1,6.554132834484817
1152.616616977274,285.7184208231617,33.06,5.31,175.6,1,14,1,8.832315082975636
1060.3298216889502,119.99982050386483,18.91,4.19,79.2,5,10,3,9.624949280983405
252.00721098148733,198.2218259762232,31.06,24.64,765.4,3,15,2,3.9678750295009504
949.8913175112051,315.6536987617877,29.1,23.16,674.0,0,12,0,5.760736753603922
245.7005429012768,217.9013391937182,19.91,24.02,478.2,0,18,1,1.223607793758341
1102.9868393495535,582.7570592427077,14.96,4.37,65.4,1,18,3,8.65052669485363
660.0240047488078,300.6027927731036,29.88,8.92,266.7,5,6,1,8.139956101883742
456.74681862351156,242.12579084372186,16.65,22.83,380.2,0,7,3,2.5473809641384344
255.86855701429593,413.7042945117809,9.29,4.97,46.2,4,6,2,4.591233973467971
93.22617876048517,400.8106824078714,14.87,12.93,192.3,0,16,0,1.0
357.7006306601909,31.39038983100243,35.44,10.51,372.5,2,8,3,3.5348977487204603
1103.7024708750694,382.5300080314235,13.49,22.36,301.5,3,15,3,9.15418492445354
972.9336553448948,168.9483156183492,11.69,14.4,168.4,0,10,6,6.428067242233772
1166.168952680806,243.88317570511532,7.94,9.39,74.5,2,9,2,9.398755040857294
192.8529036559378,432.6188677188612,5.04,14.53,73.3,1,13,3,2.0918160682102265
743.2401927263498,347.7101459760966,39.14,5.47,214.2,0,16,3,6.365821391050527
368.0085309144698,240.13343216840525,22.86,19.09,436.3,0,13,1,2.220845841176448
688.0947104650963,125.42390054716071,30.0,16.6,498.1,0,13,4,4.525742029320292
438.90947183106977,318.1248467312193,31.6,16.22,512.4,4,15,2,6.292435700247695
397.4814162725604,212.03863339910583,16.04,12.63,202.6,0,8,1,2.948381749080903
722.7067382675492,550.3688507926028,32.56,9.47,308.4,3,13,5,9.102227244444592
285.31634129388516,334.5775849647589,38.57,4.44,171.2,0,9,0,1.7563119125311342
605.4294494087709,523.599476677135,30.45,23.83,725.7,1,8,2,6.134131424636807
808.909736849319,252.40318623560145,29.33,12.16,356.8,1,10,1,6.198089670490201
223.56392196474053,501.63918335913746,18.99,13.91,264.2,2,8,0,3.3899678918725633
1122.2655833821325,62.22603423808482,34.13,11.27,384.5,4,10,3,9.086562307782183
646.4116633886198,199.9278445737685,6.29,24.73,155.5,2,6,3,5.521273883635097
997.8713285104633,74.56028183547865,30.74,20.52,630.6,0,15,1,4.098143648916443
812.3740822955909,48.040603007478126,16.39,5.11,83.7,0,10,1,3.7431637978916035
875.201054169251,553.7514798341778,23.94,16.38,392.2,1,14,2,7.071612990699744
882.0666539119786,438.6151843078175,36.04,13.66,492.4,1,15,2,6.460979345287615
1060.1118847088492,386.3127367470282,25.39,20.45,519.2,3,16,3,10.32195086378587
767.238087252555,333.5209013647448,3.95,24.94,98.4,2,7,2,4.954396009633369
391.60320992795636,354.6458006435999,29.74,19.37,576.1,4,12,0,5.802890919221548
191.45080000931202,394.0535173902785,37.37,22.03,823.3,1,11,2,2.218342564483357
759.0006937841584,501.15048300185885,26.75,14.06,376.1,4,10,2,8.48928121486861
154.31514022305078,370.2264768034511,34.87,11.22,391.2,0,16,3,1.0322112108708168
350.24866589227383,456.691034973203,33.54,17.15,575.2,5,6,4,7.563825728758911
147.9920467541411,190.1574895429489,34.87,19.49,679.5,5,10,2,6.013698045770238
694.7540996873552,586.7541905553891,15.73,8.01,125.9,1,16,2,7.109471745418488
259.5786999360122,48.181408809106486,20.54,14.07,289.1,1,11,2,2.07946742974463
763.6561977654901,250.3486593080698,34.38,5.5,189.2,0,6,4,4.597503873550768
965.7689465668597,532.7682443571111,36.68,7.76,284.7,5,8,1,12.349687719554591
1000.5064072644858,132.89808873112838,8.43,22.4,188.9,0,9,4,6.79266832203756
426.68872911414275,110.56271297218504,9.72,6.18,60.1,0,9,2,2.7140300448965586
694.8290766178355,238.2955371329507,15.83,20.85,330.1,0,14,3,4.995408196069823
710.5720512967221,274.07097929459167,31.5,11.2,352.7,1,8,1,5.202796250352103
609.6336440126665,562.0346145771848,35.37,17.6,622.5,5,15,2,8.226790166830348
813.7275583957367,506.588134784028,24.47,23.03,563.4,0,10,2,5.518814906610346
315.2975786823576,294.53109348359305,7.19,20.18,145.1,3,6,1,4.404278707280105
1176.7524283372095,584.5958075025137,14.24,21.17,301.4,3,6,0,9.299808872658291
189.84940634184431,396.0986903706667,34.71,8.75,303.5,4,13,0,4.580651658292276
1008.7276781474935,527.985477229678,15.86,10.96,173.8,4,15,1,10.120325171731753
745.3875053853303,170.25247887749052,6.8,19.12,130.1,5,7,3,7.958616022492296
354.2373168569618,308.7095223509902,14.18,20.1,284.9,3,10,5,5.430911660435897
915.1560007395358,46.938811613166976,32.85,20.38,669.5,5,15,3,10.08519465666396
174.61860315832058,35.06171016187584,21.26,19.28,409.9,1,17,0,1.8623997781673947
947.3479745826371,432.1083359354948,9.35,8.1,75.7,2,15,2,8.914837262531293
740.7834489121751,97.4273648053924,14.57,9.36,136.3,4,14,3,8.517524820475327
204.04035660396977,342.250695153166,38.28,23.72,908.2,5,15,1,5.807432861932882
169.04623066345465,426.72426485971135,18.98,15.18,288.2,0,9,1,1.199657085675089
920.936693448838,48.37371415089438,19.34,19.6,379.0,2,6,3,6.298299567797234
408.08821528429763,285.78259751303875,8.66,16.18,140.2,4,13,4,6.504654895365364
1076.018072859279,419.96660408192866,14.27,23.34,333.0,0,13,3,8.261965371158187
933.5217835537971,537.1466630772645,33.14,22.11,732.9,2,16,0,7.948182480780066
861.973074083842,200.56115734294417,32.09,8.75,280.8,3,9,0,7.486148221994457
392.03877894946504,585.3034219200682,19.11,22.46,429.4,0,17,0,3.445040668207981
874.017861304212,511.3886548060275,36.07,9.6,346.3,5,12,3,8.364585691248783
1141.925406656614,400.861991086657,17.07,12.7,216.8,2,11,1,9.645940523581752
182.5470144950372,253.39753913029477,34.98,21.73,760.0,4,18,2,4.823576052260694
445.302159043994,435.33291443371417,4.17,10.13,42.2,2,13,0,4.711923591301696
342.83293731698546,495.2301633701014,15.85,9.4,148.9,2,7,0,3.915201283541364
520.4401505287467,202.88092868533766,34.64,17.71,613.4,5,9,2,8.35919064265111
911.41257343642,595.9131369970067,36.35,24.99,908.5,5,13,2,12.611853164722536
611.1516911964329,547.9130407601442,30.99,5.88,182.3,3,8,2,8.209733574848935
719.2182788546759,306.73582099546593,27.79,18.42,511.9,2,8,0,6.843191759339578
431.85347464774344,442.01305199197526,33.17,14.59,484.1,4,9,0,6.635771726761403
238.2439791375526,328.6850699327057,29.18,12.03,351.1,4,12,1,4.334264566379475
378.96568681025593,463.73041475230497,12.41,19.5,241.9,5,7,0,6.455579721410668
1042.8419373910256,501.37985621044936,20.25,15.21,307.9,1,12,4,7.218359536877646
754.7069976118197,43.23685643951424,27.45,20.55,564.1,0,15,2,3.9190651037633346
503.3473139809018,75.10525692937007,24.75,19.36,479.3,1,11,2,3.3152064909329275
964.6946995438581,221.78642704973439,35.75,24.67,882.0,3,15,1,7.546117595378592
152.19232434949782,553.0397706004392,20.53,20.84,427.9,1,14,7,2.5707812968063655
364.358018473072,257.0159423917321,9.59,4.47,42.8,4,12,1,4.706987355683161
337.71553254421997,535.8819626650968,10.94,20.15,220.4,5,18,4,6.789300135377432
1183.6083096284087,293.5873302000992,34.3,17.29,593.2,1,13,3,9.148980250432677
870.8304122798914,194.64616457759683,3.32,4.98,16.5,5,16,2,9.519255820428048
771.9202487551806,543.3677543456223,35.16,16.32,573.8,3,14,2,9.312014367308945
85.58316112980964,349.58233828364615,5.06,19.52,98.7,1,18,3,1.5559115326916515
286.4272023406403,235.47604816712354,17.49,7.34,128.4,1,11,1,2.4552508042178474
791.8062481298476,55.31199206785558,32.61,12.57,409.8,0,8,0,4.850874801940136
505.2856456594656,93.23188549548762,18.08,14.93,270.0,2,8,1,5.142344370651859
1115.194029720548,109.40688675567239,33.43,12.09,404.1,0,18,0,5.748031664423518
936.4911254387689,237.9566855340456,6.71,22.27,149.5,0,16,3,5.538945968919485
581.0701615406144,376.1797847742761,21.93,6.72,147.3,4,9,4,7.748164632409512
919.456774842863,205.3263652205,24.55,19.97,490.4,2,11,3,6.41002459851202
1172.452842685368,67.35075124593611,35.96,20.12,723.5,3,6,0,10.088053727300775
596.298523665647,180.94098027088026,6.46,12.86,83.1,1,18,2,3.7416527577716123
799.6289944351574,262.9485410127778,15.53,14.87,230.9,3,11,4,6.5798294488359135
1108.9043688686506,595.5938593432276,27.4,6.38,174.7,2,10,3,7.995530740064247
358.5156214805141,254.00253570803505,39.26,7.29,286.3,0,9,7,2.7338948030257395
1072.9448633062316,80.84138868604306,34.39,14.7,505.4,3,7,1,7.96346506525858
189.25007158574059,361.23544425014205,34.32,7.94,272.6,0,15,3,1.3236742149319103
806.2619510581641,554.1948413969851,22.14,20.74,459.1,4,8,3,9.636828556694635
956.7787336624784,478.41654835119755,23.88,16.56,395.4,5,7,3,12.006261787359549
768.3589655627172,506.64443623672486,34.77,4.24,147.6,4,18,3,8.76535941438597
634.9989806508482,559.0921237783283,35.18,10.87,382.5,3,13,2,7.647202712961161
771.4287519167683,392.82979692975664,32.68,21.89,715.3,5,7,4,9.852947901763326
249.8633538329779,597.1059564724942,33.29,9.1,303.0,1,9,0,3.214048425757423
321.4391955698445,48.970494831400956,35.55,18.83,669.5,4,13,1,5.376892142843197
382.287265231103,505.8586154018305,7.21,5.06,36.5,1,8,4,3.806275769785403
749.5128615056427,518.4960816276891,13.83,23.47,324.6,0,18,2,5.429921819631944
574.929202594479,552.51922273432,39.12,12.89,504.0,1,17,1,5.7432927838043994
353.81294358414027,302.55659085243394,23.16,13.81,319.9,3,17,1,4.821510337610666
1068.7464520019298,479.020876463742,9.53,15.54,148.0,0,12,3,8.148325785623346
498.7924611284102,141.1958274990725,21.61,11.0,237.6,1,18,6,3.2315602243641846
579.5555255374782,373.78422835158216,26.89,18.96,509.8,0,10,0,3.4651367270707563
538.8652057348739,234.427736847173,33.64,3.32,111.7,1,13,4,4.989537607181531
283.77610990996294,369.818980877326,33.05,6.57,217.1,4,15,2,4.484744653012422
899.4222572818613,415.06948908023116,4.82,7.15,34.5,0,12,4,5.528245649213953
582.2732537411209,227.82914004532196,19.78,16.98,335.8,1,17,1,4.925790029026197
98.20796307984466,153.25583060263702,3.76,22.59,85.0,0,7,0,1.0
1159.6953466429727,213.3621080498208,35.86,4.4,157.8,2,11,2,8.994130804718278
993.6552449868633,408.4556297112423,9.43,21.75,205.2,4,16,3,10.477677692970646
890.3864765828197,415.818313193502,26.12,21.03,549.3,3,8,2,9.507626889633475
1053.3828949807526,452.55065353373635,24.11,4.69,113.0,1,11,1,7.756404353727426
1095.6241240382165,102.12586688644241,26.14,6.15,160.8,1,18,6,6.495163832532713
457.9884711505713,496.5549124450431,23.85,10.7,255.2,4,13,0,6.855484877834035
764.2737198267024,422.2442468783446,29.48,5.52,162.8,2,10,5,7.306260752201557
761.8647463102654,47.387893713664326,26.17,19.68,515.0,2,10,4,6.214538107383315
379.3756290678686,221.29077417797893,6.34,14.09,89.3,5,8,2,6.258502293525212
328.5865216207153,296.02541586669196,16.57,12.04,199.5,4,15,1,5.683371409584272
207.57612539730474,235.55196952048442,23.22,18.95,440.1,1,7,0,1.9591444061157204
818.4318994264271,96.92762627879547,15.03,9.44,142.0,4,8,0,8.98858220972084
954.6292699544734,148.18738216785403,31.13,22.17,690.3,4,7,2,9.154651608597124
932.2673370590443,43.99999509877555,14.76,17.39,256.7,5,15,1,8.853366612483384
434.2284224471713,83.05398197096082,33.66,10.62,357.6,1,18,3,2.8616866386751685
309.8910325210265,181.79106710299052,8.43,14.88,125.4,4,7,3,4.4905489078654695
588.0478798691765,497.38305141236646,31.47,8.71,274.0,1,18,4,5.878726788364747
692.4310754693719,330.18338066420415,9.79,24.67,241.5,2,17,1,6.860590613641774
1109.3775833247823,271.9637976939304,22.54,12.58,283.6,0,12,5,7.0991160117940035
1059.8019327869406,407.43287805637294,14.86,22.73,337.7,3,6,4,9.540342051979312
1105.985331058047,338.661019385253,26.58,24.52,651.7,4,14,1,11.34845609112496
1032.2938713522972,104.96293825070696,10.87,14.79,160.8,2,12,1,6.084413111745697
1160.3309489686685,156.89531737978805,32.43,19.06,618.1,2,16,2,8.752332744272397
601.3599968293444,156.83774576464634,24.22,15.59,377.6,1,9,1,4.734532812977007
133.1703171250657,371.972932189035,38.42,5.01,192.7,4,13,2,4.525376301083668
173.58947600629563,293.1258887279275,29.34,23.95,702.7,5,17,2,5.459982802415681
517.1092787850243,250.9234856596866,25.47,13.05,332.3,0,14,1,3.786705431541371
368.60954222575697,347.28432854261916,33.68,22.67,763.5,1,14,0,3.644754992444462
270.3334623243954,582.9659978960576,11.13,17.42,193.9,3,18,2,4.196900817608294
1147.5882274496864,209.09026995184976,26.41,5.31,140.4,2,12,4,7.669919479912782
298.8699390198972,326.5113971711049,17.44,12.18,212.4,0,8,3,2.310804037044368
1154.5047849930588,303.8109089171459,30.52,7.31,223.1,0,18,0,6.1484466986603685
932.139501159752,438.4865280951315,3.91,6.74,26.3,1,7,2,6.570337695798668
797.8591527802503,446.26545275026217,18.83,18.73,352.6,5,13,2,10.599659939429781
837.1412353001037,445.5703112054331,27.11,3.66,99.2,3,15,2,8.42263837911861
451.25124249821886,144.86616056508456,20.04,24.26,486.2,1,16,0,3.7155618885057464
803.998282625276,285.983087725877,11.8,12.9,152.3,0,15,4,5.1228309109581085
289.09517247501714,492.3695738866084,20.18,13.77,278.0,4,11,1,4.281552672139636
1130.230084440297,247.47219720816693,34.44,9.59,330.2,2,8,5,11.023296751749498
418.0085407558648,591.0254168552594,10.65,4.88,52.0,2,6,2,4.4254766526956635
365.80889376876723,237.92844282155352,16.59,15.94,264.4,3,9,4,5.263126468031957
876.5023339774564,313.67009158492186,39.64,10.58,419.6,1,18,0,5.670733893488479
815.2225642341238,300.4795890374517,36.77,16.73,615.2,4,14,2,10.827074291245777
585.454788544502,277.18836740746826,4.26,15.23,64.8,1,11,1,4.7719124888280575
788.3397828536806,512.0098799421844,22.62,7.77,175.8,4,12,1,8.263759152873348
258.6322403721589,118.50688540236771,5.42,13.16,71.3,3,10,1,3.332670120178382
834.1277042901896,353.56888265597036,37.18,9.78,363.6,0,17,2,5.4303964714130775
383.08397861861715,382.6028990925915,19.34,8.27,160.0,3,11,3,5.069957738149961
385.57629387763217,515.1961455995413,18.48,19.93,368.4,0,16,2,3.0328270174098626
261.64152713703874,377.2440911578818,13.1,3.26,42.7,4,6,1,4.3739179142394
452.26239124050437,577.211598239035,24.05,8.92,214.4,2,12,2,4.775222157913514
451.0011875486875,527.1355959887295,8.36,14.68,122.8,4,13,0,6.9849801791261905
588.6804931065416,228.78177056105693,32.56,13.48,438.8,1,14,3,4.880949742357316
293.2698452263114,520.1466738157757,21.17,23.68,501.5,2,6,2,3.632296205760558
296.16844049781827,576.3323540332698,23.96,21.56,516.6,1,14,4,3.532495108937063
686.7472002628158,176.6023931270142,34.11,19.54,666.3,1,16,0,4.909747450746318
224.34269323093216,377.8190197987128,9.85,14.31,141.0,2,7,1,3.042530798761844
851.5646489474954,190.62823003501725,9.48,12.44,117.9,0,10,2,4.7882003478418085
1137.2207809661081,400.253349076864,18.57,3.8,70.6,2,11,1,7.470471737750577
558.0110962641036,83.37639859180248,32.09,21.08,676.3,0,9,2,3.4176302367912665
1089.2379507287578,448.4871724653628,5.17,12.48,64.5,3,11,5,10.245249593578265
190.1145820609682,269.2973022993454,32.42,10.06,326.2,0,17,3,1.2383293704761087
128.1125426607219,364.765091845569,21.53,16.35,351.9,0,17,3,1.0
887.9331428155007,44.74156943839394,23.79,19.59,466.0,2,13,1,7.389851075727486
932.3441617392762,426.40162946988715,23.88,14.51,346.5,1,17,0,7.961863616860439
1024.2252298816416,312.71507185708873,5.08,6.29,31.9,5,16,2,11.30986738437968
143.6357998079792,386.39307438207,12.24,23.28,284.9,1,6,0,1.5567025834448571
950.1359015516501,209.9307442544192,30.95,5.48,169.7,2,11,2,6.178571756579193
501.7233807321716,113.1174988502062,18.25,24.33,444.1,1,16,4,3.877521605990844
419.7381486040624,278.194496937801,23.74,12.73,302.3,5,11,0,6.465184729798928
273.78679190449253,568.0680991332271,37.96,23.83,904.4,4,13,4,6.196758201139942
1195.5376457148302,159.84259519266902,4.71,23.12,109.0,1,11,3,7.117938014763869
151.30322003712726,415.22823686009343,19.64,11.94,234.4,1,6,2,1.9306999187075982
1006.2489763609594,58.41082009968859,16.37,20.6,337.2,1,13,0,6.608491922852368
796.2337677493908,439.3168776021492,6.94,4.97,34.5,0,10,1,3.9732334403877987
903.2900975732912,165.90919647685104,38.18,4.82,184.0,1,16,0,6.223982474953861
877.123174312412,287.3647243307195,38.57,10.83,417.8,5,17,0,10.483263483846956
1041.4466232819645,239.6192673390212,14.53,16.42,238.4,2,7,3,7.9323016226631005
285.8471182388413,94.31899569089262,38.03,3.21,121.9,2,10,1,3.196152563968042
80.92357085484763,226.98171293171214,4.3,14.33,61.7,1,11,1,1.2204676702148687
750.3519077284581,229.57122622711577,39.29,24.46,961.3,1,14,2,5.866303992859239
476.321676042134,327.6002142469584,33.93,21.89,742.6,3,11,4,5.75914158212188
218.6418108511942,584.2403737757928,10.93,8.11,88.7,4,13,5,5.471917834060677
288.4754045967475,297.9099878310593,25.18,14.62,368.1,3,17,2,4.329836640215775
451.5592299543296,551.2229087106012,32.54,6.77,220.3,3,13,3,7.0203309887004215
158.66137539310762,293.0878653806566,14.81,8.79,130.2,1,7,1,1.9125401915978166
143.74278638386497,91.2996814987155,16.09,23.31,375.0,5,12,1,4.73027654628823
1105.9494054123375,161.18715030728592,26.27,24.95,655.5,4,17,1,9.31829442955962
429.55507927613974,262.2850753528321,8.44,8.34,70.4,5,12,0,5.664335027738339
1180.0983811704152,215.4602005930053,7.37,7.67,56.5,4,18,2,10.142379197117467
1160.0910493300478,523.5226938935202,12.24,11.44,140.1,4,17,1,13.111242737419332
239.67983620636747,416.8279932520343,30.43,12.81,389.7,0,9,3,1.954092807446533
880.7152192437338,359.6358175936438,16.56,4.96,82.2,0,11,5,6.383906658994069
752.9014758223175,310.0008442049136,21.77,6.25,136.1,0,8,0,4.691526403037348
853.5247218777721,256.44425242476814,10.23,12.35,126.3,2,8,1,6.047096680895947
187.73392001621175,378.94969070424645,10.18,8.18,83.3,3,10,3,3.508637064884812
291.187288070705,101.02608430329717,27.07,21.59,584.3,0,11,4,1.8518049841786655
165.83530082498726,122.64391728363623,7.01,19.53,136.9,4,10,3,4.261253205809755
756.6303098431197,202.77632143611896,27.71,14.8,410.1,3,15,6,7.739342690976195
1184.982004950982,127.57523138281242,17.83,12.52,223.1,3,7,1,9.126750409774395
832.6226821768944,415.9462698441455,27.84,21.28,592.4,5,12,2,9.074872717565974
876.0529192245612,44.11794320155982,17.12,6.65,113.9,3,17,3,7.953354223344905
1182.7352465284748,121.30117025004756,34.3,22.52,772.6,0,15,1,6.240940576708615
839.3729406724117,544.4866224143179,5.06,4.08,20.6,4,8,1,9.278365354493067
125.00336134388677,598.5995944865896,36.05,23.31,840.5,5,9,6,5.973437803918524
1051.0462729593892,307.926572362013,12.94,6.05,78.3,0,18,2,6.910768881812991
488.43968522425183,312.3609416224022,4.57,20.87,95.4,3,13,1,5.560014633858609
84.88725609648121,470.8372944753398,23.81,3.4,80.9,2,17,0,1.9358711801198096
648.102278868119,50.62805924372779,11.3,20.93,236.6,0,17,1,3.7518838415521447
1129.4568009814152,273.4022446835575,19.99,15.85,316.8,1,11,2,7.016816533675154
368.2103696583812,86.9018926345271,32.69,3.42,111.7,5,12,1,5.979435445735683
630.4947538191807,258.528038114197,32.29,20.03,646.8,2,10,2,5.021352754039638
274.6301143162776,590.7784494434586,25.21,5.23,132.0,3,14,0,4.711236394486408
144.6157922664129,459.5709700579158,39.18,14.88,582.9,4,14,2,5.069126821528
170.21034031868678,591.4761491405742,20.16,10.3,207.7,2,14,1,3.0830850446434086
894.252214676718,455.247716632243,4.46,19.7,87.8,5,17,3,9.833302987274193
1047.7634072312069,376.62274092975537,33.32,21.77,725.4,2,15,4,9.137803257344398
240.49469996279004,459.90587476852875,11.19,13.21,147.8,5,7,3,5.767093659916925
402.91679594772495,405.68225359346127,9.52,19.67,187.3,0,10,3,2.726406322361342
298.43300376220657,294.5176370440878,5.59,23.17,129.5,5,13,4,6.810264981120108
110.07847015759928,196.7514103829697,15.13,18.16,274.8,0,14,2,1.0
699.8431342734216,326.5014938205823,15.07,10.08,151.9,4,17,2,8.053893231968024
863.9128305541652,177.34128012381538,14.2,13.19,187.4,3,11,2,6.586047838336677
805.6227785912789,307.40551747202284,24.95,8.06,201.1,3,16,3,8.466703005375498
514.6199729785174,113.29718137501901,30.81,13.08,403.1,5,11,2,7.027841319298553
701.611475452694,352.27520641292324,37.7,8.41,317.0,3,7,1,6.535039285944156
185.39122343257162,169.81170376289973,6.48,20.76,134.5,4,12,3,4.567213382430526
252.8201649694066,197.35661924669472,8.56,16.42,140.6,4,7,4,4.381368648911428
1123.6099738993414,314.4460408159614,24.82,16.93,420.3,5,11,3,11.354696829429308
932.8886775582845,122.63996422230103,6.63,5.43,36.0,1,9,3,7.13516096010997
1113.4677873241874,578.5565336724738,16.72,3.03,50.7,5,6,1,11.428893196672721
1106.6819186392913,284.7582597739394,26.11,20.36,531.6,3,14,3,9.364871392760033
807.3197311606696,230.79916088724812,31.88,14.93,476.0,0,15,2,3.941303183059167
1119.627285885625,46.642064902771125,11.05,23.49,259.6,5,7,6,10.911922242710055
546.7085954523588,510.65498697397277,27.72,14.82,410.7,4,13,2,8.941668312113064
84.05019415913385,386.7253317246391,26.9,7.72,207.7,5,12,4,4.4691131330057665
150.0796497476985,267.3509382595395,34.81,18.37,639.3,4,7,3,4.569114213109612
202.62580478491304,169.95369562293115,14.61,18.42,269.1,2,13,1,2.346203809072116
186.79586756480347,454.72832864496957,30.75,4.44,136.6,2,9,1,3.1324586538220185
473.9066777522951,568.9205081727503,30.82,18.26,562.9,1,16,2,4.51543934313042
865.4233039624805,247.06153222165153,11.85,7.68,91.0,2,13,2,7.202059525074541
965.5266633925544,106.87935897616183,25.98,8.6,223.4,0,7,4,5.476867005131723
741.0388672659797,92.2410059454603,27.98,3.69,103.3,4,12,4,6.407278908506725
244.00851550381708,33.62632423031497,13.15,16.8,221.0,4,7,4,5.784601510150399
917.6497944059563,454.0546012398815,19.72,19.1,376.5,5,15,3,10.053925915411853
477.3781494341108,589.3953699639522,19.12,8.07,154.3,3,9,2,6.961169916062068
94.5525505124118,595.9061190695339,31.62,20.44,646.2,5,12,4,5.769163105476167
394.25925499667926,476.9924349754676,3.03,19.76,59.8,1,15,3,3.665437349515754
450.2726206378952,122.44475362874483,21.54,12.01,258.8,2,16,1,3.9220727537576523
387.15499944427523,587.2943898704792,9.82,4.5,44.2,4,12,1,6.044417979501958
989.2945715700959,216.85366251111202,26.93,9.16,246.8,4,7,3,7.736977855357578
931.1175653053812,220.16317741074988,28.17,6.64,187.1,4,9,4,9.669734556697348
859.0182740621584,421.78206314869016,21.54,24.09,519.0,2,13,1,9.116627129498466
235.6856879337371,57.958036632437285,23.06,20.99,483.9,0,6,2,1.0576429285227829
984.7739788710359,500.68874604730877,14.66,4.72,69.2,5,10,4,10.642623058107501
838.4370770629225,598.4594475980141,14.59,14.3,208.6,2,10,6,10.405319536677027
298.2182088591589,471.7897735112529,30.57,8.87,271.2,3,9,3,4.8869777435298625
805.8652019152984,475.5555999881799,7.87,3.71,29.2,0,18,2,5.06112452284049
621.5330379241228,252.47879222293406,31.55,10.09,318.3,5,18,2,7.994879474524585
572.0720692789721,67.57519173892445,27.24,5.81,158.2,1,17,0,3.8535711056758872
205.57794308907546,481.8204375136213,35.73,7.9,282.2,5,17,5,4.71420198954125
660.5007889465852,370.3801095357363,12.63,10.18,128.6,4,17,1,7.067515986494494
191.9236260490473,548.3230527995881,21.73,12.0,260.6,1,8,2,2.8576469450729025
263.9637937247786,96.09885309509454,4.44,13.31,59.1,2,11,2,3.0592053422382337
228.45187198773425,203.92014596364174,36.76,14.44,531.0,5,6,3,6.295388834835667
1148.6012725584085,235.57400762233027,27.99,11.14,311.8,3,16,1,9.076885722342604
399.04845329715687,419.4694338704741,26.05,13.96,363.7,4,17,3,6.502541614102586
477.8288424275287,479.0147429687984,30.11,12.19,367.1,3,6,1,5.579259115665216
440.7302790515604,577.7816328931195,13.52,24.22,327.4,1,8,3,4.600734640926943
1086.040498599521,198.38208024476802,25.34,4.49,113.7,0,8,2,7.18086255908003
710.5218206950751,311.37275288162095,32.63,15.89,518.6,0,18,4,4.179657588744097
1109.4590868053092,46.507730146340094,6.34,7.26,46.0,2,16,3,9.240065363020097
415.91589452724304,174.2030905220661,38.48,11.26,433.2,4,9,2,6.296923997676056
208.61483536378282,243.181999628195,36.0,15.02,540.8,1,6,4,2.1198371779713905
702.9646670510755,368.4695377195055,38.63,19.72,761.7,1,11,1,5.163624724542681
467.0014308048196,298.3819313515292,32.91,24.51,806.6,2,13,2,4.922754911342587
978.1356535096381,237.75078407288848,13.89,13.86,192.5,1,6,1,5.321244106440385
1064.9542179810576,385.7244409217247,24.52,8.65,212.2,2,12,0,7.271160366617587
609.2823322159204,502.3109359566902,7.45,20.41,152.0,3,12,2,6.570818985414984
1167.9221069757693,167.75824580132985,30.9,7.87,243.4,1,18,3,7.195193095562411
699.3745671057345,225.439251178435,8.68,14.17,123.1,0,8,3,5.060744998282301
383.43084059266994,431.8064803216014,35.07,21.63,758.5,0,8,0,2.863674068803365
627.6525771855875,473.4261412923623,11.9,11.88,141.4,2,11,0,5.325693418842424
121.78752749127892,500.4762168887489,8.94,15.25,136.3,1,10,0,1.475830819144233
980.4812994946357,149.31879477130633,5.62,5.63,31.7,4,17,2,9.958075996578584
193.60725695695146,337.38216790931693,29.32,4.23,124.1,0,16,1,1.3560002710608812
425.79830712336553,543.0063261594121,9.89,24.7,244.3,0,9,2,3.4052603264001684
713.1545326455366,253.4117594021503,10.31,6.94,71.5,3,10,2,5.920703843606839
128.13214072452672,275.0333614262868,9.28,10.38,96.3,3,14,2,3.1331633621918087
168.83492708322203,591.3490780233909,14.31,14.1,201.9,4,17,4,5.053225959444635
859.6503205265743,94.4400082385281,37.82,11.24,425.1,0,8,2,5.937196862958871
160.390344228061,432.1931339931325,21.01,5.14,108.0,4,9,4,4.507630950208006
614.3328101970617,514.6049524133084,12.65,7.33,92.8,5,13,0,8.166956301242072
459.33910943124044,115.95230448138993,9.3,13.86,128.9,3,17,2,6.1903467279155935
335.4489369111864,437.23834452412535,3.7,12.65,46.8,2,9,1,3.984420619171064
291.43236560730526,297.75078654595205,16.5,20.56,339.3,2,12,1,3.1303661656892823
935.020648980489,516.1478042645467,7.07,9.86,69.7,4,14,0,10.049110145389246
1145.7272563283163,547.2478205964665,4.0,23.69,94.7,0,11,3,8.23482445975456
237.00131126773155,527.3163947981068,6.81,9.22,62.8,4,16,3,5.811522167253451
1154.8429654750223,66.69952842003727,14.79,10.29,152.1,1,12,1,5.610729904399916
746.1340038921162,461.4075077845353,30.78,23.88,735.2,5,17,3,11.04243257233635
798.659654006848,555.2707177419228,5.48,21.49,117.7,0,13,2,6.78657210276288
875.1175435196917,384.16861118243065,28.11,9.97,280.4,3,17,2,8.586095213379975
868.6131571971307,372.4993544727394,25.96,11.7,303.6,2,17,2,7.837622193224015
998.1884411679708,55.65307081692327,35.63,21.53,767.2,2,9,4,8.034822656209045
621.4848895094211,517.9388226573849,9.81,4.89,48.0,2,17,4,7.199430568457403
677.3616180164653,56.45002967262207,32.39,9.48,307.1,0,7,2,3.2997869725435924
442.6862427590258,208.70047563926414,35.0,14.69,514.3,5,9,2,7.169149913750281
197.8885050370911,557.7419472137128,39.13,21.24,831.0,3,6,5,4.046879692625551
824.3970138373653,571.354731355822,32.92,15.42,507.6,3,7,3,10.409672376786213
117.64316548860103,595.3833080712759,7.58,13.78,104.4,3,15,1,3.551950721709081
388.71125721337245,301.5493027993451,38.04,24.17,919.4,3,7,2,5.2332111919076585
185.5374481796323,131.1348414371762,33.15,5.56,184.4,3,8,2,3.4930168682644793
293.6144162014442,308.1283574925778,10.86,20.16,218.9,2,11,1,3.5580072168316446
795.3786224450665,88.31836729733806,9.11,5.79,52.8,0,16,1,4.758303496013115
783.8938258295084,527.3455821128828,37.65,19.12,719.9,0,16,4,7.107032197002268
551.5815025551975,349.5062229619078,8.76,14.95,131.0,3,18,8,6.530244436239338
180.9926136682301,260.5683625250505,31.75,8.82,280.1,1,6,2,1.9180201912635142
565.3787864345373,75.3325004140585,17.99,14.95,269.1,2,7,0,4.9388354610264456
475.0742564812886,260.98718578547937,29.78,22.35,665.5,3,11,1,5.31326756361548
886.9142511986637,523.7292167823621,6.4,13.39,85.7,3,9,3,9.849050800520176
728.509801182938,430.9413815120113,29.83,3.14,93.8,1,7,0,5.276176676809476
630.5536594174389,76.99964498125095,21.94,4.25,93.1,3,12,2,5.680183233579219
625.4199321815946,121.14710384392023,36.31,16.92,614.4,5,12,1,7.208592982809605
1162.252513731669,253.61583970327763,9.97,17.91,178.6,2,11,1,7.589588669234771
927.0495283078645,87.78379713097364,7.05,11.84,83.4,0,6,2,5.07864073870235
636.6171077153432,562.4034794361645,10.26,8.34,85.6,3,11,6,8.642210113099619
616.7293264356549,401.80646543959926,5.91,18.75,110.8,3,11,1,7.3642633899732965
109.65659346155905,84.04911074324869,39.27,9.69,380.5,2,8,3,2.467568496247665
1135.6103749181834,479.1927535568626,7.55,4.63,34.9,3,16,1,11.251270144225908
437.4748483794092,239.99137928600743,10.43,12.01,125.3,4,17,0,6.411845716078558
366.651771706433,169.57626739533586,32.96,14.86,489.8,3,18,1,4.1665920418707385
1199.3379964341918,354.8914169056239,12.13,24.24,294.1,4,14,5,13.820436141472578
884.9324320850674,37.62211587870854,11.22,16.03,179.9,0,14,1,5.430597409154424
133.04742609520252,295.2766662594253,27.88,7.58,211.4,1,8,1,1.8566856404145877
149.31173426864564,510.96884606424663,17.75,21.31,378.3,3,11,4,4.148719776268902
108.56175163542161,558.992829711774,33.91,9.41,319.2,1,6,3,1.5771364968155475
751.5731674544134,225.25618151737066,26.62,24.1,641.6,5,13,1,8.818290999734598
160.15224006938604,396.1888552540753,13.66,10.16,138.8,4,15,3,4.2500289775549644
1125.3949596663222,159.28935987023513,25.12,23.01,578.1,2,14,2,8.080909683834706
1129.3353248253993,349.32145046128414,35.06,22.34,783.1,4,6,4,11.549399899052645
691.5805547578493,174.79580390731775,16.49,22.01,362.8,5,13,0,8.786130278706395
770.6356031634649,355.67320991764814,30.25,3.87,117.0,0,17,0,5.433503383638909
406.92172970827977,127.88160685714163,18.39,21.7,398.9,3,7,0,4.5966412219399055
151.64924749726612,566.5025573536237,23.09,18.87,435.7,2,12,3,3.084615846430746
905.9556986148334,535.5429615521563,30.15,10.35,312.2,4,9,1,11.14127496638254
194.00030739889957,222.04340218583872,5.24,13.78,72.2,1,18,2,1.8064649305095661
175.8245579406003,472.6978466872173,19.83,17.08,338.7,1,13,0,1.6340922084372276
428.56988230873066,84.43735451735088,6.52,23.76,155.0,4,16,3,5.809789988073386
93.96153901842791,452.00571796209164,29.83,20.16,601.3,5,12,2,5.000066012782658
566.1198896470739,191.00170387924135,25.49,12.43,316.8,0,17,2,3.6772939142485987
872.6026192896859,107.31580814524152,15.1,17.2,259.6,3,9,1,7.542259637511301
977.5108031925716,416.5689942050598,5.82,7.09,41.3,4,15,2,9.121799947474639
756.8241802547918,297.7898861570519,37.25,12.33,459.2,0,11,1,4.022055187051179
1028.499107487582,332.17957298635304,14.66,20.41,299.1,3,13,4,9.577351906850938
535.2824682191635,326.70197695861486,13.19,16.34,215.6,5,14,1,8.065246940970763
1030.6247352677337,63.885349800431136,6.74,20.23,136.3,5,8,2,11.128671285651532
647.2501077581848,59.2867419828259,24.36,14.22,346.3,1,17,2,4.226509409824823
329.8004633580907,372.6654772504152,12.83,11.36,145.8,5,15,1,6.042667538784551
1137.4431242597218,385.60284614258745,34.19,19.34,661.0,2,11,2,9.494948709124673
387.9673786975705,56.88949721361532,28.26,5.06,143.1,2,13,2,3.882200613226741
109.34566229032828,245.71041917605612,3.14,24.53,77.1,1,14,3,1.6619440341645282
351.7949281096302,379.3252293494436,23.93,23.86,571.1,4,11,3,6.266090332646691
490.69006860831905,404.30797377925353,11.58,22.37,259.0,0,14,3,3.9577928211143982
473.5116452839758,502.11718278763436,3.57,22.45,80.1,4,13,3,6.952543512882626
667.6276105768003,269.8174016502221,25.92,14.24,369.1,0,16,0,4.682853903444087
1069.1021078802341,342.5069352537722,10.58,13.95,147.7,5,9,0,10.992825567977247
407.41881436286303,359.77941409702584,36.29,21.04,763.5,1,6,3,3.435291817108364
663.2630809142692,207.86581148118182,24.22,9.23,223.5,3,11,2,6.423680305475699
460.9556281310969,60.68047939171861,10.74,21.7,233.0,1,16,1,3.3922706915179144
1000.3858264979845,32.40877793690965,39.23,7.42,291.0,0,7,1,4.716936555496784
256.5136948830958,506.59148718755915,23.22,22.34,518.7,0,17,1,1.957423565587854
195.93150050726553,144.13213883776024,9.12,14.9,136.0,5,11,1,5.01563876700976
643.3546836261139,389.24515857070725,22.14,21.55,477.1,0,8,2,4.861495305067699
832.5140960573509,358.91706282703416,38.5,13.85,533.1,0,12,0,4.03089859949241
970.9882252216585,257.7908537420958,18.7,16.39,306.3,3,16,1,8.774148694414686
740.3798352539544,505.09118595936127,18.74,23.39,438.3,5,17,2,8.84439451002848
946.7117326772807,428.08890954522604,20.06,12.2,244.8,0,13,4,7.590877381154609
519.8352655882346,42.96263416032858,13.36,7.85,104.9,1,12,3,3.615773312286269
116.81179069844525,472.7156218133103,8.99,5.0,44.9,3,16,1,3.2232453041777767
210.03122484974332,318.9893262610045,24.42,15.98,390.2,2,17,1,3.2993012736008405
123.36931337647572,227.8009947772227,36.09,16.44,593.4,0,16,5,1.0
448.4168885336718,444.3242542116564,30.22,16.66,503.4,5,18,3,6.1039052800687585
634.9503022209242,421.0574088983735,6.56,3.82,25.0,2,16,3,7.270898093530887
479.0755816957721,207.03529558530096,17.83,3.6,64.2,4,6,0,5.821582274804269
707.8714120743592,590.3321567537923,3.2,22.7,72.5,2,6,2,6.580411941944205
618.2822463119222,399.76383742569936,14.39,18.3,263.4,3,13,3,7.037674174994827
839.2959380876131,375.29443609871936,27.77,5.49,152.5,5,18,1,7.626458733541105
826.997623191015,69.83180718461008,13.74,4.64,63.8,1,9,4,6.275881175841004
436.231844761721,189.21170479650036,34.1,6.56,223.7,4,18,2,6.001196148349502
467.7601900044225,284.7751813260717,20.66,20.75,428.8,1,17,3,3.974423935481534
735.3655602382597,389.45665145651554,27.76,18.91,524.9,1,7,1,4.95807144285569
748.0043640377428,322.27526951631535,35.7,17.05,608.7,0,12,2,4.552966043693199
432.4639032735891,464.928772078693,28.26,17.1,483.2,2,8,1,5.482603757798258
449.95603206847625,179.6635961067041,36.2,21.9,792.6,3,7,0,5.403760323288637
857.3304147684847,430.22948731101604,32.9,10.34,340.0,3,14,3,9.982042168063
805.1001216211979,495.46031672796266,23.98,10.09,241.9,2,8,2,9.489612892385964
231.25690124134766,466.07848608228335,14.0,12.36,173.0,2,13,5,3.973856142703977
573.9669052364407,469.3825532151791,14.03,24.77,347.6,1,14,2,5.884887444662013
1079.8308081558612,536.4490226394342,35.39,15.21,538.2,5,11,2,12.088065178520441
120.66235723701224,77.98176921387902,4.99,15.03,75.1,2,7,1,2.1520697318876185
1037.7836200623192,427.39919568323876,37.83,20.81,787.3,1,6,2,8.34587217329337
262.7595359118409,582.1465746363828,15.1,6.92,104.5,5,10,2,5.5358303139141665
648.1184683571219,356.98087042848675,30.34,11.92,361.6,3,6,3,6.914231013323757
555.2568003937729,153.87029783110378,15.21,17.11,260.3,5,17,2,7.2910563220988145
91.34485782243388,599.2896692913014,38.27,24.74,946.7,2,8,1,2.676185025954778
1105.2445695403878,129.56605690824298,4.35,6.4,27.8,2,6,1,7.393508303550868
589.5162546144222,221.2678875036698,16.07,12.94,208.1,4,7,3,6.825415506142016
1148.7804699718888,128.07544739778564,35.1,22.92,804.5,5,15,1,10.316085584175195
401.153169096724,294.7723351875389,13.14,18.96,249.2,4,13,1,6.260025849444501
1050.228866225889,268.7593254782462,13.2,16.5,217.8,2,14,1,9.0283410705514
1113.0763228751061,310.0073110110265,36.25,8.66,313.8,3,10,1,7.915834593525921
703.6523063352743,558.9505380315949,33.73,7.12,240.1,2,10,1,6.551705602852454
306.9991224118436,302.6448999255083,6.91,11.23,77.7,2,14,2,3.6365361677215775
847.4771239584064,323.33700594177714,24.47,8.61,210.7,2,7,2,6.860472520499725
694.8554345129953,535.4088003735268,11.27,20.79,234.2,0,11,1,4.601034183450244
1137.873225754941,496.1220565884544,10.96,18.86,206.7,5,7,3,13.506784994857403
571.9847092277508,166.64155779850321,25.77,21.37,550.8,0,11,2,3.079729995847437
380.7352853566006,37.367794480444616,7.58,6.76,51.3,1,18,2,2.9222629946475904
234.88144167339996,388.8147675551691,20.38,9.82,200.1,1,17,0,2.262005524812546
862.469596929081,511.56439958738645,12.47,19.91,248.2,1,14,4,8.283491569835393
1171.002773258252,345.12456418792806,34.6,6.6,228.3,2,14,5,10.609715310370161
111.7450230399663,150.37084440732173,23.52,6.2,145.9,5,10,6,4.943230086436744
909.298797351502,452.5724016849249,10.96,11.43,125.2,1,15,2,6.203754795219304
1118.1620060668267,411.63739108842384,37.28,7.1,264.7,4,16,1,9.911881000641747
163.75531833463128,352.06854632287514,33.45,4.74,158.4,4,13,3,4.281758714742922
203.39045051886913,522.1016191919607,12.82,9.88,126.6,4,7,0,4.796204569484907
854.9919502636737,477.0181411752487,38.56,22.26,858.4,3,15,4,8.3891896291102
805.7189810032829,410.7326921109848,12.91,4.24,54.8,4,7,6,9.52097475345605
157.0867051541952,408.91244134323443,13.83,15.45,213.7,4,10,3,4.125006356611489
1014.5534824092953,407.45550155001666,17.28,15.39,265.9,4,8,2,9.440582038069147
666.2347095862795,329.34390460244146,9.1,14.68,133.5,3,6,1,6.764117545944376
1096.061058137006,294.4353374469928,28.42,14.12,401.3,0,15,3,7.0700814473269515
1063.349786711829,434.4722619142702,23.62,3.38,79.8,3,14,5,11.624033845493537
990.0087013361856,377.98185443803175,36.1,4.04,146.0,4,11,1,9.28409558274163
657.8067637937519,309.2889205113096,11.91,14.25,169.7,2,10,1,5.33128499835957
361.9159187593641,102.19697172929372,9.3,24.3,226.0,1,14,3,2.868358961981902
646.6925643804684,430.0994095323044,16.27,11.98,194.8,3,12,2,7.388429615798182
192.90874313799367,398.21918522944026,8.41,13.39,112.6,0,9,0,1.3329257502632355
817.9076862902373,225.08160280489705,38.01,24.61,935.2,4,12,3,8.674559242052707
230.05448553648853,233.10420474259377,29.55,20.14,595.1,5,16,0,5.550195583296012
652.5137180008098,170.6317589570938,32.46,19.94,647.3,2,13,0,5.829926727666909
140.9078110668359,578.2916961280607,30.68,14.1,432.7,0,16,1,1.2862990351964052
415.4539891076034,520.3147768351719,11.98,22.75,272.7,1,12,2,3.7981438006164656
339.93011595016236,349.79794676496357,8.2,15.79,129.5,0,11,1,2.0696801331554635
774.435327837071,258.9422935383531,18.89,17.45,329.6,2,15,1,6.395725584984648
961.2011174652098,449.9904003069613,33.67,20.33,684.5,1,8,2,8.850316455857245
144.17930908538926,330.8050603918184,15.23,11.94,181.9,4,14,0,4.597083831487722
1032.3177273740303,586.235089331615,3.35,23.97,80.4,5,14,4,14.15757627293119
1044.059818349157,61.4198899356281,27.42,24.74,678.3,2,9,2,8.194066699619029
463.3413632025855,49.54286841048082,10.4,15.92,165.6,5,9,1,6.872518087555303
818.0845538867608,354.1082802448228,23.08,7.89,182.0,2,7,3,7.356147434795841
530.9265955078635,145.86915693267684,3.55,20.05,71.2,0,7,2,2.7383246539442316
252.69378805238728,374.4533732236097,21.83,10.09,220.2,5,7,2,5.9547946395521425
672.1019087906836,475.4111262718911,17.56,15.7,275.7,2,14,7,9.77031861715363
176.72283544178825,108.72256387537752,35.58,4.91,174.6,5,7,2,5.171345002057581
1063.8888140435065,281.14668778803093,29.71,20.76,616.8,4,12,1,8.581479497012783
1115.2045305387617,422.5402375661325,4.33,24.1,104.4,5,7,0,10.539453368982452
1000.2067134527721,505.3022352835936,32.21,5.07,163.4,3,16,1,10.830556090123368
710.031495246696,312.91613132072365,32.28,19.1,616.3,3,14,4,7.5923914673913275
704.5104220605095,147.5075445364323,27.55,21.94,604.3,1,9,0,4.603906643850175
1182.7602617930413,363.9055756838108,37.38,5.41,202.2,1,15,2,7.262240478694732
357.64989261092484,289.07472917324975,32.72,8.43,275.8,1,8,2,3.251644367857847
165.06216981383238,469.9974933925569,11.1,11.62,129.0,1,14,1,2.343314067302961
709.3738344333191,346.6783565956804,17.12,21.41,366.5,3,14,2,7.320013050322736
448.2398695473157,189.27102163314555,15.95,13.86,221.0,5,11,1,6.9618171836460165
441.01942554500954,460.00396424107726,21.68,6.01,130.4,0,15,4,3.1147250131818778
87.93559667034181,325.11579738831705,38.29,8.64,330.8,3,18,4,2.99682595514002
747.7881386936849,131.20153479864666,25.78,13.28,342.4,4,11,2,7.624942264202765
375.7177465486877,350.9512241909369,14.58,3.86,56.3,2,9,2,3.798787958234008
290.4015739758027,570.5424341121476,37.84,16.88,638.7,1,11,2,3.40523235554988
125.28376316016417,432.1442687345096,28.91,3.56,102.8,2,13,2,2.699123897867801
488.0849656526847,200.317916031048,12.84,20.18,259.2,4,7,2,6.532448007024737
1064.4451370728323,435.1977099169291,36.54,19.14,699.6,5,18,0,10.679383602430628
457.07130450905703,191.085597271242,15.74,22.04,346.8,4,12,2,6.1142263436563065
840.5631153339449,339.33263739851924,22.1,6.47,143.0,2,18,4,7.708799744984012
927.3325990101362,330.1595853589051,20.73,16.26,337.0,3,18,1,7.8737216873336155
447.4729062930235,171.0128009797281,37.17,20.18,750.3,4,6,3,5.659507329498787
1000.2376232134862,228.29228393149629,12.83,14.35,184.1,4,7,3,8.45843187084178
854.905218826983,567.043429228046,15.33,5.88,90.1,0,8,2,7.097037556928847
706.3512961450657,172.84116575679715,27.43,5.18,142.0,0,13,2,4.5990375576609
81.11155973670438,486.5854148696619,35.8,16.33,584.7,2,10,2,2.264007454913405
119.30165783354511,410.4012306069198,7.25,13.95,101.1,1,6,2,1.5169503183529782
1189.769745398791,333.59860553968576,10.77,23.45,252.5,3,13,0,10.954165042774596
956.1579943239865,108.38347559514317,38.08,21.34,812.7,3,10,4,7.78904985912028
1130.0730898257007,146.60532904263533,31.76,18.92,601.0,5,16,3,11.182709136909125
1090.5795895081908,132.01724544653024,15.8,24.61,389.0,4,15,1,9.625064999842603
102.89614111988094,364.4727276150389,16.23,18.28,296.8,0,16,4,1.0
966.8689645660028,584.8284221295324,20.37,5.03,102.5,5,13,3,11.572477507796265
585.2832332924932,530.026379781747,27.93,4.71,131.5,4,15,1,6.481532820790513
964.3051884807344,44.39357326985903,23.76,20.95,497.7,2,7,2,5.976723155676494
87.52167826299136,186.02417594353753,31.72,10.94,346.8,0,15,2,1.0
402.78321734463196,119.63675159410262,5.0,23.33,116.8,4,11,2,5.878865877011085
921.4826288862585,586.136369881804,33.3,5.6,186.6,1,6,0,8.019332621642809
968.1832832337806,164.29783372075457,5.15,7.37,38.0,1,7,1,6.199542949549582
774.0803533603788,144.74851547211253,35.6,20.01,712.3,2,10,3,6.992950919870416
417.4069321798154,383.89891734188774,4.6,21.64,99.6,0,10,3,2.7756742423838827
427.60610224240645,347.0263526376283,7.73,22.08,170.7,2,8,1,5.021176287663327
1162.7756392790766,158.73534575530388,9.67,5.18,50.1,1,15,0,6.327695121934934
571.917640742309,412.10797278622806,11.25,11.4,128.3,0,11,3,3.347824243877267
580.7806162730975,85.29411043797282,17.87,17.22,307.6,5,9,0,7.268955846608509
698.6126802695834,41.04036763760854,27.25,23.21,632.6,1,14,0,4.6563565434205785
538.6426172881154,76.97643070261769,36.03,8.26,297.5,3,11,2,6.351984227428445
698.9921523491039,237.9748888061904,22.41,16.21,363.2,4,16,1,7.8719316057665285
564.2156734996648,585.7593068886459,22.7,6.16,139.8,2,12,2,5.34845490056974
1005.9207099544491,341.93078932133744,14.81,19.44,288.0,1,15,3,7.773125852874734
1098.137142174078,460.1938787188163,32.63,5.81,189.4,4,17,2,11.197919452039915
1123.9634909932051,213.25257877198882,7.09,25.0,177.2,4,7,0,9.224531926539568
712.0117505289129,440.0232673254976,14.14,5.03,71.1,0,7,3,5.206234934912203
575.2063843602348,580.7232829297437,6.59,18.08,119.1,4,15,0,6.673729689129264
869.8688658468585,233.92370746077037,10.92,20.09,219.5,0,13,4,7.024061644229888
1018.9224222514154,599.4638777989643,24.7,8.68,214.3,4,9,3,13.80620371503827
710.5401111143424,393.8936720880497,7.66,8.61,65.9,0,6,2,4.63625407615721
863.9787444409327,456.69710510489256,6.72,16.12,108.3,0,18,3,6.819586556571943
919.6968728077978,173.73532614344546,33.56,16.87,566.2,0,7,1,4.673196446825116
837.5610299233612,396.5617384310277,7.38,18.85,139.1,4,12,5,9.85913668534464
915.6695824168266,321.27356333356084,25.5,15.77,402.0,2,8,4,8.897534566609018
313.68277246271816,575.1495079221386,16.02,6.84,109.6,3,11,4,4.682691147174752
638.1794926644133,545.6647772400238,36.17,23.33,843.8,1,15,2,5.210542870505263
738.8607811576977,256.103381387294,29.18,6.67,194.5,0,12,4,5.337040110840313
82.77528255986584,569.715758376793,5.2,15.44,80.2,4,6,2,4.170267088493025
1038.6780098713239,534.3431550675054,36.13,23.24,839.7,4,7,2,11.75991790502204
763.2274494583015,366.51879471040934,18.31,23.09,422.8,5,18,3,8.724614377817552
224.63269150198767,76.80720801003795,14.03,6.69,93.9,0,9,4,1.5451325322175853
994.3199212849264,121.6504371759365,27.89,8.25,230.1,5,11,1,8.90909839466094
883.10380241341,73.81831946406612,29.57,16.24,480.2,3,16,0,8.527729158319316
929.2954886792735,91.55607534996479,14.22,10.42,148.1,1,16,2,7.089909898775538
519.087557285279,586.8628534040542,16.01,19.08,305.5,1,9,3,5.9610179824915415
1036.7068074983913,150.9353605532068,8.78,14.49,127.3,3,8,2,9.57017888389041
543.7108919882457,423.7871119341779,24.96,8.85,221.0,3,11,2,5.967453505322608
718.9702512990623,392.8211068791787,38.41,12.04,462.5,0,10,3,4.921501523739668
80.71938014385857,389.75257296621214,18.42,18.2,335.2,2,15,4,2.507930956173978
802.2578884392057,147.82127976973698,39.86,20.27,808.1,1,15,5,5.948310583683424
884.3568871832891,360.22755879922744,9.53,11.13,106.0,5,9,2,9.795279907031519
715.1624893474474,386.5568592634224,32.46,5.31,172.3,3,10,1,7.495269120644074
636.14587508885,355.1310304877133,37.34,10.77,402.2,2,15,5,5.784769949660905
987.1288505571133,136.11260634713682,28.46,16.87,480.1,2,12,3,7.144025786463628
843.1374432250709,442.1445403325841,7.05,19.72,138.9,5,13,2,10.2141783606813
391.44292448642574,71.74860229241129,15.08,22.35,337.1,4,16,1,4.451568186570932
1154.1621386495842,366.9840067371845,6.17,24.16,149.1,2,14,3,10.556212456355402
872.1392574987817,278.6678194687486,25.26,14.65,370.0,5,14,5,12.8797560045639
1186.4916003819155,172.663358085852,39.93,22.36,893.1,3,12,3,9.663458586703438
1167.8126742211325,490.2117237448991,16.87,8.77,147.8,0,16,2,11.633660588365629
1109.1788895473007,130.25876300314482,9.03,15.31,138.3,3,6,2,8.214836351018349
926.0161261723445,561.799603141832,12.94,14.87,192.4,5,7,2,11.039849267146735
762.5608927166035,534.2020661430765,24.12,19.91,480.3,5,14,0,10.126840195142373
272.83114332487514,235.5349018823873,24.05,20.01,481.2,0,13,3,1.8989286335405926
688.5535875146086,203.9371705893982,11.5,9.28,106.7,5,9,5,9.400078744753246
937.2217050816465,108.36740954877422,30.78,22.49,692.1,5,13,3,11.648744606342111
663.3600177502359,552.3068550823548,6.26,22.61,141.5,0,7,4,4.825524687540052
1052.4278238143365,387.693159529265,26.05,23.86,621.6,3,13,2,10.451194556921306
202.81460709470207,48.1166418217398,18.75,13.07,245.0,4,10,1,4.512369530791921
506.6531898144702,321.269666300118,7.71,24.72,190.5,0,13,1,3.8089979280256596
646.6801488248962,78.90540026275053,26.47,20.27,536.5,4,10,1,5.502537488241409
564.204331373401,357.0378904231198,27.9,17.37,484.7,2,15,3,4.7386545917986975
201.61693356013944,320.1081794428631,19.28,12.51,241.2,1,7,1,2.0031604756923462
251.9516893299862,77.22224593655154,32.53,21.53,700.4,1,16,2,2.6161402100942297
1018.1313679981456,495.0405380765605,21.84,19.81,432.8,3,12,0,8.714200896283002
622.5103703056251,179.52079098477827,13.57,15.88,215.6,4,8,4,8.035276145873647
134.56911796305496,338.64608757501844,38.28,24.94,954.7,4,18,3,5.223532466851097
98.47021005496791,394.2521596794046,37.93,8.49,322.0,1,7,3,1.489333595991072
610.2924502336458,578.5135841378449,6.54,17.12,111.9,4,12,2,7.614351144496964
264.1041730353769,311.47266494151216,38.01,10.06,382.5,4,6,3,5.212335478592509
869.7410595191285,552.8699902041163,31.69,13.07,414.3,0,17,0,6.963923845238536
970.7622780310815,232.26868456818835,6.95,10.46,72.6,1,8,2,7.413892562424883
335.6923134719583,518.7392049404971,22.22,10.36,230.2,0,9,2,2.727745628116716
743.2381782675944,164.42094936230754,4.29,11.29,48.5,5,14,1,8.408117694064838
252.97800070363232,433.2634645881881,24.79,4.25,105.3,2,17,2,3.2848833207734214
420.0125697857135,80.508836440348,37.53,3.88,145.5,1,11,4,3.301184130227453
1075.4509534832055,592.0487033096857,16.62,18.95,315.0,5,9,0,11.894924021360387
689.389862460188,573.7437479215498,21.82,9.84,214.7,4,10,2,7.820503178450065
1072.195338561504,282.06177395490533,11.42,3.47,39.6,5,17,4,10.853504295713464
332.2775406810478,328.6430742544445,23.02,4.79,110.3,4,17,1,5.386683197983121
449.62726443850596,370.73167152127263,32.7,7.31,239.0,5,7,2,6.9617678703871375
607.4663950716351,186.77140902311191,10.96,4.06,44.5,1,17,1,4.1800326519544715
617.689684217888,414.4487180669427,23.48,23.82,559.2,1,16,3,5.612353723486718
1197.3657232457444,428.1803095645741,16.12,15.5,250.0,0,13,3,9.65943762532083
208.1787572476657,329.2936006254071,30.67,11.67,357.9,2,9,2,2.7698784132116057
1034.2008398737817,114.21219471657409,28.98,14.72,426.5,3,11,1,7.300439103716505
1047.3238841524944,553.935988018212,28.86,5.48,158.2,3,16,0,12.28059119409335
699.5824673223218,95.57569693700071,16.98,18.44,313.1,4,9,5,7.690500000562038
465.3216284502522,388.6281361649915,25.17,24.33,612.5,4,10,1,6.687010936057755
661.5332368028917,88.76050006756041,27.09,5.87,159.1,4,11,2,6.414776525577384
407.56382938335145,113.27740420576589,28.19,6.36,179.2,3,6,0,4.519363267223019
975.0003422527323,41.70683899643253,24.28,16.83,408.7,1,11,1,5.201730913287159
638.0726577555697,237.11752779835294,35.07,6.34,222.4,2,7,4,4.720220220823696
1116.9432403427447,394.5620617205616,12.21,5.77,70.5,5,6,3,11.008322958849586
777.4143056787691,327.28020524773706,5.06,17.75,89.9,4,11,0,7.8796839015140225
656.0376530884454,414.4873162116369,38.61,16.61,641.4,5,15,2,9.081153132909852
876.3976764549706,414.76075069644315,5.25,7.79,40.9,3,18,3,8.38109876512764
644.4049201618624,109.89903407671603,36.41,21.11,768.6,4,11,3,6.626423940781388
1093.0471124697808,62.68231995037787,25.65,5.32,136.4,2,15,2,7.706278093889401
286.5794761932623,386.4541400477618,36.99,10.32,381.6,0,8,0,1.864259293772396
1170.1505257954143,402.3378538358883,23.9,19.26,460.3,4,14,1,11.265283256777991
989.653418073335,347.32112903077154,33.38,16.51,550.9,0,14,1,6.338315739898356
1044.021365288654,170.08460580472033,29.69,16.2,481.0,3,10,0,7.576023451243745
620.8567722555997,492.13617367988473,22.43,18.1,405.9,5,11,5,8.827897522144596
1017.6657352581091,73.14102883286654,16.44,17.22,283.2,0,14,4,6.765105756237403
423.58697360646977,390.41771991317484,3.11,22.23,69.1,4,10,3,5.36742013136455
933.3819599918762,98.63457545124213,12.28,15.51,190.6,5,13,4,9.894221020839039
237.30417739570535,403.0351983669409,38.22,11.83,452.0,3,9,2,4.068269983138329
423.89814587800976,268.10369905939297,13.19,19.85,261.9,4,12,1,5.887292007995026
579.2205829629008,439.3187415994727,30.82,8.7,268.2,5,6,3,8.312699902119867
440.9980843206325,59.74955541185277,21.81,19.71,430.0,4,11,3,5.255305633819299
513.4591694990856,346.3973034338097,14.42,9.16,132.0,0,12,0,3.040113932237634
998.5173141577418,112.58040236164538,39.67,13.57,538.3,4,16,1,9.341333499438235
367.4769991992277,418.95753001797004,4.74,19.26,91.3,4,10,2,5.977463981065759
914.7149128131209,98.37470984765898,24.54,16.81,412.4,1,6,2,5.303336507504005
162.55751740505008,71.94249408259772,20.08,4.89,98.1,3,6,0,3.358036444100814
937.6278004168681,436.47999496465917,5.83,12.82,74.8,5,13,2,12.058389821980967
967.0660319693458,66.21320270392093,10.92,20.86,227.8,5,16,0,9.56841420686336
529.9026285627799,157.98256622096415,28.69,24.93,715.1,5,17,2,9.091976018034467
889.175161947567,500.0990623616331,7.01,13.27,93.0,4,16,4,11.485436232021037
1104.955012194511,491.522335450689,32.64,4.89,159.6,0,10,2,8.639222611011304
976.7985303810701,516.8516819350423,26.13,11.06,288.9,2,12,1,9.92200569651093
517.3000916445951,215.8769370655668,6.73,13.78,92.8,1,17,5,4.025361555490564
622.3191359936721,330.9873763876193,13.61,4.62,62.8,0,16,1,4.667526942619222
952.8804501601021,470.8079909855066,8.08,22.01,177.8,1,11,0,7.073103603935586
407.7059406310184,108.08174355631587,32.51,14.85,482.9,5,12,1,6.462833754172989
980.3486691459384,442.9028011529594,22.72,12.15,276.1,3,6,2,8.486433079396885
447.4396796682541,85.56721915495314,3.1,11.74,36.4,4,8,5,5.823047566093619
982.7094522718027,550.5528469173146,23.09,3.62,83.6,3,12,1,8.469638960375965
177.21649655281016,393.26680403162675,20.86,14.42,300.8,2,12,3,3.345314703984552
129.72497253986094,311.18402823316086,26.79,13.46,360.7,2,13,2,2.6992337526007044
1197.396501054201,306.2956751602836,4.29,10.61,45.5,5,10,3,10.188474058525427
1053.7919780228517,133.37636727159892,4.31,17.49,75.4,1,8,4,7.248016683846256
1068.7892038821483,227.1729022991526,15.93,12.04,191.8,1,11,3,5.9332215718850385
1145.4335413194117,444.460489230775,28.48,15.58,443.6,5,17,0,13.72988780994448
570.9142665442264,338.33786388700145,27.66,22.47,621.6,2,18,2,5.244651737856431
401.2558212417705,331.7045363371498,13.3,11.01,146.3,5,6,4,6.99104377046126
225.62799442005135,141.29015989098025,10.99,11.75,129.2,5,10,4,5.378239396392032
641.3542295630803,423.5065178135999,28.28,22.05,623.5,0,12,2,4.478833363475065
326.45411893380077,253.45932360496965,4.0,10.88,43.5,4,8,1,5.174187407915238
1127.816959548038,134.16940290996445,23.6,12.67,298.9,0,10,0,5.693186758333542
84.48354193591258,567.9573084099077,18.69,20.62,385.4,5,7,0,4.9108649590596665
240.38034627229618,318.87528571339493,11.85,16.02,189.8,0,12,1,1.2618910376713404
356.052955453438,330.9808890820483,22.25,23.55,523.9,5,17,5,6.759474806925306
302.8315169843785,589.3819888224394,11.04,13.35,147.4,4,18,2,5.392428926019251
332.87184896927556,238.85149818718125,23.88,13.54,323.3,3,6,0,4.384149381826611
814.7733176685199,567.5217902005962,8.51,3.94,33.6,1,14,1,8.392622985000251
446.8135277107271,426.1074558472236,18.01,7.34,132.2,1,17,1,4.148998241165152
768.8273077317781,390.86451066453594,21.89,14.88,325.7,2,15,0,6.161416231563946
1077.0888856838462,163.61843210721395,4.17,7.12,29.7,5,6,2,10.081604870954099
754.8635773887863,59.50073326104037,25.6,12.98,332.2,5,11,1,7.783773508153756
857.8767262407472,279.5367878225291,30.76,9.23,284.0,3,15,4,7.905514527037961
489.3636940079202,35.7974483375633,38.37,3.46,132.7,1,18,3,3.7610514571723797
258.9070837374343,70.47143113911856,10.52,13.45,141.5,3,9,5,4.126121173145145
439.05414994389486,369.3362507457926,10.72,17.22,184.6,4,9,4,6.910253099771318
1159.996566548601,442.94894485162564,14.28,10.44,149.1,3,9,2,10.857047932507697
776.4287505875136,125.73054919683786,35.96,20.08,722.2,5,17,2,10.184349518987016
390.812453766097,447.5252352240511,18.05,6.21,112.2,0,8,2,2.8193801044963385
585.0250992215563,571.3437211590085,14.17,5.01,71.0,3,10,4,7.02272615427849
1015.7746019227137,453.6103660139321,30.42,23.57,717.0,0,7,3,7.566446211930272
828.6567991904664,477.2876751577687,4.41,23.28,102.5,3,18,2,7.492086776538947
707.9311816166684,429.40617075297195,23.31,11.94,278.4,3,6,2,7.610754539061354
1071.382421829902,158.10034105920818,19.66,12.24,240.6,1,12,1,5.340938720655158
833.1323208828052,235.70726702882655,26.12,21.72,567.4,4,8,3,8.436349157880617
799.8572984860268,571.0821687787958,30.05,14.67,440.9,5,11,3,10.278030150075324
292.5403136760603,406.89003001296766,15.02,5.58,83.8,2,13,0,4.379100062407357
199.1553249738967,479.7440983424212,26.55,5.53,146.7,2,15,3,3.075097049821703
1160.959171104287,582.1559327414661,22.4,5.88,131.8,1,13,3,11.470464459211575
750.7213745123951,161.91904469221947,7.96,20.18,160.5,0,11,5,4.987022049080322
545.5654182440005,213.3614003761355,35.62,16.24,578.6,2,9,2,4.8593480960164035
739.7033194194437,397.5369421156648,30.92,9.59,296.7,2,16,2,5.459391606474843
149.22939640032124,43.88376005688417,37.1,6.57,243.6,4,14,0,4.709591497778767
1000.7825467725996,355.59487408021226,29.65,5.72,169.5,5,14,4,12.53159846131705
322.64299983205626,490.95237632326433,12.06,19.31,232.8,0,16,0,2.33166606373955
981.0915270761006,377.95272307975137,18.93,22.49,425.7,0,8,0,6.761214351437587
678.5038564552439,198.3741718207832,17.31,14.68,254.2,3,18,2,6.7671114461126525
389.7606552957311,442.7393275015552,4.33,20.0,86.5,2,17,0,4.384948783443231
113.83514203111892,113.23802606756898,18.19,9.23,167.9,4,11,2,3.921240132173509
993.7333579657984,540.0208774887545,15.79,15.88,250.8,1,8,3,11.044716097935153
277.63535844562347,87.52156769305958,3.15,12.64,39.7,2,10,2,2.7371281945672927
138.02172951665824,522.1899462445879,34.34,4.93,169.3,2,11,1,2.6821066249074708
926.5830585249865,313.75137380965253,8.32,13.72,114.2,3,18,2,7.2038469313455815
472.04840905773625,274.32879198804704,21.54,21.63,465.8,0,9,2,3.6355520684535985
516.0540862626481,315.37720352799585,32.03,4.14,132.6,5,18,2,7.33858073081249
356.71569775440526,144.1175927629651,25.37,13.5,342.3,2,9,3,3.7888657797225798
1042.2798961405247,290.8807803485238,9.27,22.21,205.8,1,18,2,6.124450087855082
413.0090692393159,514.3402950622353,25.87,20.38,527.3,3,18,1,5.218700653629109
315.4156781211467,486.54448806471544,31.03,13.86,430.0,0,13,1,2.476809882309228
426.35969349649486,122.93766466005769,34.63,6.77,234.4,3,7,3,5.263445720802177
307.5275241874846,413.8499575335652,14.79,21.67,320.5,0,14,0,1.9782211518500141
435.77384730183235,518.3972410302924,4.26,6.37,27.1,1,17,2,4.105243128292503
172.88856961235382,497.2675255127213,25.49,9.09,231.7,4,18,0,4.24251004191445
257.55363261379335,272.6104926793934,11.35,5.73,65.1,2,11,4,3.0337340943513396
547.0992294036856,57.41291899728602,31.89,13.1,417.7,5,12,0,6.542741948784857
1065.0028782606614,560.766571095037,28.16,16.84,474.2,2,10,1,8.475704636391123
144.16563632896015,255.6545160333953,31.61,21.2,670.0,4,8,2,4.645882489767389
318.19567157123436,235.75668323611595,38.8,13.15,510.2,0,14,2,2.0394418449485405
1097.3471566065878,462.9235183529234,24.63,24.36,599.8,5,18,2,11.717510062516203
1076.8164350591123,180.46416283045286,36.46,16.11,587.3,3,9,0,9.267574592079555
840.9849332914542,505.80631620535644,26.75,16.3,435.9,4,16,3,9.374440059808691
349.33038058666654,73.34938966700992,9.72,6.86,66.7,1,7,3,2.7878491172274775
550.18782838248,452.2053844082402,32.57,7.18,234.0,1,6,2,4.555750818819653
316.56751377052086,580.500009551673,28.67,15.69,449.7,2,17,3,4.6447563907455764
224.01913022022765,597.588214218279,39.18,18.86,739.0,1,7,0,2.42571396019762
505.5982018555585,556.5684852365748,12.01,7.5,90.1,0,11,2,3.58023915037742
724.9201976787922,526.3345710815963,15.33,13.65,209.2,4,17,5,10.124571747978006
483.12459652058186,188.9617279409062,33.4,10.84,361.9,4,10,1,5.976701805769797
764.1234965218861,580.9895666989655,5.33,12.65,67.4,4,9,3,9.181320737489635
411.8053036248221,558.9010584741811,26.43,7.89,208.4,3,6,1,6.027706423470827
467.3525910920851,334.5923290043564,22.81,6.1,139.1,3,15,4,5.212049397872385
965.5544226419628,259.1842630043974,9.25,10.05,92.9,5,10,1,9.464172253912649
1063.7124986011208,92.2823345281673,9.11,22.12,201.5,3,7,1,8.49211812454991
440.6781713147783,366.6614243603211,32.98,20.71,683.1,4,12,1,5.999740195368397
720.0976975067094,429.3111906576527,3.57,5.24,18.7,2,8,0,6.869642327372153
391.5417579593402,260.2780524134715,30.63,4.93,151.1,0,17,2,2.189105341381715
139.73479871231882,261.4368495594032,30.11,13.84,416.9,2,15,3,2.1351286981410107
906.4000431236569,356.78749270715315,27.04,9.1,246.1,4,18,1,8.691860367514561
271.5239012244884,45.836934667082225,18.15,21.12,383.3,3,18,2,3.9606765768072654
556.7980265965473,575.983560940447,4.05,13.7,55.4,4,16,1,8.570134946507928
625.4909525846556,195.24625304512435,32.67,21.76,710.8,4,12,3,7.582918529793246
286.60817428059863,110.30779120826166,7.65,5.38,41.2,1,8,5,2.4350704780395622
185.9019927430038,33.12838579671653,13.39,24.34,325.9,4,6,5,4.847394448139184
469.7745764315991,518.4281785898565,38.03,19.88,755.9,4,7,1,6.093443507210418
1146.5602164563566,522.0282042058113,14.17,19.1,270.6,1,9,1,10.65618825237657
768.951860787032,84.32476457509478,12.44,23.68,294.6,3,17,2,6.897757609129426
507.1794558112508,116.77754264661657,39.01,13.35,520.7,5,8,2,9.058811649717855
123.58011926712072,285.3042718169277,6.18,6.28,38.8,1,7,1,1.4319924067667287
752.3060751580116,135.8513786477999,8.95,13.93,124.6,1,18,0,4.502019588295056
183.3285578476173,449.41804799695143,19.22,20.93,402.3,1,11,3,2.1368953571911558
687.6493595732295,63.082655052261735,32.14,21.91,704.3,1,11,0,4.049485794354375
922.184569264352,343.33431945994363,35.72,13.75,491.1,1,9,3,7.130701524757283
554.4155900901608,248.19119211492534,30.96,19.11,591.6,4,18,4,8.128858328419467
415.3408741945073,295.0194957045834,39.12,8.43,329.9,5,10,3,6.416252835691594
133.07034187571043,272.111557086493,3.62,8.07,29.2,5,17,0,4.611887784545296
107.75122018098841,117.30073404475259,25.92,15.9,412.1,2,18,2,2.244412704606237
561.6297580029837,155.5604466258805,7.3,12.28,89.7,5,11,0,6.967530508584254
1069.346703187324,66.94038837894315,36.68,6.54,240.0,0,15,0,4.781049288837511
353.35031224837326,95.71277792047061,37.61,19.75,742.7,0,6,0,1.8308748075371055
722.9421664756399,587.4000487787815,14.21,14.71,209.0,1,16,0,6.788211998283839
846.4225180413332,189.4784826560336,33.63,14.45,485.8,1,18,3,5.700371893869831
148.1294516015248,205.0045574235516,26.32,7.16,188.6,5,8,3,5.346961027425221
251.47242089978235,102.450608346309,6.72,8.31,55.8,4,6,0,4.140900489447571
451.03000862991513,460.44359656314833,25.3,18.24,461.5,4,6,1,6.030102772694081
830.5043550463989,556.7614018067507,39.11,21.74,850.4,4,17,0,10.16761960587455
571.7193256954686,480.1578061279911,14.4,6.9,99.3,4,9,1,8.217539006151364
902.2984764044347,379.19102277747794,3.04,20.87,63.5,3,11,0,7.539057525604329
1051.7096094419758,493.54276189802846,39.14,20.34,796.1,0,10,2,7.035417206141785
929.376949790368,260.41123277172926,18.32,20.93,383.3,0,9,2,5.238364294228061
1191.316872190839,519.9134923959919,18.94,15.8,299.3,5,8,0,12.584226093046235
924.8843969794476,485.15574429376375,29.37,10.74,315.4,3,11,1,7.455415375190688
1034.4406984083446,30.983047226101842,25.36,19.96,506.3,5,18,2,8.392935116202718
1012.2503214808011,308.0426569029847,14.17,13.56,192.2,0,10,1,5.982552811601771
897.8976537536522,180.8314483651589,6.7,7.88,52.8,3,16,2,10.365591950935796
978.0180346545974,79.15276232958642,33.61,11.85,398.4,1,14,3,7.082677294687025
1126.8452152114994,512.3317443662316,20.88,13.07,273.0,2,16,0,10.53308377620022
612.2322639494477,34.53132005163972,27.88,14.12,393.6,3,13,0,5.525054137816279
794.8814667820487,446.19319617155537,34.84,22.75,792.5,2,10,3,6.639755334558961
656.7324881615054,593.269508968396,3.66,12.05,44.0,0,9,0,6.2539512064353655
1033.1614256551218,304.7512670225544,34.8,9.27,322.4,5,9,1,10.437804920670121
563.1227552160882,241.60710206661776,30.82,24.17,744.9,4,12,2,5.679639046621022
998.0939836821009,375.32478405058663,38.03,8.32,316.5,2,11,1,7.8463094157790545
975.2771240639954,488.6777617591731,11.64,3.24,37.8,3,11,3,9.020517772457978
1157.3124335328214,166.94363645190893,14.93,21.7,323.9,0,10,0,6.105884954785715
358.79118316830903,172.89981461751563,27.47,24.0,659.3,2,17,1,4.467341822206036
874.7738510722218,376.09146802950266,37.25,18.01,670.8,2,14,1,8.206292065823906
927.7498373651846,565.731497886954,39.73,11.97,475.5,2,17,3,10.169093145443862
1128.6319119412256,200.11078618249516,18.42,14.96,275.6,2,18,5,9.165735393894872
1095.7307082221948,244.75015804053746,22.95,21.3,489.0,5,14,1,13.838365784371273
722.3489651134621,596.199981832365,9.31,22.48,209.3,0,7,0,5.9518632372198805
728.6515681676574,130.446634167714,28.68,5.26,150.7,3,18,6,6.815288270074683
267.3661758127369,73.87185597392332,33.98,22.1,750.9,5,12,2,6.258085185811878
1171.9582267146236,366.16048616194547,32.55,16.58,539.7,5,10,4,13.943831635836572
365.61955822783807,43.832183400330806,15.8,3.71,58.6,5,11,3,6.270328085528863
891.7045646654472,132.84694182664893,38.64,5.39,208.1,2,7,2,6.340524618657161
971.29040538195,384.6592329935668,7.45,4.0,29.8,3,14,3,9.499078511933856
574.1613651647467,405.9220683940598,21.28,23.87,507.8,3,6,5,6.780785224571321
316.536966432545,320.94239229914325,23.52,12.38,291.3,5,15,2,5.523968831455656
291.6356303260492,248.7363863507485,22.85,18.74,428.3,5,16,0,6.516802632297786
1039.2755210097828,358.4326231204535,31.04,3.04,94.3,1,11,2,8.038611476085226
652.0472651583366,396.72987922894606,25.56,20.45,522.6,0,10,1,3.8692627063951064
180.9534198828587,487.9847663862409,5.85,13.6,79.6,1,14,0,2.084352096852274
883.0618094944354,481.867972079613,9.65,23.32,225.1,1,17,4,7.749749453806329
360.19157914163316,408.93643634352026,22.69,14.46,328.1,1,7,4,3.4642915446668794
1061.5621208409848,539.7125724402254,28.7,20.35,584.1,5,11,1,11.638245227458219
426.7204003535723,507.6743945493887,22.02,16.85,371.1,1,10,2,3.368000976780935
304.30332970096026,105.95022468422592,16.15,14.45,233.5,2,6,2,3.9971669653196877
175.04145678152645,575.3072815543856,4.89,23.86,116.7,2,6,3,2.5440759900216534
652.9148730341652,538.2931123212146,32.08,13.9,446.0,1,12,1,4.721990456480476
584.8260983564818,212.92849231953707,21.4,22.63,484.3,1,15,2,4.431693495819216
921.46960195552,41.50511860601249,22.94,3.79,87.0,5,13,2,9.980677117781708
600.3548976562007,374.26628965222386,20.35,17.46,355.4,3,9,1,6.3963701464403995
465.0738851952956,279.8980188138412,12.82,23.06,295.5,0,11,1,2.4550113402322666
373.0535055088974,457.2529976740952,13.23,22.78,301.3,3,18,1,5.084542846593105
391.5243549263676,329.0218657699149,5.35,13.67,73.1,3,16,2,5.3700258242346814
1119.1896500471516,73.59954809303966,29.18,13.39,390.6,2,7,2,6.992036780331891
264.8880343383498,169.47182954522225,13.06,20.83,272.0,4,14,2,5.420006362736299
1186.7575955040081,533.0385409921219,14.05,10.37,145.7,4,14,3,14.180876353307513
446.14978981529174,51.48312655757856,39.76,23.62,939.0,4,10,0,6.35534288103515
178.99706366759716,449.9017115570236,17.28,8.52,147.1,3,10,2,3.6246135562507718
358.5332264824088,196.40779953231643,21.9,4.64,101.5,2,15,5,4.1052505056234985
145.42410510117293,288.00468773422335,17.3,19.98,345.7,1,18,2,1.664811088200287
964.8333414635857,332.67309618961684,13.74,11.9,163.5,0,10,4,6.601333183062923
654.0592620460382,172.5463736651046,3.22,10.83,34.8,5,18,2,7.792289877368419
457.42501313081704,401.6174525086678,34.63,10.06,348.4,5,16,3,8.306078033724637
821.49555718735,425.2620643157894,20.51,24.57,503.8,1,6,5,7.1657535444694425
786.3241090643587,78.4839034123418,29.64,15.58,461.6,4,9,0,6.645362360145857
1132.656739934901,243.13843323530975,38.47,24.82,954.9,0,11,0,5.698627769024867
1156.6117787581852,454.29506168758616,3.1,10.56,32.8,1,14,1,9.587670198998037
842.3658287452539,441.33340910944514,27.98,12.11,338.7,0,8,5,7.627543935799588
995.9538385134688,340.4239060259863,7.39,7.66,56.6,2,11,1,7.960025296601384
967.5161123754,473.27462452476806,19.94,12.47,248.7,1,7,2,7.685207290969785
630.2599566238878,91.35758903271065,34.33,4.36,149.8,3,7,3,5.506083884432452
868.993282597427,97.38042267138214,5.65,3.01,17.0,2,11,2,6.555725597502274
167.65008860559863,404.7689011689165,39.62,12.97,513.7,0,14,3,1.22645403778305
928.9836131283438,425.20030470022346,24.49,19.41,475.4,0,11,3,6.908360837173103
1157.2529680554517,494.28030753301005,17.61,12.62,222.2,4,10,1,12.132925962436822
175.17172350082706,133.19102033075652,3.72,14.4,53.6,3,12,3,3.3811463410005334
1016.449678742877,324.55984587572993,24.71,12.8,316.4,5,14,2,10.808537377635306
1124.9376298471839,406.67383936728197,21.31,14.59,310.9,0,15,2,6.806825494136547
333.3315565783096,157.50875708253858,10.97,20.06,220.0,1,13,1,2.6101191588028634
667.7885301223082,324.64888338857475,21.15,20.68,437.4,0,7,6,4.390068156196246
1119.201212518547,393.9136639026397,3.47,21.44,74.5,5,6,3,11.259624318329971
1155.453125065724,152.2362215422778,39.98,7.67,306.8,0,10,4,6.402283719399044
223.22827047459432,244.0711438425806,15.29,13.07,199.9,4,8,2,4.175353055004651
470.8847326221047,153.31312177735356,20.77,21.28,442.0,1,12,2,3.2497928238730602
861.9219980889594,544.6774555243013,32.04,23.72,760.0,4,15,4,10.318014980986206
328.14551931224196,164.9753627000953,29.37,14.95,439.0,2,9,3,3.7696745351558096
443.74310407061853,98.87573681190428,35.88,13.85,496.7,5,12,4,6.30106715331244
106.08598720525647,50.0385275704719,37.83,19.82,749.8,0,8,3,1.0
251.94428264294277,55.6234792744696,10.0,24.82,248.2,1,12,5,2.4719564885448113
709.8090337478731,139.20415393108564,17.44,12.37,215.8,4,10,2,7.057009969210037
811.4608742606847,376.6788514449628,28.41,6.63,188.4,5,6,2,9.431954364260713
806.7812508273374,40.06042847133991,4.67,21.35,99.6,3,14,2,7.289895341272543
951.7637272716026,193.4440371115739,29.53,18.63,550.1,0,9,1,6.181656231171003
545.1151833874465,63.15512805428062,3.18,6.19,19.7,3,15,0,5.075503095079225
386.30960219009415,260.08549907052554,36.82,10.12,372.5,2,14,2,4.341996439291014
97.45038404762798,57.68874056301884,29.57,15.17,448.6,4,8,0,4.196102440212539
311.4254051786733,376.29881267387196,23.92,19.09,456.8,3,17,1,5.149167565232055
429.8743496662817,422.4018313458387,18.87,20.17,380.7,5,6,2,7.792886131917805
279.5916792581214,446.8624032969452,39.56,6.43,254.2,0,13,1,1.9561693068309292
102.56180807619452,157.87573722836538,30.25,7.77,235.0,3,16,1,3.1726745707071844
256.3413217050146,525.0450923181936,32.87,19.37,636.7,4,13,2,4.907259986137063
826.031499995681,423.4642553786281,33.54,5.55,186.3,2,13,3,7.88357348995096
785.1356664493073,62.29062500089762,3.81,13.96,53.2,2,12,3,5.659979869741142
1127.9656761258075,281.2370239598134,5.02,15.01,75.4,4,6,4,10.982498175055715
973.9484863649864,467.62120122231426,10.34,10.47,108.2,2,14,1,8.962363819398789
715.8868508621341,207.20953823053097,27.24,20.52,559.0,2,18,0,5.7281626201814255
234.0631091923967,247.48850112714092,26.09,4.22,110.1,3,16,4,4.026314956395281
711.7604371961758,388.8741815590294,15.03,20.1,302.2,4,6,2,7.481965405900159
148.98646822388247,61.62410166606175,39.0,17.21,671.3,0,8,0,1.0
562.5910851001552,581.1529730895129,6.44,14.16,91.3,5,16,0,9.081805524985523
517.0896644208589,129.45417604754488,31.74,22.19,704.4,1,15,3,3.612421551015148
559.1514664864947,45.20303979836839,20.79,7.45,154.9,0,10,0,2.103695567891525
393.4050286021617,33.03409976303954,18.5,20.62,381.4,1,9,0,3.1429818799140308
848.1301013386826,257.74599374965555,3.95,7.13,28.1,0,12,3,4.692760835741221
1021.857803374633,534.0244183209653,29.93,24.79,741.9,5,6,2,11.880177063699408
940.7390317108549,497.2643851542195,31.55,3.72,117.4,1,7,2,6.632146427360113
783.082347285786,549.8661050023262,14.8,15.17,224.5,4,6,0,8.558182460285392
682.9461752529749,334.2559220174724,22.13,6.7,148.2,1,16,3,4.534931181432661
114.81428160899401,285.7853533088437,25.44,11.98,304.6,3,6,3,3.2007861922927594
889.6860785349518,249.94075638087287,16.6,6.25,103.8,2,13,3,7.298624975240677
690.3808923279171,56.45830320104434,25.78,7.26,187.2,3,9,1,5.772014658109008
383.2299767435533,548.4271160939376,19.06,4.34,82.8,5,15,6,7.737698524164451
447.18308351585466,312.82037260229464,35.49,3.18,112.7,3,7,2,5.065526724197794
1127.8796008461104,289.3884356993608,29.58,18.82,556.9,4,17,2,11.049811514042863
779.2857145312943,323.6454675980469,7.09,12.98,92.0,1,7,2,5.187236474872564
613.0219268164317,482.66807532509426,32.59,4.0,130.4,0,17,0,4.8894547351581075
775.4323484734166,157.94851901006143,15.49,23.66,366.4,0,7,3,4.1870151008824195
543.3914039839358,434.64338702710626,37.62,17.64,663.7,1,6,3,5.1214654638112735
606.6041459873782,435.13875228679876,25.32,8.81,223.2,3,6,1,6.9302965470862254
405.1463675125908,514.2450858871642,4.02,12.65,50.9,0,16,1,3.572932742029011
572.6356966626419,34.949651124405904,30.17,13.76,415.3,1,10,4,4.24451156117167
847.8633003304597,127.12545964402527,7.84,15.54,121.8,3,11,3,6.750691476114544
124.73495609684551,298.4967056655106,35.46,21.86,775.3,5,16,2,5.355998780222021
970.4306961716934,514.8080208530428,38.09,15.98,608.6,5,9,1,11.855125760488333
396.93708576467037,580.1166111279509,28.72,24.53,704.7,1,13,1,4.491551815297252
844.4669686443997,369.07511036725873,22.72,18.99,431.4,0,9,2,6.182764954604138
799.8523524416672,150.9163659911215,25.28,24.75,625.5,3,6,0,6.483181340599877
810.943415038262,135.21327662004802,18.87,15.12,285.2,5,18,1,9.421329726409796
761.1043862064993,394.4830537721724,6.09,17.93,109.2,2,10,3,6.472898672244379
1154.1940586378792,149.73941382386062,37.37,19.23,718.7,5,17,0,10.634910048375126
649.3454622188377,345.25983163490514,15.18,19.6,297.6,4,11,1,6.942184233762089
900.1974093771936,505.84279961202424,14.58,3.54,51.6,5,17,2,12.348607361231268
870.103250982727,252.19719962339133,10.08,5.8,58.5,5,8,4,10.5346849327443
344.61968655173,245.72914815289965,39.72,8.01,318.1,0,13,1,2.311036875387023
397.3025398892447,50.599992027912045,37.87,8.97,339.8,2,10,1,3.6780555306624616
554.899149935804,174.8282097019963,15.93,22.92,365.1,0,18,1,2.399971643943676
391.02168211879433,427.9691319829864,12.62,18.9,238.5,0,10,1,2.244748012375216
490.75227080155486,235.423009725352,32.8,6.15,201.8,2,16,3,4.934877404391193
517.8758875997027,120.23038285525551,18.64,12.38,230.7,3,12,1,5.234981970596259
756.3283082509453,90.28760824338644,38.81,8.35,324.0,5,11,2,7.458976892889813
326.27684786326904,84.18042554590409,36.35,21.26,772.6,0,15,0,1.4330019421912614
980.8068897818898,405.70605687720024,31.1,23.19,721.2,0,14,1,6.942396656877124
570.0407195840851,379.19424291232275,6.33,6.61,41.9,0,12,0,3.680024828991704
870.9934050852365,325.5569731931884,28.98,12.16,352.5,5,6,3,8.006230843117837
171.21557898971602,315.18607545070944,39.53,23.96,947.2,3,6,1,2.9381089597294867
606.3612414192909,117.2880060320868,16.81,17.46,293.5,2,13,3,6.331314007635072
111.6058760386077,315.34440811324976,35.62,22.1,787.1,0,6,2,1.0
837.0191908334325,64.16453266221654,18.1,10.87,196.7,2,13,2,6.431769551834015
464.95528623671794,557.7393214035321,38.94,7.61,296.5,0,17,3,3.6234256245277683
1143.1631517985281,63.0757057814859,27.18,18.21,495.0,0,16,1,6.417688254272551
443.0191203535897,271.41221108953357,6.57,6.02,39.6,2,15,1,4.0442617428923295
711.462605779854,30.325502149808173,20.72,21.48,445.1,3,9,4,7.974085660392037
368.2740847779684,478.10575010644936,4.84,19.61,94.9,2,14,3,4.94372545642613
774.5261444210212,124.71700746530912,17.62,9.71,171.0,5,8,3,8.160034216903703
603.0874321492228,557.2021301583566,36.87,13.97,515.1,5,17,2,8.004894222459434
495.10365288630885,55.06731628052178,11.59,20.58,238.6,0,7,1,2.505811590550773
308.1320709698015,497.84878070172334,38.17,23.57,899.6,1,13,3,3.3569302218582613
204.90390524802993,404.2835533048853,6.7,10.75,72.0,3,12,1,3.475537057975928
214.26463003147407,172.3493597649576,27.6,20.38,562.4,2,6,1,3.127848033333744
1198.9248196062194,145.37917726143908,38.73,7.28,281.9,2,8,1,7.6727867754423205
541.7880140801028,233.87642202490275,27.2,22.88,622.4,4,15,2,6.372717602329748
82.16127281814019,502.18964340995234,36.26,18.1,656.3,1,13,6,1.749372262740816
1147.280245501136,521.3152325512096,39.67,6.36,252.3,4,8,0,10.99124640612736
102.37751513739016,129.91266632886567,26.75,19.28,515.6,1,7,3,1.572380202580135
548.8164606210778,231.4653826200685,31.94,18.93,604.7,2,14,3,5.088095705128915
883.5748962871346,165.37008882428472,4.18,19.33,80.9,1,14,1,6.193749011649655
1104.351153696373,99.9064231536018,18.81,10.59,199.2,3,11,3,7.9600532246046445
878.4326464039532,398.47615089148894,13.67,19.28,263.4,4,6,2,6.964704396481666
599.2608454880132,227.14648324425514,33.49,21.18,709.6,3,6,1,5.7104659904673944
1171.3750836621957,158.46890552251045,28.07,10.64,298.6,2,7,2,8.48578598563194
124.03770899726288,523.6187308961264,25.73,7.58,194.9,1,6,2,1.5558583067956246
1185.319266842569,456.5412206150329,37.47,22.53,844.3,4,13,4,12.965028816193664
1031.3185379134516,471.0438547569152,6.29,16.66,104.7,0,11,3,6.923885805271087
1120.4016191815222,52.34165797446968,38.29,13.13,502.7,1,8,5,8.709567314081207
365.34511498924104,551.6243560617078,6.73,22.35,150.4,4,13,1,6.077247933227774
239.55304095838213,357.60087544531405,15.84,5.99,94.9,4,15,4,4.854409270488319
822.9131128974241,317.1675986701757,26.32,20.83,548.3,1,8,3,6.918881945998606
657.7625705444544,36.03364723583526,15.63,13.8,215.7,2,14,6,5.940223448630341
665.948116033705,541.6674599474397,28.25,3.94,111.2,1,7,2,6.324879503594855
1115.5734799012037,340.01756817702034,31.69,24.4,773.2,5,13,3,11.730430186336402
774.4906154516536,500.33747353410513,33.65,20.12,677.0,3,10,1,8.233815335379909
428.3914953171407,403.6412476208274,9.64,7.72,74.4,0,7,3,3.13617550378302
528.0745431880212,484.11535970120184,9.74,23.32,227.1,0,16,5,4.717216042887275
229.5153353028734,424.97109667794734,4.94,23.58,116.4,0,8,2,1.763275755935789
295.39172510877205,554.9494243314213,21.16,20.61,436.1,1,16,1,3.4116901868932414
240.5520786346831,158.52598621354332,8.09,5.8,46.9,1,10,4,2.1410599099341563
987.5263021567171,145.19705969775708,14.79,7.1,105.0,2,14,1,6.450584738606208
869.458284128773,436.14869030871955,34.1,19.59,667.9,4,15,4,9.490978663302487
673.9864197241541,315.7950363325773,38.1,23.1,880.3,5,11,2,9.69404203194879
499.29197366287923,371.5218670908759,33.42,7.73,258.3,3,14,2,6.438583141900246
828.7136051632725,433.8692074389994,3.02,13.14,39.7,4,11,1,8.497391683998478
990.4539894192523,342.03407229000146,24.02,6.41,153.8,3,13,2,10.149114533060896
1066.981201552314,478.98526516973186,9.17,13.52,123.9,1,8,1,8.91604405066922
692.6581755910936,211.7543928834359,16.9,17.14,289.6,3,11,1,6.24140020259768
998.271336438065,519.6245528518245,18.83,3.41,64.2,1,7,0,7.066464662263457
652.6626678222184,91.37552116759241,37.89,17.14,649.6,1,11,3,4.546559520576013
611.4736998904377,391.38226686787647,26.45,17.07,451.6,5,6,2,7.7944811673960945
1049.2836782967522,537.3755292902747,12.9,13.01,167.9,5,11,3,11.56375083950754
512.7388086164237,174.03565290397165,26.78,22.7,608.0,3,17,3,6.452539606526015
523.4222005255865,216.29576470663037,38.22,5.97,228.0,3,10,2,5.325654133422894
421.50070671910606,204.10181374086116,5.19,4.13,21.4,4,12,1,5.71109745309362
660.9459356899707,351.63031571176924,33.19,13.91,461.6,4,17,3,8.824665563787645
690.232037732196,265.33693487213463,11.03,14.73,162.4,0,6,3,4.121983940930314
819.7164827477118,91.53679244709434,8.66,8.87,76.8,2,14,0,6.074482423328675
562.162587322719,538.0337164011822,36.26,24.16,875.8,0,12,4,3.8731551631059666
323.97776690963127,146.66567862044425,3.07,8.58,26.3,3,10,5,3.978934136048387
1050.863109903541,334.4256062634619,30.42,8.94,272.1,1,9,0,8.194984952326347
467.5209713065761,369.0387906842391,6.23,20.84,129.8,1,13,3,4.582040237372614
1113.6966302209958,53.22855087909876,25.87,23.3,602.7,5,11,2,9.189105025919778
312.23573298963043,84.55602676297222,25.97,14.8,384.3,1,11,2,2.529109716373621
707.2643733845781,583.8631349448444,34.92,3.42,119.4,5,14,2,10.416220986974524
681.0089047529865,408.772033885148,33.44,10.82,361.8,2,11,2,6.510852918366304
1008.0855896782348,49.132150916463345,28.35,7.93,224.7,1,16,2,7.971686653423237
235.51355316092932,482.69355577220927,17.08,14.24,243.3,0,9,3,2.0487712159500315
1099.1296336675568,319.8694012881667,9.16,18.02,165.0,4,15,0,8.900636651683634
675.1995528327186,72.8637560847311,26.52,11.63,308.5,5,13,2,8.729964106856846
736.4425099840904,418.028695887241,21.39,14.82,317.0,5,17,5,9.62770423998431
651.3862484934991,314.63052934502707,5.88,19.72,116.0,1,11,3,5.730492511177547
120.34789565661845,146.80428663322624,38.36,8.42,322.8,5,9,2,4.464789311363461
636.7415412233898,530.2902950906271,14.63,7.31,107.0,1,11,1,5.336263110339962
375.1756221982294,196.08651923114488,3.08,20.72,63.8,2,14,2,4.051849510775066
463.8107620231712,192.19728220838545,36.36,3.81,138.7,0,11,1,2.3791302237032035
806.9937910895967,185.48094162159887,24.35,6.31,153.7,1,17,5,6.429110146888423
637.4207850109987,467.4497929407592,30.12,3.27,98.6,1,8,3,6.707178911424701
184.4043981875557,432.4876421169033,8.65,15.22,131.6,5,10,0,5.435631522014526
161.80622773316998,544.7930407181037,17.97,16.2,291.2,1,18,1,1.928345401764897
287.93661909145476,160.72335516303943,26.87,14.68,394.5,1,16,3,3.1262265901367408
293.7913641608905,478.22781945940073,12.29,12.11,148.8,1,6,3,2.859814499766557
761.2968478079287,356.6359786210147,28.96,14.64,423.9,1,18,3,6.069971462604906
279.15219973100795,205.94737750202066,11.64,7.27,84.6,3,11,4,3.6669091872696487
1067.525754067743,50.208855472417866,10.74,21.18,227.4,1,14,2,6.414634927186594
314.93193988702274,496.80010341513275,3.43,24.58,84.3,1,6,1,3.0634624301153424
182.06721887754856,167.4106817626131,13.43,14.89,200.0,3,8,2,3.7217325289815073
1060.8355383228045,390.0935306425041,12.13,11.24,136.3,4,15,5,12.69234955165337
410.7668852059409,342.85472355409314,31.28,20.42,638.7,0,9,1,2.684799651095181
556.473345413784,32.53623702866681,24.08,7.25,174.5,2,7,1,4.546950484342293
1154.1095500939355,596.7758690656646,9.58,10.06,96.3,3,14,1,12.004871606016158
1137.6935254567068,494.1677328060734,24.02,23.68,568.8,5,8,0,13.763936001653843
880.7069159767079,307.2886242629088,11.34,7.1,80.5,5,17,6,12.007649091871663
157.21162594046126,417.79458103815836,18.74,5.47,102.5,5,8,0,5.161707159528779
744.5409404607651,301.6587148567404,35.86,15.02,538.7,3,6,1,6.444042169163388
1187.7672872473288,454.41417462887654,29.61,15.92,471.5,0,11,3,7.985354737353722
1140.546175834858,106.56727111676963,27.09,16.14,437.2,5,10,5,9.986896633209936
198.72279162233602,284.4200672833973,13.41,6.62,88.8,3,14,2,3.9128852278491566
523.483379461213,221.2561909315302,7.61,18.87,143.6,5,9,1,5.750268185242719
433.40115541118,292.00348879159986,30.86,8.33,257.1,5,18,3,6.490798053329379
225.2954797334942,286.7694121304076,24.01,23.86,572.9,4,11,1,5.092895147999167
858.1741085986122,111.56355137414076,26.04,8.02,208.7,2,15,3,6.756356443585577
386.71016808346513,586.5984853041466,39.08,3.38,132.1,3,15,2,4.634607380608946
466.2496995003335,38.830521389232985,15.89,15.49,246.1,4,17,2,6.343915287941623
181.20194190558811,35.74157854591734,32.63,7.46,243.5,5,12,2,4.589500410168736
637.7236658321054,242.86155156418494,23.68,16.83,398.5,1,8,5,5.4923619652727025
257.14800729030327,383.614519127686,11.7,8.04,94.1,3,12,1,4.23908342816723
563.9412744090278,132.40233928450908,4.96,12.42,61.6,3,11,2,4.987195443951197
240.5432887556977,333.9205822253718,25.79,6.95,179.2,1,13,0,2.6951497305172394
1148.3118767441633,441.980021739183,14.01,12.43,174.2,2,9,2,10.755068972515009
242.38043718079973,83.61454715288613,28.73,6.0,172.5,5,12,1,5.500053198824275
664.5136123127093,591.1207725690821,28.93,10.44,301.9,0,18,6,6.338620800609167
300.61740435726597,221.91936921139776,19.85,7.38,146.4,3,14,1,4.677374186309048
165.52521988932233,396.17678585873193,22.85,20.95,478.7,3,18,1,3.8168173456468675
306.58565310315,93.11031916634815,26.18,19.05,498.7,5,7,2,5.57412884332054
141.34700027728843,434.4072415711561,20.34,6.67,135.7,1,14,1,1.6996284345655064
236.12506909550748,509.060117825617,35.46,4.82,171.1,2,6,0,3.09615428593141
632.702256694803,90.01253112845475,5.81,3.57,20.7,0,8,2,3.985442026643062
810.0333835844831,101.74199799093775,39.25,7.99,313.5,2,16,2,5.94533544804443
177.82059288039747,190.1970262007198,4.24,13.56,57.5,5,7,4,5.329046010828316
573.9408587727808,36.803414763937695,10.7,11.8,126.2,4,12,2,6.310878704277957
730.9966655957542,592.049237772221,29.21,24.37,711.9,2,6,4,7.561168475047521
342.33275735638887,371.0789227230103,6.14,20.43,125.5,3,9,3,5.080569095294441
496.72782089794845,376.32598647922094,12.7,4.72,59.9,5,7,4,7.43836979612306
160.45505410164168,576.6084367014325,8.7,6.5,56.5,2,11,2,2.894027268894694
326.5468098610663,504.2566749620734,29.77,3.59,106.7,1,14,0,3.4830243240219168
602.7632770292129,494.11847065195917,24.42,6.04,147.5,5,14,3,11.249998154701812
1189.295240396361,223.5163508439266,5.39,14.65,78.9,5,18,3,11.141738012255187
1195.8168704918294,220.8721342748479,20.02,4.69,93.9,3,7,0,8.226308987539738
1177.1762828592025,196.2906370932087,10.71,4.32,46.3,0,11,2,5.506696031516407
553.8567526563669,227.61658421250235,38.8,5.6,217.3,0,12,2,2.7698866658336647
170.36202382442482,240.61999397511482,6.99,17.73,124.0,0,7,1,1.0
442.4022497192535,109.8021027189382,25.13,3.43,86.1,4,7,1,5.769359852815398
346.24010041549457,232.89028174019333,20.83,24.33,506.8,1,10,4,2.8844427328002644
95.82176389903714,284.6458100894947,24.39,11.38,277.5,0,17,6,1.0
186.66164352298046,206.32798308559538,38.39,10.4,399.4,4,13,0,4.2614135727935905
587.574967254954,124.24777184980223,15.63,13.45,210.1,2,13,2,5.485908864361939
460.4219594608126,242.84392696174365,30.7,14.39,441.9,3,13,3,6.166415583921433
281.99616823062104,304.11743073336845,19.56,12.24,239.4,1,16,0,2.5762896076819604
882.0319671377968,440.81518040026316,27.45,13.7,376.0,1,13,3,8.215776706301599
479.96946740421276,435.4055240405621,16.53,10.47,173.1,1,15,4,4.07257315139034
1034.0919984361296,145.53616771749478,11.4,10.08,115.0,3,10,1,6.999023145065851
349.8944194946914,50.893575245895164,6.09,3.6,21.9,5,16,2,6.35626385813739
683.0007088970196,203.16572743002948,6.76,17.78,120.3,5,6,1,7.976824864351353
286.2359232070844,119.56769376960196,38.5,16.58,638.3,0,10,2,1.5752959933449546
634.736690352143,255.5994331529456,32.17,17.71,569.9,4,9,5,8.94395983188724
250.76249005579254,588.2272879169844,12.06,23.7,285.9,4,7,3,5.1710614430804025
260.96805929610457,133.21068141597596,22.58,13.41,302.7,0,12,1,1.3141343575456716
765.6901822870576,211.75814775109228,29.43,22.4,659.1,3,17,3,7.677962668692706
375.4403672368587,443.31516030215624,16.04,12.77,204.8,2,8,1,4.5784370723995025
273.05129375195696,320.2341862312953,19.28,13.51,260.4,1,17,0,2.5976821789485065
1121.3404401512819,55.03904183682941,29.58,16.92,500.6,4,17,2,10.203768646317373
128.16364082885718,122.16331035195336,11.42,7.75,88.5,5,17,1,4.5400491743847855
712.9658862193936,563.0922462207217,22.47,7.78,174.9,3,6,3,7.209316049234784
694.055502853257,88.80404586124622,10.77,14.22,153.2,1,18,2,4.076383373118276
360.681939331427,392.0028887095323,3.11,4.51,14.0,2,11,2,4.018455798704683
587.104354526356,481.62561983931954,28.54,8.21,234.2,3,13,2,7.154644735246348
178.26631705255173,181.30026575320662,29.17,20.46,596.6,5,9,0,5.209871262395155
887.8225634347518,443.29446178905334,39.84,13.2,526.0,4,12,3,10.040071165252618
328.300806182042,126.84025204720274,9.7,3.59,34.8,4,13,1,5.785632397977162
296.5916030057426,192.3076566552605,30.36,4.34,131.7,4,16,1,4.912011225242514
432.6638956708034,207.73855760399826,38.07,23.23,884.5,4,10,2,5.507824291958142
1090.654310694719,597.9679446216074,26.85,24.05,645.7,1,7,1,9.429519837454786
972.0426460775677,152.30620827423564,38.64,17.1,660.8,0,13,3,6.382109935932267
1140.5193660698085,103.64825484114345,39.79,7.07,281.3,5,16,2,10.985352985813803
810.1978275570557,557.6441193644039,32.66,11.1,362.5,3,6,3,9.331661166737597
822.4720923559381,122.30049547760106,39.97,9.72,388.6,5,16,1,8.949045129624059
617.634719357363,531.189554188761,26.16,20.27,530.3,4,16,1,8.681155780368643
1093.8086821710126,400.7602777586133,21.39,14.82,316.9,2,13,1,9.70971850834608
652.1824071827685,358.8110539001957,36.95,20.15,744.7,3,18,2,8.438397643830603
477.66727929042764,458.2630655815488,33.75,10.93,368.9,3,11,5,6.058980916570564
797.220011107785,443.81940557438855,7.07,22.13,156.5,5,7,0,9.656827777310058
691.6762326090791,92.99992796843881,14.2,12.44,176.7,2,14,0,5.442016963956735
218.90219314708293,599.6956829318128,12.64,12.18,154.0,2,13,0,3.5611566754123083
519.852463581921,566.8771440757753,34.64,13.76,476.7,2,17,1,5.924092287682655
430.9244604258176,541.0574188312922,11.63,16.02,186.3,0,8,1,3.7112856754663186
1028.4538280124675,384.7048063471719,14.25,22.67,323.0,2,8,6,10.572020480235429
504.3036638098818,327.99105885941907,22.2,13.07,290.1,2,14,4,5.770822661359145
1000.1418605555598,335.6787928125509,5.82,23.46,136.5,1,10,1,6.270775850173779
575.476345169059,38.51405821009249,38.57,11.66,449.7,4,8,4,6.625494119781029
923.9206310590832,314.6976161089025,21.17,10.14,214.7,4,14,1,8.132665449399177
231.51575993253272,385.5486535661543,10.05,9.49,95.3,1,8,2,2.60296292431901
1115.6082460174778,405.46253900172064,13.02,3.47,45.1,0,16,3,8.277411688909375
618.2270776947885,219.31949507924838,32.53,21.68,705.3,3,10,3,7.352832520543177
370.97403510146313,298.6309396673232,26.46,4.74,125.5,0,14,1,2.395368061095353
350.4683591285837,392.69704579766744,20.19,10.36,209.1,0,13,2,2.8746844356165937
376.88656320396854,274.1341408568536,15.27,8.51,129.9,2,13,3,4.706452504298303
490.73107366812377,578.4170634206093,36.33,19.38,703.9,5,9,2,8.51015947275378
883.6218765966908,432.1020026156402,31.58,23.52,742.8,0,7,1,5.236815682151767
1143.5554080488887,30.726035363007583,29.57,20.97,620.0,3,14,1,8.978132111920432
829.3219217384681,43.26930444488421,19.5,10.04,195.8,3,11,3,7.408052231543586
692.8262234573929,423.4711159769734,39.3,13.03,512.0,1,18,3,6.546376744453316
582.4295449791908,265.20770560093655,29.27,8.43,246.9,3,17,1,5.684088357282426
1007.5778030821305,508.4984410509918,18.67,23.33,435.6,3,6,1,9.314923534918702
1031.6160667395984,128.61878340716936,38.54,5.61,216.3,0,10,3,5.390331815550447
408.2021953647568,37.88134100980636,36.14,23.94,865.3,5,11,2,6.369599200177245
1147.8306784918418,251.206939564816,30.38,20.9,634.9,1,10,3,8.758945769169802
522.529206791148,449.5565394552459,31.38,18.65,585.4,2,15,1,4.76409519801517
976.0874374945112,583.884808025214,18.67,20.03,374.0,0,10,1,6.075905042005678
1162.8382634521013,533.6827112301016,21.77,10.47,227.9,3,7,1,10.604007597461761
868.0970729582846,305.92252880416913,10.09,9.51,95.9,3,10,4,8.262958153301536
260.936813625337,493.30585142192893,25.03,11.39,285.1,0,16,4,2.201345738179566
736.4733897948025,70.08836098454,16.69,7.0,116.7,1,11,2,4.318083692875754
213.03037786704783,356.1952381233835,15.86,19.42,307.9,4,9,1,4.899992421434949
963.8390846531975,556.850095418248,38.08,13.45,512.3,4,16,1,10.130281325548845
395.0729947387489,255.93953406972176,9.1,22.49,204.6,1,6,3,3.2905518505305937
858.6406018272208,577.2573589079759,33.71,22.32,752.5,3,11,4,9.248583384537822
1099.300435025823,155.79050513559002,13.41,6.43,86.2,4,7,2,10.166852639976318
282.73103275059304,90.2112714340343,4.06,7.81,31.7,2,13,1,3.344488343614603
520.0007792333067,329.1145315665696,4.5,12.03,54.1,1,17,4,4.749153643122746
804.7730426423942,547.1307170292979,18.88,5.61,106.0,0,11,0,5.274127859941994
550.0176239466413,207.42915468450417,19.82,18.17,360.0,5,18,3,6.250092354842102
275.7972146196811,486.0913820574029,14.85,19.23,285.5,1,17,3,3.1032120797289635
112.56020786905265,126.44244155176014,27.74,18.87,523.5,4,15,1,3.958287664745153
535.3899209461985,454.9751257205355,20.96,13.34,279.7,1,8,0,4.750456587191669
807.1141097717508,347.5053565908357,5.74,21.55,123.7,4,6,3,8.272817286800873
722.8623131307872,129.75967597479217,15.88,16.33,259.3,1,7,1,5.0307456706516644
254.9901885319195,439.3097321794369,6.77,24.86,168.4,3,10,0,3.9325554826488522
584.776657131473,436.84098467016355,5.33,20.94,111.6,5,11,0,7.118592670018146
493.80757172300315,323.79808061176095,10.71,18.89,202.3,4,8,2,5.892436104362745
387.10669056860786,158.51655345632454,28.92,5.71,165.2,0,18,2,2.010421510957465
896.783793123636,105.40751857964803,28.75,21.32,612.9,3,15,1,6.525012168968592
426.81027363044643,575.6353776220799,34.87,9.72,339.0,1,15,0,3.3709348430704464
684.9589866129927,403.81314680771845,30.99,12.22,378.5,1,14,2,5.848073040792069
1114.0103595019705,491.2676456368289,22.81,13.18,300.7,4,14,1,13.089931957766376
683.9891001240123,427.2732015586377,14.57,10.29,149.9,5,17,1,9.822224821156036
771.065659379828,502.7999891596047,3.22,5.39,17.3,5,11,0,8.049897078078528
162.03550450765758,122.61976725688636,26.94,7.39,199.0,5,7,1,4.955945911709091
279.51024099074465,313.2616279918153,13.72,20.68,283.7,2,9,0,3.615372855444711
193.0653432138871,410.2611191863072,12.25,17.35,212.6,3,8,3,4.179792382784016
936.590502158541,88.93224294027424,39.07,23.74,927.6,3,18,2,8.532227353063845
1016.2316106268635,115.47546111719274,9.45,21.06,199.0,4,13,3,8.888422907163916
288.829928377927,391.3700787230395,4.2,11.85,49.8,0,11,2,1.6996753873625658
325.58436103386197,525.1623084246773,38.13,20.3,773.9,4,6,3,5.639593477393038
441.99216423191683,406.43722199671066,14.32,15.68,224.6,4,15,4,6.556596313191025
742.0069309882957,50.63674366996311,17.56,9.3,163.3,5,14,1,6.5200507741330345
776.4117370560218,583.146762741484,5.99,24.45,146.6,3,16,1,8.80925841301825
849.1644335664325,109.51893351655968,17.95,23.43,420.5,2,7,1,5.121927262272212
1093.8158869590782,162.56047312491916,38.97,5.47,213.1,2,14,1,8.346028873009072
410.4449573561227,585.7313506856929,28.68,21.47,615.7,3,10,4,6.896813459933847
817.8100679115887,469.4888080924237,20.53,4.71,96.7,1,9,0,7.326984920027944
706.8895872710152,563.8487078157488,14.38,23.43,336.9,4,8,2,8.49462190585501
422.53770926207517,489.7732249005769,16.54,16.73,276.8,2,9,3,5.026692927508025
1096.3050089849141,401.488650751824,25.62,6.66,170.7,1,15,2,7.261010037263746
186.94142139432358,192.19520935191343,12.41,20.98,260.5,4,6,4,4.89745354366382
877.4411500518977,216.32242176872947,8.62,14.35,123.7,2,18,3,5.5441341783902285
895.2185585853142,569.9445116352907,28.76,4.31,124.0,0,18,1,6.0949722202433385
1105.165711012757,520.5566012087174,35.17,20.57,723.3,3,18,5,10.769225730057997
660.810263433516,234.9095556121261,36.36,20.34,739.6,3,16,3,6.561870035790532
440.2170188055554,242.76242804380118,34.13,13.61,464.4,1,10,2,3.8083983136713786
1007.0695502432229,199.6858024572543,22.63,19.08,431.9,0,11,0,4.531939588655115
943.3075156522798,215.89418129625224,32.19,3.88,125.0,2,7,2,6.245091608360214
640.3534881498068,520.5804557846078,37.28,10.0,372.7,4,17,4,10.258364083813287
940.0002607098684,35.9889082562127,3.86,17.81,68.8,4,16,4,9.130097700540855
380.0206743265321,278.5499940324291,18.25,8.07,147.3,1,7,1,2.913490284903362
740.247090051884,567.4186167609075,10.55,12.91,136.2,2,18,5,7.342382471131025
1049.0054693624206,339.30272245420105,39.88,23.5,937.3,5,6,0,10.50539799500316
436.142645170494,286.754100382025,37.39,21.19,792.3,2,15,1,4.111034725284167
621.5759803224324,208.0507886787652,32.68,15.28,499.2,2,7,1,4.755138607012206
1145.170236673636,72.1301990212852,13.95,15.69,218.8,4,15,0,7.759227446685831
973.997263008345,157.95729247568232,38.23,22.51,860.7,2,17,1,7.776779739069433
1073.483702770219,81.56129366401663,4.08,21.99,89.8,5,18,2,9.10594334338719
511.4767081972999,102.2186749377941,9.96,4.94,49.2,2,8,0,4.350762390486179
1196.085890790706,123.2044301519738,25.82,13.24,342.0,2,8,1,9.289134687945445
250.87347724587053,202.1567762880387,32.34,7.2,232.8,3,6,5,3.886941391527231
661.023053202266,36.279507597455215,35.69,4.83,172.4,4,16,1,6.96329240459584
616.7861881717993,571.5820147881512,14.12,9.43,133.2,2,8,4,8.374524621634116
974.2440536961507,100.5768828258755,17.46,16.43,286.9,1,11,1,5.884674309982511
1097.6519052168132,248.3948572449646,19.83,20.48,406.0,2,11,1,7.409450376993657
898.8761021370269,531.3307090374249,4.0,23.07,92.3,1,10,2,6.547691118301242
782.0341844659391,90.74374300873448,34.97,12.31,430.3,1,12,0,4.556155080808561
558.7206937503242,305.65442349984886,15.5,12.29,190.6,4,10,1,6.90352650614426
651.5650271248222,511.5266505985956,10.37,6.37,66.1,2,9,2,6.627446772641097
650.4163508118005,347.46869569945983,18.14,7.29,132.2,1,11,2,4.786334295801212
102.81269052650299,149.89584939097324,29.29,5.25,153.9,4,16,2,3.7285793966671923
643.411301406999,449.24043290517136,35.22,24.47,861.9,4,7,1,7.468800141847746
1038.6872961950198,418.36440583447944,10.97,5.81,63.7,1,18,0,6.332376963195104
874.386892479318,236.44596673174684,9.39,19.65,184.4,1,11,1,5.693977136148351
971.1936567800054,56.38824210138383,37.92,9.99,378.9,4,9,1,9.00671285076293
517.3431885407435,34.48287324077352,23.38,14.82,346.5,1,11,1,3.7049740911310707
672.4500253425131,500.47394338248785,16.53,22.2,367.0,5,18,4,9.271878380606855
117.50159727675253,213.28769608866907,10.37,23.6,244.8,3,16,2,3.0568843855386794
508.9576952296648,108.52884220536562,39.82,8.29,329.9,3,16,3,6.404969975573863
611.3459702797613,325.5741989128998,29.61,23.05,682.4,3,8,1,6.990955619505813
365.83396755097147,554.8749785633014,11.06,8.55,94.5,0,17,0,2.9211796316299337
114.98989646952779,34.8340927777667,6.38,20.71,132.0,4,15,0,3.7725664458873647
853.2570818324264,62.001818185556246,10.37,3.34,34.6,3,6,6,7.5571591601209365
567.2982809507043,267.71561157349123,12.17,14.78,179.8,1,11,6,4.340140378670795
545.5595762857023,415.30056685038613,7.11,18.97,134.9,4,16,0,7.027824283572226
359.98516451192995,301.3772614972186,11.5,21.46,246.7,1,12,2,2.895456757970086
682.3700468777791,541.6026099252806,7.32,21.5,157.4,2,13,4,8.019564781568224
570.5899950232192,55.12819665636254,16.98,9.58,162.5,3,10,2,5.786522611932115
610.8626097925819,223.88029569693384,20.99,21.77,456.9,1,6,4,4.8955155667225485
730.5759102487478,230.26829695157082,19.85,10.12,200.8,0,17,5,5.662900770665722
87.0836049085036,223.87251881221476,33.68,8.14,274.3,1,15,4,1.1667227165108316
1096.6194119630331,307.98096991033265,12.4,3.03,37.6,4,9,3,10.75163014962549
159.61788457849102,480.62891576092795,35.82,8.19,293.2,2,9,2,2.4996133540351435
585.0357169939139,211.19309134960588,36.6,5.61,205.2,4,12,1,6.96233258169915
312.2576202681072,454.35542778035546,38.51,17.85,687.4,0,16,5,2.711723255628215
666.6362536942604,113.48531862907069,9.7,6.19,60.0,1,7,2,4.221375564651647
393.8577218527944,349.61316771135165,12.09,15.88,192.0,1,14,0,3.2587871767094794
1043.2072778301163,243.80017462936073,26.08,5.78,150.8,0,17,1,7.382616484593518
523.9230140379107,337.3501573084753,8.21,18.5,151.9,3,12,1,5.540682662400996
795.4062224606498,91.41735771218217,6.17,9.28,57.3,1,6,3,4.998814246612479
358.74529552562444,573.4738226537179,5.73,9.79,56.1,2,6,1,4.170730291538521
101.73488855329961,546.5420465770134,25.43,17.09,434.5,5,8,0,5.112399186931777
532.6530798868691,501.0458934456585,32.77,23.66,775.3,1,17,2,5.13481640277201
680.864868305285,538.8862093311895,12.58,24.82,312.1,1,11,0,5.861314394276873
594.6928094131603,113.61208600344708,37.54,10.86,407.7,5,7,1,7.929291826114435
1157.4560874771232,317.1214106212096,32.3,23.82,769.4,2,17,4,10.634947040497968
871.6598747075517,211.20822049121833,5.87,16.47,96.6,1,16,0,5.711832809192027
1195.1501767004427,535.8099865433704,18.07,22.94,414.6,4,7,4,12.845748113598058
410.4673011516486,137.97947902469588,5.52,3.61,19.9,0,14,1,2.3419107552473744
963.7396731600041,155.36885243092422,36.86,3.73,137.5,2,10,1,7.343718306713765
702.2254836522076,421.4272401223562,30.48,4.64,141.5,1,6,1,5.827231009903015
765.1715969823193,80.67280567997085,28.4,20.7,587.8,5,6,2,8.707534365634825
1184.155584495407,447.4492908424847,28.26,6.04,170.6,1,13,1,8.744977751905587
812.465663721251,182.83255433904975,13.55,6.88,93.3,3,16,0,6.983994138279086
1086.674919417348,406.733158202274,37.54,15.88,596.1,3,18,4,9.925129677674917
892.8402628855567,527.6315382255764,37.14,24.06,893.8,2,15,1,7.315200529582135
222.67245633172007,377.47848274394465,30.36,15.48,469.9,0,17,2,1.5929625399504896
863.3545555609901,151.22972797308213,20.35,19.12,389.0,1,9,3,6.589066666733484
622.4334593277398,58.02434955735346,4.74,7.13,33.8,5,7,1,7.313115093552848
1109.0537521402234,55.42996386618755,4.05,23.11,93.5,3,7,4,9.318986259924353
983.6545808533098,80.62277274798451,8.11,4.23,34.3,5,8,1,9.66969709962758
196.63085012009225,360.4962101077381,25.04,9.22,230.9,3,15,5,3.74111556901221
229.98552089198546,228.48417680317118,32.53,12.98,422.3,1,7,0,1.8335098048372562
157.96432201443824,168.57097711566195,38.09,7.98,303.8,2,11,4,2.656758483183266
632.4342597139715,155.00473794439898,9.49,17.6,167.0,4,15,1,6.281770962671761
170.4643703122354,570.6914731847664,13.19,17.93,236.6,1,18,3,2.079044079990088
890.5197369636574,97.7254482584824,5.0,7.66,38.3,3,8,4,7.865622554820975
698.6416112244847,203.7442141404132,39.59,3.19,126.3,5,8,4,8.569545109833525
1016.1912196595194,298.7420393509401,31.89,4.63,147.8,5,6,2,10.628881903586215
393.3712833118742,30.256229862325586,20.79,3.01,62.6,2,7,2,3.5365657247440816
661.4376782604776,554.943316861163,24.3,22.92,556.8,1,11,3,6.531497329964469
211.5772482198097,86.48619673325919,23.8,16.68,396.9,3,10,2,3.287437077035569
1070.763202968314,419.0082423911183,12.41,6.05,75.0,3,18,0,9.707838127764642
276.0055577646189,388.4533219826183,9.86,5.04,49.6,4,11,4,4.880872086685614
194.6457215124536,491.1663974097002,13.99,20.99,293.6,0,10,3,1.3719209547207183
309.65667034596527,401.2910064204269,12.14,20.84,253.1,3,12,1,4.545650032312006
982.9792673697392,468.5508278131083,23.63,23.4,553.0,0,15,4,7.698198157673506
198.51227100684474,270.1117070094607,14.4,6.5,93.7,5,10,3,5.672603518976201
768.1587942187458,308.56156189442527,29.97,14.49,434.3,5,7,4,9.933391441535045
915.7230566889407,429.94739823371907,24.01,5.67,136.2,4,11,3,9.264462713824551
921.2108997408156,354.0032310013791,22.69,20.5,465.3,1,14,0,8.050693919611378
292.8681930011069,321.57697365203035,38.2,12.07,461.2,4,10,1,5.343873948231974
149.01887818292545,147.16829145109313,14.93,18.31,273.3,2,13,2,1.9762540625350444
582.6631498248837,177.12170865963398,26.5,3.67,97.2,3,10,1,5.492448412615506
306.7835866738916,234.3434274038543,3.0,20.11,60.4,1,17,2,2.754466321516354
863.1833060956105,35.292099691396814,30.27,8.05,243.6,2,17,1,6.357295991769023
479.4959356140715,267.89716626073505,21.59,21.54,465.2,5,15,3,7.507186294817618
583.2764139571079,31.578031185430305,10.71,7.09,75.9,1,16,4,4.600186891332411
207.10312507391723,352.05879847516195,3.06,20.38,62.3,2,7,2,2.7232401786342457
715.6563209339747,431.29639831423884,29.16,5.95,173.5,1,14,1,6.836120079782135
287.78709238773615,350.42472002062203,27.52,17.6,484.2,1,11,4,2.4763556186661155
840.4639402247295,425.30638472677924,27.62,20.14,556.4,2,16,4,7.716532272679344
159.70908125364093,30.00750607703826,19.19,11.5,220.6,3,6,3,3.0072474807715137
1173.0019433550822,63.88192477205645,26.65,8.38,223.2,0,8,3,7.515384176059409
846.6702160161091,428.1235912990665,24.14,10.58,255.4,1,9,2,7.51134942765726
283.5371159493573,487.6530843353592,11.84,9.53,112.8,4,13,7,5.647522104097747
95.7860029172785,439.08989540695484,22.19,16.93,375.7,1,18,0,1.3577080480676604
454.598439269845,407.91697825552444,22.04,3.98,87.7,2,17,2,5.033447746952094
251.1508557384723,433.2081183725892,33.47,3.91,130.9,4,11,1,4.416159280424034
324.6206930938915,451.5662577038145,19.04,9.33,177.7,4,6,0,5.609467973131927
1057.4802894504362,442.8951740695145,19.14,9.09,174.0,5,17,1,13.471809307475642
755.5892192569514,450.66483228235364,39.42,6.9,271.8,0,13,5,6.528791006673834
277.6325713923674,72.19123322665307,36.1,18.77,677.5,4,6,1,5.010441630077307
703.4585287699426,66.06478435193608,11.96,3.52,42.1,4,14,2,7.468086575535467
366.4743318359924,235.8383676407802,36.68,23.33,855.9,0,17,2,2.7029240369217846
1173.34496808106,330.7301272928135,8.1,19.66,159.4,5,17,2,14.349544461180095
116.68809789533869,464.6928607353848,34.58,11.87,410.2,1,17,0,1.6510631493243764
900.1966328279528,220.78345671087715,9.78,21.9,214.2,2,18,2,6.69762963113994
945.7566693343986,186.81673368117185,18.75,16.6,311.2,4,14,2,10.07161710478035
155.2222956326243,475.4255356275618,39.41,15.55,612.6,3,13,2,3.949735225676851
272.4936879391138,172.12200532877713,6.59,9.89,65.2,1,7,4,2.225459194455313
510.4234581964325,497.8795847842441,34.07,17.59,599.3,1,14,5,4.716066861858012
1052.333405712556,130.96612334042197,21.31,6.07,129.4,4,17,2,9.313604376133592
681.4399310287192,234.89990803731177,7.11,14.55,103.4,1,16,1,5.307873450176005
813.9436720081653,258.6130973730425,38.24,5.55,212.4,2,17,0,6.541781726638245
956.9743757116637,200.72095496535644,23.32,12.79,298.4,4,8,1,8.531058249593217
1007.4975229380224,31.91344091559721,35.58,16.56,589.2,5,8,2,9.747991427153574
613.4386882537228,164.24027695811128,35.16,6.42,225.7,4,17,1,8.08075737715727
649.8483154262991,222.46252856095802,3.54,7.89,27.9,2,18,4,5.034629850608724
884.166559938313,208.76618988019777,12.8,20.89,267.4,1,12,0,5.255015044192333
374.94344178390156,477.76663299200806,15.47,8.63,133.4,5,17,1,6.651184430003929
1037.0285047293874,56.999624645789616,22.79,5.1,116.3,3,14,5,10.835552797786596
103.28124341294256,251.7007588034872,5.66,10.28,58.1,2,8,4,2.0804152350587883
299.2641944748916,51.383809680281516,17.39,23.57,410.0,5,12,2,5.3742048157821
976.2239362008836,560.4691126935353,33.14,18.26,605.3,4,11,3,10.87879120590325
461.0891973197929,480.4193791077249,9.41,15.66,147.3,2,16,0,5.113618122092626
247.81277261538267,589.8321115656677,28.95,21.49,622.1,1,10,1,2.8842428420917687
289.1653263967717,548.7915030667306,20.03,17.52,351.0,0,8,0,2.4527737999678187
674.4471701683979,210.0132801061681,5.62,20.85,117.1,3,12,0,5.5833641543398285
1027.7233128663863,424.2025450284308,9.56,17.46,166.9,0,12,1,6.574339106865003
159.12880166364386,204.73582986269278,8.22,22.01,180.9,1,17,3,1.8693130187202174
114.13861821960734,536.2803771198857,25.93,16.73,433.8,4,6,1,4.024341960403765
600.9883121372643,264.1291358813846,6.23,8.83,55.0,0,17,4,4.763328116693848
1150.9299048600708,244.2558988854123,33.45,3.9,130.6,5,8,2,12.000071464121497
392.4909798238216,551.019184213,32.85,5.32,174.6,2,8,2,5.586375050167542
1154.2710037550942,506.941963943317,5.96,14.27,85.1,5,11,3,12.808239561605578
1074.2029177808015,580.8557254176519,35.86,24.38,874.3,1,13,2,10.976053353582502
397.11128555401245,67.8982087774347,38.49,19.71,758.5,2,18,2,2.9656792002742347
994.9818319668843,168.70316048215014,4.61,20.06,92.4,5,12,3,9.70082645951269
848.171378877077,201.48891628421603,38.16,17.6,671.8,3,7,2,7.571978282166628
653.2410755733281,271.8806747442144,13.34,22.88,305.2,4,11,1,7.277015533023903
553.6660802080197,299.68412619066555,27.6,19.18,529.3,4,17,2,8.19582997914716
993.3630866365115,196.13928399804067,9.47,8.68,82.2,4,15,0,8.727654001306217
968.2489646184238,480.5567411926662,33.25,13.99,465.1,2,8,1,8.253192366689357
927.7686962556662,157.2491623564822,34.15,11.9,406.2,2,14,2,7.877106595855689
1198.0466653611313,427.0148685804944,39.2,6.64,260.2,0,15,3,8.624263675227013
615.9339562543499,515.5079398874955,39.72,7.89,313.5,1,9,3,5.786747224998436
983.7537351583057,374.1079963209642,5.81,9.27,53.8,0,12,1,5.716802630099128
1045.9757710214958,231.87058775890787,27.34,6.82,186.5,1,10,1,6.913862924113431
316.994891228126,137.09800805209125,13.1,7.78,101.9,4,8,4,5.379484265258049
127.1144150994283,106.57733081010672,7.65,23.16,177.1,1,17,2,1.736887562854267
533.3182104512092,454.1796013149651,8.51,10.55,89.7,2,10,2,5.232429060389484
1039.5450865691892,297.4052386226041,37.65,21.21,798.3,3,10,2,7.2721286715361
403.79567493785146,56.40214416539955,28.3,4.42,125.0,0,7,2,2.045690626330351
864.011372555515,590.7885189572935,4.87,24.6,119.7,4,11,0,8.93544842169746
88.2299157519742,412.6428143037243,39.42,19.83,781.4,4,14,1,4.417876655577199
478.00816419866624,511.184054313377,32.89,22.95,754.7,1,18,0,4.113117219432057
769.3786981291294,279.76754265069656,14.44,14.57,210.4,0,16,2,4.877158078404943
225.3280528810173,574.6000138605742,20.42,16.96,346.4,0,17,0,1.837485687516163
1084.1997416051258,143.72926192675254,29.88,10.94,326.9,1,18,2,6.893654738673115
255.02685437112876,135.52759007512518,28.01,12.5,350.3,0,15,4,1.5126240215226894
1098.968770404474,537.4907988191046,20.13,19.52,392.9,0,17,0,9.212666762881666
322.35602572493167,538.278726483265,21.96,4.1,90.0,2,9,1,3.87135308449351
1193.5921147857416,314.441106734454,4.6,3.8,17.5,3,15,1,9.156379608839254
757.3185588910618,101.69822255176783,21.52,22.25,478.9,0,14,3,3.9431281031299896
174.46628177090864,203.973381175865,15.59,5.42,84.5,3,11,2,3.7121757328633986
153.11050261609904,459.86683267964656,13.55,18.86,255.5,2,14,1,2.842640367326146
163.91229981060502,512.215387560743,12.98,7.39,95.9,1,15,1,1.8954734392441832
740.6798769658661,228.16320621454574,27.01,11.06,298.7,0,11,0,3.8438317258423735
986.7287066066715,64.90319863561467,18.88,9.46,178.6,4,16,2,9.535576165966475
531.3182707829665,409.46420849648496,18.75,13.79,258.6,0,6,2,3.695826002717038
578.2160503956852,451.51331361982733,8.89,21.19,188.3,1,10,1,4.41472503145469
740.0022281043833,271.68836524230477,38.59,22.26,859.1,4,10,4,8.530780738992183
677.0054773607184,362.36563862218554,11.29,7.88,89.0,3,16,2,7.602840025845554
850.6291410734226,592.8017535887275,18.03,10.43,188.0,5,12,3,8.831665401696009
608.4000065825898,169.64920163500585,10.04,21.41,214.9,0,18,7,3.8348964381293986
879.5239672717556,356.597285465573,29.02,4.97,144.3,1,18,1,6.258984449474042
1196.9880316522301,378.24743573070623,19.14,5.57,106.6,3,11,4,11.598055601840146
472.3335833186167,342.991101733944,18.31,13.55,248.0,1,15,0,3.8957759240233214
93.6813184651929,525.4038480279636,35.38,20.38,721.1,2,9,3,2.3273911616461813
220.70005101785335,374.8542931956064,31.1,10.39,323.2,1,7,4,2.518156655754489
699.9358871853883,319.4973127630353,22.24,4.53,100.7,4,12,0,7.7503034324840545
465.56872160201027,100.11856519686869,20.34,24.29,494.1,4,9,3,6.6024844939491
1132.7805049495917,430.82924359725257,38.52,23.66,911.1,4,15,3,9.492182917430139
782.7396209202689,105.30119605197922,38.39,17.34,665.7,3,12,3,6.579720782849892
662.797808281324,45.14483921760748,29.08,18.0,523.4,2,7,0,4.861585018564342
973.804241424661,308.4627629461735,31.13,23.54,732.7,3,11,0,7.9092430815354735
369.6206555749866,356.29380512420744,36.27,17.16,622.5,0,11,5,2.124784524745205
998.1071651162429,599.4608149831116,38.68,20.35,786.9,3,6,4,10.56973039580733
83.42843744778409,436.0262728395133,6.04,13.2,79.8,1,13,3,1.368042134434452
774.0386455920038,513.6964825297191,39.9,8.02,319.9,5,18,2,10.047266976311121
1126.9280091712724,227.44118224753055,29.01,21.32,618.4,1,17,2,8.665805999422778
962.4031462779344,320.0813690705815,24.93,18.06,450.2,0,17,1,6.8320116515929366
1036.0702952050424,585.3333246772577,18.29,9.37,171.4,5,17,2,12.760584116668774
524.5892585920806,267.91147472138243,15.45,16.71,258.1,0,18,2,3.0438301680717137
1003.1476196321414,490.1555421373588,32.76,20.96,686.6,3,7,2,9.44950617647996
696.9314648338985,329.8137971143628,27.21,8.95,243.5,2,11,1,6.141554141991301
772.7650648835828,157.65825537213652,10.43,19.9,207.5,1,13,1,5.304521710395361
145.98518005609992,360.8386232102032,25.57,4.59,117.4,2,16,1,2.492141527187331
305.73790083531924,154.29535617108326,8.22,16.75,137.7,4,10,3,5.35494023747904
697.0801453751789,31.72538422917244,21.38,24.98,534.1,0,15,1,3.5650666032983773
145.85718476231736,164.46072881980567,24.59,22.06,542.4,3,16,1,3.6193779931868235
910.4204233782389,140.0919844424015,26.52,22.26,590.5,5,12,1,10.164476023999054
1020.8638495445298,241.42507100367723,8.37,17.97,150.5,1,9,2,8.928484093220371
1110.8058446501814,536.5002351712942,6.54,13.15,85.9,4,7,0,11.63296135675328
193.98067428138262,251.0762519512452,12.57,17.9,225.0,5,11,2,4.932167040614111
1132.4866777855361,511.7569476698649,25.46,10.07,256.3,5,8,4,15.136179205256655
155.73440854481038,346.6994214750014,37.47,15.16,568.1,3,14,4,3.852066340520179
610.9429618391532,34.34038140686315,31.83,14.87,473.4,5,9,0,7.275196055934678
1021.0811431031492,137.57992635483265,30.59,14.96,457.7,4,17,2,9.222097733507063
158.74847519219003,560.8284857685808,15.22,12.06,183.6,3,17,1,3.8548241897975117
100.41880174766166,374.37886433269955,7.13,10.76,76.8,0,16,1,1.0
107.94144495144877,559.8417093861962,36.0,10.27,369.7,5,14,2,5.71102169085803
652.6226681683576,206.76841157296815,21.53,7.94,171.0,1,7,0,4.420039467185555
988.9883539482626,438.4405556211634,6.72,12.65,85.0,4,18,2,10.182673828503775
222.7178716013116,470.0543411414381,22.79,5.59,127.4,3,6,1,3.8271837418398027
219.56348456908552,586.1487735596656,27.99,22.83,639.1,2,13,0,3.5988577526654586
716.7724776557666,40.360595406307596,14.84,4.53,67.3,4,16,3,6.707158378392687
342.4110729093545,572.7752126202504,3.34,21.42,71.6,3,7,1,5.067150221504784
897.8393833622588,253.20642403437412,26.0,8.31,216.0,4,12,3,8.95265912340459
1143.5916347579598,507.65567127457416,4.48,21.77,97.6,5,12,1,13.505013432820004
937.9574153924626,340.48636338601784,19.01,18.85,358.3,1,8,2,7.548999975544433
1062.4364103443863,351.8502395290183,33.52,23.26,779.6,4,7,2,11.071322908413675
661.9363844802707,234.84539626627657,39.96,22.15,884.9,0,17,2,4.243019691470483
1012.1976207236373,502.2293765155726,16.7,18.42,307.7,4,17,4,13.912702847679494
284.8515660650843,180.48773537756503,3.74,6.34,23.7,0,7,3,1.8044133681984111
156.54963724310267,310.5775901218057,21.24,15.08,320.2,1,9,2,2.1132490417698886
814.6674833396482,349.299464297461,13.22,10.48,138.5,1,11,4,6.254332298462505
138.18680420902265,453.2370232536684,36.03,22.49,810.3,4,8,2,4.5860910170245095
1079.579189436442,298.8321421136761,29.33,22.19,650.7,2,6,2,7.904913705366317
854.5406447603089,417.76125233851144,17.96,9.91,178.0,2,12,1,6.4228464578587925
1146.4648124579815,306.61763491834597,31.2,17.78,554.6,2,11,2,8.87721329146301
431.5530550708239,405.812763066399,15.62,10.44,163.2,3,16,1,5.480796366336807
624.4973063058153,414.26178143864445,22.31,17.92,399.7,5,9,1,9.07278781606936
910.6932088505332,434.381689501669,37.14,16.51,613.1,4,12,1,9.365305700808648
351.912463716119,499.2808825003858,10.41,14.24,148.2,0,10,2,2.21833882115687
686.870678525067,338.21185974715286,14.58,22.32,325.6,3,6,1,7.10369586991968
818.6033480061354,140.16855340583916,35.77,8.41,300.9,0,15,1,4.231511134086483
1176.2656929806863,417.3952797228616,20.09,20.54,412.7,0,15,1,7.828947369147817
914.067689551471,73.95730759053227,14.76,18.17,268.2,1,14,2,5.735445644249124
212.30655231256287,154.8043628028749,4.38,9.19,40.2,4,6,0,4.018568892715392
612.3734655493075,481.5297913389355,18.5,12.28,227.1,5,15,1,7.891726915261461
739.4232769483208,277.9899822681376,21.52,4.52,97.2,1,13,0,5.638596756002209
244.21792000807505,313.8851755611937,18.03,16.15,291.2,5,11,1,5.536639971158613
563.8019838188078,592.8162435356121,13.27,22.53,298.9,1,14,3,6.638566200466763
398.0865142961218,164.04831693388323,16.66,5.59,93.2,1,7,2,3.20798050778587
213.08684733346908,41.1450672354827,26.77,5.9,158.1,0,8,3,1.2282169963159033
653.486965479069,93.48238742517114,35.98,13.44,483.6,0,7,3,4.337680808615283
265.5090507338269,169.36606000667288,27.04,9.19,248.4,3,11,0,3.8026087395745214
741.4018976160102,443.77441390598744,26.91,9.09,244.7,2,17,4,8.693014267134581
270.0605641108893,472.2185582313143,33.22,17.05,566.5,0,6,0,1.6556768611722494
890.4263144351596,352.3287037880449,9.11,12.03,109.6,3,11,5,9.04503508538179
298.67061779323086,175.37644725795198,14.14,21.58,305.2,2,9,3,3.9393769854100817
1083.8393128692874,327.39287988028946,4.87,12.44,60.6,2,18,3,7.4053654502254584
109.35447933466591,38.52580688234251,15.94,16.54,263.5,5,14,1,5.445790206777846
664.6370734912242,418.62653736282385,39.96,11.75,469.6,2,8,2,6.346133057298482
438.51733779293255,380.1496065832257,15.18,8.63,131.1,2,9,0,4.514944916004387
332.0857088675417,42.424027447479844,34.81,13.37,465.4,4,13,1,5.053267384017591
608.1951126649658,495.6966311706935,6.17,18.85,116.4,5,6,4,8.202116773451126
1023.061880683172,465.1531250424094,20.01,23.96,479.5,4,6,5,10.70124539342127
1105.1104701898466,205.68753497393848,16.0,3.93,62.9,2,14,1,7.755094870219532
419.63845232558725,392.1646908604144,10.46,14.7,153.7,1,16,1,4.067131029545105
252.7528567464798,372.8509891750347,16.78,16.99,285.2,1,15,1,2.3773954652431684
886.5573012742641,111.61275915931606,27.1,4.89,132.4,0,8,2,5.392485323598157
731.8385725107069,140.15780163518855,21.14,21.24,449.1,4,17,5,9.279238081566962
305.1380865188671,419.42749765003384,34.24,9.07,310.6,4,8,1,6.377373403781542
931.531282657929,562.1244383739048,36.48,22.25,811.7,2,17,3,8.818636847704791
661.2020874711981,358.4820627982893,20.83,15.16,315.7,5,9,0,9.78499567045218
811.8026234482965,353.65349296894055,39.32,6.35,249.5,5,12,5,9.766875915043613
482.4597180389954,398.60856598118795,5.66,19.26,109.1,3,18,0,4.724251808952463
571.7892686586611,281.1296311015334,13.22,6.46,85.4,1,11,3,4.425289690641373
281.98315017993525,60.87806479576594,18.42,18.85,347.2,3,14,1,4.10636307451998
927.2977717627818,256.0071926330774,24.56,20.78,510.4,4,13,2,10.381777594063099
255.85268305000687,543.1437597671971,23.2,15.66,363.3,3,6,6,4.740136796885401
951.6989061211887,488.8196762231827,24.02,8.96,215.3,2,16,1,9.286954184072595
973.7687974707363,558.6314340889273,36.16,12.62,456.4,3,10,0,8.812233161300751
916.1930797417363,117.11400352547403,13.27,14.62,194.0,5,12,2,8.188587985091903
101.75352262578927,318.3959215121328,33.22,17.65,586.3,2,9,1,2.577589578186614
385.9091981194744,363.2950482433779,23.65,16.95,400.7,1,18,2,3.1053278722814466
604.5382719268314,149.6575406959954,21.15,11.81,249.7,3,13,2,6.501317277422619
747.0097041628113,144.55303638331293,14.08,19.68,277.1,3,14,3,8.250665457172978
1109.5287512933362,475.7587716063973,14.25,19.97,284.6,5,12,0,11.00882124201205
500.6786887841466,412.95559271975776,17.37,18.32,318.3,0,10,1,3.2807369709889196
1060.0261170268286,398.8968959846413,31.25,8.99,280.9,5,13,1,11.795128992581905
263.04080271325694,182.1828510503185,20.64,13.33,275.1,4,16,2,4.877817006694873
495.8341460096622,318.8585718209079,8.69,12.52,108.8,4,7,3,5.552700233658025
138.55585211988176,43.14987348891687,31.11,20.97,652.5,1,7,1,1.542910496486112
911.5880059822969,104.0692499822439,27.55,20.78,572.4,1,8,1,6.164709746328408
248.7310883248625,325.402991773651,38.12,22.05,840.7,2,18,2,3.0722454060485624
367.86241752627274,206.5131971101903,22.59,8.09,182.6,1,13,4,2.865404036648787
948.2612424564006,580.4317614310145,27.21,19.47,529.7,3,10,4,8.809709153089143
678.8827235134352,298.74629226219605,20.74,22.15,459.3,4,8,2,9.311630578633515
95.64944574867808,77.63156912340489,28.19,6.66,187.8,2,14,0,2.1874287321588493
82.5034293170848,40.170137935528075,19.14,3.88,74.2,4,12,3,3.2436302862111064
651.9399075486847,443.3969880931727,8.1,5.32,43.1,4,14,4,8.27033667991884
421.5501753990982,127.75884068867893,39.51,16.34,645.4,5,15,2,6.618887063870021
281.94881951459837,137.05305033288366,29.65,12.28,364.0,4,7,3,5.108167114870539
767.2252102420442,271.5701169051825,25.52,7.29,186.1,1,14,1,5.764645403439052
335.8488483235184,180.51453581747484,20.81,14.62,304.3,0,15,1,2.0540423703239226
743.2720076471417,381.448935455328,29.32,20.28,594.7,5,9,2,11.484382263290934
504.77786465662564,306.84472911754534,7.69,21.83,167.9,4,10,2,6.478182717732499
289.1557637901645,93.52684284202114,15.07,19.54,294.4,5,13,1,5.6994228749302716
234.6773064129985,477.3022833083856,7.61,22.48,171.2,2,10,1,3.270133466258967
345.28387550256264,272.7395470161214,7.66,16.29,124.8,0,18,0,1.667992265114012
113.41196097454329,378.17556216590134,3.79,21.42,81.2,3,7,3,3.4215610528398557
425.10219748062065,32.24712954362858,30.97,12.18,377.1,3,8,3,5.194832621361783
1090.1892530036093,387.0480190588261,11.41,21.75,248.2,1,16,2,8.064594996722121
1011.1255809889917,191.22441850763263,33.78,22.71,767.2,2,14,0,7.502227931280896
496.64420752601796,311.7913236296963,36.46,18.1,660.0,2,17,2,5.48983848250859
724.9336528116203,199.70074417813515,9.24,12.48,115.3,1,6,0,3.9382018864407664
715.4438260957455,597.8686244460783,29.23,9.2,268.8,4,7,2,8.076663775924397
1008.1860438969578,161.5801193856254,20.03,10.15,203.4,2,16,1,7.525781691940871
344.6449136990015,550.3299728488763,37.0,5.91,218.7,5,16,1,7.485879686395662
411.95398744817385,553.2409801430526,20.92,4.04,84.5,0,16,2,3.977185329685416
417.9996857950849,269.9703721725896,17.02,12.12,206.2,5,17,5,7.562002368332576
125.77438854427525,203.28177584831306,13.9,3.94,54.7,3,8,4,2.4709454132063344
432.45040688389525,247.19026173231097,36.43,22.37,815.1,4,7,3,5.6074818877596595
1063.2634297785678,593.9232798133248,11.37,17.3,196.7,1,9,3,13.493127073466654
1101.4261652800587,382.71384958243544,33.63,21.56,725.0,0,18,2,7.017836621567289
202.79158726077642,340.52473555776396,10.18,12.78,130.1,1,12,0,1.5559740680712928
593.0255666126432,50.473192363473565,26.81,7.93,212.5,2,6,0,5.268935437946943
507.1107697781558,513.2705273263047,19.69,9.39,184.8,2,15,2,4.628272546041819
628.0823002181944,77.76910981010343,6.87,21.8,149.8,1,16,1,4.6687216882400495
701.2858669457185,56.77424920959737,7.66,5.68,43.5,0,7,1,3.103125430172261
102.6898112198756,186.66910908725544,13.42,18.36,246.3,4,13,4,4.745637850799468
1023.3113176717001,301.1995048827854,31.37,7.97,249.8,4,15,0,7.9468413360305465
1170.503761954139,540.3147072025083,29.97,10.77,322.8,0,18,1,7.673994686617044
811.8133894440793,480.344915477218,10.59,3.07,32.5,4,13,1,10.259877835055441
819.7065071125735,142.6503223683305,20.62,13.54,279.2,5,10,1,8.008268325128826
671.3374407703934,242.08533120354764,6.59,5.82,38.4,5,17,1,8.680096545633731
454.38622112010756,474.73695083276317,29.49,21.91,646.2,1,10,0,3.9821063418536204
246.85516308106364,330.4426950573855,32.35,5.15,166.6,2,14,1,3.3818473598341168
734.1509438195767,129.46040695372517,36.06,8.51,306.8,0,16,3,4.323095134913409
130.3343719303119,255.75146552665004,35.77,3.33,119.0,0,12,2,1.0
1003.4428758148988,386.7834085705329,15.5,24.84,385.1,5,15,2,10.24038862365933
551.4211034070893,584.7386346410358,12.42,17.11,212.5,5,16,1,9.176954313494
544.5247310614118,407.23287126815313,36.17,17.16,620.7,1,13,3,5.475562587464456
446.43136149301444,39.23124247189626,8.4,14.41,121.1,2,11,2,3.925517580624139
1165.6763553424169,431.85471768054106,5.2,22.1,114.8,0,14,0,8.80077042527394
275.9069871032051,172.9929402506214,14.63,6.17,90.3,4,11,4,4.245789374323224
249.4647600522365,521.4305811018744,31.13,20.44,636.4,3,14,3,4.884839894947816
265.3952817304338,248.817247688899,28.69,20.76,595.4,1,7,1,2.3216804603278307
817.5507807928557,143.78057151995114,39.52,3.79,150.0,5,6,2,8.786494423052156
1190.9227569771501,296.7298963108337,16.3,5.92,96.5,0,12,2,7.462791837216814
343.73219084996526,175.4628453595531,13.21,15.04,198.6,1,7,3,2.5357982363701796
1094.2914847155862,164.41824844377481,16.99,4.98,84.7,4,15,3,9.305224319768794
392.0505463131531,356.759226440891,31.94,9.21,294.3,2,8,3,5.122873636602219
805.6479105403362,467.3873743850013,10.93,11.88,129.8,4,12,3,9.103822495375184
125.35882616537185,505.9239932711291,38.07,6.46,245.9,1,8,1,1.8004824268065664
635.1324515253317,256.6718261681229,21.96,18.49,406.1,3,17,2,6.174833994885426
813.1183622324596,68.0781452502554,31.98,13.89,444.2,3,16,3,7.950052485801229
680.678150489344,305.8657491253654,33.61,17.08,573.9,0,6,3,3.739736246017235
346.37563106760604,277.25544190617995,20.72,13.43,278.3,1,11,2,2.812250262887588
1007.9165820600654,142.27800050423247,30.43,12.07,367.4,1,18,2,5.971950486685704
1166.552892586829,540.8025936521485,16.49,13.83,228.1,3,12,1,10.840048569714515
594.2996271751132,585.2645042217927,33.0,22.79,752.1,2,16,0,6.289645963839552
792.2295770119641,59.49589717885641,33.48,11.71,392.2,2,7,1,5.41384963982682
965.2628605470413,483.5754365187365,23.95,17.13,410.3,1,11,2,6.880119780524385
350.46774789640926,398.05843802667704,11.07,21.35,236.3,5,17,5,6.959411608421368
1048.1844277602397,179.01866715456754,38.9,16.66,648.2,4,8,4,10.974219598240358
393.82501394719725,392.0389874212034,38.04,7.97,303.3,4,6,0,5.508978547529517
948.9304999370675,103.32661925958045,25.93,5.68,147.4,1,15,2,5.608846275873787
205.5511403175927,69.56170972957345,39.4,16.0,630.4,4,7,3,4.651119928962667
402.9931078238701,596.2887727797885,21.6,19.0,410.5,1,9,1,4.615818928481359
677.6543260126518,392.7308193214363,16.89,19.91,336.4,2,16,2,7.136482752898136
667.912747188833,174.3368959839431,20.04,18.26,366.0,1,17,2,4.589414113052916
1032.4829266247302,286.51935486514657,4.7,3.08,14.5,1,7,3,7.533450172990649
1195.66252855524,571.550263909769,23.32,20.02,466.9,3,12,2,12.575234793980337
200.0761473633575,280.0732889804815,27.65,16.3,450.8,1,16,4,2.4733078317949877
383.95470876404147,543.2533832413362,7.05,24.74,174.5,4,11,3,4.953167996491036
480.5099954498449,525.2212428477231,12.46,19.82,246.9,3,10,3,6.1344363489046305
616.3886167472057,226.16910017178068,29.68,12.46,370.0,5,13,0,8.906710205949471
633.178912332927,426.72513232394846,32.36,17.88,578.5,1,16,2,5.511738412434476
1038.9384707262266,406.4841471560777,39.48,16.55,653.4,5,6,2,13.611522956332685
943.0264191193118,469.5907662533099,12.37,10.42,128.9,0,6,1,5.050713360628986
101.11376852250771,238.5796236324667,34.13,14.74,503.0,3,7,1,3.1710206067010485
589.6243718531705,59.774804143935654,9.37,7.5,70.2,2,10,0,4.648066001027789
772.2426988333794,127.49236743413128,7.84,4.93,38.7,4,9,2,8.12616589115622
595.6430575441863,381.43560197404275,29.98,19.13,573.4,0,12,3,3.938764511479254
226.3226867487866,471.8071065314915,19.5,11.45,223.3,1,9,3,2.46851009072328
525.1709737335259,460.9477216852897,32.38,19.63,635.4,1,14,3,4.930293801036
541.0543785453044,362.6985035155675,13.45,13.74,184.9,5,10,1,7.680397669502531
290.2418331437298,78.31214305748873,10.89,20.82,226.6,3,16,2,3.5150434197931104
927.0639682074678,39.854517495913115,23.31,19.27,449.1,0,10,1,4.794492754390252
439.968761759574,475.82080167358146,7.27,19.81,144.0,4,9,1,6.583315412130854
739.6657654368502,343.14456748822175,13.31,12.45,165.7,1,17,6,7.392588989667654
657.6178026738196,476.1458985569595,9.15,24.15,221.0,1,14,3,6.691140127641702
1062.7183287223554,122.78942304325165,14.84,11.92,176.8,2,6,1,9.133599773521984
216.65672368637877,262.2312073395518,31.32,20.45,640.5,4,7,0,5.19268213166715
207.97456924387535,553.9264936344447,7.47,13.77,102.8,5,6,2,5.028577209242953
416.3580294177777,127.81085501088444,25.64,8.17,209.5,0,16,1,2.9243058446196244
562.9607643009352,65.07033517315027,24.64,16.84,414.8,5,14,3,6.064018444808873
414.36731860239627,402.4764087555966,22.91,13.32,305.2,5,18,2,6.587283643760486
934.769532282673,368.8857141544011,20.92,8.81,184.3,1,10,2,6.735823585307328
354.6977442824156,572.6573883389079,27.56,11.42,314.6,3,6,0,4.8063735183988765
174.9477119049141,546.6870000012792,34.52,6.52,225.0,2,11,2,2.975010377531536
543.4557870702453,457.1753224257255,9.0,24.71,222.3,2,7,2,5.204303069275129
946.184802715102,40.919625590603744,33.12,17.15,568.1,3,7,2,8.09677336738818
1032.6293768171504,303.82057199173926,5.27,6.82,36.0,3,16,3,9.529502377552795
901.3462301669529,540.7781038261121,20.84,19.82,413.0,2,10,2,8.059389837175086
704.8330799197133,277.181120225252,21.92,16.24,356.1,2,17,4,7.893309691311193
891.0947059590779,578.423060179407,10.31,18.9,194.8,2,12,2,8.856576215283873
843.1562795403247,401.91814896707,6.32,15.86,100.2,2,14,1,7.622356363254396
342.49062839446816,92.39056269939266,5.77,4.33,25.0,0,16,1,2.0818417848137827
696.849959267577,320.2850828564096,4.38,7.47,32.7,2,11,3,6.852995476466155
943.0824525550438,426.5017673177341,24.22,19.91,482.3,4,10,0,8.125811381336497
435.1751413001548,67.26031417658379,8.75,19.6,171.5,5,15,2,5.767179182839761
812.4499243229632,226.45023328033744,32.92,19.59,644.8,4,16,2,8.483439442422483
619.2580788210544,438.7362059407722,36.26,3.33,120.9,5,9,4,9.408318945061007
643.5379130584224,119.53067651500945,13.82,20.71,286.2,4,16,1,7.726419741521804
180.8616423160189,228.55374201419787,9.09,12.66,115.0,3,18,3,3.2870171476528087
826.1632251420253,423.24888380632336,18.16,18.26,331.5,4,8,2,8.93881953497104
1049.5694795970626,472.05831406254487,35.62,8.99,320.1,5,17,2,11.206765133280832
238.40304258896634,325.55172248048973,17.79,19.93,354.6,1,7,0,2.015888393173666
490.03834168242327,575.4087907890055,7.01,24.61,172.5,0,17,2,4.018920927559402
134.5075494217352,557.438589515428,39.43,8.58,338.2,1,17,3,1.6799184733464347
113.18771229355804,299.8591207274375,21.49,20.25,435.2,3,17,1,3.1679274519878913
1188.417516272353,121.35641376345376,15.67,16.31,255.5,4,10,2,8.76984552946953
632.6880893031508,470.5709914138563,36.06,9.01,324.9,2,18,1,5.709840383814015
478.18130087147597,168.5895579740921,37.31,9.48,353.6,5,13,3,8.38354974750862
387.86232582002117,510.40814669948986,21.38,19.1,408.3,1,6,0,2.9312191386256448
1177.6141623383542,364.67227445840604,14.35,9.26,132.8,2,17,4,11.819857353362895
362.52087978428574,254.63301364671554,20.86,4.05,84.5,5,17,4,7.5917802014382
892.7934032262724,347.1385143920502,11.11,22.23,247.0,1,9,1,7.576231056717978
397.8090673026459,333.7009980210185,20.69,15.96,330.2,4,9,1,6.2628081715759585
158.94824599974942,557.0977221629531,11.49,19.69,226.2,0,13,3,1.5548167291936426
845.2698082600942,152.18693836409082,26.02,16.27,423.4,5,10,0,8.899367560727336
81.82654934544865,559.0503179544555,31.12,14.36,446.9,1,14,2,1.6897195323092569
836.8383329478378,47.86439363211764,38.87,19.94,775.0,3,10,3,7.11809568869899
360.4217908686019,468.4458704738537,34.18,3.71,126.7,4,8,1,5.499386435315565
915.6367399200814,554.2108345055922,6.19,9.86,61.0,2,9,3,10.602187906256283
942.1201874327273,254.60974886232185,10.83,16.8,181.9,3,14,0,10.132342790284781
891.0001074756425,71.64829658730234,22.67,23.77,538.9,4,11,0,7.476014774242012
107.42145444372363,488.6604929514147,12.53,11.66,146.1,5,6,3,4.859512332164543
868.1850140010206,510.432967744289,3.53,24.46,86.4,0,12,1,5.875516674233069
1188.9630877424547,221.6667111534185,30.93,19.62,606.7,2,16,2,8.469635832675026
351.7404127486976,325.59817284096647,16.24,13.67,221.9,5,7,3,5.908261131939475
387.14720089237915,491.39736876578525,5.45,12.44,67.8,3,9,1,5.5642069090356925
991.1497355302042,139.46449703256815,21.83,5.85,127.6,0,10,5,5.899842034689129
259.64442166281026,388.5161811430239,39.16,16.53,647.4,0,18,2,1.6431187567619256
819.8537165650978,275.45947592401694,28.11,4.15,116.7,4,10,5,8.656221334856356
925.6295428006479,129.41697878493022,8.87,12.44,110.4,2,16,3,7.537977317120866
121.61994123768004,503.92091813304694,22.03,8.23,181.3,4,14,1,3.9817485377896196
700.2135455770533,215.06807435395822,36.36,24.04,874.1,5,18,3,8.889718484693462
724.9825295601888,562.6228859233593,5.01,10.99,55.0,0,13,0,5.922570503165055
419.85604507880953,354.29230579728716,26.6,13.76,366.1,2,10,1,3.886318580220008
1061.5060297252194,323.27068938930086,29.69,11.26,334.3,0,15,1,6.366479938282105
262.2796856158391,271.2843882050347,29.05,6.02,174.8,5,7,1,5.294645140583407
487.89807464656377,258.38240721809404,8.56,10.76,92.0,2,16,4,5.465710120216019
1030.508929605009,496.24077665714924,36.57,20.14,736.4,5,9,2,12.737352996497728
293.5198873987116,416.1754842070918,14.92,16.67,248.7,1,14,3,3.2450875593264548
999.9390326869959,471.0033747403508,4.91,12.62,62.0,0,13,2,8.039616274607479
168.5574786521104,270.0179709783889,6.08,21.05,128.0,5,9,1,5.162125985245239
627.9365552527888,179.0192180805592,19.93,3.09,61.6,3,12,1,5.874642019163708
164.37034193918782,79.51317456106372,4.48,21.19,94.9,1,12,2,1.765254597185299
839.252015268896,472.69391429090547,31.84,4.31,137.2,4,15,2,9.01553451605038
965.4736677422723,266.70756539509136,35.04,22.15,775.9,2,12,1,7.231604876995724
1031.8415740364192,320.2574474951093,3.49,23.85,83.3,0,6,2,6.026244584910748
1179.0137208332674,297.52564406231585,32.97,21.02,693.1,1,6,1,6.496770970322672
832.6576089755373,275.7485781304669,39.3,3.43,134.9,4,14,2,8.994585324990263
941.3493435008228,419.8227589286744,4.12,14.58,60.1,0,17,0,5.991209498531289
646.4492717198889,376.97844598240687,29.82,21.23,633.3,2,11,0,5.268842940415045
1102.2653293228614,584.0706652272542,39.97,14.99,599.1,1,7,2,8.416869629827719
801.0093880633981,109.17522736006205,32.49,10.92,354.8,4,8,2,7.813597680867741
1069.5775750015046,356.9060085426486,21.7,13.36,289.8,5,18,1,9.984338965609737
343.7062590555466,66.04689313931897,35.74,4.78,170.7,4,15,1,5.158638976985485
636.346314404232,490.51349866367394,29.19,13.92,406.3,4,6,4,8.32229142757888
897.3971915914605,381.29745995312305,13.82,3.61,49.9,0,9,0,6.226413798019867
307.0483651102053,274.1759251157466,11.3,17.17,194.0,5,15,2,6.473993083505521
316.70056845341566,487.27432314704924,21.96,11.59,254.6,0,14,1,3.0519116111575118
1175.407869254314,289.3514868401996,16.8,7.21,121.1,2,9,0,9.564165226107436
566.7636040256707,159.8380743286649,15.19,3.38,51.4,4,15,1,6.616939516669843
283.63330727462426,299.32543383289203,9.58,23.29,223.2,1,17,4,3.0300041503299684
451.2395478192867,70.37412408328333,34.28,15.24,522.3,1,17,1,3.6501738211309718
525.0612860578367,541.7808324944508,29.09,17.23,501.2,0,16,4,4.153209640739895
777.8554883666477,446.64627359864284,15.26,20.15,307.4,2,10,4,5.668520979223047
1113.7764181334828,463.3799981425658,11.79,16.78,198.0,2,6,1,7.342590288578931
1184.980885032742,528.461183290512,7.74,12.09,93.6,2,11,4,10.143234275436532
809.902609980446,481.1963756245977,7.16,16.81,120.4,0,6,0,5.6776304271140114
863.9130440934517,276.1559764444607,26.14,8.56,223.7,1,13,2,6.886183559823086
440.4486700601797,97.6227488695063,7.03,15.35,107.9,0,13,3,2.703366033938661
1040.017626902599,242.81792458914308,38.53,7.52,289.8,1,10,1,6.840003722180787
323.93413544675263,562.4282871964417,13.33,23.18,309.0,3,7,5,5.313436385946155
199.1463272282837,570.9815800018864,3.95,14.21,56.2,0,12,3,1.3521101678653267
1170.046708909369,467.68639334856346,34.65,8.14,282.2,0,6,2,8.15918442139361
1047.835318038996,146.5254323506909,16.6,17.07,283.4,3,9,2,9.695596514948159
420.0825506827094,140.83641932457158,15.69,4.99,78.2,3,18,0,5.266276136951875
836.1912023467751,531.4697612020107,7.39,12.55,92.7,5,17,3,11.224888413553996
603.0605603027834,110.89207611634112,27.44,22.05,605.0,3,14,2,7.182366407309631
441.9035908829274,362.95836207951885,16.28,19.89,323.8,5,10,0,6.524080833464595
401.1871160515302,245.60345889906864,33.45,18.48,618.0,4,6,1,6.763692800427144
232.35073864741526,202.14627453787062,26.33,13.35,351.6,3,14,2,3.848872136846931
695.2362521489399,416.10775463587885,35.56,12.83,456.2,2,12,1,6.344174051223888
580.1882929316087,576.9543736916046,26.03,3.25,84.6,0,15,2,4.372257983226507
653.6487907359376,473.25123079697016,31.83,16.2,515.7,4,8,0,9.262283988792568
321.20002757693305,307.1126780678858,28.77,15.69,451.6,5,16,2,7.227727257955986
1131.2439512660374,281.2055596752633,20.12,3.12,62.7,2,16,3,8.891515230908777
795.2221398902064,547.3685873437605,28.48,6.01,171.3,2,11,2,7.153246395707198
1087.5527362693374,359.52104613003974,27.55,3.27,90.2,0,6,1,7.58481580626013
202.3837059566861,313.0842431477313,3.25,8.57,27.8,3,12,4,3.748190690020126
777.5930817589158,419.21644563291113,28.85,3.08,89.0,1,10,2,6.221844001561146
1031.3972368814605,165.17767576383008,12.7,12.18,154.7,0,15,5,5.750078951241919
450.6312733922027,66.32922791768141,23.05,13.48,310.7,0,9,2,2.642443699248357
298.56034943230475,517.413521076646,7.12,12.62,89.8,2,6,0,3.363187943876834
376.82386250229405,376.1391693986904,3.85,7.39,28.5,2,18,2,4.260106848471912
385.68577395977485,123.97994769828922,3.56,14.52,51.7,2,9,2,4.239240329157355
580.8628407143594,199.8873181054259,8.85,20.91,185.1,4,7,5,7.588190439242139
445.07923511285134,594.2621021760325,3.74,9.41,35.1,3,17,1,5.650484994577453
383.82696143295027,391.62147050428354,7.9,9.88,78.0,4,15,0,5.740041365730688
806.3337742137545,392.5839203512598,23.69,14.94,354.0,1,9,2,6.867223251766906
139.39625627251058,71.13328802897155,17.81,8.14,145.0,1,12,1,1.2085902852839343
461.20743151649754,582.3252885190411,39.29,10.43,409.8,3,14,5,7.3371435473641275
852.5222018533318,538.8862470484708,32.92,12.95,426.5,0,16,4,8.530625784100405
276.95171919472665,342.23599209003567,8.43,11.5,96.9,4,10,1,5.489229593713457
327.43920567846186,206.3516823769979,18.42,21.0,386.9,1,8,0,2.8290282901907657
304.74662046246755,427.8914801800723,18.95,21.68,410.7,5,6,4,6.817164755598217
81.03723953917351,505.0234048489654,16.4,11.86,194.5,5,17,1,4.960728224288095
610.6198820513614,478.0892035992545,21.34,12.85,274.2,3,16,1,6.753844002978863
123.63384414605797,586.9170020672909,27.79,24.05,668.3,1,18,2,1.6700016575567191
385.69258918788813,393.0075772401572,26.71,14.07,375.8,2,15,0,3.949619341968295
1194.1798355430083,213.09849598855322,16.21,24.85,402.8,2,8,4,9.984397967198705
1108.603756757136,313.81873944906414,29.09,19.78,575.4,2,9,0,9.058367624753876
320.8849051350943,495.3007857318514,13.71,8.81,120.8,0,9,4,2.7122670940168327
427.2027237436047,181.2452747127651,33.91,8.04,272.7,1,11,2,3.2214029950170597
599.3491321407777,161.9027053180751,38.68,6.5,251.4,4,18,2,5.996295188148629
1025.7431722583528,443.1557107860883,13.91,20.74,288.3,0,14,0,8.2992263511762
978.9634543602621,283.3236331137841,32.03,9.75,312.4,2,11,3,6.52020016202649
221.39040895423602,495.4451252581419,33.1,17.87,591.4,5,15,3,5.8977559484053375
219.38271015015437,111.89964411062368,21.16,14.88,314.9,0,16,3,1.3795012368420716
546.74012436133,221.34698399516182,6.25,21.17,132.3,5,11,3,7.189022096216478
1054.5068363674247,182.81694675635768,32.09,19.52,626.3,2,16,0,7.518187335533134
1067.9351989869626,427.7848443977759,18.08,4.4,79.6,2,6,2,7.537835821921821
200.2497516489138,462.8176515961902,10.7,10.45,111.8,4,10,2,4.682675209531001
723.2129625214178,289.9215366553371,26.19,14.44,378.2,4,8,4,8.649767057333897
254.35622078012645,302.4767445473933,19.17,20.68,396.4,2,8,4,3.726820786400716
848.4648272031167,105.2581731898038,6.24,18.71,116.7,0,8,1,4.348158747304624
1106.4052376803752,430.0420134734399,39.4,15.09,594.4,5,10,4,13.832868640836688
589.3416075726648,595.621051151571,12.05,20.78,250.5,0,15,1,4.226853100228215
173.05270765509766,473.41544927413133,21.91,12.57,275.3,5,13,3,4.232537381477766
728.764699401891,157.174024216948,27.69,4.22,117.0,2,11,1,5.488944382323736
537.5386705521573,385.1799615687143,7.26,22.15,160.8,3,12,2,5.625812534906802
988.2066026140354,198.12538207862417,30.36,14.59,442.8,4,8,3,9.174001049301548
461.18579959755425,47.20063516228129,26.99,20.78,560.9,5,15,1,7.217975478325643
1059.8848645293,132.49902772382512,21.27,11.63,247.3,0,15,3,6.267654309192636
386.54445655095907,88.47833619038957,22.55,15.95,359.6,4,13,1,5.78520317097634
256.4197521953283,141.68155553387066,38.33,10.28,394.2,3,16,2,4.174738392690993
423.2580225968095,483.494520225932,36.7,12.01,440.8,2,16,3,5.439362620449525
119.10568684147609,196.91431639734608,7.14,6.24,44.6,2,16,0,2.0361272505379504
394.99548289915026,461.51277203871376,16.64,19.32,321.5,4,7,3,6.192937408656566
819.3317499478744,570.8516562603794,22.12,9.17,202.8,0,7,0,6.136345455345179
239.3569359833834,357.33567558863155,37.04,9.64,357.0,3,11,2,4.339823243771814
204.72876952097852,306.6830969457311,33.21,10.79,358.4,4,6,1,4.164373379408266
228.27152620487243,457.57249008645033,17.3,12.51,216.4,3,6,1,4.003173951064277
166.85787517284234,85.3413797390613,35.79,15.68,561.0,2,7,2,2.360001052922498
1059.5916612640922,274.0808898663845,16.99,18.02,306.2,3,7,2,8.783644587539497
1137.4089293561115,314.33001911127457,13.03,17.87,232.9,3,10,1,8.500062933883015
132.14848993624062,503.69924692707525,25.57,12.32,315.0,4,10,2,3.9689219439627044
931.280395328765,494.10406633184067,16.17,13.6,219.9,4,16,2,11.139206670839654
905.6099563232615,513.5112551144894,26.03,6.09,158.4,5,17,0,10.369753860023707
1196.5385555632452,427.78756888459003,18.16,14.47,262.8,0,8,2,8.585178027862955
469.61514112759636,332.41681009535745,32.44,22.3,723.3,1,10,2,3.8392760836465425
399.7700706932662,501.89121316572783,38.31,13.13,503.0,5,12,0,6.056801266640923
587.4519753070065,527.7709766955037,13.0,23.64,307.3,3,9,1,7.0282070439280995
1039.3641984070932,303.87621781552383,21.87,6.43,140.6,2,10,4,7.288865586787201
896.0248796424466,591.8272874965999,29.8,19.21,572.6,3,14,4,9.910486166923953
608.2186716436031,528.6463312381318,8.87,18.58,164.7,2,11,3,6.677635648085682
353.910384480178,320.9677092902025,32.45,17.99,583.9,5,15,2,6.26277142167585
894.2576302205756,69.49392934785064,24.57,17.58,432.0,3,6,3,6.870855335091928
1037.0700922072597,157.96046899698086,8.54,3.49,29.8,2,12,0,7.262439833333069
527.9453787955897,472.54719024448235,35.12,19.33,678.8,3,10,3,7.166453471874652
828.8156993195023,93.3579264892503,18.79,13.99,262.9,1,9,1,5.803523131961814
528.23746371779,297.78603780198,9.53,14.53,138.6,4,12,5,7.343106226676859
615.9126507184629,374.76574949969466,10.23,4.12,42.1,1,9,1,4.944785501435771
667.8996255495033,530.6576921711937,32.06,7.14,229.1,0,15,2,4.748526201366288
948.8129117049513,512.8549018492836,37.62,23.04,866.9,0,8,2,7.789237856574318
1174.806702224403,465.6384150040477,17.0,9.94,169.0,0,17,1,9.169575662329665
577.6901021548202,262.38571828838343,5.92,11.67,69.0,0,10,6,4.227428025335163
463.39280699731864,111.08207497510934,6.73,7.16,48.2,0,12,1,2.0595765577939127
498.42192724907824,411.70010644797327,27.22,16.91,460.2,1,8,1,4.170478081782916
229.95575770020343,133.3345148184294,16.72,19.3,322.6,5,17,0,5.312398745138666
412.5713863558495,349.949255542911,18.77,23.27,436.7,0,14,1,2.649752003620244
176.82110286106297,588.9865640041063,15.47,15.37,237.7,4,16,3,5.014096005205717
559.2415747607567,343.6765722101465,20.22,9.06,183.3,5,17,3,8.433435402545108
267.44014162837476,397.96741433845506,26.81,4.56,122.3,4,18,0,4.8645667623923865
467.97555549133773,416.2180189922191,23.02,8.85,203.8,2,9,2,5.03504823398971
968.8070793185991,503.3213638750378,9.08,16.6,150.7,0,10,4,8.030410401982241
355.4389686598323,277.9389865210178,21.18,24.43,517.4,2,9,3,4.332661129588472
765.3219759031173,313.5806435999237,20.04,4.74,95.0,3,12,2,6.927944775094803
1089.3231895584463,130.30404793701626,23.19,11.54,267.7,4,17,3,10.42782444663975
714.9606894730925,380.36753601037617,7.09,17.68,125.4,0,15,2,4.75828648853528
297.0477263051022,198.58206360490183,8.68,15.64,135.8,1,13,1,2.723897704822362
466.13813724186883,319.3461068665588,22.62,17.34,392.2,3,12,5,5.303491660132133
741.2135120461539,466.93760030064175,13.19,13.19,174.0,4,15,2,9.42764336071228
647.4044765310359,40.01484566873236,26.27,8.87,233.2,1,12,2,4.21818874444549
246.45421663013224,351.4318501530927,16.79,13.62,228.7,4,17,6,4.909816453346591
580.4119060534372,128.86365986709313,11.17,11.39,127.2,4,13,2,5.871795684103445
688.2346982994782,189.2485036767966,27.29,18.6,507.7,2,14,4,6.892407245655903
379.41264019248115,49.78656964958881,17.57,6.78,119.1,3,14,1,5.084813725556222
765.9389771806342,126.59377330596428,8.83,13.92,122.9,2,15,2,5.876662964097035
158.57931142343503,592.3787541736765,32.93,24.1,793.5,4,12,2,4.998756757344836
456.9998775933788,599.1579738836078,18.98,14.7,278.9,1,11,1,4.354082353157374
980.7900527108834,440.31331433709903,36.86,8.22,302.9,1,11,3,7.541976748248179
370.3989770171341,378.7584072195803,10.16,23.59,239.6,2,18,1,3.3727741134471056
757.7980720034476,472.89396326658107,35.42,8.37,296.6,1,7,1,5.442490702866302
539.2332793555494,541.0359351455422,33.19,19.53,648.0,3,15,4,7.229751133422011
434.4353595050764,326.00388395228265,6.84,5.41,37.0,5,18,3,7.063018862157744
1106.0674904592302,50.11187966808969,22.67,21.75,493.0,2,6,4,7.619244747634889
464.45312425002953,434.35561773063,27.19,6.97,189.6,5,14,1,7.229401126086571
345.07700966546054,591.2234261812808,21.33,11.67,249.0,2,13,2,4.753773350638038
1098.417473517103,177.09018490401795,17.44,24.24,422.8,0,10,4,6.296687662088524
915.4576786481126,294.175372312827,37.92,15.75,597.1,2,7,2,7.099104614855342
843.615679341981,235.92640859923026,28.93,8.81,254.8,2,14,0,6.9653285603584765
135.4791351149009,252.56647171102213,38.74,3.01,116.7,0,12,0,1.0
226.9495560016689,441.19799650895345,34.31,3.15,108.1,2,15,2,3.319249505278281
794.9407594668224,245.69050216094854,33.23,9.04,300.5,0,7,1,4.3132599957185835
314.5647769094114,566.4179515114741,29.85,14.59,435.5,4,18,0,5.760712625057071
332.7145439060022,480.10531864522943,26.9,13.67,367.7,3,14,2,5.216104573063402
952.635137184844,45.75880429998622,35.81,23.28,833.8,1,11,1,6.190199881588208
400.2359426973758,496.57286275922314,25.7,19.81,509.0,0,11,5,3.239233304556069
160.17777841014592,470.5287307900354,5.79,23.34,135.1,3,18,5,3.7845208802864425
120.80378098704443,324.4014251773031,24.55,14.26,350.1,4,13,4,4.4221217091585086
576.3593457147224,313.18591614545574,6.8,12.83,87.3,2,13,2,6.622146510671188
771.1840070068035,506.2503349761634,38.12,15.45,589.2,5,14,1,10.38118651697612
1053.1514613988193,272.1276148229299,26.93,11.19,301.2,1,10,1,6.821163105746134
204.100922436556,120.89353567718011,23.56,7.64,179.9,4,9,0,4.498028274929755
300.2735654428918,208.35233472394862,10.32,21.41,220.9,2,15,3,2.8559918983466392
673.3766842163676,181.16536991376893,22.08,17.97,396.9,1,10,3,4.70639974065509
487.80136571101207,418.20364690132664,15.67,10.16,159.3,1,6,2,4.295561912454261
620.441945394954,131.9578095232818,27.99,12.82,358.8,2,12,3,5.30996563807112
1115.0196068623213,397.5202887667,25.36,7.96,201.9,0,6,1,7.66422942667247
690.2786523284497,295.60115994034425,21.47,15.38,330.3,3,13,1,7.589948514615893
544.935083885525,508.6067297647156,12.35,10.88,134.4,2,14,4,6.709203967989927
1188.172695503714,306.4492836339567,22.45,22.26,499.9,4,18,2,11.258754609289367
153.04155028748067,559.9882427045483,20.08,14.62,293.7,3,13,1,3.875123690082181
1123.9670621757125,543.267402894785,34.5,12.06,416.0,5,10,4,12.655582744383029
641.861263113341,135.613920089293,36.09,19.49,703.5,0,14,4,4.289472322323187
644.2070982991947,421.11482084057366,31.09,22.91,712.4,2,13,1,5.263572570350493
1112.6000543075943,152.3361069988419,14.83,20.98,311.1,3,15,2,9.562415151323668
648.2028571442379,499.2834545513609,4.41,13.89,61.2,1,17,0,5.607713731240878
571.0159413937668,392.3621980858444,37.24,10.84,403.7,4,7,1,6.307307942481312
385.1872231712629,197.64708574054114,39.7,17.57,697.5,2,15,1,3.7062995710400743
817.8747788355114,172.00046817859868,7.7,20.97,161.5,4,16,3,9.93354824695464
718.002501897333,274.8592633758951,28.37,24.53,695.9,5,10,2,8.646331341763753
320.06688938151706,486.4120937328447,18.73,13.06,244.6,5,11,0,6.304942141097576
874.5424648686837,483.8121171524874,8.5,17.7,150.4,3,11,2,9.812652804949488
801.3772802170374,49.02444856631322,39.93,9.45,377.3,4,10,2,7.908654661958066
525.0139503113257,202.30371281841306,37.53,4.92,184.8,5,17,1,7.238725373015131
84.92903253197665,271.02504917773905,39.36,8.57,337.2,5,10,2,4.056848697247398
580.1708881973302,363.78174766321865,8.32,3.32,27.6,4,11,2,7.16099798280375
86.78509118588194,115.23039502437845,21.2,14.21,301.2,5,13,1,4.441495535398051
163.99830801492465,221.11132170148713,36.14,11.21,405.1,5,9,2,5.606901607257742
562.2830907785342,534.7903017237365,27.98,17.92,501.5,1,15,0,4.5571937533761995
171.75027028756702,301.63208264578026,19.08,16.54,315.5,3,12,0,3.5741446031374666
388.7452858416262,454.1616388447605,22.12,6.69,148.0,2,8,0,4.783518810286284
814.1503327860446,306.32374870291375,4.43,17.82,78.9,5,8,2,8.398873911353473
425.6491837225493,295.04006854826423,25.63,7.12,182.5,4,6,2,5.860227708800608
1197.3664254160917,384.49754929759735,34.81,3.13,109.0,5,13,3,13.268864680899696
1106.258277984779,177.837771948082,3.1,24.34,75.5,2,16,2,8.916253174752324
735.5470931357866,172.3871966045625,8.92,3.59,32.1,5,18,1,8.188860166206352
1162.9807952711221,593.9316972882172,22.17,10.52,233.1,0,14,0,9.631813399489417
1052.1793697644248,525.3254453119566,23.76,17.03,404.4,5,18,2,11.053291703079042
437.1663411013455,450.52029097629736,15.7,11.15,175.1,1,18,2,3.3833486109786772
919.5477955035465,108.17238726165395,4.03,11.39,45.9,3,13,0,6.6914965601712355
233.25159808442103,47.228085375316994,30.51,18.9,576.7,4,10,0,4.610811897078845
846.69759530419,129.985127392343,11.99,16.25,194.8,4,17,3,9.136989190897745
630.01164567393,564.5066497692865,26.85,14.4,386.7,1,14,0,5.708956907932072
98.84505196316368,495.2851690419231,23.69,22.5,533.0,3,16,2,3.6165417527489274
387.13740107721526,328.15332711848856,18.94,5.38,101.9,3,8,2,5.142228079703021
1150.0280834927585,582.204937079975,24.84,13.33,331.2,4,18,3,12.119803381342821
433.7312632990984,113.55179865431157,28.72,8.26,237.2,1,11,2,2.742204901516598
283.2289899376135,348.71575080344104,24.17,3.81,92.1,4,17,3,5.178212633091685
290.03522016087334,134.4366120472646,23.63,24.54,579.8,3,10,2,4.4523712551156
616.7188563989829,204.66430473845435,19.13,19.15,366.4,4,17,3,8.405592158875159
1023.7671495509991,565.8769608090386,18.91,7.76,146.7,5,14,4,13.383813904798275
928.9619769493481,524.9187544327497,21.17,11.85,250.9,2,8,2,10.008590929614657
569.2742484423072,88.02530780943407,19.73,7.97,157.3,2,7,2,5.087924415652639
313.77410944939584,172.23996916973493,19.24,18.07,347.7,4,8,1,4.902453743649381
131.59268811445403,368.8692576617688,10.78,10.71,115.5,4,10,2,4.178430411950338
598.1459578206587,64.97108878426991,29.82,23.24,692.9,5,6,1,7.456012499331039
992.5483903403747,343.5482489903193,7.92,7.57,59.9,3,13,4,11.012280788763663
897.2438328256314,363.1601184025861,36.62,10.7,391.7,3,14,0,8.05227917678026
537.6328597425204,195.85129335836191,26.12,23.5,613.8,0,15,3,3.160529583580865
746.0669925477123,197.08009867132034,4.81,22.46,108.0,2,18,0,5.344867087700003
568.5961034597638,160.57518319894035,27.38,9.45,258.8,1,16,2,4.5893326146635385
728.4980429649992,563.3355310117444,16.38,13.63,223.2,5,18,2,10.359362324220925
659.6058737207751,251.65655019847415,37.4,22.44,839.3,0,13,2,4.970751982710783
842.682592140178,363.6033659749175,37.63,17.75,668.2,4,17,2,10.622368954005374
648.6339047570988,201.8975073245033,34.3,17.02,583.8,5,16,1,7.757147013203966
1133.4843179476657,430.51848251649545,24.01,17.53,421.0,2,16,2,10.010757318131313
559.3915633714885,87.82152450342625,37.01,23.26,860.9,4,11,1,6.904899545460079
97.82625940447623,70.83567956395846,27.04,14.38,388.8,3,12,2,3.1857489660061784
344.7383596580627,454.2417435316752,35.38,7.0,247.6,4,17,1,5.793554882529962
640.6796810794547,444.20073623974946,8.92,13.4,119.6,4,11,3,7.088401483097744
685.4404741153014,181.05076160017748,36.45,19.04,693.9,1,13,1,3.5267947854309725
698.6709640294999,232.37662625307237,27.48,13.83,379.9,4,14,3,7.164274359317914
880.298350062492,575.6384857597087,14.22,9.89,140.7,5,8,2,11.4191361852341
387.6059197316313,89.46826814732916,39.92,17.66,704.9,1,6,0,2.6797417393755323
824.6921205264545,134.39382793160246,28.41,12.91,366.7,1,15,4,5.756921761595495
868.5161458935183,275.12186803474293,36.61,24.18,885.3,1,16,4,7.692441622885667
540.6344429353255,190.7963764516493,3.21,10.75,34.5,5,13,2,8.877498052046523
530.4293910438807,399.93487272035804,23.44,18.78,440.2,5,14,3,7.880626562010756
280.39575993522374,423.64298207961014,29.36,15.21,446.7,2,6,1,2.9211631162546263
543.6658614060186,330.04120781735423,3.51,4.71,16.5,5,8,3,7.435860718769126
961.2342467118539,378.38246179957883,31.21,13.33,416.2,4,15,1,10.44535641304857
1098.04976621587,277.0498742515966,27.1,3.64,98.7,2,14,2,9.164126196130573
744.8467742761213,463.42073462334463,13.17,20.38,268.3,4,8,2,9.943446255848901
415.29478455681465,53.99614377237375,28.49,19.16,545.9,5,13,2,6.487288696036798
844.1644848988992,208.3480618938521,7.84,4.11,32.2,5,6,2,8.366467191073479
908.9637537395243,420.12512359508963,33.49,13.99,468.6,2,16,0,7.033379443770746
452.07831223434187,217.897711488968,35.05,24.15,846.6,1,6,6,3.7787964988303884
1005.7336048682923,74.76510985248117,20.96,9.26,194.2,1,16,4,7.368668542310967
162.53933199494088,226.6576542260619,21.78,22.89,498.5,4,8,1,4.787987762643448
92.04416371202859,435.55201991953805,17.88,6.32,113.0,4,9,1,4.114823032156707
217.72726534789888,99.53137319439112,15.78,3.15,49.6,4,18,4,5.15222545858619
254.7293495668109,443.0398776006431,35.3,14.67,517.9,0,16,2,1.9508797052693299
1064.4005169014479,472.0097583238181,14.28,8.26,118.0,5,10,2,11.468070464219439
555.9795064878346,392.1214243209384,17.91,22.34,400.1,0,8,3,4.301793693540439
387.9234950068275,169.2134076781422,14.1,17.83,251.3,3,7,2,4.3386535884175235
560.5641299052377,489.018353601185,27.3,18.11,494.4,5,11,0,8.119261790090208
522.2217998247081,152.23222601372527,33.13,17.81,590.0,1,13,0,3.848788923438757
417.63706814657905,546.3179427376698,9.08,17.94,162.9,3,12,5,6.612481368668863
234.44753230140117,432.7880485109868,12.43,19.44,241.5,5,17,2,5.572616763368563
814.6253174107463,61.190358188824035,6.85,17.74,121.5,1,16,3,5.702746723924835
232.996931113214,485.59365763714794,8.93,21.35,190.6,0,9,0,1.565425644357278
948.4753869933953,318.66711800514724,18.05,15.28,275.9,2,17,2,8.591777562199047
305.89057487410804,288.0098708984393,31.71,10.72,339.7,4,12,2,4.612041780965843
899.1358639893091,269.69137983813744,23.04,13.27,305.8,3,6,1,7.531068239349496
982.256438378923,375.77913787132263,4.97,12.69,63.1,2,17,3,8.27779548009327
220.36513094738484,443.0097454462879,26.13,10.32,269.5,3,15,1,3.5900978326986976
177.15526048256456,540.7066709629996,32.43,12.14,393.7,0,10,1,1.1443282714988094
1143.521503132099,185.57854337991841,17.56,11.47,201.4,2,17,5,10.541662151411524
598.6124235628904,389.54247555894153,12.07,5.45,65.7,5,17,2,8.429394753629358
785.863754369747,421.21528853683407,31.27,21.27,665.1,2,18,3,6.9816795646986884
106.05169293637988,414.6343696785288,3.88,19.64,76.3,5,17,2,5.06836903097432
392.1554022231007,311.01036923629283,33.18,10.43,345.9,3,9,3,5.102481854408551
646.0453731065126,252.8828524761096,32.76,23.79,779.4,5,13,4,7.7363362056846725
1072.5645109961324,464.55592572824224,35.86,23.89,856.4,3,8,3,10.48814177986172
384.01214767210143,201.00558830325676,6.31,21.85,137.9,2,14,3,4.135507722425234
948.2142782417659,148.59030256699856,6.99,3.65,25.5,5,12,1,8.870675505110606
821.678479649746,341.1226404432706,35.29,11.17,394.1,1,17,4,7.54885086420082
209.10325994243436,182.53818886744088,20.58,13.06,268.9,2,17,2,2.9752025135982776
408.5801935270361,48.942902775787246,17.52,18.81,329.5,4,10,2,5.854263259067485
346.40772081125414,59.398173727914084,24.21,16.97,410.8,5,10,2,6.173874874767977
575.6308980820797,426.15600004051856,5.17,17.92,92.6,1,6,0,3.8096133221901973
791.5743522132943,584.6931322154817,26.82,19.88,533.1,5,12,2,8.11451312602412
565.4301261695275,289.17237866686276,37.97,23.87,906.1,2,11,0,4.513478976968026
353.8809648420227,113.82484158329848,28.0,15.13,423.8,2,18,2,3.593529072353425
859.3842204156684,496.30743000173123,20.19,22.89,462.1,0,16,0,6.660291727222742
734.6076260768687,179.01846127502031,38.55,20.93,806.8,0,11,0,3.6970295019757757
661.631576305575,597.5070831142119,28.48,10.43,297.1,3,13,2,8.427180274582328
700.9499491394957,351.06057452142426,5.11,20.9,106.8,3,14,1,8.096725929324812
328.5287238490824,162.60055267925736,27.79,5.58,155.1,0,17,4,2.259433901883646
842.0827884235509,312.722718628876,5.21,6.49,33.8,5,18,2,9.307794296410863
514.0005998034205,221.1673249428997,14.37,24.83,356.8,3,11,0,5.876414702275211
487.083958097622,474.2990312373602,25.78,12.43,320.5,0,10,6,3.313093309483833
247.702313258783,90.3150549105918,10.98,13.13,144.2,5,15,6,6.355689018720222
748.4578146965,518.4915487085525,4.41,23.92,105.6,1,9,0,5.209462063686897
754.9841398120873,467.3820297305567,25.86,10.96,283.5,4,7,1,7.6817319224632135
461.13672090651175,520.9773682238479,13.58,8.21,111.5,4,9,0,6.492098361354847
1043.032063689398,540.146435243749,22.72,4.71,107.1,4,10,2,9.297144716146446
1026.9128465612798,160.9733590775563,12.66,14.5,183.6,4,14,0,9.225427113592076
202.14082326032306,326.97331012031384,28.4,7.39,210.0,5,15,5,5.479658261611032
858.4429943471084,514.4556654948351,36.14,4.43,160.0,0,8,3,7.762282978849
521.094926927225,245.11114410618356,6.2,20.89,129.6,2,6,4,5.119137843165842
1199.68063319044,64.4323187735105,32.09,10.23,328.3,2,8,3,9.253495004587435
332.0264652468107,196.23158322695443,8.78,15.75,138.2,2,17,2,4.1281682192377005
394.18711006422814,167.8945775406422,15.19,5.3,80.5,1,9,1,3.397946878790346
575.1590499024148,525.9356926527896,16.22,14.12,229.1,1,12,3,4.91031482372176
380.96096652234274,294.3924191632145,10.63,16.9,179.7,5,13,0,6.629998980595675
855.032570352896,419.6202153443985,5.78,12.9,74.6,5,9,0,9.585486175015436
618.6170856432582,578.4079153242037,31.43,10.42,327.7,4,16,2,7.870278850854036
327.384295031485,200.53707585956613,32.36,9.84,318.5,3,6,0,4.343685853417818
647.1389578249501,463.8837477906156,39.88,5.41,215.6,2,12,0,5.002924237309759
1075.442298328843,42.97554926567121,37.58,5.55,208.4,4,11,3,8.768844458688537
967.4831244720591,89.34621992757106,19.08,13.91,265.3,5,16,2,8.18461758303973
638.6883953580395,122.26310130186852,7.94,6.05,48.0,2,8,1,5.453454626547538
403.11171551898144,208.0784520173298,3.4,7.92,26.9,3,18,3,4.4641387623485675
281.47284046683114,259.7027126237457,22.67,6.63,150.2,5,16,2,6.270201982879105
1063.7888224493229,301.899057717385,34.84,20.65,719.6,5,15,2,10.551311737858562
875.3869733585399,169.83886738153657,12.91,12.89,166.5,1,12,3,5.695985225824283
720.8228995251535,67.74273217777748,10.36,15.16,157.0,1,14,4,5.508326009133287
1064.9668034681085,416.18816234893865,19.24,15.83,304.5,1,8,2,8.487030748215084
216.29312185898021,43.486971514530744,36.06,11.72,422.6,0,6,0,1.0
844.3880003223164,491.3982618694732,19.71,9.57,188.6,4,15,1,8.464530018454274
322.7177899028198,559.6182503361848,29.74,11.41,339.5,2,11,1,3.8988637167205824
215.04673393790543,434.91028078599163,20.11,14.77,297.0,0,10,2,1.3456048826257512
601.4815312077651,369.6974948466542,16.8,10.89,182.9,1,9,2,5.419999767199032
513.8800813360762,404.5005617173207,19.31,6.01,116.0,3,14,1,5.295507499640328
1134.1144424442077,401.76656657202875,31.43,23.1,726.1,5,12,4,10.793842948303467
442.85709236203434,561.0719275579053,30.91,19.11,590.8,3,14,4,7.719441614332793
992.6905301382427,579.6543465805614,18.98,4.46,84.6,3,18,0,8.926673672092932
918.6862405245461,273.2256358876864,12.9,22.93,295.8,1,16,5,7.276534357419941
828.0747344655606,381.73513040459835,8.15,6.75,55.0,1,10,1,5.812585688870025
1110.8485297152667,487.6000206284782,3.05,5.15,15.7,4,9,0,12.215459777853944
536.8755457071031,30.591749588118383,7.19,6.81,49.0,4,8,2,6.693180156285089
516.4317283008095,330.3990725917979,9.09,23.53,213.9,5,13,2,7.339563000055175
260.26111441129046,402.13951369608765,28.53,7.87,224.5,3,16,2,4.254048101972568
388.8535245544774,438.8071063504215,33.26,20.31,675.7,1,9,2,3.7825119119769366
1065.349630788175,240.20996335588023,30.27,17.15,519.0,3,18,0,8.423173085722143
611.3079888607322,198.51731974860758,29.76,14.4,428.6,5,11,2,7.664051441315107
462.31572085359574,133.82126294370784,39.79,11.04,439.4,1,16,3,3.5665781824861487
322.0455016920317,347.95486296003014,38.62,5.04,194.8,5,9,2,6.177745353053383
623.1554802728488,554.0029563837093,12.95,18.63,241.3,5,7,2,8.461258473146051
882.6652149202723,540.7075459127075,8.37,11.69,97.8,4,12,5,11.577956920284706
401.09506851192447,235.18057847988464,8.67,14.77,128.1,3,13,1,4.95094972944709
928.6425033101726,176.9774297647755,36.14,4.14,149.6,2,12,0,8.021892571731502
785.3623076919087,479.6124789223429,6.79,20.07,136.2,5,11,3,9.412578041304524
962.0700700444687,443.2386103991873,15.59,18.23,284.1,0,14,3,6.708950324772467
361.0187843399018,318.0437037483706,22.62,14.64,331.3,4,14,1,5.97873208289191
786.7515221010108,251.74724793714879,25.7,13.92,357.7,2,7,4,7.109483217474183
252.18351302750295,100.56480513474973,25.04,10.41,260.8,3,14,2,4.187672281374432
487.4526200243931,477.52899578257484,32.1,10.53,338.1,2,10,0,4.827118246162488
891.2833062239374,381.95473284156753,24.15,4.51,108.8,0,16,0,5.946329641524321
787.4685918495281,244.8225574506695,34.49,18.11,624.5,5,12,6,9.44017907806517
290.4040123780246,553.7091463580757,6.13,3.99,24.5,4,9,0,4.480497401089205
1041.3437927436325,406.01344265476143,34.78,3.03,105.4,3,8,1,10.686702860626154
139.7531002266037,559.6661541009354,24.83,3.68,91.4,0,18,0,1.0
746.6415711386475,300.415102393597,11.25,7.48,84.1,4,15,4,8.7611636942968
1181.878960259399,289.13215971644007,39.18,15.54,609.0,5,8,5,13.001813400866096
675.2852996638784,564.2263954790254,37.77,17.99,679.3,4,12,5,9.033174127647253
976.7524383545513,577.0811140988139,34.29,12.26,420.3,1,7,0,8.297045576163482
746.6026899717943,577.6373717609652,36.73,11.99,440.4,1,16,2,8.110696759796959
957.0589127137517,496.77151452724246,17.14,15.69,268.9,2,16,0,9.467716994374271
814.2654315979216,293.571502549873,11.43,16.13,184.3,0,16,2,4.803906896426932
854.0678562820322,149.87059773336352,9.77,21.59,210.9,3,12,2,6.32988165802274
335.14848921675014,248.5613023283621,35.33,21.02,742.6,2,8,1,4.172004922195837
910.8394232016678,564.8295701651396,33.59,21.12,709.2,3,12,3,9.020500379361343
346.4590730640505,237.22594819577094,39.29,21.57,847.7,5,12,3,6.589412723765496
1178.3171081596986,461.32893328941634,34.39,22.36,768.7,3,10,2,10.731507161519218
335.12165387654926,556.1124801219315,26.4,15.22,401.7,2,10,4,4.406650135736995
345.08608402937506,583.1235328424149,8.26,16.09,133.0,4,6,2,5.328408372774742
1041.7138949419277,570.174263718953,9.1,19.0,172.9,2,12,4,10.700655660794986
352.1441653983574,346.3828307016973,20.53,7.38,151.5,4,8,0,5.396343391837021
484.2111287102369,310.3716425509961,31.41,10.93,343.3,5,16,1,7.835556793975502
880.3969805205102,592.9550899977521,9.41,23.08,217.2,5,15,2,10.531261432706167
257.7984098181348,154.3621466107749,36.87,14.5,534.7,3,13,0,4.738708804085254
258.1603654068025,136.8922491603147,28.3,4.14,117.1,2,8,2,3.617001465006248
624.7214340586132,579.013909715126,14.56,11.92,173.5,2,14,1,8.040628369136954
352.9403647406541,422.84104843977667,35.77,6.54,233.9,3,18,2,5.4052572217186095
343.9369102373176,335.69328558495,25.15,10.84,272.6,5,14,2,6.551636271774908
90.3475919887342,105.26838191954424,30.13,14.99,451.6,5,16,2,4.618368265805368
494.90354214170173,322.54694193930766,17.26,14.11,243.6,3,17,3,5.573230192610533
436.4406211726116,568.2060575072863,17.56,13.79,242.2,1,17,0,4.412088046497471
114.89450812587086,373.64805430874287,3.47,3.4,11.8,2,8,0,2.3931344297870614
775.7811595993031,260.6383147905348,22.9,12.79,293.0,1,17,1,5.8846786908261
781.8538038437565,344.1287108351232,31.15,3.64,113.3,1,15,3,5.398241621571048
159.29652838649795,535.1026996001372,38.85,11.91,462.5,0,15,2,1.1645739097141319
435.08655045858745,550.3237368471367,36.01,17.23,620.6,4,8,2,6.963122778412741
1057.5421958348456,258.0502544221503,6.22,5.77,35.9,4,12,3,9.171672584922922
732.0271164339279,376.5947713875636,39.28,23.17,910.1,1,17,4,6.830911520488711
541.4116908934263,189.14548922921352,8.53,16.87,143.9,4,17,3,6.862172365853178
600.9141598797875,287.1186188103316,4.52,7.79,35.2,0,7,2,3.125378609964665
313.27359376810176,155.33310296639144,30.71,11.67,358.4,1,11,0,2.257061930482602
989.3072807928793,332.93918926337784,36.52,5.13,187.4,1,13,3,8.505897334911571
1103.6852701050836,359.59687692985733,38.14,3.49,132.9,0,7,1,6.553561858768327
1099.9437273200488,222.56693959454068,33.52,23.15,776.0,4,9,1,8.933579641862796
330.80651869537564,185.10743136402945,10.58,17.85,188.9,0,13,4,2.434913624395387
428.0290999096317,116.0845957799276,8.7,20.15,175.3,2,14,5,4.599780177099624
259.8975077866812,109.53988973751106,5.18,16.69,86.5,2,7,3,2.773367436244852
424.06526966819075,435.53283595704704,24.53,22.95,563.0,3,11,3,5.196138465700815
452.74201677731236,156.3336620364409,21.03,22.71,477.5,1,14,1,3.665773611957751
789.0784255123917,97.24690203073948,7.04,4.28,30.1,2,18,3,4.821096717811658
292.4039473338996,599.3568631656445,20.2,7.17,144.8,4,18,0,5.491844747562349
1109.7245552918728,178.1524060767625,23.99,11.71,280.9,2,10,1,8.092883069161037
195.47140649554714,540.7475397940353,29.75,10.5,312.5,5,14,3,6.3134843131667555
87.70337235845302,377.2359936385929,18.33,14.56,266.9,2,13,1,2.4983814884052
1037.5385440661971,437.58999507988455,14.78,8.86,131.0,4,8,0,10.044483505459462
868.2221846979756,349.72377955479215,27.63,20.54,567.6,0,12,2,5.772055118180943
478.00305479871827,133.06238118418227,28.32,3.16,89.6,5,7,3,6.831351834023553
746.9596706193322,512.8193957279834,13.01,20.41,265.5,2,7,2,6.41355278379366
330.36939293994135,501.944476897467,3.73,11.65,43.5,5,10,4,6.737751985814544
268.59640648282107,229.32071524965244,37.99,3.11,118.3,4,9,1,5.148758630659108
607.6870313553695,465.3948969545344,30.95,21.64,669.5,4,7,1,8.368627844487898
475.5703692874762,339.53294725632384,10.44,12.83,133.9,0,6,1,3.0608662149278194
769.0576565995271,548.1580101192369,23.93,18.94,453.3,3,13,2,8.563311322230009
324.3270867083553,487.6098916432617,25.01,22.33,558.4,4,6,1,5.755697768877394
822.479024627893,53.36758878715755,7.66,3.75,28.8,4,16,2,8.308790462174859
938.8849027391508,531.1873041490172,10.09,8.77,88.5,2,6,2,8.436701147586898
266.6324801918913,582.0828582477392,38.4,5.62,215.6,3,14,2,4.68197739056884
129.1212774280659,453.0290354963091,21.8,5.16,112.4,1,7,3,1.9441137298436646
572.3378603374994,98.35071258282878,10.08,23.8,240.0,2,14,1,4.771922821865112
946.9069763115295,490.2042572071585,32.51,20.72,673.7,2,7,6,10.643818244325331
808.8734158430398,399.06875429544397,20.41,11.02,225.0,0,11,4,4.937266390630999
866.1075268643423,223.13100098752872,26.62,18.12,482.4,5,14,1,9.507948256158194
531.1800607925726,533.8974141798201,14.01,23.23,325.4,3,8,2,7.378250978610688
343.13901068343824,352.3730124183085,5.14,7.86,40.4,1,7,2,2.6703024752694104
675.5923044787626,516.1689206810593,9.1,3.31,30.1,5,14,1,8.823577421502224
308.88957699910054,411.96483669301836,39.0,21.13,824.1,4,14,1,6.09909307388298
893.3761406232736,194.45417911180908,26.07,18.9,492.8,4,11,3,7.371442193775111
300.6024306746143,585.7606566407908,33.75,6.53,220.2,5,7,2,6.926428027563655
406.2148587200624,355.47316232554834,3.8,13.77,52.3,2,9,2,5.098682179134626
647.330151721766,324.5504878410816,31.32,6.53,204.5,2,8,5,7.65565045609586
625.1151262407143,260.0004881043553,20.94,16.26,340.5,3,14,2,6.935716361070239
752.9513015758729,107.71619575428178,27.62,17.25,476.3,5,9,2,8.600820854370166
569.937952559907,421.14134162061214,16.25,9.09,147.7,4,10,2,6.761804845386391
1109.8101055313023,275.555542863314,25.97,20.18,524.1,4,9,1,11.027329867339052
1020.7261855008508,562.729130902716,4.32,13.42,57.9,4,8,1,11.769075497816646
1064.6070653850352,580.1053861127721,4.69,18.54,86.9,0,16,1,8.645820556637277
785.0585599718501,467.55528754947204,32.56,17.08,555.9,2,12,3,8.130134871780015
791.2088657641032,168.22201531044507,7.61,12.92,98.2,2,13,0,6.190635445949423
762.3025257618625,438.10841805826084,3.52,9.44,33.2,2,9,4,8.892354653435472
567.070252952031,41.64039805008163,36.76,7.49,275.5,5,7,1,6.9580645569916575
440.75872119533415,501.04828660078385,12.82,19.41,248.9,2,15,1,4.607185970335654
743.0432339427348,311.36258324160156,24.55,17.12,420.3,5,15,3,9.230771194893414
108.59565759506435,563.9416004345562,34.04,9.18,312.5,5,6,2,5.17963567121327
88.3512031946594,245.3232235558001,30.6,24.28,742.8,2,17,3,2.366642400051063
1033.8388454523583,180.00895455579126,4.73,20.83,98.4,1,17,1,7.538886956979289
131.99493015093685,597.1821130909424,23.76,5.79,137.5,4,17,1,4.629881432841138
667.7705683734282,332.4863867618829,23.05,6.58,151.6,5,11,2,9.216644146673133
768.7862945036024,522.0140491739497,15.95,14.97,238.8,2,15,2,7.100257980717548
301.9517771771279,549.3025834919749,30.88,5.25,162.2,1,6,0,2.661774132877209
1083.218538856966,325.52716628541134,38.67,24.22,936.4,3,13,3,10.144895105599867
292.90726435818,289.756937545937,8.45,17.04,143.9,5,7,3,6.989721710807407
1070.6567858506755,345.1449942202396,8.37,4.46,37.3,3,17,0,8.141200578806394
934.5491016529994,513.211516642406,30.19,12.76,385.1,2,18,2,7.430128233611851
349.6321079470972,579.8563320124558,19.81,7.88,156.2,2,7,2,4.228580646746402
248.83346622922477,217.14360234073823,32.42,13.79,447.1,4,12,2,4.570637528199074
434.1806354085833,451.0193178083126,8.22,8.43,69.3,2,13,0,5.07971994583306
525.7046342227077,192.6634520552769,4.47,21.3,95.3,4,15,0,6.285317437676596
355.2788376787943,378.2432335589581,28.82,18.86,543.7,5,12,2,6.2739575971033075
1198.758534604954,488.7300652844142,39.8,22.94,913.3,4,17,3,15.300173818665067
337.21061658833077,535.2972050569372,6.51,7.36,47.9,5,10,2,5.858046372927232
1010.3110062207998,285.76822503917066,34.98,11.48,401.5,4,10,2,8.768927080979433
258.2118767413295,240.76073906255817,17.26,20.72,357.5,5,15,4,6.532174108260182
1177.8739803090612,174.46741884620607,3.62,11.22,40.6,0,13,2,6.752829310370812
332.58627327705506,106.04778713836691,21.87,11.34,248.0,2,7,3,3.5560315949674464
552.2911813576234,238.00301412689421,13.32,24.69,328.8,1,14,0,4.804628379821655
705.5917547800552,527.027348706273,28.66,19.96,571.9,5,9,3,8.261581507151359
214.72000097482453,268.7214242400638,13.65,21.94,299.4,1,16,3,2.2936854315442603
994.8384755765935,210.85710451239655,20.82,11.95,248.9,5,16,1,11.226552528354157
387.6477966025294,451.30537941425644,10.42,15.89,165.6,4,11,2,5.724763344524485
695.1822897938634,152.8831488267851,33.64,12.91,434.4,0,17,4,4.768509077133232
695.5898679764365,176.083477417979,37.24,12.91,480.6,4,18,0,7.059033978138992
754.9575306048793,563.4679295528324,17.92,5.81,104.1,2,15,1,7.095410349582134
142.14430490723245,76.50612479181353,19.61,21.53,422.1,1,13,4,1.6613280082906239
268.85301325135606,266.33977273875126,39.36,11.59,456.3,5,18,1,6.126959676926139
260.5353120741679,358.7481796650385,8.26,15.8,130.5,4,17,1,5.192305898388105
418.2974105457541,161.2486079003252,32.92,21.86,719.5,4,12,1,5.195759403814566
242.30385568134065,190.17711601379023,23.99,20.02,480.2,1,7,2,2.1081058335580174
1112.5518792672044,156.45185790673872,35.59,7.36,262.0,3,13,1,8.229755880909337
654.5089845726568,226.75577607456572,13.82,16.61,229.5,2,12,0,5.170599674645268
778.4041654270065,542.1482803947156,13.96,13.91,194.1,3,10,3,8.57558585074255
480.38675644589534,276.0047875458491,15.06,8.72,131.3,2,8,0,4.773062222789757
389.3956779579809,268.1625394183561,3.62,3.9,14.1,3,15,3,4.958338595854311
643.5584306600786,250.3511016994019,9.29,16.86,156.5,4,17,2,7.689735171032268
409.64173181501366,579.5459643544174,39.8,20.16,802.2,1,13,3,4.8740118032276065
464.88343681733596,96.86067864529491,12.21,23.72,289.6,0,9,2,2.804218267067619
587.08097918336,526.9689899354389,3.74,10.81,40.4,0,6,2,4.375546121355882
646.4217296464782,216.48180860494602,13.31,11.78,156.8,5,15,1,6.7993491848308185
1182.4316931956594,575.2116072720514,18.11,6.59,119.3,5,8,2,12.705174946171132
330.1212987413734,209.67953035888553,23.27,24.66,573.8,4,6,3,5.4229970431215255
626.5333046685648,77.23838705610267,5.54,21.69,120.1,0,8,2,3.979183778195183
247.4531482280596,326.423874080934,32.25,24.07,776.1,3,8,1,4.276352598237968
471.9991406329293,159.8833802066489,33.54,13.9,466.2,2,10,2,4.473375707249525
883.3880049511728,459.20419481982424,10.89,7.62,82.9,1,10,0,6.4505286303232605
275.3976010118435,404.66420244693404,32.54,15.61,508.0,2,8,2,3.1727943787297708
731.1134644560483,421.2874200157547,16.37,11.19,183.1,4,16,3,10.767226950799753
546.7051463961681,140.28900850806286,18.66,10.65,198.7,5,16,4,7.034116763920152
137.76908973300976,433.9192509845301,37.65,4.81,181.2,5,9,2,4.7786606022501
1125.044270455858,207.45868537879227,36.0,4.61,165.9,1,10,5,8.5958648350831
543.2355171280327,599.2441959942405,16.88,11.33,191.3,3,16,2,7.282726330873522
957.9977200413061,447.1075679521836,21.06,23.38,492.3,3,18,0,7.948051739940595
546.2711073796163,366.5345592228523,13.6,18.91,257.2,1,16,2,4.6449162009671054
1129.8435601682388,524.2571341528624,22.07,19.73,435.5,2,13,4,10.992163726589848
405.32677456036515,365.9076688400734,28.23,8.15,230.2,2,18,3,3.9988777000542157
541.6983276502204,345.06742406205404,6.43,19.16,123.2,0,15,1,3.3963319254851445
929.9279490904007,165.26989359906634,37.03,11.94,442.2,2,14,1,7.11391929133265
464.90739311455974,416.52383733549226,29.6,4.31,127.5,2,6,3,4.343578094110739
488.0799198954009,243.54732410219302,6.58,11.69,76.9,1,14,3,3.9525317880279958
1194.2019542239302,54.557097852914296,35.15,5.89,207.0,3,9,1,9.194068196009768
702.2882687731942,495.1552239308759,30.52,21.78,664.7,4,13,1,8.452639826807346
852.1061081105659,59.56770498978286,14.59,21.49,313.4,0,13,0,4.604438331904589
800.677702252043,413.21107001909974,22.29,9.32,207.9,2,7,4,7.427057529844797
1007.275044815361,119.33090814640165,34.82,16.46,573.3,0,11,4,5.502076751832413
1045.2441113747523,276.5646244453924,38.82,11.0,427.1,4,12,2,8.843327046790783
710.8468683667468,519.6822453716308,13.4,6.39,85.7,5,6,2,8.533368763101915
409.9028039623673,83.81914299506357,27.07,17.29,468.0,2,17,1,4.557267261463441
105.53627728396579,410.2758867749939,34.83,19.72,686.9,5,18,2,5.975935992711605
768.1316411920386,379.19268321706863,39.56,20.04,793.0,3,6,3,7.722980732302821
1004.525093257494,524.4919554230869,5.62,6.28,35.3,5,7,4,12.347813113509376
584.6045821730586,128.45887665471804,21.63,14.28,308.9,5,7,1,6.623520638809146
264.470877349768,485.8788776424088,35.33,3.53,124.6,3,11,2,4.048146006171759
402.6519216879178,286.5690821425571,3.12,4.98,15.5,2,13,3,4.654164212995482
651.1876010532883,274.32703012114996,19.18,4.78,91.7,4,9,2,6.245435717454743
1017.0829652549866,236.21707997872872,24.62,4.26,104.8,1,17,2,8.065036495456358
272.3635235966311,249.7772633316732,22.48,10.34,232.5,1,10,3,2.3365540728503618
765.6078607946558,326.3769870623783,30.11,10.87,327.3,3,9,2,7.269392093574474
923.7728476246109,90.8758990663755,5.42,18.35,99.6,1,13,2,6.6204776544193
1128.373222775002,272.287545827586,32.06,10.26,328.9,2,17,2,10.476169343186603
210.70813468032253,401.629292583928,13.48,6.09,82.1,5,9,1,5.434563172197917
1117.5586302643044,313.9696414598393,33.5,23.83,798.3,4,10,4,11.067041266534794
753.643639395417,124.52279724428499,18.52,22.26,412.3,5,10,3,8.67867795576872
938.7057779241603,236.93947002123028,4.59,5.73,26.3,5,12,2,9.518942330610125
140.2276747167821,282.48815442278,38.66,10.98,424.6,1,11,2,1.538264854982394
646.8859343174665,411.2586443407919,31.88,6.7,213.5,4,18,0,7.299152847772725
777.345234970489,543.4368038463738,15.87,24.1,382.5,2,7,1,7.156705065296375
423.653900657581,343.71404217505653,12.99,10.83,140.7,5,11,4,5.3816072130875625
563.4482330734029,415.52983302689756,24.79,5.16,127.9,1,9,1,5.2753959763699285
700.8139115131498,73.99808650046053,39.53,18.99,750.7,1,13,1,4.3535641026832765
698.8536925457374,574.046206728128,13.74,18.66,256.3,5,16,3,10.538613547028422
126.88490845565865,209.66895350264807,38.09,8.3,316.2,1,18,1,1.7033254052766202
572.2195785683595,231.9462973221152,15.22,10.07,153.3,3,11,2,5.578615956359838
319.4763333672986,157.0203849656622,29.05,12.13,352.4,1,9,2,2.624808022140409
1106.6984874555917,78.26194090636304,17.12,8.89,152.2,1,18,2,6.776238845337748
1173.7695889381341,480.3266703808552,6.15,9.36,57.5,4,7,0,11.832990751628703
415.6045239143174,167.0793465725185,37.64,20.63,776.7,4,7,2,5.306991023711933
276.20764492118576,191.13200914682847,9.07,19.54,177.1,1,18,3,1.947007026765979
325.84464906214424,133.62387766557538,37.95,18.24,692.2,5,17,1,6.976679917609451
615.0825259953082,585.6846097703617,6.82,18.11,123.5,0,13,3,5.963741466733306
1059.4462710067596,475.18983444914653,12.88,14.48,186.5,0,10,2,7.384518830129387
640.0405607301564,560.0428004889993,37.07,10.72,397.4,5,18,3,7.760840314137186
142.03910912113338,521.1823192205009,27.37,18.85,515.9,0,18,3,1.0860544050815706
124.67187503872128,546.5891757407992,10.01,5.56,55.7,1,17,2,2.012839024513499
334.6778590975904,303.04940955404004,24.91,6.1,152.0,0,16,1,2.64154929642138
1023.9038309225602,127.20861929354727,9.67,5.78,55.9,1,13,2,7.004808058519026
776.0582244393612,216.3217905838003,35.35,19.12,676.0,0,10,7,5.414989672983708
710.5127962406465,196.69736467957102,4.84,16.01,77.6,2,12,3,4.714091622950625
437.2459436925592,438.76628743277314,22.6,12.9,291.6,1,13,4,4.836873060214687
1120.9564536517298,44.63343119518518,5.35,13.48,72.1,0,12,2,6.050139425859639
450.91963435758834,110.96406250324694,28.72,21.21,609.0,4,17,3,6.5788899447280595
1015.1377421713004,419.24451854527075,37.62,5.68,213.6,0,8,3,8.79180580037536
1083.4119401329901,100.36214166625162,33.75,11.43,385.8,2,7,2,6.859518558810113
621.3352148020731,57.526354939128126,16.75,19.72,330.4,1,11,1,3.80045959563735
1081.6039818184317,92.25264382837878,11.77,17.47,205.6,3,8,1,8.682462249019
390.01968187797274,423.6842672345649,7.48,12.57,94.0,2,16,1,4.888538782819485
817.4454373252689,109.41539786067905,35.32,7.94,280.3,2,17,0,6.905270949608148
178.51939834731263,113.39348584779438,6.0,23.82,143.0,4,18,1,4.275024473549501
610.8063197834812,161.2711121526866,26.27,11.97,314.5,0,11,2,3.3653223627811824
323.41161841734964,458.0191013920179,16.59,22.31,370.1,2,18,2,4.015340886656046
150.2948712822752,144.2011599886423,39.84,20.11,801.3,3,7,2,3.3965656363232983
84.17256904693522,50.1639761327981,21.83,21.95,479.2,4,18,0,4.240722657197571
443.7223704137054,546.3421126782861,23.31,3.37,78.6,3,9,2,5.950068466391228
740.2742658811744,529.5015018458259,36.96,13.5,499.1,4,6,1,8.77642825946434
589.8579893692962,135.34683051098926,38.88,8.71,338.5,4,16,3,6.8460508744257105
417.9816143418356,181.24527617086932,24.59,9.03,222.1,4,12,5,6.32730304697004
1190.1440344694013,137.47781572287533,32.46,8.94,290.1,3,11,2,8.758174148594279
1132.268044777239,440.13468720818605,26.49,11.56,306.3,5,8,0,14.36876959200149
220.7317036579965,172.5050639878623,18.81,12.04,226.4,0,11,4,1.284068843183401
544.9203178687142,560.9263617057462,5.12,16.95,86.8,2,13,2,6.748839542000047
806.7085660728441,501.75538389863425,29.56,9.61,284.0,4,7,3,8.668300173814709
901.5096932335291,365.38864271471374,28.91,9.0,260.2,0,18,2,5.462119768317636
490.3368134986292,35.09478808681652,7.32,10.93,80.0,4,15,1,5.57749197619954
915.8356302635893,533.6915616575,11.51,18.1,208.4,0,17,1,7.576540171858001
219.0480144599597,444.82413852355586,30.09,3.0,90.4,4,6,2,4.409108329987357
451.63014028862926,479.1072160283736,8.54,19.43,165.9,1,17,0,3.9813394729499456
882.4051568466136,70.9403666060349,28.56,10.46,298.7,4,17,2,8.69801563094116
780.7647250916201,433.8792970245691,29.57,15.68,463.5,4,10,1,8.612552020787032
1017.6754406450535,488.6159999657619,16.07,19.75,317.5,4,13,1,11.207458264921778
132.4798653872137,575.2821530095212,12.55,14.24,178.7,3,12,2,3.389528350319198
275.3187239618143,360.8681694859883,16.8,17.24,289.6,5,16,1,5.4578470488835915
134.31393214460243,319.5838556395848,16.29,23.24,378.6,0,9,2,1.0
295.1679311591167,272.4761702896897,25.46,3.66,93.1,1,17,1,2.94180851738104
84.79674790888721,429.73397814984696,30.52,10.69,326.3,0,13,3,1.0
644.7155378803302,554.8681436873298,34.88,23.39,816.0,4,6,2,8.349911121388853
671.7121230364461,371.8603777681403,4.11,21.42,88.0,5,9,1,8.38120978659838
816.8387951747142,159.55167565975367,29.88,16.57,495.2,5,7,1,8.319680435518743
511.1019408651687,40.017151676230746,14.62,8.04,117.7,3,16,3,5.637902959392086
83.59261356740609,382.89447741249074,34.03,10.27,349.5,0,11,1,1.0
834.7580929365536,522.82079617086,5.8,21.88,126.9,1,12,1,6.034935027631563
140.80601827766208,67.60590821684335,23.39,18.36,429.6,3,10,5,2.9097580288805323
1050.110882515873,256.61558910796714,23.3,9.28,216.3,5,15,1,9.504806362155609
105.37246623288985,565.8267478661146,15.08,5.91,89.1,5,18,1,4.688143505246621
674.1321380474284,315.955887638379,38.9,20.18,784.9,4,17,2,8.53494267649655
1082.3080282717833,155.77519097949806,6.96,15.68,109.1,5,18,1,9.355966866917397
721.1883248834338,231.5841547082436,8.05,24.2,194.7,2,9,2,6.311740397910422
761.4267561292015,262.63955273103954,26.84,11.94,320.5,1,14,7,7.271682754850372
843.4041501378944,96.85502321757151,22.03,10.68,235.2,2,14,1,7.4385604377131385
217.09790945812304,406.6515789935944,12.79,9.4,120.1,0,9,1,1.5561972202051968
835.9183529078266,367.53366758271153,14.26,13.6,193.9,4,16,2,8.245421944193776
1065.997467854353,399.2020403833791,8.81,10.1,89.0,1,17,2,8.318993397770772
1171.1273327755544,378.1511941477071,35.11,4.61,161.9,2,18,2,10.282094589701986
576.2182392813487,39.503078924353616,24.07,9.87,237.5,0,18,3,3.339148932706668
465.8454338788525,129.4438242528022,12.06,7.82,94.2,5,8,1,7.363719120043459
923.7067694678751,124.3760411091405,17.56,20.94,367.6,2,7,1,6.737576264601223
688.0192026667523,85.83234718985398,36.55,8.18,299.1,4,14,4,8.29482421170428
368.18121298963416,449.22119072301757,35.81,13.1,469.0,3,15,1,4.824872654387575
272.81683116606735,98.47821225274026,5.56,17.8,98.9,3,11,2,4.117440083318898
270.65793666387293,410.8706218666962,27.2,6.28,170.9,2,8,2,3.955281076063851
594.2782809988903,131.682476502595,8.66,14.69,127.2,4,9,1,7.289594647008104
270.53933428952814,97.43680160131801,10.8,21.64,233.7,1,7,4,2.231871711915483
102.08521729286406,122.64212771116522,34.98,15.85,554.4,5,8,2,4.835873704882216
138.3394279660528,319.7899702266714,36.12,13.61,491.7,2,8,3,2.593762906421953
1121.4706892273216,397.92503061892074,6.06,21.46,130.0,0,13,1,8.73881539327125
161.71670209935203,492.797170232853,35.34,23.84,842.4,5,12,1,5.709660125746985
161.9623734506747,103.28045711483944,29.95,21.06,630.9,0,10,0,1.0
585.3310589975563,381.22644600992317,31.7,11.99,379.9,2,13,3,6.473638132541204
354.51231621523647,471.08857166441095,32.3,16.46,531.5,4,14,0,5.383695253128282
1158.2171144331974,208.0709477594941,21.77,14.59,317.5,2,7,2,8.691882058875237
1100.3041402375407,75.43788023943947,38.04,9.67,367.9,1,9,1,6.909700964905932
533.3124385118192,118.8891989479129,10.41,12.58,131.0,1,8,8,4.889344031411755
582.5793017462104,82.18842910946034,21.68,21.24,460.6,4,6,4,6.21038112816746
500.1272914446386,535.7108006829264,14.79,9.61,142.1,3,7,1,5.915324474073703
122.41005064030361,244.7199509653337,33.43,22.57,754.5,3,15,2,3.351534785008468
407.9884599652737,328.308704927398,6.06,24.81,150.4,3,17,1,4.666263523945594
217.3942859654222,468.15224652845933,19.05,9.75,185.7,1,8,2,2.1781154551500315
194.65476961693747,241.75410060881256,31.62,5.7,180.2,5,15,1,5.091708948586292
708.1649616887544,399.9885131377393,14.56,24.06,350.2,1,9,2,6.553992022698216
190.6166406391897,73.7075163345095,11.9,6.76,80.5,5,7,2,5.3100298006496
195.28308265069523,304.11621911410225,12.71,19.97,253.9,4,9,1,5.00866757991377
618.1753605976704,85.01581071707535,29.4,3.86,113.5,0,17,1,3.5473735596904157
575.3562489373554,171.52196018773,13.61,8.18,111.4,1,10,3,3.9454226133962114
234.1509593482537,197.20427172941712,17.9,8.72,156.1,3,15,4,3.8204218657815003
84.98290778592656,439.0227682155596,23.19,9.54,221.2,0,12,1,1.0
296.1313747799851,414.23938618487466,37.81,23.22,878.1,5,11,1,7.187462091386193
344.1993246838856,455.8356506907075,32.39,6.86,222.1,2,16,1,4.095016196769491
976.2782568419317,65.20037692528103,9.86,6.82,67.2,5,18,3,8.999089001474045
1105.2909525904809,596.5311009386368,35.67,18.22,649.9,0,14,1,9.41709521766444
534.657725186526,61.019416364568286,34.26,23.95,820.5,0,17,1,3.0069913005577225
533.6299336810952,500.6762411203178,30.57,11.56,353.6,3,7,1,5.7954740341031465
877.9790378110507,451.9532920839053,22.13,20.01,442.7,4,17,1,9.919084719067177
782.1526575892517,367.3042205803373,5.58,3.68,20.6,5,8,3,9.330023175420898
286.23700909661824,280.14858413264267,29.33,21.13,619.6,4,8,0,5.636326512352892
200.61181697136473,461.56544136400413,22.18,18.91,419.5,4,17,3,5.636104233921376
570.1253175336569,451.71894786324225,14.46,22.73,328.6,0,12,2,3.6975521632194295
712.6077667422945,108.19165122918858,3.37,17.02,57.3,3,9,3,7.891962861718595
235.35251553786637,481.80050958769607,11.55,23.71,273.8,4,6,2,4.888830383424914
408.4663126174579,74.7774885379302,25.41,11.58,294.2,2,8,1,3.812115213184869
422.65615600224385,315.3113010132648,7.16,19.12,136.8,5,16,2,7.44779859541101
372.6539851470637,397.6966411433007,27.25,18.96,516.7,5,6,3,6.273468920787179
596.052618246806,498.36264870387976,33.33,8.91,296.9,5,17,2,9.460025807459605
811.4312144381072,293.97282431304063,14.77,23.25,343.5,5,16,2,10.037470345174988
650.5166696499115,165.00910421213277,6.03,20.14,121.5,3,8,3,6.5267297894866605
305.6313497170255,309.67598081026574,8.17,22.06,180.2,4,15,0,4.77899000055641
195.29173269308774,172.61862294915846,16.24,10.98,178.3,0,12,3,1.025880606624999
1000.4949184465444,331.37346743000455,33.1,21.51,711.8,1,10,1,7.282500391317315
616.82124464392,293.6296643707152,26.47,9.93,262.8,3,12,1,5.893628079132243
149.59588622994247,474.8875557377248,35.11,24.22,850.3,0,6,2,1.0364940572191879
369.096079607505,166.8513646622415,39.79,3.53,140.3,4,17,5,5.912577501190603
980.5178317902534,143.99155498849353,10.49,16.62,174.4,1,16,1,6.638179513179823
921.9334837463759,300.2856435531672,28.71,5.47,157.0,2,8,1,8.036078539233015
1060.9146288450631,58.78748815878488,20.26,18.81,381.2,1,7,4,6.924705053396254
754.3383651218951,160.72415820823832,21.26,11.0,233.9,3,11,1,6.47593211380929
553.6546464810216,231.61180108698437,15.05,22.15,333.3,0,11,2,3.081469777063042
557.8311972609847,307.94893615971887,15.67,22.2,347.9,4,16,4,6.93494464519142
297.280049832097,183.5789253984575,28.02,11.1,311.0,5,16,4,5.9547284199523185
808.8948369000277,349.56280198379164,25.97,20.82,540.7,4,6,2,8.21941705306942
735.2770068239965,530.6963598737477,14.78,17.99,265.9,1,9,1,6.7420786458794595
253.4481408002962,339.9246529738332,7.39,12.38,91.5,1,13,1,2.206288339799409
1071.9424704508197,193.4985273897661,24.39,10.55,257.4,1,10,3,7.312965061943622
492.68438770786867,65.3291540413195,30.36,7.63,231.5,3,18,6,5.56992968523305
135.7074173835967,107.89979370654447,23.67,4.39,103.9,5,14,1,4.63840637769036
447.2266312733579,349.89390007189866,3.14,14.38,45.1,5,10,2,6.276956219314582
1054.239520476965,419.71403771949645,13.45,14.88,200.1,5,14,2,11.48012531840914
1106.9913761651987,58.31072782582022,31.81,12.77,406.1,4,11,1,7.861714703224475
629.2462273307896,135.76340293668454,30.47,23.91,728.7,1,12,1,3.994844846579482
1151.1007328822282,211.8763242856452,3.39,3.3,11.2,2,15,3,8.15444642127791
1060.2708263174131,212.27067206188636,20.4,21.71,442.8,1,11,1,7.0346592810876825
1004.2584031511324,576.2919980814378,19.18,20.62,395.5,0,15,3,7.974746455064132
1042.8752724440708,146.14924082718088,27.13,19.69,534.3,4,11,3,10.169114311860795
507.70046162908227,65.63659920309206,7.62,14.55,110.9,3,13,2,5.52464069154559
927.2452136462089,231.21845270802189,25.99,7.19,186.8,5,12,4,9.064404093520581
726.6196834452871,106.6319234869173,38.04,21.98,836.2,5,13,2,10.204264136424651
886.0460819491435,102.1517201273998,16.75,19.38,324.7,3,10,3,7.115933994613726
279.12044049046756,262.24687683676314,15.48,21.32,330.1,0,7,2,1.4114617237929958
899.161181187935,204.64294937247072,4.05,8.19,33.1,2,9,1,7.39419199675466
1152.5035262974723,82.28426240855492,5.12,15.2,77.9,2,10,4,6.99756675448035
418.9829210672011,374.4529547736461,37.47,12.15,455.3,4,10,3,6.09955120325573
1184.5006828303024,315.96886663159955,39.09,17.07,667.4,3,11,3,9.634542588895062
503.7811365820156,73.94681130224407,3.21,19.56,62.8,4,12,1,5.949288637483751
303.6903166635568,521.7643501880623,36.33,6.82,247.8,0,9,0,2.512654744458014
205.760577376267,192.28644318102965,9.44,6.83,64.4,0,10,2,1.1032971900787627
959.157342882759,577.9870474198923,23.77,3.96,94.1,5,9,3,12.299922929464852
701.4044484217566,560.9770205571056,28.09,6.46,181.4,2,13,1,7.871100694530815
423.9870489014723,277.43507694468906,16.29,8.28,134.9,4,12,3,5.475982076128933
761.4644141690088,160.2831560498509,22.57,4.6,103.7,5,14,3,9.128065772384774
451.9533303819253,505.8660461422268,26.22,10.83,283.8,0,11,1,3.150839578697227
582.1606882078738,235.9329297247947,10.18,17.85,181.7,4,18,2,6.170064311913724
1046.183820843462,123.22389596264,39.79,20.45,813.6,1,12,1,6.057842805779922
828.3464540822645,344.4163980167965,10.54,10.61,111.8,0,13,1,5.790804103679893
933.8900604692824,308.9593923397215,3.38,4.84,16.4,1,11,3,7.288980104341601
733.5127776459254,514.5101909239552,37.94,19.71,747.6,4,15,2,7.841404313487981
1190.3658147518954,445.6903865084193,18.88,11.61,219.1,0,13,2,9.13905557690531
350.3792742457998,529.3995074969496,17.75,8.53,151.4,4,7,3,6.480472882332951
373.76610000507253,448.7806600608034,13.2,13.36,176.3,2,15,1,4.340149103326622
183.66601138693284,396.0397275692443,3.96,24.34,96.3,1,15,2,1.9352997979642987
700.5018423191957,315.10097679789726,12.79,11.2,143.2,1,11,3,5.146502431352512
766.962344777372,592.9053750129751,17.55,24.11,423.1,2,12,0,7.289414691719211
893.0769616466782,576.7239496800983,22.25,8.57,190.7,2,6,6,9.750096458619094
455.69943706317235,513.8461994753773,19.93,5.32,106.1,1,17,2,5.056828368346886
93.72761808883047,471.93195185775085,35.52,6.46,229.4,3,16,1,3.4888767415537942
788.0970815389184,359.2089435675519,36.72,20.02,735.2,5,18,5,8.83573596516967
1198.5389516228286,178.05941549993787,14.73,14.83,218.5,2,13,2,8.150754836046222
409.89527624479155,529.0002454401399,38.5,15.8,608.4,1,8,0,3.8673925667741478
286.00658676530213,36.1651968810059,35.0,24.29,850.2,3,9,3,3.7920220345414335
395.5789927655156,159.64078107254193,37.32,14.11,526.5,4,18,1,6.0855955745648345
556.4653317502929,260.12749369814776,29.13,5.57,162.4,3,6,3,5.097236432286927
361.02248042687245,364.10957848342105,10.34,18.81,194.4,3,14,3,5.084128332256575
468.5952284116335,349.7012126054029,10.22,7.57,77.4,4,6,2,5.68825769356145
794.7915472088861,130.21502103961228,36.62,15.79,578.4,5,15,0,7.208357728014205
466.4313452637285,89.73497389371312,21.76,21.8,474.3,0,13,3,3.2186447309593094
523.5860181576932,156.7274887236094,35.95,13.5,485.1,5,12,1,6.682276088932264
124.83501433517561,228.76400967099565,29.66,9.91,294.1,5,15,4,5.691184481690768
1108.0956018176141,38.01060211444914,10.86,15.66,170.1,5,10,2,10.724741079748435
535.7122751046361,424.6998177134178,17.24,5.79,99.8,2,13,2,5.71738245435823
447.5207379589696,171.20463837037013,38.81,9.77,379.0,5,16,8,6.592494116268288
176.86229979483065,230.30052883256656,3.72,14.09,52.5,0,11,2,1.0
790.2852012426057,220.89396363282273,29.44,8.59,252.9,2,6,1,7.018931279669085
1047.4839442954055,321.7429865007574,39.21,3.86,151.5,5,18,1,10.513073977542584
126.09158405868834,520.0858415939283,6.85,15.87,108.8,1,13,3,1.8691996727208622
242.70516344995974,115.15227349815848,13.06,11.83,154.5,4,11,0,4.238800014384154
243.95660835255222,224.21445454182393,23.24,11.59,269.4,1,6,1,2.3072594493010117
754.547837989528,424.45642040711664,34.22,24.93,853.1,3,7,2,7.833681392701032
1111.7781630445731,55.211905569848966,21.74,5.46,118.7,3,9,4,9.803684658978602
570.3005711133708,503.0878220424675,5.21,6.39,33.3,5,18,0,8.38781381048038
465.06322197711273,578.2403300835331,7.71,22.28,171.7,2,15,2,5.510320465888213
937.7415678682942,376.3532054717348,16.91,5.87,99.2,4,11,0,9.01371648360826
911.6773491663296,575.2097714875111,14.93,23.19,346.3,2,15,7,8.681202578406017
356.3668759904748,265.4452427760962,11.13,17.78,197.9,2,11,0,3.2840364054321993
260.12552578483235,266.568086473428,34.08,14.62,498.3,0,17,1,1.622723991682535
480.7472363051991,90.56187836565934,3.99,9.12,36.5,0,10,2,2.4733489478181188
948.6757992938269,50.20475294986873,33.69,10.91,367.5,4,15,2,9.130716821742018
858.4709967047756,169.3674613366843,37.1,21.17,785.5,0,11,4,5.8615562561559695
825.7561511189499,302.5333345476542,26.31,4.27,112.2,0,14,2,5.946361811144545
1008.9599873827883,319.37896279184673,26.14,19.91,520.4,1,8,1,8.074221506233743
390.385949822361,154.01796759261697,8.51,21.21,180.6,2,18,4,3.4376183393868383
460.4457725258513,379.2992345570137,24.03,18.53,445.3,0,9,0,3.054922973107475
127.42018468227711,133.28734865788113,16.88,4.2,70.9,3,12,2,2.963587348127861
1052.9952688999574,215.94034995338708,11.47,19.34,221.9,4,14,1,9.474266776930854
732.3213031128395,141.55442365791663,24.58,18.91,464.9,3,14,3,7.677030298634619
413.89696690973653,427.09825199437836,3.04,3.29,10.0,3,13,1,5.261357725166849
157.7465152232894,324.4463296867177,13.23,22.63,299.3,5,17,1,4.460681843078635
890.2186435419549,449.57762647139083,27.27,5.91,161.1,5,18,4,11.18050745351824
918.5860218949484,62.63145666724032,19.84,24.14,478.8,3,15,2,7.9286058249976366
826.1200903688253,272.4563857340306,8.39,4.56,38.2,0,8,4,6.248477875971378
308.2346874603371,581.1663900194097,3.05,8.24,25.1,4,16,3,5.917611290252203
1102.8019855296375,60.56312338262726,13.01,18.19,236.5,4,12,3,8.46331327116446
923.5369813033815,268.47585312669844,23.32,6.02,140.3,1,12,0,5.406131402503494
816.6870824140467,53.02698474770372,22.78,7.07,161.0,0,18,0,4.158910456010988
809.057194232402,113.59239295335598,7.85,3.25,25.5,0,12,2,3.9814067925155245
1092.8806241026382,293.64007739663936,25.71,21.18,544.5,1,17,3,10.153016541650821
1119.7039890687786,119.78263667990998,39.96,3.83,153.0,4,14,6,12.289927894964354
747.1139081714688,325.6905922293906,24.64,16.92,416.8,5,7,2,8.996123993061289
546.6697402780542,555.9570591789396,22.52,15.81,356.1,0,15,2,4.81304619398885
487.38205710654614,144.23230817253324,26.04,14.25,371.0,2,12,2,4.727814147147708
997.3683020104091,91.09631053595274,35.55,11.25,400.0,5,13,1,9.730171253523299
801.9579806144536,500.4076403302826,38.0,9.59,364.5,0,9,3,6.212822663050497
166.53795388409208,292.35381302584045,4.52,24.05,108.7,5,8,2,5.042654236877105
239.24833457683047,533.0883263411586,10.58,20.28,214.6,0,15,1,1.622097520217312
1088.208202517428,204.4902779592707,7.28,23.3,169.7,1,9,1,7.202324753887494
1070.637925877041,387.6932429566411,31.58,19.15,604.6,0,7,2,6.153822712639443
1146.0523425411652,556.2887259519487,4.69,21.24,99.5,4,12,2,11.757412331320948
559.1930834077225,127.86660568530637,36.4,24.21,881.3,2,15,1,4.988743261946201
958.148216557592,486.4152788040799,3.76,12.98,48.8,2,8,2,10.686386597565015
1007.6120305920401,389.96454741172255,25.29,22.95,580.5,3,10,0,8.590095131499849
433.58053453877625,493.37964443742044,13.2,3.95,52.1,1,11,1,3.8509461602758317
242.7782365743993,127.29520662327165,20.41,5.37,109.7,4,18,4,3.9517780962478835
1196.6695250358737,277.429288092097,19.35,13.79,266.8,2,7,0,8.713758538337562
113.84550820151189,103.43722023186302,30.71,12.99,398.8,4,17,6,3.871653063029098
749.0162289568161,577.2468015516579,21.38,12.64,270.2,3,7,1,8.007107695134234
808.237747083514,65.73428208727665,18.59,14.82,275.4,4,13,1,7.962105575898485
843.6040630060062,67.32553685680134,30.02,14.84,445.6,5,16,2,9.136212832080131
366.30307324538046,541.9490295435703,37.25,22.15,825.3,3,17,2,5.091348977729713
888.1687536147128,201.43442443847474,32.38,10.61,343.5,1,13,2,6.226868206135386
322.3675108750174,370.30141872287555,30.26,9.96,301.3,4,12,1,4.878141718753653
1008.5228464418843,193.86105147716486,21.05,18.44,388.1,4,16,1,9.227241711276283
325.4106749747907,399.792274107693,36.31,17.27,626.9,2,17,1,4.490235703223713
860.3107525652068,139.70754048391552,20.99,21.26,446.3,2,6,2,6.1076849735444165
957.423104134053,291.5555910893375,37.42,9.8,366.9,5,9,2,10.269309272041175
291.6192405176514,334.0905396248248,32.71,3.14,102.7,1,9,3,3.131184178897409
346.5448661485151,220.17644746366412,8.56,23.77,203.5,0,16,1,2.2609571415977396
952.5961873824909,173.46934842330268,4.74,3.97,18.8,3,6,3,9.055847335615022
176.31884823114717,109.91780057259358,30.41,17.96,546.2,0,7,2,1.0
293.6522667626638,432.5022716955143,28.38,10.08,286.0,4,6,1,4.361873279600079
590.194614932705,125.92114811682124,25.28,12.32,311.4,5,18,7,8.538469710570594
1121.803760194143,196.51204297724246,39.12,21.44,838.6,4,6,5,11.164472283055147
709.3031750801717,222.03799583141492,23.18,12.23,283.5,1,9,3,6.459766504980788
514.1991899932125,288.989074278412,15.87,6.18,98.0,5,12,0,6.760897752877893
1175.7746488891737,430.4641587435382,23.9,19.6,468.5,0,10,1,8.043885467536759
599.3566629678431,273.9287267526121,4.05,3.44,14.0,0,7,2,3.387613319067143
565.7831705299799,526.5233642182255,24.43,9.04,221.0,1,11,0,4.643730996220905
541.0416349142504,417.47781857350515,36.39,14.84,539.9,3,16,1,6.0043476903101825
429.6416813196118,507.9374281942026,3.16,12.63,39.9,4,9,3,6.112056147349383
444.7781869060945,438.32175795863617,34.28,16.65,570.5,1,12,5,4.450323362323097
850.3775071210379,114.72012590714678,32.67,11.39,372.1,5,12,1,8.518522659010893
125.73586902290687,587.4185620625314,6.93,11.59,80.3,4,9,3,3.9325035851709615
843.6347327238772,478.35417148796836,34.33,10.67,366.3,1,6,0,6.564423601785634
305.3490379009776,356.4514081213871,31.25,22.52,703.8,0,16,2,1.731582308813475
510.31296358903205,124.18163622073192,21.17,3.38,71.6,4,18,1,5.448351033546571
244.12364926757184,128.42796969001546,12.07,23.67,285.8,1,12,1,1.8013278915002
699.0811693611662,380.16876967028077,13.66,10.88,148.6,1,16,4,7.017842460329991
896.8724983463964,267.23236581114645,25.65,11.03,282.9,4,10,1,8.05121999436582
477.2142451831284,415.2399152936331,12.11,18.97,229.8,1,18,2,3.930212622602215
263.0265668450945,242.2838031928305,15.04,11.54,173.6,2,13,2,3.485842849955978
333.68625176291664,322.3217477302591,37.44,16.57,620.3,5,16,5,7.491063394717348
996.2864687486413,137.13608163945838,29.99,22.88,686.1,4,14,4,10.83390816314462
379.7665832670347,118.46465224748115,30.23,21.62,653.6,3,18,3,5.008917631422307
947.6669041725744,73.11751530813964,38.37,14.34,550.1,5,13,3,10.027033795662417
450.9433356229564,497.1944037921748,3.21,18.77,60.3,4,17,1,7.209308654078741
291.38046086411805,346.5701634004069,12.05,11.63,140.1,2,18,2,3.239400863771738
894.5855867827228,569.8703927467975,27.35,20.07,548.9,3,15,4,9.369010218022284
604.7704330122315,457.20718037481697,19.22,6.74,129.6,3,10,2,5.681219233892237
115.03052142778317,468.1950013422116,7.17,4.0,28.7,2,7,3,2.733895222272714
1155.1355096657264,320.1633074922988,31.91,14.9,475.3,5,11,0,9.887726422698593
245.48385848076032,494.8087438196209,4.74,7.74,36.7,3,15,2,4.562599510072791
475.8158136274624,566.9761638288755,23.12,19.03,440.1,4,17,1,7.666994322581686
510.9699911951922,441.3919438311995,23.81,5.23,124.5,2,15,3,5.206529220050327
628.1614871694229,90.18569630559075,26.53,3.19,84.6,1,14,2,4.758431877984256
959.6973050142711,401.0813197744986,14.68,17.87,262.2,0,12,0,5.209295996734319
86.82111323614197,98.6469309774224,3.87,14.02,54.3,4,18,1,4.130091193690959
1124.3686974964037,74.01678077864067,35.89,23.94,859.4,3,9,4,9.72652468045477
803.5081954273725,424.95323091608464,37.38,8.44,315.7,3,16,0,8.893302599544844
1144.726744646808,505.827696196702,20.83,5.71,119.0,0,13,2,8.931647502881887
995.4762819064641,120.53964971573896,3.76,3.51,13.2,4,12,0,7.148953857844013
1119.178804253203,72.26470654064549,24.49,12.77,312.9,1,11,2,7.58741089966426
753.1206170479594,535.3180496894649,14.69,5.22,76.6,3,14,1,8.085862193846982
480.1860608224358,105.35932208479527,9.75,20.06,195.7,2,18,3,4.4022440216298255
576.0637506872362,49.999073433930185,9.25,4.58,42.4,1,11,1,2.728038738130363
816.9961876302065,441.0009901968987,9.63,23.26,224.0,0,7,2,5.345653785046273
558.1636829382967,513.1978658343455,15.24,14.9,227.1,4,7,3,7.7104081947764955
899.4735174839238,323.249804634609,13.38,18.32,245.2,0,8,1,6.212807752548661
182.86977800963314,337.75738913345907,33.95,5.88,199.6,0,11,2,1.1043726666112545
1009.5850468630754,222.0104922546058,21.33,4.97,106.0,1,6,1,6.169714559475429
308.6912763990447,165.92402335375257,18.82,10.78,202.9,5,9,2,6.510908027849528
1137.2213226676893,460.4822800000841,8.4,14.45,121.3,4,15,1,9.487046559979365
254.21129592974006,514.0921126289943,35.41,15.66,554.5,4,14,2,5.448854292971286
224.66389963468555,213.10951215416213,5.03,10.26,51.6,1,14,2,2.5432705064617265
989.30124385788,186.0769353791213,11.86,9.0,106.7,5,14,1,9.002310059488007
996.946047027376,182.64128014067856,25.99,24.59,639.2,0,6,4,5.847363360683608
907.4105502669969,58.83938827274299,28.99,9.0,260.8,0,18,1,4.035443157831338
1155.7941195732692,190.2127641590172,32.64,6.03,197.0,2,9,2,9.342323759391624
383.00438412766596,44.621022672332856,18.18,10.91,198.3,2,7,4,3.735878972752567
1005.8465876691221,479.3923448069725,15.83,9.69,153.3,1,16,1,7.910024857601814
474.2853936486313,175.8782925476472,13.68,12.28,167.9,1,12,1,3.3160097092805803
681.8864606376616,423.3884579302773,24.02,16.72,401.6,1,10,2,5.301801985632079
579.0720332654882,339.617379758117,15.9,16.27,258.7,2,11,1,4.81675631043566
86.55202539444011,507.3542690870033,15.14,18.36,278.0,3,13,3,3.1268197244614053
723.3976567638566,577.4158747075023,3.62,6.45,23.4,2,12,1,6.39406445534766
917.2065942956274,239.35622005362404,38.09,4.01,152.8,1,6,0,4.630692749675802
275.4986696043038,80.35426733709318,5.24,20.4,106.9,3,7,1,4.081779192668571
1123.454565320202,457.298085699976,13.02,7.78,101.3,3,18,1,10.576223099573081
674.0474841487243,42.14232593353452,37.09,9.94,368.9,2,12,0,4.153371254918569
279.63552352922477,157.08910065716037,30.21,13.02,393.5,0,18,4,1.7843347833370067
803.4612794269115,60.35288102968896,24.39,18.76,457.5,5,14,2,9.35419203564115
294.9534335371853,541.9445718232948,27.45,6.6,181.1,3,15,3,4.245174297766293
151.1573500907768,33.0193365698962,6.59,22.85,150.6,1,10,3,1.5740438145570752
847.5530715095513,310.86303405868216,32.92,10.07,331.6,4,16,0,8.393364100812079
203.97826930215382,271.6795024806187,12.25,24.62,301.7,2,14,0,3.1878984624367117
198.96354218160755,402.0644587924395,38.38,9.28,356.1,0,15,2,1.1771535640408568
908.7367907636309,195.1541304844724,11.56,18.96,219.2,4,9,7,12.36349780659277
141.8265011930397,528.0063782675913,26.14,11.29,295.0,0,13,3,1.3380845019076737
986.9414805337092,448.5770727013942,23.18,21.4,496.1,1,10,3,6.898858239596956
971.686609685567,276.4078228155728,8.29,13.17,109.3,3,17,4,10.906834552258978
238.36063944709792,234.07496222214857,16.43,22.15,363.9,4,17,1,5.190803023664508
660.5863249502052,495.05630107362316,31.91,19.59,625.0,5,10,2,8.807203672376943
188.22054988521543,461.5243701653893,10.87,15.89,172.7,4,6,3,4.839158636560185
788.4797661603056,257.430033073707,38.63,8.5,328.3,1,9,0,6.230035239346134
150.48161452701214,224.5819616877725,13.93,8.72,121.5,4,9,3,4.032532352828895
1137.818559081477,52.16615410764902,26.19,24.81,649.8,4,6,2,9.86533063223358
312.6584236139314,76.573129900883,25.9,23.36,604.9,4,18,1,4.857755015466511
844.8420146624825,60.733519665913775,20.42,6.05,123.4,4,12,2,8.031323196754078
223.68639530236325,43.91682721837529,27.25,7.49,204.1,4,7,2,4.371750046772787
314.7480221259897,117.13725782024513,30.51,5.35,163.2,3,13,1,3.9818657521337206
585.0636067493751,518.5708360779277,25.9,7.43,192.4,5,11,0,8.327916211442682
721.8676783024981,484.9508071308431,23.72,9.39,222.6,3,8,1,7.8142966871105015
1198.726829238685,511.97709326207234,25.45,21.43,545.2,0,11,1,8.150305975432062
109.03737546185744,385.566206012519,17.87,5.09,91.0,1,13,4,1.7408141726109296
80.3521500013774,385.7159677071819,5.62,22.41,126.0,2,14,2,2.4881015497780847
472.41114608074173,100.64109553521949,8.91,24.38,217.2,2,8,0,4.184791909255209
490.09513193871027,428.4102515761605,25.45,9.2,234.1,4,13,1,6.462681332239796
1069.8977044304675,189.6150541961696,37.31,13.04,486.4,4,16,1,11.429451020208202
1102.0924534209782,325.9743979781346,3.95,14.65,57.9,0,14,2,7.827091146165342
1066.187973522437,574.1918841664888,23.13,7.53,174.1,2,18,0,8.539452955541936
240.36020054437353,526.2507747615035,12.33,19.09,235.4,3,18,3,4.369257497783305
541.5574154028022,162.92029915860152,23.78,15.76,374.8,5,12,1,6.850070377816377
915.391381770426,449.89085094916726,30.74,5.47,168.1,3,11,0,7.928327141910072
430.1243959183504,89.33172747675032,30.21,22.71,686.2,1,11,3,3.843077693441657
822.8265919318173,45.24321687409858,29.82,9.65,287.7,1,12,3,4.72149099147944
345.60000677402303,46.05933662566031,31.82,6.44,204.8,1,8,3,2.60755564543519
442.22956891610505,127.04049600426704,5.69,24.6,139.9,2,18,2,4.357040909078066
1043.681207270302,426.12058919346197,21.85,5.26,115.0,0,13,2,7.744193043646518
360.57012041967454,237.08435927107064,12.69,4.31,54.7,4,7,3,5.488014462919105
1160.0429773110466,39.08719021101432,37.09,8.23,305.1,0,17,1,6.914313829773036
423.01070824926853,593.1728998847999,31.97,10.02,320.4,0,18,3,2.825174321448876
106.35148300207064,334.0256898422361,6.98,12.54,87.5,0,13,3,1.0
365.4890122588789,254.511722613451,12.0,18.07,216.9,0,18,3,2.0819529250735638
271.74953531263685,325.7444401778339,19.84,11.05,219.2,3,18,2,4.744360993311758
647.6462021636557,326.38341861937346,38.63,15.31,591.2,4,18,0,6.6663696897265625
206.24199428720323,298.0348489430064,7.06,3.13,22.1,5,18,3,5.942615347816985
781.1747425148588,379.38087554503335,24.01,11.47,275.4,4,6,1,9.183447317615096
1059.886959023274,534.8071733249346,15.63,23.79,371.8,4,6,1,10.218095297660094
486.02114762018397,201.97680448393933,26.91,20.05,539.5,3,13,2,5.674424878082484
268.711845622053,307.57211502219843,27.0,19.3,521.1,1,15,1,2.3445681429295564
528.0279952785424,32.07707783215815,11.9,9.7,115.4,2,16,2,5.295854322954954
960.2828400247023,520.0941403513755,32.07,13.74,440.7,5,14,1,12.074335966199644
742.4661949691471,204.36521668047627,6.38,21.58,137.6,0,10,0,3.9949264863330747
193.2803989269155,184.63923204717028,33.27,22.36,744.1,4,18,4,4.6480366366008745
681.6496128462774,598.5961864502898,10.84,18.63,202.0,4,13,4,10.180167633929488
604.2556272302644,363.1039750847571,24.81,13.04,323.7,0,14,6,5.412459607359997
446.3657267437008,100.13465030036446,15.85,4.61,73.1,1,9,2,3.365883661831662
203.3798675797221,181.34923283933546,25.56,5.63,143.8,1,15,2,2.202401866398438
1178.8453678947078,231.33915531179747,12.89,3.01,38.8,5,7,2,10.509685724805607
277.1685182804463,592.0542272862727,24.05,10.9,262.2,2,17,1,4.339546668196841
295.87203768563495,275.454356411469,3.3,3.51,11.6,4,17,4,4.852719814715409
243.05261515450414,161.17637332690117,16.85,12.57,211.9,3,14,2,4.238802773397022
718.6162033428106,354.7466514253058,33.58,16.15,542.1,0,18,1,4.631739625886727
576.9099234206244,260.7130050924959,20.13,16.11,324.3,4,17,2,7.42254699289478
359.5040438697427,61.327421240866144,21.47,15.22,326.7,3,6,1,4.641687361341151
560.9541889841115,520.7241790989656,26.0,7.98,207.4,5,8,3,8.432605217135668
834.3444731891241,38.94189055148323,19.07,14.42,275.0,5,7,1,8.495818745874503
395.5045952784658,542.1356723749217,35.08,24.56,861.5,3,10,0,4.689786398250952
1105.075269154026,481.35946105302725,17.92,12.78,229.1,5,13,1,12.802517063938572
423.1077856390305,73.21922978117433,37.87,22.24,842.3,0,7,1,1.9498327023741258
301.96051452159566,442.4583143534407,35.45,11.39,403.8,3,7,2,4.50970992359683
1149.1159884975523,469.43675881941175,18.58,16.71,310.4,3,14,3,13.2872566871364
987.8278833323609,373.31503185435014,16.53,13.6,224.9,1,14,1,8.912911345653837
464.31413982468143,359.27235608899025,28.04,18.15,508.8,3,10,2,4.8947004338547035
1022.4036732811411,58.32160496134521,30.95,22.74,703.8,4,15,3,9.801147490410182
661.071959052256,63.912931938986056,9.88,12.7,125.4,2,13,5,6.761723934367291
468.36279805239036,444.5545304063472,11.92,19.66,234.4,3,11,3,5.843803499898744
1020.3649802839201,90.1721519837786,8.41,22.42,188.5,4,6,2,9.483841404845716
922.4248748881732,167.85113740269222,31.15,20.37,634.4,3,15,1,7.197751386814995
413.6198237602785,314.3368584793145,29.43,3.54,104.2,2,14,0,4.155355727204483
759.4799370889307,123.57329395922851,9.99,3.0,30.0,1,7,4,4.9204855955773805
493.7170503421729,480.2085495135146,22.86,22.43,512.7,3,8,4,7.240387539655575
81.17820926763471,490.2054735540805,31.28,19.04,595.7,5,9,2,4.9721244112734695
1157.2336303683128,510.0216304187084,38.04,24.08,916.0,2,8,1,10.321651069885379
695.5845652015771,58.25382884158183,9.61,9.43,90.6,3,16,3,6.375055999197406
750.2445138656772,273.8877019031659,14.26,20.34,290.0,5,18,3,8.70963346766567
751.8783967585703,512.7430734471714,15.89,20.63,327.8,1,7,0,5.3271185088203055
696.7184361177311,237.03505247481837,26.12,21.86,571.1,4,9,2,8.557495426772814
404.8535861464247,426.6176156441228,8.05,18.22,146.7,1,9,0,4.053609852055506
1168.165259897023,365.87016538830545,10.16,6.04,61.4,1,18,2,8.694461551726677
776.2686220171191,227.9089115230918,31.88,17.98,573.2,1,14,3,7.666267379279394
831.4319238204369,187.55075258154153,23.06,16.3,375.8,0,18,1,4.541929341824391
589.3678881950958,402.06356249666186,8.93,10.34,92.4,2,9,2,6.8698768156499925
402.4047685496765,106.16575809165128,17.37,7.59,131.8,2,6,1,3.7059352643680783
152.07086003592087,520.2698358800224,7.98,22.47,179.2,1,12,2,1.8465630515872715
472.2578201560326,358.57276141600096,16.42,6.12,100.5,4,16,1,6.619969707044904
277.22912078059915,93.55699792172834,17.81,12.29,218.8,3,16,3,4.28714143957666
821.5388604478533,431.01075776021725,7.15,16.7,119.4,1,12,2,6.11719341232814
1064.4843509790458,275.7341534329788,5.21,24.38,127.1,1,9,3,7.667627184078702
419.0854412351306,146.32640675701015,35.62,17.76,632.7,4,6,2,5.2931401602309975
452.82854046373217,577.8094969671737,35.84,9.71,347.9,1,11,1,4.427145743583828
830.8082442884931,440.1992374582226,3.1,4.33,13.4,2,12,1,7.3270140592846245
247.18400635018472,368.00636529695777,26.72,9.99,267.0,0,6,1,1.6935514518880295
1120.9699178790231,513.8542932038362,6.47,9.44,61.0,4,18,3,11.002447424086553
487.50839474854104,340.005780232827,32.98,21.02,693.1,2,15,1,4.450734097363375
193.3433794379876,281.63824902975523,35.54,11.28,401.1,4,10,3,4.147590128214728
275.6460855111185,137.98471012060372,25.81,5.17,133.4,2,10,3,3.4209575846024847
1124.675605128353,117.43254231736185,25.69,22.14,568.7,4,10,4,9.151176478179027
356.7736029733024,276.22251033195346,16.74,3.4,56.9,2,17,5,4.3596468272908755
821.7410602910408,289.905510045684,12.23,3.07,37.5,5,15,1,8.898485762796032
254.90505036285694,447.98812798151454,21.47,13.44,288.7,4,7,1,4.343142181896919
297.39389543063106,281.98845572101953,7.95,4.52,35.9,2,9,0,3.7303656761429216
1064.7468051679748,368.10074432228816,27.87,6.9,192.2,2,16,2,10.205654942074226
245.79720651486923,504.53555872346027,20.39,24.68,503.2,3,10,1,4.315289152548761
101.00065714463267,596.2007764410088,9.57,21.58,206.5,4,16,4,4.232454246543591
641.3811722694294,213.83942963623102,24.77,19.81,490.6,4,12,4,7.289717970748436
1046.2540308544867,544.1140443251702,32.43,17.76,575.8,0,16,4,10.598444076394172
445.1099708654997,489.44899695655135,24.79,4.05,100.4,1,12,6,4.415260029412176
223.54174312319577,68.76381348214525,22.6,21.39,483.4,2,15,2,2.849635070352533
1180.0985291135144,220.470590586718,34.37,13.37,459.3,3,11,2,8.679949950341955
837.947265028143,154.85448710559854,3.4,5.16,17.5,0,9,2,4.110649505865345
1032.7735077819352,408.6990352811089,25.82,9.62,248.3,1,17,0,8.790298900382677
922.3948650083946,346.5205076440823,18.16,14.04,255.0,2,11,0,6.914518960980901
862.0313468678929,312.0650999760456,10.16,3.3,33.5,2,6,1,6.111896224497088
510.71175518663074,465.23134537031916,39.24,8.55,335.7,3,11,6,7.660283928013717
443.2607923880761,219.98595661283053,17.94,10.39,186.4,0,11,0,2.392690603981185
882.993627401811,248.1688084653614,15.4,13.2,203.4,4,9,4,9.557430587046822
882.7185691584978,523.4113504885061,9.25,3.04,28.2,1,17,1,8.483981823502239
1144.6589901349844,584.1588502782038,39.92,15.44,616.3,3,12,4,12.146402518924553
716.898995990121,472.5236842376644,34.67,7.35,254.8,5,10,0,8.89271418449914
409.97563848219437,153.73045562301897,5.59,16.14,90.2,2,15,2,3.636684494593092
628.2722552501348,94.21143033339298,23.93,8.26,197.7,1,14,2,4.905275337901147
767.3594747330295,149.24693422650716,8.45,11.86,100.3,1,12,0,4.981135093989408
557.937375526142,270.97397806305094,29.48,16.72,493.0,3,18,4,5.786613374582351
966.069098162694,164.9173058161538,20.91,17.44,364.8,5,18,2,8.011697865988197
734.7667976817382,543.5934544010466,7.08,3.67,26.0,3,12,0,7.854861130351875
90.56801494296862,412.3120540074409,23.61,14.77,348.8,1,15,3,1.520260358823216
718.2206748198495,267.53566952631803,36.69,20.97,769.4,5,6,3,9.375525108786585
789.6362402548842,186.07268773108964,15.62,7.54,117.8,0,11,5,4.898367115508485
1105.092601729359,246.97677293034968,4.88,14.7,71.8,2,11,2,8.538144795469215
543.3682745038911,301.3488393590362,37.97,12.85,487.9,0,11,2,3.0538821430691483
723.4037783839213,436.8787407401653,8.25,21.7,178.9,0,16,3,5.713970361123072
611.9971448000988,80.92468819046098,20.58,12.65,260.4,5,13,1,7.06943172047099
675.4551998851516,513.8347756796991,23.15,23.76,550.2,0,12,1,4.964161026027502
155.38055914927605,102.7092177442026,11.77,17.35,204.3,5,11,1,4.882778584493312
1084.9577076370738,179.5965467242896,9.56,15.35,146.8,3,14,1,9.338848499363227
1099.6618206114208,596.3462405903728,7.19,9.42,67.7,1,8,5,12.145231234863177
693.8267630237486,138.41892140522316,5.59,16.12,90.1,5,9,3,8.400347815123803
703.342177607459,87.65104703821703,21.8,5.89,128.3,0,12,2,3.8612440870742804
144.4627602572291,393.89102209371504,34.15,12.16,415.2,4,10,1,4.850838823145858
749.7045746941276,254.0835755151982,7.69,9.26,71.2,4,14,4,9.389531859099666
560.650004664662,82.34619753304997,28.92,17.75,513.3,2,17,1,4.29933173613866
874.1288658625698,32.13318415895567,18.27,19.81,361.8,1,10,3,5.414829280306394
132.77990658704107,75.12209853744235,4.3,23.43,100.8,0,13,2,1.0
876.1942046570285,327.9592798999868,22.83,7.89,180.1,0,9,1,6.600808618236074
401.32108269219157,161.6089787246371,12.32,22.46,276.9,0,16,2,2.435906560891184
809.909970107481,473.20471656180143,25.39,21.61,548.8,2,8,2,7.484881094957945
782.3810923495778,518.7799208508935,15.92,21.97,349.9,3,12,1,8.332538826672021
334.06246278810045,112.55482009771777,27.66,19.29,533.5,2,10,1,3.4069166987716217
573.3066266422188,222.10132631864798,36.98,8.89,328.8,4,15,4,6.497725911694257
1015.9092501397234,113.54725151687256,12.05,22.31,268.8,2,9,0,7.3268481758745025
758.2626408261468,193.4148410417099,37.77,16.19,611.6,4,8,2,7.458955064314972
156.98689821582084,166.34651868782564,10.56,19.29,203.7,3,15,1,3.3370707546438454
576.0578910793292,478.5129935341963,5.62,7.52,42.2,5,13,0,8.096996065645122
429.1840338312671,226.92341646801773,10.13,6.46,65.5,4,14,3,6.450829681683821
798.6431603810287,312.4719352841805,33.15,9.09,301.4,0,16,5,6.226880446637649
768.3116142506922,414.12021011959945,28.07,14.25,400.0,3,9,1,8.180915308172372
91.6458736913574,498.6862900167464,38.92,12.17,473.5,3,9,0,3.1427954696704568
760.6189705486785,201.68918148379754,29.26,22.53,659.2,0,18,0,3.838546284416325
903.0316124631291,149.25578059129091,18.27,3.29,60.0,0,7,8,5.680256567058049
940.9776362897645,587.7184230408445,36.02,4.76,171.5,0,14,4,9.63882728294398
146.0528628367565,212.48410044907325,38.45,10.16,390.6,1,11,2,1.6561786575986377
420.0974271630532,412.50881653309904,32.29,6.69,216.0,5,7,2,5.746098434743353
551.8263878177067,416.3693931863484,23.6,11.95,281.9,1,18,2,3.8385930991008133
281.3443127303012,322.99678399173837,33.55,18.79,630.4,1,16,1,3.0288131444185353
551.221935704811,160.21504392619747,9.62,24.86,239.2,2,8,1,5.009562117923396
159.6650801246634,110.63072994388045,36.31,7.45,270.4,2,15,2,2.4951197908281886
206.80335696789777,307.5992026012257,39.98,8.85,353.9,5,15,2,5.442967514856869
828.9381343846297,321.22983592548485,27.61,19.91,549.8,0,12,1,4.992270408538098
374.0811564993736,470.81905136163465,10.25,8.99,92.1,5,18,0,7.183022915219966
876.7745491771211,434.60506305275027,8.34,18.48,154.2,1,9,3,8.115419504317268
133.88155137866815,549.863528936444,38.5,15.84,609.7,1,6,2,1.881679784632812
710.2274194087232,583.39052027595,35.24,21.81,768.5,2,16,3,7.841602953299723
518.4225032172611,444.87525593373823,30.7,3.73,114.6,5,10,1,6.457396875170207
972.6079589453211,73.61141183324443,38.12,24.55,936.0,1,7,3,6.304079390742668
958.0257698302294,260.91743625374846,21.63,24.21,523.6,2,18,1,7.361498087109402
500.6267995524091,377.0173508091893,35.85,3.49,125.2,3,11,2,6.072814865187411
777.4396957782401,366.4111907264758,9.02,13.99,126.2,4,17,4,10.697731462545093
334.85473307782667,133.42295792344095,9.76,11.83,115.5,2,16,3,3.444972697676478
730.0556565220706,362.2784957869967,21.96,8.59,188.6,0,9,0,4.706999066004001
171.01645722122515,229.31788949242315,15.3,24.51,375.1,4,16,1,4.7132860298560555
566.7567982128433,223.1883015609181,19.0,6.84,130.0,5,12,1,7.1478732324554155
284.6550033226822,505.3839930217046,32.53,8.8,286.2,3,14,0,5.199914766892506
1069.3869239425053,270.5019004408854,4.98,3.18,15.8,5,9,1,10.874778727551163
578.2889161228516,330.615693816738,29.67,15.76,467.8,1,6,0,4.771173538658136
741.666598474039,350.8375307896529,6.26,21.94,137.4,5,8,4,9.925178154245819
483.62768356961163,350.9081645154213,34.36,16.68,573.2,4,10,3,7.418164565930178
403.3899594685792,151.4792628565221,10.47,17.34,181.5,5,13,1,5.297673881647439
307.2701570289176,371.6884169949341,30.19,4.46,134.6,5,17,3,6.674953224885123
1101.2961725870618,220.73545709814815,24.9,18.73,466.3,2,8,0,8.487375174385754
975.401676318187,403.3615679198167,17.27,12.0,207.2,0,15,0,4.826758070357464
229.25248176275457,113.04763141046445,12.9,13.42,173.1,4,15,2,4.4772051537627
916.3318614468141,596.6458889411916,5.13,15.87,81.4,4,16,2,10.199875745965677
548.7544702810516,470.06467612843545,16.08,24.46,393.2,3,16,4,6.941796807418569
97.24425355583824,267.8333170860553,10.42,19.46,202.8,3,6,2,3.11042265780801
671.7713988213686,201.77055499264128,8.03,18.05,144.9,0,8,0,4.0315528991858525
225.65201289505004,251.04715984617212,30.32,12.5,379.1,4,18,1,4.759122122200769
315.12643066482605,441.0887154811087,10.86,3.76,40.8,2,14,1,4.010878281535396
859.5658767949842,403.58244576320214,11.26,14.85,167.2,0,8,3,7.982479507072156
367.99908159813964,430.19273184033483,15.6,17.54,273.6,5,18,0,6.5299376639085684
1078.9147860628345,536.7295414073774,20.12,18.49,372.0,0,10,1,7.46500519561136
816.0301294350703,290.0882789969333,22.01,16.37,360.3,1,9,3,6.938129315149653
1012.1575031001062,411.6270546151689,27.59,9.61,265.1,1,16,0,7.9380443257298205
769.0122829298061,281.6595343271249,24.78,7.86,194.8,4,18,0,6.528871304565691
1053.1115419446578,393.7159045283296,20.82,4.98,103.7,0,11,1,6.795815089088584
485.0868360248082,300.6494730688799,17.58,18.46,324.5,2,14,2,5.582919751453061
695.0374461118492,472.69826758259904,12.83,24.36,312.6,2,14,3,8.330724700680495
657.7972484976535,32.99827027172783,29.27,14.55,425.9,2,8,2,5.865412655745619
1092.245593047327,152.95524480017565,14.75,17.81,262.7,5,13,2,10.815632745348335
264.70525764164717,198.9694463430494,34.43,18.24,628.0,1,6,2,2.3882084297991635
727.4280547690955,568.8748685631363,24.69,6.55,161.7,2,17,3,9.30764674983136
924.962937534218,319.0163413911432,26.46,7.22,191.0,2,16,1,7.801197286274419
494.45573179769957,237.6805715989405,21.83,7.58,165.4,2,8,2,4.468799893555574
1051.6913075698935,260.457905899793,37.36,23.52,878.7,5,13,1,13.41414165774061
497.77653912706216,287.5387015565457,18.6,3.34,62.2,1,7,2,3.4268422201946143
274.10581108342603,524.6633223649635,18.8,14.91,280.2,0,7,1,1.626597811771515
734.1341580536356,578.5314434376786,36.04,11.3,407.2,2,14,3,8.530891615166999
551.03617124179,511.17384465193146,25.38,17.51,444.3,0,16,1,4.493278209005789
97.0129172438451,509.74435514880065,19.62,7.85,154.0,4,16,3,4.24907986404904
158.2192235927236,143.4386132446129,12.7,24.15,306.6,5,10,6,5.54123302726544
298.7104418313808,183.14650090448555,12.07,10.29,124.1,4,18,2,4.830885379765719
941.6495546603306,369.74803291811645,32.65,23.37,763.1,4,13,1,10.099094656633453
1079.084257957798,403.99832566154726,13.34,15.96,212.9,2,11,4,8.695137656129553
691.1177788959292,145.54206286426634,3.21,12.12,38.9,4,10,2,6.9855922692949965
198.23331801581827,455.3806674655149,3.72,19.15,71.2,2,15,1,3.013827396945709
678.5492265108675,143.97922516416446,39.2,15.17,594.6,5,10,0,8.284161537887721
1038.2781158685784,179.9160685559661,23.71,6.05,143.4,1,11,2,6.021010579304307
919.4149446173004,204.87345664951806,21.09,18.5,390.2,0,11,1,4.428174666510782
406.02994334105995,512.2151073994808,36.96,15.75,582.1,5,10,2,7.687678903571454
218.75748240296076,447.2878212164035,16.01,15.44,247.3,2,11,1,2.9243072718752683
1088.7635037337122,332.4906983627834,32.41,19.24,623.6,1,6,1,6.6668788512875965
1036.5793962280763,497.25709993689026,29.71,17.38,516.2,4,17,0,9.589857990241935
140.1612089626529,493.3691009814764,20.65,11.06,228.4,2,9,3,3.149390751948497
1002.515428603512,252.20486469077233,31.66,10.01,316.8,4,11,1,9.084827291702808
188.87815431913225,475.41925386782935,38.73,8.52,329.9,2,8,2,3.320896793726995
150.87766941028147,147.55838004094477,10.42,15.65,163.1,4,12,2,4.22814487343158
929.6330048038105,316.8404444746403,3.65,9.6,35.0,0,9,2,6.668951673362419
680.667896555953,97.39778632154211,33.39,5.65,188.6,4,8,5,7.953565264770309
544.2937869811572,273.2728567870171,17.93,20.22,362.6,1,9,4,4.842451109668037
1092.3256594931445,326.60848876729864,23.14,7.6,175.9,2,17,2,8.66676092870581
1020.0200007158842,75.55346401216005,11.23,6.63,74.4,5,17,1,8.551414407503692
144.5382881327034,293.68927418709745,34.15,21.68,740.2,2,16,3,3.3263831005320235
770.017710974113,401.4522094872758,29.68,18.45,547.6,0,8,0,5.393244954021625
944.9394915923532,380.03029380450056,38.27,19.86,760.0,2,14,5,9.314133277454747
696.5494493479463,60.98171609790249,20.58,10.71,220.4,1,16,0,4.388266443224359
1180.9661589653308,84.34362096767461,39.13,16.58,649.0,2,14,1,9.364148856044727
848.3732052052541,230.2730601944304,21.9,23.51,514.9,1,17,1,6.365437817966291
196.64017422066834,510.33086206218024,25.99,9.22,239.6,3,8,2,3.8133114108540713
302.0937734399479,525.7609503053966,27.94,4.52,126.2,1,12,3,2.954552887852185
1005.3950957433974,206.47933573351781,21.12,6.76,142.8,2,10,0,7.000154370489331
1196.367473921616,439.76848858763015,23.82,22.74,541.8,5,15,3,12.111070421882896
190.13997889707645,359.1126376404366,11.26,9.19,103.5,3,7,1,3.8030306806564127
192.3688359864542,590.5506874928766,16.41,13.81,226.5,4,10,3,5.614669801208026
934.9935006404775,83.94703000512428,28.97,14.76,427.7,4,15,0,7.6082793514088705
152.07679552252432,342.29202307694527,4.44,24.12,107.2,5,6,1,4.84628493445762
156.78732999262917,367.74645985661465,28.92,9.63,278.5,5,9,0,4.886989050242187
1075.474460970822,205.37108544213618,14.24,14.47,206.1,5,15,1,9.757633324522187
976.503789796665,56.76335107013835,13.06,24.08,314.4,2,9,0,5.966469646190738
1067.3507838481082,59.699585342060836,28.66,7.43,212.9,3,13,1,9.361612302698147
808.5750103886841,288.56229089436374,10.95,16.15,176.9,4,11,2,7.178983588222987
441.24079257152147,424.7100599830339,38.58,4.4,169.7,3,11,2,4.984286921204202
1095.0707731727261,429.1001979077827,39.66,8.79,348.4,0,10,3,7.468203510358438
414.5703479713636,133.15281434143978,19.95,4.52,90.2,3,17,6,6.078402978599373
388.57214018943125,519.0441203732983,17.85,10.26,183.2,1,15,1,3.211529858376736
1072.768469495904,244.9825828027546,5.92,7.54,44.7,4,15,3,9.435113762741581
842.5213035923928,579.6897041242781,31.79,20.57,653.9,5,16,3,12.280086393897681
1083.1527348743518,97.35099162261298,9.02,13.19,119.0,4,11,3,8.601026937080977
254.6094439644491,506.77917822222463,37.52,11.91,446.9,3,7,1,4.222409137569916
1146.5724134975071,547.7527473499052,39.65,18.23,722.9,3,6,4,10.094268578142177
766.2712155043663,498.9250499019269,7.53,23.84,179.5,3,12,0,7.066069547383468
828.199249384639,491.03945048381985,28.27,9.63,272.4,2,17,1,8.89426728353451
1103.7478499656258,235.94670878081865,20.24,4.47,90.5,1,12,2,7.527630581093731
506.4433316579841,436.6055708309546,23.02,5.42,124.7,4,18,4,6.608070450096251
885.9239940593657,360.2275426264412,9.64,21.86,210.8,2,12,2,6.554499753372356
797.181495659422,271.9531049157945,29.77,21.61,643.3,0,14,2,5.355608567838821
962.2830451298754,596.0736667505975,9.16,13.46,123.3,4,7,3,9.49259399691276
1084.5759268533043,195.55918934271835,35.76,6.25,223.4,3,15,3,8.561038001195833
841.668158081706,265.49209264703694,19.8,14.58,288.7,3,17,2,7.960496634770161
155.75630104343207,544.6307912827269,26.49,17.71,469.0,3,12,2,3.5529473465138692
285.11718735175384,194.73471908487625,37.11,10.31,382.5,0,17,4,1.9775119468512368
1148.4555641391341,117.02825101326654,30.3,4.82,145.9,3,9,2,9.94978552987406
1164.8885301824932,206.69985731160648,23.01,10.08,232.0,3,12,1,7.998028205426094
1163.502911342166,462.8076559480209,17.9,18.19,325.6,3,17,1,12.218702441610453
121.21532844813214,520.1167855302916,20.1,24.52,492.9,0,13,2,1.0906485679742624
508.34194810334844,95.23364294474582,15.64,7.18,112.3,4,14,2,7.466141973014807
930.8334284665556,384.37622821265114,38.01,23.12,878.8,3,11,4,9.272885317919794
923.2321000967705,353.3535361890035,12.36,13.05,161.2,4,13,2,11.138630143320341
176.21797354395352,411.2147377426181,18.15,17.59,319.2,3,10,3,3.9807260850208404
762.6275535402613,412.5021315422737,31.79,22.0,699.5,1,14,2,6.760126695912763
240.01397276576034,576.8964580519212,16.48,15.26,251.6,4,6,1,4.535477688430465
632.3944528119285,227.5216488032414,35.8,4.35,155.8,2,12,1,5.435281308432684
348.4479849420561,200.8671453893939,11.99,8.85,106.1,2,18,3,3.6996329148502367
139.540512342895,361.29841291844036,4.16,20.66,86.0,0,6,2,1.0
169.62175658980271,274.7685217660372,26.26,15.16,398.3,0,11,1,1.007819373332477
1100.200103697497,300.0399352181696,21.81,10.24,223.3,0,14,1,8.014507968764697
914.0034799057181,69.48788629756089,37.52,15.83,594.1,2,7,1,5.941495475214524
1123.6428595857044,114.498040863548,18.66,8.91,166.2,1,6,3,7.070740960795293
606.388724213579,563.1637138579313,8.02,8.3,66.6,1,8,0,4.7696545132443875
542.8875988271408,68.92612745196939,15.2,21.22,322.6,4,8,3,7.0332229442095855
481.41616760234706,366.38298782795385,17.55,11.8,207.1,4,17,0,7.214007817500944
770.2639475783408,460.1077665401974,24.58,9.03,221.9,4,8,4,10.950406294043765
473.74651340789364,36.762211211271676,13.16,12.0,157.9,4,14,1,5.789424332046213
915.8260220598469,156.96644432202936,23.36,23.25,543.2,1,10,0,4.657173263256679
977.4754053617656,244.93105758415047,36.6,6.98,255.4,3,12,1,7.5254339188219745
1060.9459446409069,318.88594482914107,18.68,7.08,132.1,5,17,1,11.23176472174393
351.93704187471053,224.70931801072643,27.11,10.78,292.3,1,17,3,3.3615638516525985
670.2646952074605,399.9295771449585,11.47,4.33,49.7,2,7,1,4.799479004698146
330.2579707374195,159.0465848329062,32.65,4.65,151.8,3,7,1,4.134466207445277
122.06252223078208,44.52527376454083,12.98,3.24,42.1,4,10,3,3.536544747954881
872.7643406702182,30.895498966404865,24.45,6.22,152.0,0,16,1,5.49518232806365
694.8590268073395,226.9418468112915,14.11,17.09,241.1,2,15,5,4.936516593581058
890.7985530994537,236.14779554072086,5.49,7.32,40.2,1,14,4,7.814508842251069
178.13766077532156,570.7043469103301,14.83,11.31,167.7,4,17,1,4.699553197567063
1194.989320549375,55.525006136534685,10.85,18.52,200.9,1,8,1,6.4122376428176935
1193.6703949806758,332.1370842770532,36.03,3.7,133.3,2,15,2,10.058190475828333
600.7998045639342,359.3535891303924,12.85,7.6,97.6,2,18,2,5.915370582670544
1049.9857610058964,428.58675678170016,39.05,24.91,972.8,0,18,0,6.999986093390977
352.7967825022236,394.0787220801765,21.22,16.13,342.3,4,15,3,5.7332865735839675
906.0741005700926,34.63951142264742,11.18,17.52,195.9,1,15,2,5.0562782953305625
1064.7329596311938,390.15887384313663,17.48,14.35,250.9,2,8,2,9.636430611899705
992.426218010472,213.7611256288473,9.79,24.25,237.3,4,15,2,9.242328603076167
989.1869676300963,470.5353079682471,33.85,6.17,209.0,4,9,1,10.38466879064886
598.5898279395288,137.3682700973485,7.44,4.48,33.3,5,11,1,6.598951459897066
998.3887415122255,438.2372216269922,35.32,20.96,740.2,0,7,2,6.814192152771134
853.5893905838566,386.5323402027648,4.7,3.09,14.5,3,9,1,8.645561004562866
228.3455659215089,401.8058046366607,14.09,15.35,216.3,1,6,0,2.3432499226325163
207.88653255226254,130.29018163990594,8.18,3.03,24.8,4,12,1,4.792121026810091
944.5527922467967,411.42918075950354,28.35,10.66,302.3,2,6,1,8.042321907936145
780.5197794256746,450.0776929258915,21.96,17.32,380.3,0,15,1,4.525812337745197
661.7012512543428,308.9638489055492,37.76,15.04,567.9,5,14,2,8.972750299311482
1096.1332057506875,224.00843930290077,16.55,15.32,253.5,4,14,3,11.191548449804587
818.7411996957649,124.93626409426025,4.51,6.46,29.1,1,15,3,5.630874061311887
523.6843544988963,195.27749931312212,31.18,9.48,295.7,5,16,0,7.841633810296654
543.6036251573258,465.38216659793693,24.44,18.62,455.1,2,14,0,5.6729674381225825
757.8736841156951,263.35841299136575,33.62,3.51,118.1,2,14,0,6.16500730498916
931.5083188487102,430.5465479361568,18.77,16.1,302.1,1,8,3,8.935877760724358
712.075703783019,451.85205524913744,30.31,14.38,435.8,2,15,0,6.284051557916039
649.8121880854812,414.2770277508451,9.33,10.57,98.6,5,12,4,8.781563622275128
894.1287869726837,413.91690149928064,39.98,10.37,414.4,0,8,2,6.395769019952769
869.8962958958807,378.1606764658494,9.42,20.58,193.9,3,12,2,9.256116709277384
1009.9884614871884,325.5005278668167,33.7,11.4,384.3,1,10,2,7.077768840266795
150.05800063056972,142.7555115160538,10.86,4.76,51.7,0,8,0,1.0
925.5463879318163,510.3979305454546,31.95,24.16,772.1,0,13,1,7.44896890784253
655.4117050658928,579.6305783179293,34.87,5.87,204.6,1,17,3,6.670117272952364
163.6562944371301,295.8959173920948,35.44,20.54,728.0,4,6,1,4.019115294889735
840.491231549862,561.9460908542538,20.6,3.31,68.1,4,7,1,9.34027098476003
882.5250172821759,598.8568865022715,18.87,11.02,207.8,4,17,2,9.809964463982006
666.4624298900466,307.13167017391777,33.85,14.33,485.2,0,14,3,4.891249569311508
969.0548549677344,442.8825630374818,24.44,3.66,89.3,0,9,1,6.317814520428365
416.2778816648177,396.9604928027979,25.99,19.15,497.7,5,10,1,5.669649195735161
306.13608475520846,165.24094512042592,11.73,8.73,102.5,5,7,3,6.065673806132853
472.8220259524719,56.840982939961705,19.51,14.91,290.8,4,16,2,5.608453072731186
539.2565748914949,288.4125273694404,16.67,20.43,340.6,5,14,2,8.207868945344277
859.4456346904291,478.7068485158752,27.62,16.0,442.0,4,9,1,10.155769400624107
1026.982330423615,215.32675773312724,10.27,13.02,133.7,3,8,1,9.061988317962035
887.4283728881177,477.1300710801151,18.01,10.39,187.2,2,14,1,8.034907973820676
274.8660661579537,403.23695871888464,34.4,3.99,137.3,5,13,2,6.08458193046576
490.1631349762883,426.45857053602475,23.22,23.09,536.0,4,15,2,6.297375828721149
257.42335906151135,192.8723063751123,36.15,16.02,579.3,5,9,5,6.698418461117442
849.1311035050174,297.9270082205367,11.6,16.89,196.0,1,18,4,6.013848183658595
357.9525036029214,133.57116601437377,19.28,12.69,244.6,1,8,1,2.921355417736594
668.4333647940684,170.55090100544405,21.52,11.2,241.0,3,8,3,7.334237743069802
966.8494243780464,81.21452456267664,17.82,4.03,71.8,5,15,1,8.384970601150766
831.4519879122089,102.26084158883857,28.33,6.72,190.3,3,13,0,6.165531215692741
414.1788695449486,149.99268319862682,8.5,12.36,105.1,2,11,3,3.5968205977876466
452.8107606903018,360.7335004842271,22.22,8.32,184.8,0,15,1,2.9294702314108974
811.7680009953956,281.49033814215466,8.13,3.98,32.4,0,13,1,5.417793801727494
695.4038792607374,182.15552216237035,26.28,15.01,394.5,1,11,0,4.486539164116269
187.96070596644972,520.8340947316827,33.72,13.21,445.4,1,8,1,2.4051950614350996
1058.8705799863717,329.3341840649321,3.74,12.27,45.9,4,15,3,11.291750699773603
654.1268378200641,556.1723999724023,19.91,20.25,403.2,4,13,1,7.305063780517322
610.1643347811612,391.9300284982136,21.23,16.19,343.7,2,17,6,6.964968338764885
302.2520570281338,38.99893002136849,29.65,3.03,89.9,5,11,3,5.6382384027701615
502.2330772470018,550.6811438789463,5.76,19.76,113.9,2,9,1,5.718336263201767
452.763845792911,518.754101338071,18.02,13.62,245.4,2,6,1,5.018642674177233
383.22396476895807,392.10459698511255,32.06,14.37,460.7,3,9,4,6.028690216128366
715.495363604386,334.82092676656623,22.69,22.57,512.1,3,15,0,6.511406989661876
597.748403513916,288.16786179159345,30.74,5.4,166.1,1,9,0,4.03218427749907
1075.9014075524274,304.83966208709404,16.47,16.19,266.6,1,13,2,10.03354072718123
1134.30525429282,468.45576528013936,37.04,9.21,341.1,4,8,3,12.683264083545554
325.8102407354618,322.4907133444509,5.86,3.81,22.3,5,18,0,5.878350123137949
192.11808021927578,130.33407826039115,6.37,12.62,80.4,2,17,7,3.404271901876072
959.5780576662794,63.16121328860585,22.55,9.24,208.4,0,16,3,5.765480238955088
1194.244772075242,101.9261774833121,20.42,3.03,61.9,5,15,3,11.5693848976059
1047.2320782366528,173.3214320373101,26.62,13.84,368.6,3,13,3,9.260821728599764
106.5410903729829,239.6084492206328,11.48,9.84,113.0,2,6,1,2.533952840238239
361.41517679124195,538.6771269398689,11.36,12.55,142.6,3,6,2,5.210313951274682
128.5433502862156,166.27972235381074,30.72,3.26,100.1,4,11,1,3.7068106167487405
999.2729022861065,212.17117806144483,13.8,11.84,163.3,0,15,1,6.308721278136874
731.1758134473943,157.1182875302611,29.91,13.35,399.3,2,7,3,6.062684884526614
655.3647661071003,341.072836662496,26.71,13.25,353.9,5,13,3,8.657426233841592
700.9838678361109,381.7394168878575,6.08,18.77,114.2,1,18,1,4.491681234148694
362.7454097401821,333.3126931813816,29.31,24.81,727.2,5,16,1,7.318482485246609
753.8349734355263,572.5582911936559,35.54,3.61,128.4,1,13,3,8.417414486349191
114.3470158797136,597.3654700628508,33.22,11.71,389.0,2,13,2,2.786216411120129
803.5331308473403,507.3157141891711,3.33,21.85,72.7,0,6,2,5.725372154684425
902.5658898002905,489.01880258747224,22.97,16.77,385.1,4,6,0,10.262565595761947
833.7894153572464,238.65008274727688,36.79,24.64,906.6,1,10,0,5.565929891500303
451.97162050968666,360.4765985123391,25.15,18.7,470.2,5,16,2,7.174443096464361
1005.4144649428478,230.33927880086452,13.74,18.93,260.2,0,6,0,5.0197120171481595
881.4092767715799,477.0828323190314,10.2,4.67,47.7,0,16,2,7.3346815282349205
223.69300167519123,127.94374928234652,28.34,9.06,256.7,2,9,1,3.121741335680593
298.56152700291284,153.50287714794655,31.54,15.84,499.7,0,7,0,1.620301854491728
793.5614227596272,52.055620396076044,36.77,14.49,532.8,1,7,3,5.16848240394649
404.14606958274925,377.09561380265563,36.51,19.78,722.1,4,14,1,6.766835255980561
213.76489441978538,422.4668075097055,15.55,24.86,386.7,3,6,3,4.090731205339492
253.56527232787928,31.916503151885916,25.34,7.55,191.3,3,12,0,3.9243603137423237
265.4912422052487,321.1478854767228,6.76,12.42,83.9,0,18,3,1.758179934224875
615.1258156365881,244.81848693917112,6.5,22.07,143.4,4,13,0,6.959413561151124
760.271707841037,481.6570456366976,5.64,21.44,121.0,0,10,3,5.289073384576492
277.57054783694474,52.16772521922674,37.3,20.98,782.6,3,17,1,4.378776895019359
877.9962036068076,57.68244262630477,8.64,16.65,143.8,4,6,1,7.616365257793224
394.7341204017119,383.51918627375153,20.85,24.85,518.0,4,9,2,7.042550630554554
428.94511500123616,367.23414711046547,19.02,10.87,206.9,2,8,2,4.869720025340497
330.3184556030005,503.72131310886584,15.02,5.56,83.5,0,6,3,2.105128098173886
959.430872256374,367.59212681969586,22.9,5.92,135.5,4,18,2,8.361128996793001
1154.9914928893022,571.1413722971557,3.1,12.59,39.1,1,8,1,10.203930072041205
631.5998305194638,209.1992460736206,17.07,20.71,353.4,2,6,3,5.646648855694196
127.07431840383126,256.8152016507361,20.74,12.96,268.8,1,17,2,1.5935441721903938
371.83763439653296,587.2745599066625,32.72,16.45,538.3,0,18,3,3.0221930571181064
257.0163260531076,91.28881872191354,28.94,10.88,314.7,2,8,0,2.9353592518853975
1023.89375903426,483.66576632187935,34.44,18.73,645.0,3,11,3,10.001462651855523
175.03646592518976,36.59416735645097,16.92,6.37,107.8,4,14,2,4.422108298285717
1162.4533895709899,307.3125521599108,8.21,14.44,118.6,4,11,3,9.494417700303597
739.1354298195811,117.43933230014446,17.84,7.07,126.2,4,16,0,7.741353786407432
659.8685615230628,371.35117112499705,38.63,13.31,514.2,4,9,3,9.575691090247702
1029.0326971094892,484.956882733462,10.93,12.47,136.3,2,16,2,9.727758930526814
110.8533358464309,48.834112339891746,9.47,16.3,154.3,2,13,2,2.3071633276692722
950.4110793358508,123.35045415729479,37.94,14.21,539.1,3,6,2,7.753507186514524
210.59653103673855,225.2879172622844,38.15,24.47,933.3,2,14,3,3.29641635359619
1021.6714708132839,175.80541053773416,8.52,22.81,194.4,1,6,1,6.197540977494532
672.6773655464052,248.43533718956542,31.47,9.47,298.0,0,16,2,4.504251751280732
148.4649306433028,572.5649308959476,18.9,5.67,107.1,2,18,1,2.3401987849852692
1013.2344434574833,87.68749264093708,21.21,4.42,93.9,2,8,2,8.04409184535785
110.59181111980183,271.27080193949007,21.45,7.36,157.8,5,12,1,4.308172714229317
234.9751760408359,290.5420818163222,38.83,7.89,306.2,4,10,2,4.872272204504664
973.5634666858244,189.79496954262274,9.83,22.55,221.7,1,6,1,6.318947037174361
600.6556587208379,188.74873788191474,31.6,23.35,737.8,0,14,1,3.8621486902423943
1067.1553488774139,437.4087321971128,3.21,8.07,25.9,4,6,2,9.492851367847496
791.6807855260136,382.1709903110601,26.26,19.69,517.1,2,6,1,6.687593006715932
778.352204894857,493.3142512478973,27.15,21.39,580.6,0,16,4,6.679235267081531
407.30331886785666,260.89173681248974,30.89,11.31,349.2,4,9,4,6.055018373053405
229.72218637794157,375.82528537841364,37.26,22.18,826.3,2,17,1,3.9948126718421504
1156.5130778042844,539.3452401890731,30.89,24.75,764.6,1,13,1,9.506574213638553
197.37341184060256,515.2572288783397,30.09,24.29,730.9,3,12,2,4.202350036061613
672.4918720823957,554.4133337249766,12.39,19.32,239.4,4,11,1,8.972768938153736
385.2768217349539,183.3157628410882,39.74,11.18,444.1,4,10,2,5.690810571170614
375.8375432112293,591.6900751833085,20.33,7.99,162.5,1,8,3,4.039642412183623
745.9365656191507,495.34225181870744,18.45,24.84,458.2,3,15,2,7.353121105414239
973.6862112403331,483.04044944354285,21.57,9.08,195.8,2,13,0,7.9023567423710945
950.4410207710322,410.5198025464358,17.58,12.64,222.3,5,6,2,10.318014284672163
1053.05789189678,590.4627448220773,24.96,8.81,220.0,1,10,0,8.21263458003179
408.0510664618511,281.6910399864938,15.94,13.91,221.7,4,17,0,5.798913704560151
601.6415475208827,452.6774037145741,11.88,5.43,64.5,2,12,0,5.938737490244311
90.45472200642794,428.3224341534572,37.34,20.8,776.6,3,9,2,3.36285094935879
916.4805379127293,447.2906766748274,37.33,14.11,526.8,3,8,2,8.514643967735925
418.624285599357,458.33494407647635,21.36,12.23,261.2,2,8,1,5.414953251111881
708.8727572626088,138.73085793909163,38.6,10.99,424.2,1,17,1,4.654172698774285
269.61631586178476,228.95933773036933,18.38,15.76,289.6,2,10,4,3.459381642067823
997.7274479904479,253.5847776207658,17.33,20.16,349.4,3,9,5,10.664956251919726
995.3448855916711,456.3598939685784,36.93,22.86,844.0,3,6,2,9.304971227079406
1062.7472645233102,438.2613461600035,26.42,21.51,568.3,3,17,1,11.336982896775758
131.4494367595296,505.01873698436,31.21,12.8,399.6,3,11,0,3.423147411577298
1191.5537549480155,479.4559199974916,18.27,21.35,390.1,0,15,0,7.328262524697395
357.5129441724579,369.7393112519641,18.06,14.63,264.2,2,15,1,3.187904696545296
426.5657283730314,109.77063729784223,6.08,17.04,103.6,1,10,2,2.629124184771313
359.25601669329967,392.2094977624481,38.77,17.84,691.7,2,12,2,4.947245470715828
379.63662217051626,535.623791673363,11.43,11.79,134.8,2,7,4,4.834104786909726
698.9807188360842,396.6093871321468,21.29,13.69,291.5,1,14,3,6.920095292190699
348.58780962023314,540.5070642893127,7.24,18.24,132.0,5,14,1,8.313308368165828
521.0238687684533,599.4602203380326,26.94,9.77,263.3,0,8,1,4.3281085392478
814.2793723364011,234.74527282341379,17.46,19.43,339.3,3,8,1,7.6929627669197576
1016.349348007054,442.275125778275,31.4,10.79,338.9,2,11,1,7.091091633174398
855.870480298905,337.77642058228804,22.55,15.88,358.1,4,15,1,8.230659968286455
745.641586161802,289.33392640365435,7.79,21.43,166.9,4,12,3,7.668339638773854
245.45599004599694,166.72423485470287,3.4,3.51,11.9,3,6,1,3.584126691869747
994.0494737262366,170.1713197176807,10.86,8.29,90.0,4,13,2,10.432933341950868
121.74787455220333,135.4342034531835,29.8,15.35,457.3,1,15,2,1.5927553098549072
375.89466282353834,389.9455987043966,33.66,5.33,179.5,5,8,0,7.230010448749779
143.90598696379652,110.97026508656874,15.63,7.52,117.6,0,11,0,1.0
827.5204526545981,275.8902877957189,22.83,19.48,444.7,4,16,1,8.933856468560013
492.5756125047362,328.29994638515063,11.88,3.57,42.4,0,10,1,2.959834377328745
810.2943011894507,279.7936519977128,35.58,16.42,584.2,1,7,2,6.462081315734472
468.6746744200211,517.3098226801324,38.71,3.75,145.2,4,18,2,6.637053845671748
590.4296184954335,282.6065350825004,30.86,5.55,171.3,4,7,2,6.675611363052422
592.9163313861226,77.21429298965248,6.29,11.59,72.9,3,6,2,5.956803844107204
131.05033210764995,595.5537384684089,19.17,24.22,464.5,4,9,1,4.459705502861597
561.853709507524,511.6406469043212,39.65,15.01,595.1,1,15,3,5.143807406787796
797.992086689027,406.22478668141986,11.49,9.87,113.4,3,14,1,8.558466146180537
691.5785156044858,461.10446386090626,27.81,12.05,335.1,1,9,2,6.043179126824589
164.3178182316817,103.06869886026114,37.73,15.51,585.3,2,7,1,2.4321219935094134
828.2227039691587,466.5714326388096,31.61,16.63,525.6,2,18,2,7.269456210457152
425.92628550509227,148.4168967758942,25.53,8.89,227.0,3,6,3,4.68199450093895
96.16697911250475,308.71639385716617,21.75,7.34,159.6,0,18,2,1.0
254.26702393435465,131.45018991484164,37.37,13.9,519.3,0,12,1,1.372013877839176
637.2668161945467,459.6574296693493,17.61,17.19,302.6,0,8,3,5.440038445085661
427.6498581136769,170.18231189209473,36.35,20.96,762.0,1,10,2,3.021118988173103
857.708975403977,174.32879854026487,18.95,16.04,304.0,3,10,2,6.694002466553636
349.5318926336562,92.25673912397048,30.99,18.23,565.1,0,8,2,2.2071897585514786
945.5317086921889,440.74568046940686,36.88,13.65,503.3,5,11,6,13.254600044680904
400.8544431612575,198.6314395451004,23.37,15.47,361.5,2,14,1,4.54215838371561
775.3673524945456,325.4196075251214,14.47,16.98,245.6,1,12,2,6.036053735053077
975.1223458813217,219.37882769921237,4.89,8.2,40.1,5,14,4,10.709911676761179
511.8228640809987,471.579717528673,32.94,23.55,775.8,1,18,3,4.6277809392923555
132.42153483332692,159.09568420158072,26.01,10.6,275.7,1,7,3,1.557737952454033
679.6989835859466,566.2756650264432,12.73,16.3,207.6,2,15,1,6.057128316912814
1194.8581489298404,213.16378568713338,35.46,15.34,544.1,0,8,1,7.679978563291634
1165.2708903421433,89.19542413572788,37.05,21.77,806.7,4,6,2,8.929092411773986
327.5448572174684,166.97398270451149,35.83,5.5,197.0,4,10,1,4.705609694744781
926.3800905551626,72.14632956828987,25.26,22.45,567.1,2,11,3,6.410921211671987
466.34605163847385,297.18107666568216,39.13,6.01,235.4,5,18,1,6.614417203567623
259.50517780506243,172.64319581237731,35.37,6.18,218.6,0,10,2,1.4070664059772626
825.8244646747925,535.0462453335795,6.86,21.97,150.7,3,15,2,6.946247477238087
640.9729770699812,324.76331352548345,39.3,8.66,340.2,4,18,1,6.559443491953109
683.9382245743585,163.0200157756932,23.31,16.46,383.6,2,10,1,5.912218033354634
1006.6797817037694,287.2240880458166,37.04,13.2,488.9,5,8,3,11.510687528833015
456.92891699391384,141.71673512004185,31.13,23.55,733.3,2,18,1,4.307363036803179
827.1461307023426,131.87574427720352,26.96,20.21,544.7,5,11,1,8.832237987782005
490.1344429981403,201.37418797606307,15.09,10.37,156.4,3,11,1,5.028368083911835
127.8507641700807,91.73183491829965,4.0,20.9,83.6,1,15,3,1.3903842605806422
503.3769202167108,137.52909603920767,13.24,7.97,105.5,4,10,1,5.572108539052336
1144.038598788631,564.6867176073905,28.38,16.54,469.4,0,13,3,11.790258556637857
621.2539799390271,410.0775017775533,34.94,19.53,682.5,1,18,1,4.5265861427250815
201.21808925729235,555.0285181706414,3.09,18.47,57.0,4,6,3,5.391236943451464
850.366048901373,176.40275663663675,10.7,17.45,186.6,5,15,2,8.454384656605555
1158.984871684744,518.4976014065265,27.9,21.26,593.2,2,11,4,10.25547962812454
1096.898676129568,236.49549990677082,13.49,15.24,205.6,3,13,4,10.449719465154493
720.5961383451153,112.1911392398168,8.24,23.42,193.1,4,17,3,7.788434847585556
501.43443367035496,488.68304700239224,6.03,6.19,37.3,4,13,2,6.70643850266222
730.3589887303492,64.00057516176759,26.6,10.83,288.0,5,11,3,8.016801375527631
993.8427896631595,260.7661181929308,25.01,20.23,505.8,0,18,3,5.251880477079929
1044.5858230606686,497.0093610516368,34.77,9.78,339.9,1,13,3,9.911240228717206
997.1051511355341,381.7954075045103,14.65,12.74,186.7,5,7,2,10.56853255331548
